ISO-10303-21;
HEADER;
/* Generated by software containing ST-Developer
 * from STEP Tools, Inc. (www.steptools.com) 
 */

FILE_DESCRIPTION(
/* description */ (''),
/* implementation_level */ '2;1');

FILE_NAME(
/* name */ 'Flow plate final 2025 v2.step',
/* time_stamp */ '2025-12-17T15:58:49-05:00',
/* author */ (''),
/* organization */ (''),
/* preprocessor_version */ 'ST-DEVELOPER v20.1',
/* originating_system */ 'Autodesk Translation Framework v14.21.0.0',
/* authorisation */ '');

FILE_SCHEMA (('AUTOMOTIVE_DESIGN { 1 0 10303 214 3 1 1 }'));
ENDSEC;

DATA;
#10=MECHANICAL_DESIGN_GEOMETRIC_PRESENTATION_REPRESENTATION('',(#13),#6774);
#11=SHAPE_REPRESENTATION_RELATIONSHIP('SRR','None',#6781,#12);
#12=ADVANCED_BREP_SHAPE_REPRESENTATION('',(#14),#6773);
#13=STYLED_ITEM('',(#6790),#14);
#14=MANIFOLD_SOLID_BREP('Corps2',#4050);
#15=FACE_BOUND('',#401,.T.);
#16=FACE_BOUND('',#403,.T.);
#17=FACE_BOUND('',#404,.T.);
#18=FACE_BOUND('',#405,.T.);
#19=FACE_BOUND('',#410,.T.);
#20=FACE_BOUND('',#420,.T.);
#21=FACE_BOUND('',#430,.T.);
#22=FACE_BOUND('',#432,.T.);
#23=FACE_BOUND('',#433,.T.);
#24=FACE_BOUND('',#435,.T.);
#25=FACE_BOUND('',#436,.T.);
#26=FACE_BOUND('',#443,.T.);
#27=FACE_BOUND('',#497,.T.);
#28=PLANE('',#4073);
#29=PLANE('',#4080);
#30=PLANE('',#4087);
#31=PLANE('',#4094);
#32=PLANE('',#4101);
#33=PLANE('',#4111);
#34=PLANE('',#4121);
#35=PLANE('',#4128);
#36=PLANE('',#4135);
#37=PLANE('',#4142);
#38=PLANE('',#4149);
#39=PLANE('',#4159);
#40=PLANE('',#4160);
#41=PLANE('',#4161);
#42=PLANE('',#4164);
#43=PLANE('',#4165);
#44=PLANE('',#4208);
#45=PLANE('',#4250);
#46=PLANE('',#4251);
#47=PLANE('',#4258);
#48=PLANE('',#4259);
#49=PLANE('',#4263);
#50=PLANE('',#4267);
#51=PLANE('',#4268);
#52=PLANE('',#4275);
#53=PLANE('',#4276);
#54=PLANE('',#4280);
#55=PLANE('',#4281);
#56=PLANE('',#4283);
#57=PLANE('',#4287);
#58=PLANE('',#4288);
#59=PLANE('',#4289);
#60=PLANE('',#4290);
#61=PLANE('',#4291);
#62=PLANE('',#4292);
#63=PLANE('',#4293);
#64=PLANE('',#4294);
#65=PLANE('',#4295);
#66=PLANE('',#4296);
#67=PLANE('',#4297);
#68=PLANE('',#4298);
#69=PLANE('',#4299);
#70=PLANE('',#4300);
#71=PLANE('',#4301);
#72=PLANE('',#4302);
#73=PLANE('',#4303);
#74=PLANE('',#4304);
#75=PLANE('',#4305);
#76=PLANE('',#4306);
#77=PLANE('',#4307);
#78=PLANE('',#4308);
#79=PLANE('',#4309);
#80=PLANE('',#4310);
#81=PLANE('',#4311);
#82=PLANE('',#4312);
#83=PLANE('',#4313);
#84=PLANE('',#4314);
#85=PLANE('',#4315);
#86=PLANE('',#4316);
#87=PLANE('',#4317);
#88=PLANE('',#4318);
#89=PLANE('',#4319);
#90=PLANE('',#4320);
#91=PLANE('',#4321);
#92=PLANE('',#4322);
#93=PLANE('',#4323);
#94=PLANE('',#4324);
#95=PLANE('',#4325);
#96=PLANE('',#4326);
#97=PLANE('',#4327);
#98=PLANE('',#4328);
#99=PLANE('',#4329);
#100=PLANE('',#4330);
#101=PLANE('',#4331);
#102=PLANE('',#4332);
#103=PLANE('',#4333);
#104=PLANE('',#4334);
#105=PLANE('',#4335);
#106=PLANE('',#4336);
#107=PLANE('',#4337);
#108=PLANE('',#4338);
#109=PLANE('',#4339);
#110=PLANE('',#4340);
#111=PLANE('',#4341);
#112=PLANE('',#4342);
#113=PLANE('',#4343);
#114=PLANE('',#4344);
#115=PLANE('',#4345);
#116=PLANE('',#4346);
#117=PLANE('',#4349);
#118=PLANE('',#4350);
#119=PLANE('',#4353);
#120=PLANE('',#4354);
#121=PLANE('',#4357);
#122=PLANE('',#4358);
#123=PLANE('',#4361);
#124=PLANE('',#4362);
#125=PLANE('',#4365);
#126=PLANE('',#4366);
#127=PLANE('',#4369);
#128=PLANE('',#4370);
#129=PLANE('',#4373);
#130=PLANE('',#4374);
#131=PLANE('',#4377);
#132=PLANE('',#4378);
#133=PLANE('',#4381);
#134=PLANE('',#4382);
#135=PLANE('',#4385);
#136=PLANE('',#4386);
#137=PLANE('',#4389);
#138=PLANE('',#4390);
#139=PLANE('',#4393);
#140=PLANE('',#4394);
#141=PLANE('',#4397);
#142=PLANE('',#4398);
#143=PLANE('',#4401);
#144=PLANE('',#4402);
#145=PLANE('',#4405);
#146=PLANE('',#4406);
#147=PLANE('',#4409);
#148=PLANE('',#4410);
#149=PLANE('',#4413);
#150=PLANE('',#4414);
#151=PLANE('',#4417);
#152=PLANE('',#4418);
#153=PLANE('',#4421);
#154=PLANE('',#4422);
#155=PLANE('',#4423);
#156=FACE_OUTER_BOUND('',#360,.T.);
#157=FACE_OUTER_BOUND('',#361,.T.);
#158=FACE_OUTER_BOUND('',#362,.T.);
#159=FACE_OUTER_BOUND('',#363,.T.);
#160=FACE_OUTER_BOUND('',#364,.T.);
#161=FACE_OUTER_BOUND('',#365,.T.);
#162=FACE_OUTER_BOUND('',#366,.T.);
#163=FACE_OUTER_BOUND('',#367,.T.);
#164=FACE_OUTER_BOUND('',#368,.T.);
#165=FACE_OUTER_BOUND('',#369,.T.);
#166=FACE_OUTER_BOUND('',#370,.T.);
#167=FACE_OUTER_BOUND('',#371,.T.);
#168=FACE_OUTER_BOUND('',#372,.T.);
#169=FACE_OUTER_BOUND('',#373,.T.);
#170=FACE_OUTER_BOUND('',#374,.T.);
#171=FACE_OUTER_BOUND('',#375,.T.);
#172=FACE_OUTER_BOUND('',#376,.T.);
#173=FACE_OUTER_BOUND('',#377,.T.);
#174=FACE_OUTER_BOUND('',#378,.T.);
#175=FACE_OUTER_BOUND('',#379,.T.);
#176=FACE_OUTER_BOUND('',#380,.T.);
#177=FACE_OUTER_BOUND('',#381,.T.);
#178=FACE_OUTER_BOUND('',#382,.T.);
#179=FACE_OUTER_BOUND('',#383,.T.);
#180=FACE_OUTER_BOUND('',#384,.T.);
#181=FACE_OUTER_BOUND('',#385,.T.);
#182=FACE_OUTER_BOUND('',#386,.T.);
#183=FACE_OUTER_BOUND('',#387,.T.);
#184=FACE_OUTER_BOUND('',#388,.T.);
#185=FACE_OUTER_BOUND('',#389,.T.);
#186=FACE_OUTER_BOUND('',#390,.T.);
#187=FACE_OUTER_BOUND('',#391,.T.);
#188=FACE_OUTER_BOUND('',#392,.T.);
#189=FACE_OUTER_BOUND('',#393,.T.);
#190=FACE_OUTER_BOUND('',#394,.T.);
#191=FACE_OUTER_BOUND('',#395,.T.);
#192=FACE_OUTER_BOUND('',#396,.T.);
#193=FACE_OUTER_BOUND('',#397,.T.);
#194=FACE_OUTER_BOUND('',#398,.T.);
#195=FACE_OUTER_BOUND('',#399,.T.);
#196=FACE_OUTER_BOUND('',#400,.T.);
#197=FACE_OUTER_BOUND('',#402,.T.);
#198=FACE_OUTER_BOUND('',#406,.T.);
#199=FACE_OUTER_BOUND('',#407,.T.);
#200=FACE_OUTER_BOUND('',#408,.T.);
#201=FACE_OUTER_BOUND('',#409,.T.);
#202=FACE_OUTER_BOUND('',#411,.T.);
#203=FACE_OUTER_BOUND('',#412,.T.);
#204=FACE_OUTER_BOUND('',#413,.T.);
#205=FACE_OUTER_BOUND('',#414,.T.);
#206=FACE_OUTER_BOUND('',#415,.T.);
#207=FACE_OUTER_BOUND('',#416,.T.);
#208=FACE_OUTER_BOUND('',#417,.T.);
#209=FACE_OUTER_BOUND('',#418,.T.);
#210=FACE_OUTER_BOUND('',#419,.T.);
#211=FACE_OUTER_BOUND('',#421,.T.);
#212=FACE_OUTER_BOUND('',#422,.T.);
#213=FACE_OUTER_BOUND('',#423,.T.);
#214=FACE_OUTER_BOUND('',#424,.T.);
#215=FACE_OUTER_BOUND('',#425,.T.);
#216=FACE_OUTER_BOUND('',#426,.T.);
#217=FACE_OUTER_BOUND('',#427,.T.);
#218=FACE_OUTER_BOUND('',#428,.T.);
#219=FACE_OUTER_BOUND('',#429,.T.);
#220=FACE_OUTER_BOUND('',#431,.T.);
#221=FACE_OUTER_BOUND('',#434,.T.);
#222=FACE_OUTER_BOUND('',#437,.T.);
#223=FACE_OUTER_BOUND('',#438,.T.);
#224=FACE_OUTER_BOUND('',#439,.T.);
#225=FACE_OUTER_BOUND('',#440,.T.);
#226=FACE_OUTER_BOUND('',#441,.T.);
#227=FACE_OUTER_BOUND('',#442,.T.);
#228=FACE_OUTER_BOUND('',#444,.T.);
#229=FACE_OUTER_BOUND('',#445,.T.);
#230=FACE_OUTER_BOUND('',#446,.T.);
#231=FACE_OUTER_BOUND('',#447,.T.);
#232=FACE_OUTER_BOUND('',#448,.T.);
#233=FACE_OUTER_BOUND('',#449,.T.);
#234=FACE_OUTER_BOUND('',#450,.T.);
#235=FACE_OUTER_BOUND('',#451,.T.);
#236=FACE_OUTER_BOUND('',#452,.T.);
#237=FACE_OUTER_BOUND('',#453,.T.);
#238=FACE_OUTER_BOUND('',#454,.T.);
#239=FACE_OUTER_BOUND('',#455,.T.);
#240=FACE_OUTER_BOUND('',#456,.T.);
#241=FACE_OUTER_BOUND('',#457,.T.);
#242=FACE_OUTER_BOUND('',#458,.T.);
#243=FACE_OUTER_BOUND('',#459,.T.);
#244=FACE_OUTER_BOUND('',#460,.T.);
#245=FACE_OUTER_BOUND('',#461,.T.);
#246=FACE_OUTER_BOUND('',#462,.T.);
#247=FACE_OUTER_BOUND('',#463,.T.);
#248=FACE_OUTER_BOUND('',#464,.T.);
#249=FACE_OUTER_BOUND('',#465,.T.);
#250=FACE_OUTER_BOUND('',#466,.T.);
#251=FACE_OUTER_BOUND('',#467,.T.);
#252=FACE_OUTER_BOUND('',#468,.T.);
#253=FACE_OUTER_BOUND('',#469,.T.);
#254=FACE_OUTER_BOUND('',#470,.T.);
#255=FACE_OUTER_BOUND('',#471,.T.);
#256=FACE_OUTER_BOUND('',#472,.T.);
#257=FACE_OUTER_BOUND('',#473,.T.);
#258=FACE_OUTER_BOUND('',#474,.T.);
#259=FACE_OUTER_BOUND('',#475,.T.);
#260=FACE_OUTER_BOUND('',#476,.T.);
#261=FACE_OUTER_BOUND('',#477,.T.);
#262=FACE_OUTER_BOUND('',#478,.T.);
#263=FACE_OUTER_BOUND('',#479,.T.);
#264=FACE_OUTER_BOUND('',#480,.T.);
#265=FACE_OUTER_BOUND('',#481,.T.);
#266=FACE_OUTER_BOUND('',#482,.T.);
#267=FACE_OUTER_BOUND('',#483,.T.);
#268=FACE_OUTER_BOUND('',#484,.T.);
#269=FACE_OUTER_BOUND('',#485,.T.);
#270=FACE_OUTER_BOUND('',#486,.T.);
#271=FACE_OUTER_BOUND('',#487,.T.);
#272=FACE_OUTER_BOUND('',#488,.T.);
#273=FACE_OUTER_BOUND('',#489,.T.);
#274=FACE_OUTER_BOUND('',#490,.T.);
#275=FACE_OUTER_BOUND('',#491,.T.);
#276=FACE_OUTER_BOUND('',#492,.T.);
#277=FACE_OUTER_BOUND('',#493,.T.);
#278=FACE_OUTER_BOUND('',#494,.T.);
#279=FACE_OUTER_BOUND('',#495,.T.);
#280=FACE_OUTER_BOUND('',#496,.T.);
#281=FACE_OUTER_BOUND('',#498,.T.);
#282=FACE_OUTER_BOUND('',#499,.T.);
#283=FACE_OUTER_BOUND('',#500,.T.);
#284=FACE_OUTER_BOUND('',#501,.T.);
#285=FACE_OUTER_BOUND('',#502,.T.);
#286=FACE_OUTER_BOUND('',#503,.T.);
#287=FACE_OUTER_BOUND('',#504,.T.);
#288=FACE_OUTER_BOUND('',#505,.T.);
#289=FACE_OUTER_BOUND('',#506,.T.);
#290=FACE_OUTER_BOUND('',#507,.T.);
#291=FACE_OUTER_BOUND('',#508,.T.);
#292=FACE_OUTER_BOUND('',#509,.T.);
#293=FACE_OUTER_BOUND('',#510,.T.);
#294=FACE_OUTER_BOUND('',#511,.T.);
#295=FACE_OUTER_BOUND('',#512,.T.);
#296=FACE_OUTER_BOUND('',#513,.T.);
#297=FACE_OUTER_BOUND('',#514,.T.);
#298=FACE_OUTER_BOUND('',#515,.T.);
#299=FACE_OUTER_BOUND('',#516,.T.);
#300=FACE_OUTER_BOUND('',#517,.T.);
#301=FACE_OUTER_BOUND('',#518,.T.);
#302=FACE_OUTER_BOUND('',#519,.T.);
#303=FACE_OUTER_BOUND('',#520,.T.);
#304=FACE_OUTER_BOUND('',#521,.T.);
#305=FACE_OUTER_BOUND('',#522,.T.);
#306=FACE_OUTER_BOUND('',#523,.T.);
#307=FACE_OUTER_BOUND('',#524,.T.);
#308=FACE_OUTER_BOUND('',#525,.T.);
#309=FACE_OUTER_BOUND('',#526,.T.);
#310=FACE_OUTER_BOUND('',#527,.T.);
#311=FACE_OUTER_BOUND('',#528,.T.);
#312=FACE_OUTER_BOUND('',#529,.T.);
#313=FACE_OUTER_BOUND('',#530,.T.);
#314=FACE_OUTER_BOUND('',#531,.T.);
#315=FACE_OUTER_BOUND('',#532,.T.);
#316=FACE_OUTER_BOUND('',#533,.T.);
#317=FACE_OUTER_BOUND('',#534,.T.);
#318=FACE_OUTER_BOUND('',#535,.T.);
#319=FACE_OUTER_BOUND('',#536,.T.);
#320=FACE_OUTER_BOUND('',#537,.T.);
#321=FACE_OUTER_BOUND('',#538,.T.);
#322=FACE_OUTER_BOUND('',#539,.T.);
#323=FACE_OUTER_BOUND('',#540,.T.);
#324=FACE_OUTER_BOUND('',#541,.T.);
#325=FACE_OUTER_BOUND('',#542,.T.);
#326=FACE_OUTER_BOUND('',#543,.T.);
#327=FACE_OUTER_BOUND('',#544,.T.);
#328=FACE_OUTER_BOUND('',#545,.T.);
#329=FACE_OUTER_BOUND('',#546,.T.);
#330=FACE_OUTER_BOUND('',#547,.T.);
#331=FACE_OUTER_BOUND('',#548,.T.);
#332=FACE_OUTER_BOUND('',#549,.T.);
#333=FACE_OUTER_BOUND('',#550,.T.);
#334=FACE_OUTER_BOUND('',#551,.T.);
#335=FACE_OUTER_BOUND('',#552,.T.);
#336=FACE_OUTER_BOUND('',#553,.T.);
#337=FACE_OUTER_BOUND('',#554,.T.);
#338=FACE_OUTER_BOUND('',#555,.T.);
#339=FACE_OUTER_BOUND('',#556,.T.);
#340=FACE_OUTER_BOUND('',#557,.T.);
#341=FACE_OUTER_BOUND('',#558,.T.);
#342=FACE_OUTER_BOUND('',#559,.T.);
#343=FACE_OUTER_BOUND('',#560,.T.);
#344=FACE_OUTER_BOUND('',#561,.T.);
#345=FACE_OUTER_BOUND('',#562,.T.);
#346=FACE_OUTER_BOUND('',#563,.T.);
#347=FACE_OUTER_BOUND('',#564,.T.);
#348=FACE_OUTER_BOUND('',#565,.T.);
#349=FACE_OUTER_BOUND('',#566,.T.);
#350=FACE_OUTER_BOUND('',#567,.T.);
#351=FACE_OUTER_BOUND('',#568,.T.);
#352=FACE_OUTER_BOUND('',#569,.T.);
#353=FACE_OUTER_BOUND('',#570,.T.);
#354=FACE_OUTER_BOUND('',#571,.T.);
#355=FACE_OUTER_BOUND('',#572,.T.);
#356=FACE_OUTER_BOUND('',#573,.T.);
#357=FACE_OUTER_BOUND('',#574,.T.);
#358=FACE_OUTER_BOUND('',#575,.T.);
#359=FACE_OUTER_BOUND('',#576,.T.);
#360=EDGE_LOOP('',(#2588,#2589,#2590,#2591));
#361=EDGE_LOOP('',(#2592,#2593,#2594,#2595));
#362=EDGE_LOOP('',(#2596,#2597,#2598,#2599));
#363=EDGE_LOOP('',(#2600,#2601,#2602,#2603));
#364=EDGE_LOOP('',(#2604,#2605,#2606,#2607));
#365=EDGE_LOOP('',(#2608,#2609,#2610,#2611));
#366=EDGE_LOOP('',(#2612,#2613,#2614,#2615));
#367=EDGE_LOOP('',(#2616,#2617,#2618,#2619));
#368=EDGE_LOOP('',(#2620,#2621,#2622,#2623));
#369=EDGE_LOOP('',(#2624,#2625,#2626,#2627));
#370=EDGE_LOOP('',(#2628,#2629,#2630,#2631));
#371=EDGE_LOOP('',(#2632,#2633,#2634,#2635));
#372=EDGE_LOOP('',(#2636,#2637,#2638,#2639));
#373=EDGE_LOOP('',(#2640,#2641,#2642,#2643));
#374=EDGE_LOOP('',(#2644,#2645,#2646,#2647));
#375=EDGE_LOOP('',(#2648,#2649,#2650,#2651));
#376=EDGE_LOOP('',(#2652,#2653,#2654,#2655));
#377=EDGE_LOOP('',(#2656,#2657,#2658,#2659));
#378=EDGE_LOOP('',(#2660,#2661,#2662,#2663));
#379=EDGE_LOOP('',(#2664,#2665,#2666,#2667));
#380=EDGE_LOOP('',(#2668,#2669,#2670,#2671));
#381=EDGE_LOOP('',(#2672,#2673,#2674,#2675));
#382=EDGE_LOOP('',(#2676,#2677,#2678,#2679));
#383=EDGE_LOOP('',(#2680,#2681,#2682,#2683));
#384=EDGE_LOOP('',(#2684,#2685,#2686,#2687));
#385=EDGE_LOOP('',(#2688,#2689,#2690,#2691));
#386=EDGE_LOOP('',(#2692,#2693,#2694,#2695));
#387=EDGE_LOOP('',(#2696,#2697,#2698,#2699));
#388=EDGE_LOOP('',(#2700,#2701,#2702,#2703));
#389=EDGE_LOOP('',(#2704,#2705,#2706,#2707));
#390=EDGE_LOOP('',(#2708,#2709,#2710,#2711));
#391=EDGE_LOOP('',(#2712,#2713,#2714,#2715));
#392=EDGE_LOOP('',(#2716,#2717,#2718,#2719));
#393=EDGE_LOOP('',(#2720,#2721,#2722,#2723));
#394=EDGE_LOOP('',(#2724,#2725,#2726,#2727));
#395=EDGE_LOOP('',(#2728,#2729,#2730,#2731));
#396=EDGE_LOOP('',(#2732,#2733,#2734,#2735));
#397=EDGE_LOOP('',(#2736,#2737,#2738,#2739));
#398=EDGE_LOOP('',(#2740,#2741,#2742,#2743));
#399=EDGE_LOOP('',(#2744,#2745,#2746,#2747));
#400=EDGE_LOOP('',(#2748,#2749,#2750,#2751,#2752,#2753,#2754,#2755,#2756,
#2757,#2758,#2759,#2760,#2761,#2762,#2763,#2764,#2765,#2766,#2767));
#401=EDGE_LOOP('',(#2768,#2769,#2770,#2771,#2772,#2773,#2774,#2775,#2776,
#2777,#2778,#2779,#2780,#2781,#2782,#2783,#2784,#2785,#2786,#2787));
#402=EDGE_LOOP('',(#2788,#2789,#2790,#2791));
#403=EDGE_LOOP('',(#2792));
#404=EDGE_LOOP('',(#2793));
#405=EDGE_LOOP('',(#2794,#2795,#2796,#2797,#2798,#2799,#2800,#2801,#2802,
#2803,#2804,#2805,#2806,#2807,#2808,#2809,#2810,#2811,#2812,#2813));
#406=EDGE_LOOP('',(#2814,#2815,#2816,#2817));
#407=EDGE_LOOP('',(#2818,#2819,#2820,#2821,#2822,#2823,#2824,#2825,#2826,
#2827,#2828,#2829,#2830,#2831,#2832,#2833,#2834,#2835,#2836,#2837,#2838,
#2839,#2840,#2841,#2842,#2843,#2844,#2845,#2846,#2847,#2848,#2849,#2850,
#2851,#2852,#2853,#2854,#2855,#2856,#2857,#2858,#2859,#2860,#2861,#2862,
#2863,#2864,#2865,#2866,#2867,#2868,#2869,#2870,#2871,#2872,#2873,#2874,
#2875,#2876,#2877,#2878,#2879,#2880,#2881,#2882,#2883,#2884,#2885,#2886,
#2887,#2888,#2889,#2890,#2891,#2892,#2893,#2894,#2895));
#408=EDGE_LOOP('',(#2896,#2897,#2898,#2899,#2900,#2901,#2902,#2903));
#409=EDGE_LOOP('',(#2904,#2905,#2906,#2907,#2908,#2909,#2910,#2911,#2912,
#2913,#2914,#2915,#2916,#2917,#2918,#2919,#2920,#2921,#2922,#2923));
#410=EDGE_LOOP('',(#2924,#2925,#2926,#2927,#2928,#2929,#2930,#2931,#2932,
#2933,#2934,#2935,#2936,#2937,#2938,#2939,#2940,#2941,#2942,#2943,#2944,
#2945,#2946,#2947,#2948,#2949,#2950,#2951,#2952,#2953,#2954,#2955,#2956,
#2957,#2958,#2959,#2960,#2961,#2962,#2963,#2964,#2965,#2966,#2967,#2968,
#2969,#2970,#2971,#2972,#2973,#2974,#2975,#2976,#2977,#2978,#2979,#2980,
#2981,#2982,#2983,#2984,#2985,#2986,#2987,#2988,#2989,#2990,#2991,#2992,
#2993,#2994,#2995,#2996,#2997,#2998,#2999,#3000,#3001));
#411=EDGE_LOOP('',(#3002,#3003,#3004,#3005));
#412=EDGE_LOOP('',(#3006,#3007,#3008,#3009));
#413=EDGE_LOOP('',(#3010,#3011,#3012,#3013));
#414=EDGE_LOOP('',(#3014,#3015,#3016,#3017));
#415=EDGE_LOOP('',(#3018,#3019,#3020,#3021));
#416=EDGE_LOOP('',(#3022,#3023,#3024,#3025));
#417=EDGE_LOOP('',(#3026,#3027,#3028,#3029));
#418=EDGE_LOOP('',(#3030,#3031,#3032,#3033));
#419=EDGE_LOOP('',(#3034,#3035,#3036,#3037));
#420=EDGE_LOOP('',(#3038,#3039,#3040,#3041));
#421=EDGE_LOOP('',(#3042,#3043,#3044,#3045));
#422=EDGE_LOOP('',(#3046,#3047,#3048,#3049));
#423=EDGE_LOOP('',(#3050,#3051,#3052,#3053));
#424=EDGE_LOOP('',(#3054,#3055,#3056,#3057));
#425=EDGE_LOOP('',(#3058,#3059,#3060,#3061));
#426=EDGE_LOOP('',(#3062,#3063,#3064,#3065));
#427=EDGE_LOOP('',(#3066,#3067,#3068,#3069));
#428=EDGE_LOOP('',(#3070,#3071,#3072,#3073));
#429=EDGE_LOOP('',(#3074,#3075,#3076,#3077));
#430=EDGE_LOOP('',(#3078,#3079,#3080,#3081));
#431=EDGE_LOOP('',(#3082,#3083,#3084,#3085));
#432=EDGE_LOOP('',(#3086));
#433=EDGE_LOOP('',(#3087,#3088,#3089,#3090));
#434=EDGE_LOOP('',(#3091,#3092,#3093,#3094));
#435=EDGE_LOOP('',(#3095));
#436=EDGE_LOOP('',(#3096,#3097,#3098,#3099));
#437=EDGE_LOOP('',(#3100,#3101,#3102,#3103,#3104,#3105,#3106,#3107));
#438=EDGE_LOOP('',(#3108,#3109,#3110,#3111));
#439=EDGE_LOOP('',(#3112,#3113,#3114,#3115));
#440=EDGE_LOOP('',(#3116,#3117,#3118,#3119));
#441=EDGE_LOOP('',(#3120,#3121,#3122,#3123));
#442=EDGE_LOOP('',(#3124,#3125,#3126,#3127));
#443=EDGE_LOOP('',(#3128));
#444=EDGE_LOOP('',(#3129,#3130,#3131,#3132));
#445=EDGE_LOOP('',(#3133,#3134,#3135,#3136));
#446=EDGE_LOOP('',(#3137,#3138,#3139,#3140));
#447=EDGE_LOOP('',(#3141,#3142,#3143,#3144));
#448=EDGE_LOOP('',(#3145,#3146,#3147,#3148));
#449=EDGE_LOOP('',(#3149,#3150,#3151,#3152));
#450=EDGE_LOOP('',(#3153,#3154,#3155,#3156));
#451=EDGE_LOOP('',(#3157,#3158,#3159,#3160));
#452=EDGE_LOOP('',(#3161,#3162,#3163,#3164));
#453=EDGE_LOOP('',(#3165,#3166,#3167,#3168));
#454=EDGE_LOOP('',(#3169,#3170,#3171,#3172));
#455=EDGE_LOOP('',(#3173,#3174,#3175,#3176));
#456=EDGE_LOOP('',(#3177,#3178,#3179,#3180));
#457=EDGE_LOOP('',(#3181,#3182,#3183,#3184));
#458=EDGE_LOOP('',(#3185,#3186,#3187,#3188));
#459=EDGE_LOOP('',(#3189,#3190,#3191,#3192));
#460=EDGE_LOOP('',(#3193,#3194,#3195,#3196));
#461=EDGE_LOOP('',(#3197,#3198,#3199,#3200));
#462=EDGE_LOOP('',(#3201,#3202,#3203,#3204));
#463=EDGE_LOOP('',(#3205,#3206,#3207,#3208));
#464=EDGE_LOOP('',(#3209,#3210,#3211,#3212));
#465=EDGE_LOOP('',(#3213,#3214,#3215,#3216));
#466=EDGE_LOOP('',(#3217,#3218,#3219,#3220));
#467=EDGE_LOOP('',(#3221,#3222,#3223,#3224));
#468=EDGE_LOOP('',(#3225,#3226,#3227,#3228));
#469=EDGE_LOOP('',(#3229,#3230,#3231,#3232));
#470=EDGE_LOOP('',(#3233,#3234,#3235,#3236));
#471=EDGE_LOOP('',(#3237,#3238,#3239,#3240));
#472=EDGE_LOOP('',(#3241,#3242,#3243,#3244));
#473=EDGE_LOOP('',(#3245,#3246,#3247,#3248));
#474=EDGE_LOOP('',(#3249,#3250,#3251,#3252));
#475=EDGE_LOOP('',(#3253,#3254,#3255,#3256));
#476=EDGE_LOOP('',(#3257,#3258,#3259,#3260));
#477=EDGE_LOOP('',(#3261,#3262,#3263,#3264));
#478=EDGE_LOOP('',(#3265,#3266,#3267,#3268));
#479=EDGE_LOOP('',(#3269,#3270,#3271,#3272));
#480=EDGE_LOOP('',(#3273,#3274,#3275,#3276));
#481=EDGE_LOOP('',(#3277,#3278,#3279,#3280));
#482=EDGE_LOOP('',(#3281,#3282,#3283,#3284));
#483=EDGE_LOOP('',(#3285,#3286,#3287,#3288));
#484=EDGE_LOOP('',(#3289,#3290,#3291,#3292));
#485=EDGE_LOOP('',(#3293,#3294,#3295,#3296));
#486=EDGE_LOOP('',(#3297,#3298,#3299,#3300));
#487=EDGE_LOOP('',(#3301,#3302,#3303,#3304));
#488=EDGE_LOOP('',(#3305,#3306,#3307,#3308));
#489=EDGE_LOOP('',(#3309,#3310,#3311,#3312));
#490=EDGE_LOOP('',(#3313,#3314,#3315,#3316));
#491=EDGE_LOOP('',(#3317,#3318,#3319,#3320));
#492=EDGE_LOOP('',(#3321,#3322,#3323,#3324));
#493=EDGE_LOOP('',(#3325,#3326,#3327,#3328));
#494=EDGE_LOOP('',(#3329,#3330,#3331,#3332));
#495=EDGE_LOOP('',(#3333,#3334,#3335,#3336));
#496=EDGE_LOOP('',(#3337,#3338,#3339,#3340));
#497=EDGE_LOOP('',(#3341));
#498=EDGE_LOOP('',(#3342,#3343,#3344,#3345));
#499=EDGE_LOOP('',(#3346,#3347,#3348,#3349));
#500=EDGE_LOOP('',(#3350,#3351,#3352,#3353));
#501=EDGE_LOOP('',(#3354,#3355,#3356,#3357));
#502=EDGE_LOOP('',(#3358,#3359,#3360,#3361));
#503=EDGE_LOOP('',(#3362,#3363,#3364,#3365));
#504=EDGE_LOOP('',(#3366,#3367,#3368,#3369));
#505=EDGE_LOOP('',(#3370,#3371,#3372,#3373));
#506=EDGE_LOOP('',(#3374,#3375,#3376,#3377));
#507=EDGE_LOOP('',(#3378,#3379,#3380,#3381));
#508=EDGE_LOOP('',(#3382,#3383,#3384,#3385));
#509=EDGE_LOOP('',(#3386,#3387,#3388,#3389));
#510=EDGE_LOOP('',(#3390,#3391,#3392,#3393));
#511=EDGE_LOOP('',(#3394,#3395,#3396,#3397));
#512=EDGE_LOOP('',(#3398,#3399,#3400,#3401));
#513=EDGE_LOOP('',(#3402,#3403,#3404,#3405));
#514=EDGE_LOOP('',(#3406,#3407,#3408,#3409));
#515=EDGE_LOOP('',(#3410,#3411,#3412,#3413));
#516=EDGE_LOOP('',(#3414,#3415,#3416,#3417));
#517=EDGE_LOOP('',(#3418,#3419,#3420,#3421));
#518=EDGE_LOOP('',(#3422,#3423,#3424,#3425));
#519=EDGE_LOOP('',(#3426,#3427,#3428,#3429));
#520=EDGE_LOOP('',(#3430,#3431,#3432,#3433));
#521=EDGE_LOOP('',(#3434,#3435,#3436,#3437));
#522=EDGE_LOOP('',(#3438,#3439,#3440,#3441));
#523=EDGE_LOOP('',(#3442,#3443,#3444,#3445));
#524=EDGE_LOOP('',(#3446,#3447,#3448,#3449));
#525=EDGE_LOOP('',(#3450,#3451,#3452,#3453));
#526=EDGE_LOOP('',(#3454,#3455,#3456,#3457));
#527=EDGE_LOOP('',(#3458,#3459,#3460,#3461));
#528=EDGE_LOOP('',(#3462,#3463,#3464,#3465));
#529=EDGE_LOOP('',(#3466,#3467,#3468,#3469));
#530=EDGE_LOOP('',(#3470,#3471,#3472,#3473));
#531=EDGE_LOOP('',(#3474,#3475,#3476,#3477));
#532=EDGE_LOOP('',(#3478,#3479,#3480,#3481));
#533=EDGE_LOOP('',(#3482,#3483,#3484,#3485));
#534=EDGE_LOOP('',(#3486,#3487,#3488,#3489));
#535=EDGE_LOOP('',(#3490,#3491,#3492,#3493));
#536=EDGE_LOOP('',(#3494,#3495,#3496,#3497));
#537=EDGE_LOOP('',(#3498,#3499,#3500,#3501));
#538=EDGE_LOOP('',(#3502,#3503,#3504,#3505));
#539=EDGE_LOOP('',(#3506,#3507,#3508,#3509));
#540=EDGE_LOOP('',(#3510,#3511,#3512,#3513));
#541=EDGE_LOOP('',(#3514,#3515,#3516,#3517));
#542=EDGE_LOOP('',(#3518,#3519,#3520,#3521));
#543=EDGE_LOOP('',(#3522,#3523,#3524,#3525));
#544=EDGE_LOOP('',(#3526,#3527,#3528,#3529));
#545=EDGE_LOOP('',(#3530,#3531,#3532,#3533));
#546=EDGE_LOOP('',(#3534,#3535,#3536,#3537));
#547=EDGE_LOOP('',(#3538,#3539,#3540,#3541));
#548=EDGE_LOOP('',(#3542,#3543,#3544,#3545));
#549=EDGE_LOOP('',(#3546,#3547,#3548,#3549));
#550=EDGE_LOOP('',(#3550,#3551,#3552,#3553));
#551=EDGE_LOOP('',(#3554,#3555,#3556,#3557));
#552=EDGE_LOOP('',(#3558,#3559,#3560,#3561));
#553=EDGE_LOOP('',(#3562,#3563,#3564,#3565));
#554=EDGE_LOOP('',(#3566,#3567,#3568,#3569));
#555=EDGE_LOOP('',(#3570,#3571,#3572,#3573));
#556=EDGE_LOOP('',(#3574,#3575,#3576,#3577));
#557=EDGE_LOOP('',(#3578,#3579,#3580,#3581));
#558=EDGE_LOOP('',(#3582,#3583,#3584,#3585));
#559=EDGE_LOOP('',(#3586,#3587,#3588,#3589));
#560=EDGE_LOOP('',(#3590,#3591,#3592,#3593));
#561=EDGE_LOOP('',(#3594,#3595,#3596,#3597));
#562=EDGE_LOOP('',(#3598,#3599,#3600,#3601));
#563=EDGE_LOOP('',(#3602,#3603,#3604,#3605));
#564=EDGE_LOOP('',(#3606,#3607,#3608,#3609));
#565=EDGE_LOOP('',(#3610,#3611,#3612,#3613));
#566=EDGE_LOOP('',(#3614,#3615,#3616,#3617));
#567=EDGE_LOOP('',(#3618,#3619,#3620,#3621));
#568=EDGE_LOOP('',(#3622,#3623,#3624,#3625));
#569=EDGE_LOOP('',(#3626,#3627,#3628,#3629));
#570=EDGE_LOOP('',(#3630,#3631,#3632,#3633));
#571=EDGE_LOOP('',(#3634,#3635,#3636,#3637,#3638,#3639,#3640,#3641,#3642,
#3643,#3644,#3645,#3646,#3647,#3648,#3649,#3650,#3651,#3652,#3653,#3654,
#3655,#3656,#3657,#3658,#3659,#3660,#3661,#3662,#3663,#3664,#3665,#3666,
#3667,#3668,#3669,#3670,#3671,#3672,#3673,#3674,#3675,#3676,#3677,#3678,
#3679,#3680,#3681,#3682,#3683,#3684,#3685,#3686,#3687,#3688,#3689,#3690,
#3691,#3692,#3693));
#572=EDGE_LOOP('',(#3694,#3695,#3696,#3697));
#573=EDGE_LOOP('',(#3698,#3699,#3700,#3701));
#574=EDGE_LOOP('',(#3702,#3703,#3704,#3705,#3706,#3707,#3708,#3709,#3710,
#3711,#3712,#3713,#3714,#3715,#3716,#3717,#3718,#3719,#3720,#3721,#3722,
#3723,#3724,#3725,#3726,#3727,#3728,#3729,#3730,#3731,#3732,#3733,#3734,
#3735,#3736,#3737,#3738,#3739,#3740,#3741,#3742,#3743,#3744,#3745,#3746,
#3747,#3748,#3749,#3750,#3751,#3752,#3753,#3754,#3755,#3756,#3757,#3758,
#3759,#3760,#3761));
#575=EDGE_LOOP('',(#3762,#3763,#3764,#3765));
#576=EDGE_LOOP('',(#3766,#3767,#3768,#3769));
#577=LINE('',#5587,#1012);
#578=LINE('',#5590,#1013);
#579=LINE('',#5596,#1014);
#580=LINE('',#5602,#1015);
#581=LINE('',#5605,#1016);
#582=LINE('',#5607,#1017);
#583=LINE('',#5608,#1018);
#584=LINE('',#5614,#1019);
#585=LINE('',#5620,#1020);
#586=LINE('',#5623,#1021);
#587=LINE('',#5625,#1022);
#588=LINE('',#5626,#1023);
#589=LINE('',#5632,#1024);
#590=LINE('',#5638,#1025);
#591=LINE('',#5641,#1026);
#592=LINE('',#5643,#1027);
#593=LINE('',#5644,#1028);
#594=LINE('',#5650,#1029);
#595=LINE('',#5653,#1030);
#596=LINE('',#5659,#1031);
#597=LINE('',#5662,#1032);
#598=LINE('',#5664,#1033);
#599=LINE('',#5665,#1034);
#600=LINE('',#5671,#1035);
#601=LINE('',#5677,#1036);
#602=LINE('',#5680,#1037);
#603=LINE('',#5682,#1038);
#604=LINE('',#5683,#1039);
#605=LINE('',#5689,#1040);
#606=LINE('',#5695,#1041);
#607=LINE('',#5701,#1042);
#608=LINE('',#5704,#1043);
#609=LINE('',#5706,#1044);
#610=LINE('',#5707,#1045);
#611=LINE('',#5713,#1046);
#612=LINE('',#5719,#1047);
#613=LINE('',#5725,#1048);
#614=LINE('',#5728,#1049);
#615=LINE('',#5730,#1050);
#616=LINE('',#5731,#1051);
#617=LINE('',#5737,#1052);
#618=LINE('',#5743,#1053);
#619=LINE('',#5746,#1054);
#620=LINE('',#5748,#1055);
#621=LINE('',#5749,#1056);
#622=LINE('',#5755,#1057);
#623=LINE('',#5761,#1058);
#624=LINE('',#5763,#1059);
#625=LINE('',#5764,#1060);
#626=LINE('',#5770,#1061);
#627=LINE('',#5776,#1062);
#628=LINE('',#5779,#1063);
#629=LINE('',#5781,#1064);
#630=LINE('',#5782,#1065);
#631=LINE('',#5788,#1066);
#632=LINE('',#5794,#1067);
#633=LINE('',#5797,#1068);
#634=LINE('',#5799,#1069);
#635=LINE('',#5800,#1070);
#636=LINE('',#5806,#1071);
#637=LINE('',#5812,#1072);
#638=LINE('',#5818,#1073);
#639=LINE('',#5820,#1074);
#640=LINE('',#5821,#1075);
#641=LINE('',#5826,#1076);
#642=LINE('',#5828,#1077);
#643=LINE('',#5830,#1078);
#644=LINE('',#5831,#1079);
#645=LINE('',#5839,#1080);
#646=LINE('',#5841,#1081);
#647=LINE('',#5843,#1082);
#648=LINE('',#5844,#1083);
#649=LINE('',#5848,#1084);
#650=LINE('',#5853,#1085);
#651=LINE('',#5857,#1086);
#652=LINE('',#5861,#1087);
#653=LINE('',#5865,#1088);
#654=LINE('',#5869,#1089);
#655=LINE('',#5873,#1090);
#656=LINE('',#5877,#1091);
#657=LINE('',#5881,#1092);
#658=LINE('',#5885,#1093);
#659=LINE('',#5889,#1094);
#660=LINE('',#5893,#1095);
#661=LINE('',#5897,#1096);
#662=LINE('',#5901,#1097);
#663=LINE('',#5905,#1098);
#664=LINE('',#5909,#1099);
#665=LINE('',#5913,#1100);
#666=LINE('',#5917,#1101);
#667=LINE('',#5921,#1102);
#668=LINE('',#5925,#1103);
#669=LINE('',#5929,#1104);
#670=LINE('',#5933,#1105);
#671=LINE('',#5937,#1106);
#672=LINE('',#5941,#1107);
#673=LINE('',#5945,#1108);
#674=LINE('',#5949,#1109);
#675=LINE('',#5953,#1110);
#676=LINE('',#5957,#1111);
#677=LINE('',#5961,#1112);
#678=LINE('',#5965,#1113);
#679=LINE('',#5969,#1114);
#680=LINE('',#5973,#1115);
#681=LINE('',#5977,#1116);
#682=LINE('',#5981,#1117);
#683=LINE('',#5985,#1118);
#684=LINE('',#5989,#1119);
#685=LINE('',#5993,#1120);
#686=LINE('',#5997,#1121);
#687=LINE('',#6002,#1122);
#688=LINE('',#6004,#1123);
#689=LINE('',#6007,#1124);
#690=LINE('',#6009,#1125);
#691=LINE('',#6011,#1126);
#692=LINE('',#6015,#1127);
#693=LINE('',#6019,#1128);
#694=LINE('',#6023,#1129);
#695=LINE('',#6027,#1130);
#696=LINE('',#6031,#1131);
#697=LINE('',#6035,#1132);
#698=LINE('',#6039,#1133);
#699=LINE('',#6043,#1134);
#700=LINE('',#6047,#1135);
#701=LINE('',#6051,#1136);
#702=LINE('',#6055,#1137);
#703=LINE('',#6059,#1138);
#704=LINE('',#6063,#1139);
#705=LINE('',#6067,#1140);
#706=LINE('',#6071,#1141);
#707=LINE('',#6075,#1142);
#708=LINE('',#6079,#1143);
#709=LINE('',#6083,#1144);
#710=LINE('',#6089,#1145);
#711=LINE('',#6093,#1146);
#712=LINE('',#6097,#1147);
#713=LINE('',#6101,#1148);
#714=LINE('',#6105,#1149);
#715=LINE('',#6109,#1150);
#716=LINE('',#6113,#1151);
#717=LINE('',#6117,#1152);
#718=LINE('',#6121,#1153);
#719=LINE('',#6125,#1154);
#720=LINE('',#6129,#1155);
#721=LINE('',#6133,#1156);
#722=LINE('',#6137,#1157);
#723=LINE('',#6141,#1158);
#724=LINE('',#6145,#1159);
#725=LINE('',#6149,#1160);
#726=LINE('',#6153,#1161);
#727=LINE('',#6157,#1162);
#728=LINE('',#6164,#1163);
#729=LINE('',#6167,#1164);
#730=LINE('',#6170,#1165);
#731=LINE('',#6172,#1166);
#732=LINE('',#6173,#1167);
#733=LINE('',#6177,#1168);
#734=LINE('',#6179,#1169);
#735=LINE('',#6181,#1170);
#736=LINE('',#6182,#1171);
#737=LINE('',#6188,#1172);
#738=LINE('',#6194,#1173);
#739=LINE('',#6196,#1174);
#740=LINE('',#6197,#1175);
#741=LINE('',#6200,#1176);
#742=LINE('',#6202,#1177);
#743=LINE('',#6203,#1178);
#744=LINE('',#6213,#1179);
#745=LINE('',#6216,#1180);
#746=LINE('',#6219,#1181);
#747=LINE('',#6221,#1182);
#748=LINE('',#6222,#1183);
#749=LINE('',#6226,#1184);
#750=LINE('',#6228,#1185);
#751=LINE('',#6230,#1186);
#752=LINE('',#6231,#1187);
#753=LINE('',#6237,#1188);
#754=LINE('',#6243,#1189);
#755=LINE('',#6245,#1190);
#756=LINE('',#6246,#1191);
#757=LINE('',#6249,#1192);
#758=LINE('',#6251,#1193);
#759=LINE('',#6252,#1194);
#760=LINE('',#6260,#1195);
#761=LINE('',#6262,#1196);
#762=LINE('',#6264,#1197);
#763=LINE('',#6265,#1198);
#764=LINE('',#6271,#1199);
#765=LINE('',#6273,#1200);
#766=LINE('',#6275,#1201);
#767=LINE('',#6276,#1202);
#768=LINE('',#6282,#1203);
#769=LINE('',#6283,#1204);
#770=LINE('',#6284,#1205);
#771=LINE('',#6286,#1206);
#772=LINE('',#6290,#1207);
#773=LINE('',#6292,#1208);
#774=LINE('',#6294,#1209);
#775=LINE('',#6295,#1210);
#776=LINE('',#6298,#1211);
#777=LINE('',#6300,#1212);
#778=LINE('',#6301,#1213);
#779=LINE('',#6303,#1214);
#780=LINE('',#6304,#1215);
#781=LINE('',#6308,#1216);
#782=LINE('',#6310,#1217);
#783=LINE('',#6311,#1218);
#784=LINE('',#6315,#1219);
#785=LINE('',#6317,#1220);
#786=LINE('',#6319,#1221);
#787=LINE('',#6320,#1222);
#788=LINE('',#6323,#1223);
#789=LINE('',#6325,#1224);
#790=LINE('',#6326,#1225);
#791=LINE('',#6328,#1226);
#792=LINE('',#6329,#1227);
#793=LINE('',#6332,#1228);
#794=LINE('',#6334,#1229);
#795=LINE('',#6335,#1230);
#796=LINE('',#6339,#1231);
#797=LINE('',#6341,#1232);
#798=LINE('',#6343,#1233);
#799=LINE('',#6344,#1234);
#800=LINE('',#6347,#1235);
#801=LINE('',#6349,#1236);
#802=LINE('',#6350,#1237);
#803=LINE('',#6352,#1238);
#804=LINE('',#6353,#1239);
#805=LINE('',#6356,#1240);
#806=LINE('',#6358,#1241);
#807=LINE('',#6359,#1242);
#808=LINE('',#6363,#1243);
#809=LINE('',#6365,#1244);
#810=LINE('',#6367,#1245);
#811=LINE('',#6368,#1246);
#812=LINE('',#6371,#1247);
#813=LINE('',#6373,#1248);
#814=LINE('',#6374,#1249);
#815=LINE('',#6376,#1250);
#816=LINE('',#6377,#1251);
#817=LINE('',#6380,#1252);
#818=LINE('',#6382,#1253);
#819=LINE('',#6383,#1254);
#820=LINE('',#6387,#1255);
#821=LINE('',#6389,#1256);
#822=LINE('',#6391,#1257);
#823=LINE('',#6392,#1258);
#824=LINE('',#6395,#1259);
#825=LINE('',#6397,#1260);
#826=LINE('',#6398,#1261);
#827=LINE('',#6400,#1262);
#828=LINE('',#6401,#1263);
#829=LINE('',#6404,#1264);
#830=LINE('',#6406,#1265);
#831=LINE('',#6407,#1266);
#832=LINE('',#6411,#1267);
#833=LINE('',#6413,#1268);
#834=LINE('',#6415,#1269);
#835=LINE('',#6416,#1270);
#836=LINE('',#6419,#1271);
#837=LINE('',#6421,#1272);
#838=LINE('',#6422,#1273);
#839=LINE('',#6424,#1274);
#840=LINE('',#6425,#1275);
#841=LINE('',#6428,#1276);
#842=LINE('',#6430,#1277);
#843=LINE('',#6431,#1278);
#844=LINE('',#6435,#1279);
#845=LINE('',#6437,#1280);
#846=LINE('',#6439,#1281);
#847=LINE('',#6440,#1282);
#848=LINE('',#6443,#1283);
#849=LINE('',#6445,#1284);
#850=LINE('',#6446,#1285);
#851=LINE('',#6448,#1286);
#852=LINE('',#6449,#1287);
#853=LINE('',#6452,#1288);
#854=LINE('',#6454,#1289);
#855=LINE('',#6455,#1290);
#856=LINE('',#6459,#1291);
#857=LINE('',#6461,#1292);
#858=LINE('',#6463,#1293);
#859=LINE('',#6464,#1294);
#860=LINE('',#6467,#1295);
#861=LINE('',#6469,#1296);
#862=LINE('',#6470,#1297);
#863=LINE('',#6472,#1298);
#864=LINE('',#6473,#1299);
#865=LINE('',#6476,#1300);
#866=LINE('',#6478,#1301);
#867=LINE('',#6479,#1302);
#868=LINE('',#6483,#1303);
#869=LINE('',#6485,#1304);
#870=LINE('',#6487,#1305);
#871=LINE('',#6488,#1306);
#872=LINE('',#6491,#1307);
#873=LINE('',#6493,#1308);
#874=LINE('',#6494,#1309);
#875=LINE('',#6496,#1310);
#876=LINE('',#6497,#1311);
#877=LINE('',#6500,#1312);
#878=LINE('',#6502,#1313);
#879=LINE('',#6503,#1314);
#880=LINE('',#6507,#1315);
#881=LINE('',#6509,#1316);
#882=LINE('',#6511,#1317);
#883=LINE('',#6512,#1318);
#884=LINE('',#6515,#1319);
#885=LINE('',#6517,#1320);
#886=LINE('',#6518,#1321);
#887=LINE('',#6520,#1322);
#888=LINE('',#6521,#1323);
#889=LINE('',#6524,#1324);
#890=LINE('',#6526,#1325);
#891=LINE('',#6527,#1326);
#892=LINE('',#6531,#1327);
#893=LINE('',#6533,#1328);
#894=LINE('',#6535,#1329);
#895=LINE('',#6536,#1330);
#896=LINE('',#6539,#1331);
#897=LINE('',#6541,#1332);
#898=LINE('',#6542,#1333);
#899=LINE('',#6544,#1334);
#900=LINE('',#6545,#1335);
#901=LINE('',#6548,#1336);
#902=LINE('',#6550,#1337);
#903=LINE('',#6551,#1338);
#904=LINE('',#6555,#1339);
#905=LINE('',#6557,#1340);
#906=LINE('',#6559,#1341);
#907=LINE('',#6560,#1342);
#908=LINE('',#6563,#1343);
#909=LINE('',#6565,#1344);
#910=LINE('',#6566,#1345);
#911=LINE('',#6568,#1346);
#912=LINE('',#6569,#1347);
#913=LINE('',#6572,#1348);
#914=LINE('',#6574,#1349);
#915=LINE('',#6575,#1350);
#916=LINE('',#6579,#1351);
#917=LINE('',#6581,#1352);
#918=LINE('',#6583,#1353);
#919=LINE('',#6584,#1354);
#920=LINE('',#6587,#1355);
#921=LINE('',#6589,#1356);
#922=LINE('',#6590,#1357);
#923=LINE('',#6592,#1358);
#924=LINE('',#6593,#1359);
#925=LINE('',#6596,#1360);
#926=LINE('',#6598,#1361);
#927=LINE('',#6599,#1362);
#928=LINE('',#6602,#1363);
#929=LINE('',#6604,#1364);
#930=LINE('',#6605,#1365);
#931=LINE('',#6608,#1366);
#932=LINE('',#6610,#1367);
#933=LINE('',#6611,#1368);
#934=LINE('',#6613,#1369);
#935=LINE('',#6614,#1370);
#936=LINE('',#6617,#1371);
#937=LINE('',#6619,#1372);
#938=LINE('',#6621,#1373);
#939=LINE('',#6623,#1374);
#940=LINE('',#6625,#1375);
#941=LINE('',#6627,#1376);
#942=LINE('',#6629,#1377);
#943=LINE('',#6631,#1378);
#944=LINE('',#6633,#1379);
#945=LINE('',#6635,#1380);
#946=LINE('',#6637,#1381);
#947=LINE('',#6639,#1382);
#948=LINE('',#6641,#1383);
#949=LINE('',#6643,#1384);
#950=LINE('',#6645,#1385);
#951=LINE('',#6647,#1386);
#952=LINE('',#6649,#1387);
#953=LINE('',#6651,#1388);
#954=LINE('',#6653,#1389);
#955=LINE('',#6655,#1390);
#956=LINE('',#6657,#1391);
#957=LINE('',#6659,#1392);
#958=LINE('',#6661,#1393);
#959=LINE('',#6663,#1394);
#960=LINE('',#6665,#1395);
#961=LINE('',#6667,#1396);
#962=LINE('',#6669,#1397);
#963=LINE('',#6671,#1398);
#964=LINE('',#6673,#1399);
#965=LINE('',#6675,#1400);
#966=LINE('',#6677,#1401);
#967=LINE('',#6679,#1402);
#968=LINE('',#6681,#1403);
#969=LINE('',#6683,#1404);
#970=LINE('',#6685,#1405);
#971=LINE('',#6687,#1406);
#972=LINE('',#6689,#1407);
#973=LINE('',#6691,#1408);
#974=LINE('',#6693,#1409);
#975=LINE('',#6695,#1410);
#976=LINE('',#6697,#1411);
#977=LINE('',#6699,#1412);
#978=LINE('',#6701,#1413);
#979=LINE('',#6703,#1414);
#980=LINE('',#6705,#1415);
#981=LINE('',#6707,#1416);
#982=LINE('',#6709,#1417);
#983=LINE('',#6711,#1418);
#984=LINE('',#6713,#1419);
#985=LINE('',#6715,#1420);
#986=LINE('',#6717,#1421);
#987=LINE('',#6719,#1422);
#988=LINE('',#6721,#1423);
#989=LINE('',#6723,#1424);
#990=LINE('',#6725,#1425);
#991=LINE('',#6727,#1426);
#992=LINE('',#6729,#1427);
#993=LINE('',#6731,#1428);
#994=LINE('',#6733,#1429);
#995=LINE('',#6735,#1430);
#996=LINE('',#6737,#1431);
#997=LINE('',#6739,#1432);
#998=LINE('',#6741,#1433);
#999=LINE('',#6743,#1434);
#1000=LINE('',#6745,#1435);
#1001=LINE('',#6747,#1436);
#1002=LINE('',#6749,#1437);
#1003=LINE('',#6751,#1438);
#1004=LINE('',#6753,#1439);
#1005=LINE('',#6755,#1440);
#1006=LINE('',#6760,#1441);
#1007=LINE('',#6761,#1442);
#1008=LINE('',#6763,#1443);
#1009=LINE('',#6765,#1444);
#1010=LINE('',#6767,#1445);
#1011=LINE('',#6768,#1446);
#1012=VECTOR('',#4430,10.);
#1013=VECTOR('',#4433,10.);
#1014=VECTOR('',#4440,10.);
#1015=VECTOR('',#4447,10.);
#1016=VECTOR('',#4450,10.);
#1017=VECTOR('',#4451,10.);
#1018=VECTOR('',#4452,10.);
#1019=VECTOR('',#4459,10.);
#1020=VECTOR('',#4466,10.);
#1021=VECTOR('',#4469,10.);
#1022=VECTOR('',#4470,10.);
#1023=VECTOR('',#4471,10.);
#1024=VECTOR('',#4478,10.);
#1025=VECTOR('',#4485,10.);
#1026=VECTOR('',#4488,10.);
#1027=VECTOR('',#4489,10.);
#1028=VECTOR('',#4490,10.);
#1029=VECTOR('',#4495,10.);
#1030=VECTOR('',#4498,10.);
#1031=VECTOR('',#4505,10.);
#1032=VECTOR('',#4508,10.);
#1033=VECTOR('',#4509,10.);
#1034=VECTOR('',#4510,10.);
#1035=VECTOR('',#4517,10.);
#1036=VECTOR('',#4524,10.);
#1037=VECTOR('',#4527,10.);
#1038=VECTOR('',#4528,10.);
#1039=VECTOR('',#4529,10.);
#1040=VECTOR('',#4536,10.);
#1041=VECTOR('',#4543,10.);
#1042=VECTOR('',#4550,10.);
#1043=VECTOR('',#4553,10.);
#1044=VECTOR('',#4554,10.);
#1045=VECTOR('',#4555,10.);
#1046=VECTOR('',#4562,10.);
#1047=VECTOR('',#4569,10.);
#1048=VECTOR('',#4576,10.);
#1049=VECTOR('',#4579,10.);
#1050=VECTOR('',#4580,10.);
#1051=VECTOR('',#4581,10.);
#1052=VECTOR('',#4588,10.);
#1053=VECTOR('',#4595,10.);
#1054=VECTOR('',#4598,10.);
#1055=VECTOR('',#4599,10.);
#1056=VECTOR('',#4600,10.);
#1057=VECTOR('',#4607,10.);
#1058=VECTOR('',#4614,10.);
#1059=VECTOR('',#4617,10.);
#1060=VECTOR('',#4618,10.);
#1061=VECTOR('',#4625,10.);
#1062=VECTOR('',#4632,10.);
#1063=VECTOR('',#4635,10.);
#1064=VECTOR('',#4636,10.);
#1065=VECTOR('',#4637,10.);
#1066=VECTOR('',#4644,10.);
#1067=VECTOR('',#4651,10.);
#1068=VECTOR('',#4654,10.);
#1069=VECTOR('',#4655,10.);
#1070=VECTOR('',#4656,10.);
#1071=VECTOR('',#4663,10.);
#1072=VECTOR('',#4670,10.);
#1073=VECTOR('',#4677,10.);
#1074=VECTOR('',#4680,10.);
#1075=VECTOR('',#4681,10.);
#1076=VECTOR('',#4686,10.);
#1077=VECTOR('',#4687,10.);
#1078=VECTOR('',#4688,10.);
#1079=VECTOR('',#4689,10.);
#1080=VECTOR('',#4696,10.);
#1081=VECTOR('',#4697,10.);
#1082=VECTOR('',#4698,10.);
#1083=VECTOR('',#4699,10.);
#1084=VECTOR('',#4702,10.);
#1085=VECTOR('',#4707,10.);
#1086=VECTOR('',#4710,10.);
#1087=VECTOR('',#4713,10.);
#1088=VECTOR('',#4716,10.);
#1089=VECTOR('',#4719,10.);
#1090=VECTOR('',#4722,10.);
#1091=VECTOR('',#4725,10.);
#1092=VECTOR('',#4728,10.);
#1093=VECTOR('',#4731,10.);
#1094=VECTOR('',#4734,10.);
#1095=VECTOR('',#4737,10.);
#1096=VECTOR('',#4740,10.);
#1097=VECTOR('',#4743,10.);
#1098=VECTOR('',#4746,10.);
#1099=VECTOR('',#4749,10.);
#1100=VECTOR('',#4752,10.);
#1101=VECTOR('',#4755,10.);
#1102=VECTOR('',#4758,10.);
#1103=VECTOR('',#4761,10.);
#1104=VECTOR('',#4764,10.);
#1105=VECTOR('',#4767,10.);
#1106=VECTOR('',#4770,10.);
#1107=VECTOR('',#4773,10.);
#1108=VECTOR('',#4776,10.);
#1109=VECTOR('',#4779,10.);
#1110=VECTOR('',#4782,10.);
#1111=VECTOR('',#4785,10.);
#1112=VECTOR('',#4788,10.);
#1113=VECTOR('',#4791,10.);
#1114=VECTOR('',#4794,10.);
#1115=VECTOR('',#4797,10.);
#1116=VECTOR('',#4800,10.);
#1117=VECTOR('',#4803,10.);
#1118=VECTOR('',#4806,10.);
#1119=VECTOR('',#4809,10.);
#1120=VECTOR('',#4812,10.);
#1121=VECTOR('',#4815,10.);
#1122=VECTOR('',#4822,1.5);
#1123=VECTOR('',#4823,10.);
#1124=VECTOR('',#4826,10.);
#1125=VECTOR('',#4829,10.);
#1126=VECTOR('',#4830,10.);
#1127=VECTOR('',#4833,10.);
#1128=VECTOR('',#4836,10.);
#1129=VECTOR('',#4839,10.);
#1130=VECTOR('',#4842,10.);
#1131=VECTOR('',#4845,10.);
#1132=VECTOR('',#4848,10.);
#1133=VECTOR('',#4851,10.);
#1134=VECTOR('',#4854,10.);
#1135=VECTOR('',#4857,10.);
#1136=VECTOR('',#4860,10.);
#1137=VECTOR('',#4863,10.);
#1138=VECTOR('',#4866,10.);
#1139=VECTOR('',#4869,10.);
#1140=VECTOR('',#4872,10.);
#1141=VECTOR('',#4875,10.);
#1142=VECTOR('',#4878,10.);
#1143=VECTOR('',#4881,10.);
#1144=VECTOR('',#4884,10.);
#1145=VECTOR('',#4889,10.);
#1146=VECTOR('',#4892,10.);
#1147=VECTOR('',#4895,10.);
#1148=VECTOR('',#4898,10.);
#1149=VECTOR('',#4901,10.);
#1150=VECTOR('',#4904,10.);
#1151=VECTOR('',#4907,10.);
#1152=VECTOR('',#4910,10.);
#1153=VECTOR('',#4913,10.);
#1154=VECTOR('',#4916,10.);
#1155=VECTOR('',#4919,10.);
#1156=VECTOR('',#4922,10.);
#1157=VECTOR('',#4925,10.);
#1158=VECTOR('',#4928,10.);
#1159=VECTOR('',#4931,10.);
#1160=VECTOR('',#4934,10.);
#1161=VECTOR('',#4937,10.);
#1162=VECTOR('',#4940,10.);
#1163=VECTOR('',#4947,10.);
#1164=VECTOR('',#4950,10.);
#1165=VECTOR('',#4953,10.);
#1166=VECTOR('',#4954,10.);
#1167=VECTOR('',#4955,10.);
#1168=VECTOR('',#4958,10.);
#1169=VECTOR('',#4959,10.);
#1170=VECTOR('',#4960,10.);
#1171=VECTOR('',#4961,10.);
#1172=VECTOR('',#4968,10.);
#1173=VECTOR('',#4975,10.);
#1174=VECTOR('',#4978,10.);
#1175=VECTOR('',#4979,10.);
#1176=VECTOR('',#4982,10.);
#1177=VECTOR('',#4983,10.);
#1178=VECTOR('',#4984,10.);
#1179=VECTOR('',#4997,10.);
#1180=VECTOR('',#5000,10.);
#1181=VECTOR('',#5003,10.);
#1182=VECTOR('',#5004,10.);
#1183=VECTOR('',#5005,10.);
#1184=VECTOR('',#5008,10.);
#1185=VECTOR('',#5009,10.);
#1186=VECTOR('',#5010,10.);
#1187=VECTOR('',#5011,10.);
#1188=VECTOR('',#5018,10.);
#1189=VECTOR('',#5025,10.);
#1190=VECTOR('',#5028,10.);
#1191=VECTOR('',#5029,10.);
#1192=VECTOR('',#5032,10.);
#1193=VECTOR('',#5033,10.);
#1194=VECTOR('',#5034,10.);
#1195=VECTOR('',#5045,10.);
#1196=VECTOR('',#5046,10.);
#1197=VECTOR('',#5047,10.);
#1198=VECTOR('',#5048,10.);
#1199=VECTOR('',#5053,10.);
#1200=VECTOR('',#5054,10.);
#1201=VECTOR('',#5055,10.);
#1202=VECTOR('',#5056,10.);
#1203=VECTOR('',#5063,1.5);
#1204=VECTOR('',#5064,10.);
#1205=VECTOR('',#5065,10.);
#1206=VECTOR('',#5068,10.);
#1207=VECTOR('',#5071,10.);
#1208=VECTOR('',#5072,10.);
#1209=VECTOR('',#5073,10.);
#1210=VECTOR('',#5074,10.);
#1211=VECTOR('',#5077,10.);
#1212=VECTOR('',#5078,10.);
#1213=VECTOR('',#5079,10.);
#1214=VECTOR('',#5082,10.);
#1215=VECTOR('',#5083,10.);
#1216=VECTOR('',#5088,10.);
#1217=VECTOR('',#5089,10.);
#1218=VECTOR('',#5090,10.);
#1219=VECTOR('',#5093,10.);
#1220=VECTOR('',#5094,10.);
#1221=VECTOR('',#5095,10.);
#1222=VECTOR('',#5096,10.);
#1223=VECTOR('',#5099,10.);
#1224=VECTOR('',#5100,10.);
#1225=VECTOR('',#5101,10.);
#1226=VECTOR('',#5104,10.);
#1227=VECTOR('',#5105,10.);
#1228=VECTOR('',#5108,10.);
#1229=VECTOR('',#5109,10.);
#1230=VECTOR('',#5110,10.);
#1231=VECTOR('',#5113,10.);
#1232=VECTOR('',#5114,10.);
#1233=VECTOR('',#5115,10.);
#1234=VECTOR('',#5116,10.);
#1235=VECTOR('',#5119,10.);
#1236=VECTOR('',#5120,10.);
#1237=VECTOR('',#5121,10.);
#1238=VECTOR('',#5124,10.);
#1239=VECTOR('',#5125,10.);
#1240=VECTOR('',#5128,10.);
#1241=VECTOR('',#5129,10.);
#1242=VECTOR('',#5130,10.);
#1243=VECTOR('',#5133,10.);
#1244=VECTOR('',#5134,10.);
#1245=VECTOR('',#5135,10.);
#1246=VECTOR('',#5136,10.);
#1247=VECTOR('',#5139,10.);
#1248=VECTOR('',#5140,10.);
#1249=VECTOR('',#5141,10.);
#1250=VECTOR('',#5144,10.);
#1251=VECTOR('',#5145,10.);
#1252=VECTOR('',#5148,10.);
#1253=VECTOR('',#5149,10.);
#1254=VECTOR('',#5150,10.);
#1255=VECTOR('',#5153,10.);
#1256=VECTOR('',#5154,10.);
#1257=VECTOR('',#5155,10.);
#1258=VECTOR('',#5156,10.);
#1259=VECTOR('',#5159,10.);
#1260=VECTOR('',#5160,10.);
#1261=VECTOR('',#5161,10.);
#1262=VECTOR('',#5164,10.);
#1263=VECTOR('',#5165,10.);
#1264=VECTOR('',#5168,10.);
#1265=VECTOR('',#5169,10.);
#1266=VECTOR('',#5170,10.);
#1267=VECTOR('',#5173,10.);
#1268=VECTOR('',#5174,10.);
#1269=VECTOR('',#5175,10.);
#1270=VECTOR('',#5176,10.);
#1271=VECTOR('',#5179,10.);
#1272=VECTOR('',#5180,10.);
#1273=VECTOR('',#5181,10.);
#1274=VECTOR('',#5184,10.);
#1275=VECTOR('',#5185,10.);
#1276=VECTOR('',#5188,10.);
#1277=VECTOR('',#5189,10.);
#1278=VECTOR('',#5190,10.);
#1279=VECTOR('',#5193,10.);
#1280=VECTOR('',#5194,10.);
#1281=VECTOR('',#5195,10.);
#1282=VECTOR('',#5196,10.);
#1283=VECTOR('',#5199,10.);
#1284=VECTOR('',#5200,10.);
#1285=VECTOR('',#5201,10.);
#1286=VECTOR('',#5204,10.);
#1287=VECTOR('',#5205,10.);
#1288=VECTOR('',#5208,10.);
#1289=VECTOR('',#5209,10.);
#1290=VECTOR('',#5210,10.);
#1291=VECTOR('',#5213,10.);
#1292=VECTOR('',#5214,10.);
#1293=VECTOR('',#5215,10.);
#1294=VECTOR('',#5216,10.);
#1295=VECTOR('',#5219,10.);
#1296=VECTOR('',#5220,10.);
#1297=VECTOR('',#5221,10.);
#1298=VECTOR('',#5224,10.);
#1299=VECTOR('',#5225,10.);
#1300=VECTOR('',#5228,10.);
#1301=VECTOR('',#5229,10.);
#1302=VECTOR('',#5230,10.);
#1303=VECTOR('',#5233,10.);
#1304=VECTOR('',#5234,10.);
#1305=VECTOR('',#5235,10.);
#1306=VECTOR('',#5236,10.);
#1307=VECTOR('',#5239,10.);
#1308=VECTOR('',#5240,10.);
#1309=VECTOR('',#5241,10.);
#1310=VECTOR('',#5244,10.);
#1311=VECTOR('',#5245,10.);
#1312=VECTOR('',#5248,10.);
#1313=VECTOR('',#5249,10.);
#1314=VECTOR('',#5250,10.);
#1315=VECTOR('',#5253,10.);
#1316=VECTOR('',#5254,10.);
#1317=VECTOR('',#5255,10.);
#1318=VECTOR('',#5256,10.);
#1319=VECTOR('',#5259,10.);
#1320=VECTOR('',#5260,10.);
#1321=VECTOR('',#5261,10.);
#1322=VECTOR('',#5264,10.);
#1323=VECTOR('',#5265,10.);
#1324=VECTOR('',#5268,10.);
#1325=VECTOR('',#5269,10.);
#1326=VECTOR('',#5270,10.);
#1327=VECTOR('',#5273,10.);
#1328=VECTOR('',#5274,10.);
#1329=VECTOR('',#5275,10.);
#1330=VECTOR('',#5276,10.);
#1331=VECTOR('',#5279,10.);
#1332=VECTOR('',#5280,10.);
#1333=VECTOR('',#5281,10.);
#1334=VECTOR('',#5284,10.);
#1335=VECTOR('',#5285,10.);
#1336=VECTOR('',#5288,10.);
#1337=VECTOR('',#5289,10.);
#1338=VECTOR('',#5290,10.);
#1339=VECTOR('',#5293,10.);
#1340=VECTOR('',#5294,10.);
#1341=VECTOR('',#5295,10.);
#1342=VECTOR('',#5296,10.);
#1343=VECTOR('',#5299,10.);
#1344=VECTOR('',#5300,10.);
#1345=VECTOR('',#5301,10.);
#1346=VECTOR('',#5304,10.);
#1347=VECTOR('',#5305,10.);
#1348=VECTOR('',#5308,10.);
#1349=VECTOR('',#5309,10.);
#1350=VECTOR('',#5310,10.);
#1351=VECTOR('',#5313,10.);
#1352=VECTOR('',#5314,10.);
#1353=VECTOR('',#5315,10.);
#1354=VECTOR('',#5316,10.);
#1355=VECTOR('',#5319,10.);
#1356=VECTOR('',#5320,10.);
#1357=VECTOR('',#5321,10.);
#1358=VECTOR('',#5324,10.);
#1359=VECTOR('',#5325,10.);
#1360=VECTOR('',#5328,10.);
#1361=VECTOR('',#5329,10.);
#1362=VECTOR('',#5330,10.);
#1363=VECTOR('',#5333,10.);
#1364=VECTOR('',#5334,10.);
#1365=VECTOR('',#5335,10.);
#1366=VECTOR('',#5338,10.);
#1367=VECTOR('',#5339,10.);
#1368=VECTOR('',#5340,10.);
#1369=VECTOR('',#5343,10.);
#1370=VECTOR('',#5344,10.);
#1371=VECTOR('',#5349,10.);
#1372=VECTOR('',#5352,10.);
#1373=VECTOR('',#5355,10.);
#1374=VECTOR('',#5358,10.);
#1375=VECTOR('',#5361,10.);
#1376=VECTOR('',#5364,10.);
#1377=VECTOR('',#5367,10.);
#1378=VECTOR('',#5370,10.);
#1379=VECTOR('',#5373,10.);
#1380=VECTOR('',#5376,10.);
#1381=VECTOR('',#5379,10.);
#1382=VECTOR('',#5382,10.);
#1383=VECTOR('',#5385,10.);
#1384=VECTOR('',#5388,10.);
#1385=VECTOR('',#5391,10.);
#1386=VECTOR('',#5394,10.);
#1387=VECTOR('',#5397,10.);
#1388=VECTOR('',#5400,10.);
#1389=VECTOR('',#5403,10.);
#1390=VECTOR('',#5406,10.);
#1391=VECTOR('',#5409,10.);
#1392=VECTOR('',#5412,10.);
#1393=VECTOR('',#5415,10.);
#1394=VECTOR('',#5418,10.);
#1395=VECTOR('',#5421,10.);
#1396=VECTOR('',#5424,10.);
#1397=VECTOR('',#5427,10.);
#1398=VECTOR('',#5430,10.);
#1399=VECTOR('',#5433,10.);
#1400=VECTOR('',#5436,10.);
#1401=VECTOR('',#5439,10.);
#1402=VECTOR('',#5442,10.);
#1403=VECTOR('',#5445,10.);
#1404=VECTOR('',#5448,10.);
#1405=VECTOR('',#5451,10.);
#1406=VECTOR('',#5454,10.);
#1407=VECTOR('',#5457,10.);
#1408=VECTOR('',#5460,10.);
#1409=VECTOR('',#5463,10.);
#1410=VECTOR('',#5466,10.);
#1411=VECTOR('',#5469,10.);
#1412=VECTOR('',#5472,10.);
#1413=VECTOR('',#5475,10.);
#1414=VECTOR('',#5478,10.);
#1415=VECTOR('',#5481,10.);
#1416=VECTOR('',#5484,10.);
#1417=VECTOR('',#5487,10.);
#1418=VECTOR('',#5490,10.);
#1419=VECTOR('',#5493,10.);
#1420=VECTOR('',#5496,10.);
#1421=VECTOR('',#5499,10.);
#1422=VECTOR('',#5502,10.);
#1423=VECTOR('',#5505,10.);
#1424=VECTOR('',#5508,10.);
#1425=VECTOR('',#5511,10.);
#1426=VECTOR('',#5514,10.);
#1427=VECTOR('',#5517,10.);
#1428=VECTOR('',#5520,10.);
#1429=VECTOR('',#5523,10.);
#1430=VECTOR('',#5526,10.);
#1431=VECTOR('',#5529,10.);
#1432=VECTOR('',#5532,10.);
#1433=VECTOR('',#5535,10.);
#1434=VECTOR('',#5538,10.);
#1435=VECTOR('',#5541,10.);
#1436=VECTOR('',#5544,10.);
#1437=VECTOR('',#5547,10.);
#1438=VECTOR('',#5550,10.);
#1439=VECTOR('',#5553,10.);
#1440=VECTOR('',#5556,10.);
#1441=VECTOR('',#5565,10.);
#1442=VECTOR('',#5566,10.);
#1443=VECTOR('',#5569,2.025);
#1444=VECTOR('',#5572,2.025);
#1445=VECTOR('',#5575,10.);
#1446=VECTOR('',#5576,10.);
#1447=CIRCLE('',#4065,19.1031815614089);
#1448=CIRCLE('',#4066,19.1031815614089);
#1449=CIRCLE('',#4068,2.90000000000157);
#1450=CIRCLE('',#4069,2.90000000000157);
#1451=CIRCLE('',#4071,8.82908049339814);
#1452=CIRCLE('',#4072,8.82908049339814);
#1453=CIRCLE('',#4075,4.50000000000001);
#1454=CIRCLE('',#4076,4.50000000000001);
#1455=CIRCLE('',#4078,2.9);
#1456=CIRCLE('',#4079,2.9);
#1457=CIRCLE('',#4082,2.89999999999999);
#1458=CIRCLE('',#4083,2.89999999999999);
#1459=CIRCLE('',#4085,24.1271739129706);
#1460=CIRCLE('',#4086,24.1271739129706);
#1461=CIRCLE('',#4089,22.5271739129705);
#1462=CIRCLE('',#4090,22.5271739129705);
#1463=CIRCLE('',#4092,4.49999999999999);
#1464=CIRCLE('',#4093,4.49999999999999);
#1465=CIRCLE('',#4096,4.49999999999999);
#1466=CIRCLE('',#4097,4.49999999999999);
#1467=CIRCLE('',#4099,2.90000000000002);
#1468=CIRCLE('',#4100,2.90000000000002);
#1469=CIRCLE('',#4103,7.22908049339817);
#1470=CIRCLE('',#4104,7.22908049339817);
#1471=CIRCLE('',#4106,4.50000000000156);
#1472=CIRCLE('',#4107,4.50000000000156);
#1473=CIRCLE('',#4109,17.5031815614088);
#1474=CIRCLE('',#4110,17.5031815614088);
#1475=CIRCLE('',#4113,19.1031815614089);
#1476=CIRCLE('',#4114,19.1031815614089);
#1477=CIRCLE('',#4116,2.90000000000157);
#1478=CIRCLE('',#4117,2.90000000000157);
#1479=CIRCLE('',#4119,8.82908049339814);
#1480=CIRCLE('',#4120,8.82908049339814);
#1481=CIRCLE('',#4123,4.50000000000001);
#1482=CIRCLE('',#4124,4.50000000000001);
#1483=CIRCLE('',#4126,2.9);
#1484=CIRCLE('',#4127,2.9);
#1485=CIRCLE('',#4130,2.89999999999999);
#1486=CIRCLE('',#4131,2.89999999999999);
#1487=CIRCLE('',#4133,24.1271739129706);
#1488=CIRCLE('',#4134,24.1271739129706);
#1489=CIRCLE('',#4137,22.5271739129705);
#1490=CIRCLE('',#4138,22.5271739129705);
#1491=CIRCLE('',#4140,4.49999999999999);
#1492=CIRCLE('',#4141,4.49999999999999);
#1493=CIRCLE('',#4144,4.49999999999999);
#1494=CIRCLE('',#4145,4.49999999999999);
#1495=CIRCLE('',#4147,2.90000000000002);
#1496=CIRCLE('',#4148,2.90000000000002);
#1497=CIRCLE('',#4151,7.22908049339817);
#1498=CIRCLE('',#4152,7.22908049339817);
#1499=CIRCLE('',#4154,4.50000000000156);
#1500=CIRCLE('',#4155,4.50000000000156);
#1501=CIRCLE('',#4157,17.5031815614088);
#1502=CIRCLE('',#4158,17.5031815614088);
#1503=CIRCLE('',#4162,2.025);
#1504=CIRCLE('',#4163,2.025);
#1505=CIRCLE('',#4166,1.5);
#1506=CIRCLE('',#4167,1.5);
#1507=CIRCLE('',#4168,1.55000000000001);
#1508=CIRCLE('',#4169,1.44821428571428);
#1509=CIRCLE('',#4170,0.348214285714286);
#1510=CIRCLE('',#4171,1.44821428571428);
#1511=CIRCLE('',#4172,0.34821428571429);
#1512=CIRCLE('',#4173,1.44821428571427);
#1513=CIRCLE('',#4174,0.348214285714294);
#1514=CIRCLE('',#4175,1.44821428571428);
#1515=CIRCLE('',#4176,0.348214285714286);
#1516=CIRCLE('',#4177,1.44821428571428);
#1517=CIRCLE('',#4178,0.348214285714277);
#1518=CIRCLE('',#4179,1.44821428571429);
#1519=CIRCLE('',#4180,0.348214285714272);
#1520=CIRCLE('',#4181,1.44821428571429);
#1521=CIRCLE('',#4182,0.348214285714272);
#1522=CIRCLE('',#4183,1.44821428571429);
#1523=CIRCLE('',#4184,0.348214285714272);
#1524=CIRCLE('',#4185,0.449999999999982);
#1525=CIRCLE('',#4186,1.5);
#1526=CIRCLE('',#4187,1.54999999999998);
#1527=CIRCLE('',#4188,1.44821428571428);
#1528=CIRCLE('',#4189,0.348214285714288);
#1529=CIRCLE('',#4190,1.44821428571428);
#1530=CIRCLE('',#4191,0.34821428571429);
#1531=CIRCLE('',#4192,1.44821428571428);
#1532=CIRCLE('',#4193,0.348214285714288);
#1533=CIRCLE('',#4194,1.44821428571428);
#1534=CIRCLE('',#4195,0.348214285714281);
#1535=CIRCLE('',#4196,1.44821428571429);
#1536=CIRCLE('',#4197,0.348214285714272);
#1537=CIRCLE('',#4198,1.4482142857143);
#1538=CIRCLE('',#4199,0.348214285714266);
#1539=CIRCLE('',#4200,1.44821428571429);
#1540=CIRCLE('',#4201,0.348214285714274);
#1541=CIRCLE('',#4202,1.44821428571429);
#1542=CIRCLE('',#4203,0.348214285714277);
#1543=CIRCLE('',#4204,0.450000000000004);
#1544=CIRCLE('',#4206,1.5);
#1545=CIRCLE('',#4207,1.5);
#1546=CIRCLE('',#4209,0.450000000000004);
#1547=CIRCLE('',#4210,0.348214285714279);
#1548=CIRCLE('',#4211,1.44821428571428);
#1549=CIRCLE('',#4212,0.348214285714277);
#1550=CIRCLE('',#4213,1.44821428571429);
#1551=CIRCLE('',#4214,0.348214285714267);
#1552=CIRCLE('',#4215,1.4482142857143);
#1553=CIRCLE('',#4216,0.348214285714274);
#1554=CIRCLE('',#4217,1.44821428571429);
#1555=CIRCLE('',#4218,0.348214285714283);
#1556=CIRCLE('',#4219,1.44821428571428);
#1557=CIRCLE('',#4220,0.34821428571429);
#1558=CIRCLE('',#4221,1.44821428571427);
#1559=CIRCLE('',#4222,0.34821428571429);
#1560=CIRCLE('',#4223,1.44821428571427);
#1561=CIRCLE('',#4224,0.34821428571429);
#1562=CIRCLE('',#4225,1.44821428571428);
#1563=CIRCLE('',#4226,1.54999999999999);
#1564=CIRCLE('',#4227,1.5);
#1565=CIRCLE('',#4228,1.5);
#1566=CIRCLE('',#4229,0.449999999999993);
#1567=CIRCLE('',#4230,0.348214285714274);
#1568=CIRCLE('',#4231,1.44821428571429);
#1569=CIRCLE('',#4232,0.348214285714272);
#1570=CIRCLE('',#4233,1.44821428571429);
#1571=CIRCLE('',#4234,0.348214285714272);
#1572=CIRCLE('',#4235,1.44821428571429);
#1573=CIRCLE('',#4236,0.348214285714278);
#1574=CIRCLE('',#4237,1.44821428571428);
#1575=CIRCLE('',#4238,0.348214285714287);
#1576=CIRCLE('',#4239,1.44821428571428);
#1577=CIRCLE('',#4240,0.348214285714294);
#1578=CIRCLE('',#4241,1.44821428571427);
#1579=CIRCLE('',#4242,0.34821428571429);
#1580=CIRCLE('',#4243,1.44821428571428);
#1581=CIRCLE('',#4244,0.348214285714283);
#1582=CIRCLE('',#4245,1.44821428571428);
#1583=CIRCLE('',#4246,1.55000000000001);
#1584=CIRCLE('',#4248,2.05000000000001);
#1585=CIRCLE('',#4249,2.05000000000001);
#1586=CIRCLE('',#4253,4.55);
#1587=CIRCLE('',#4254,4.55);
#1588=CIRCLE('',#4256,2.05000000000001);
#1589=CIRCLE('',#4257,2.05000000000001);
#1590=CIRCLE('',#4261,4.55);
#1591=CIRCLE('',#4262,4.55);
#1592=CIRCLE('',#4265,2.05000000000001);
#1593=CIRCLE('',#4266,2.05000000000001);
#1594=CIRCLE('',#4270,4.55000000000005);
#1595=CIRCLE('',#4271,4.55000000000005);
#1596=CIRCLE('',#4273,2.05000000000001);
#1597=CIRCLE('',#4274,2.05000000000001);
#1598=CIRCLE('',#4278,4.54999999999996);
#1599=CIRCLE('',#4279,4.54999999999996);
#1600=CIRCLE('',#4282,2.025);
#1601=CIRCLE('',#4284,2.025);
#1602=CIRCLE('',#4286,1.5);
#1603=VERTEX_POINT('',#5583);
#1604=VERTEX_POINT('',#5584);
#1605=VERTEX_POINT('',#5586);
#1606=VERTEX_POINT('',#5588);
#1607=VERTEX_POINT('',#5592);
#1608=VERTEX_POINT('',#5594);
#1609=VERTEX_POINT('',#5598);
#1610=VERTEX_POINT('',#5600);
#1611=VERTEX_POINT('',#5604);
#1612=VERTEX_POINT('',#5606);
#1613=VERTEX_POINT('',#5610);
#1614=VERTEX_POINT('',#5612);
#1615=VERTEX_POINT('',#5616);
#1616=VERTEX_POINT('',#5618);
#1617=VERTEX_POINT('',#5622);
#1618=VERTEX_POINT('',#5624);
#1619=VERTEX_POINT('',#5628);
#1620=VERTEX_POINT('',#5630);
#1621=VERTEX_POINT('',#5634);
#1622=VERTEX_POINT('',#5636);
#1623=VERTEX_POINT('',#5640);
#1624=VERTEX_POINT('',#5642);
#1625=VERTEX_POINT('',#5646);
#1626=VERTEX_POINT('',#5647);
#1627=VERTEX_POINT('',#5649);
#1628=VERTEX_POINT('',#5651);
#1629=VERTEX_POINT('',#5655);
#1630=VERTEX_POINT('',#5657);
#1631=VERTEX_POINT('',#5661);
#1632=VERTEX_POINT('',#5663);
#1633=VERTEX_POINT('',#5667);
#1634=VERTEX_POINT('',#5669);
#1635=VERTEX_POINT('',#5673);
#1636=VERTEX_POINT('',#5675);
#1637=VERTEX_POINT('',#5679);
#1638=VERTEX_POINT('',#5681);
#1639=VERTEX_POINT('',#5685);
#1640=VERTEX_POINT('',#5687);
#1641=VERTEX_POINT('',#5691);
#1642=VERTEX_POINT('',#5693);
#1643=VERTEX_POINT('',#5697);
#1644=VERTEX_POINT('',#5699);
#1645=VERTEX_POINT('',#5703);
#1646=VERTEX_POINT('',#5705);
#1647=VERTEX_POINT('',#5709);
#1648=VERTEX_POINT('',#5711);
#1649=VERTEX_POINT('',#5715);
#1650=VERTEX_POINT('',#5717);
#1651=VERTEX_POINT('',#5721);
#1652=VERTEX_POINT('',#5723);
#1653=VERTEX_POINT('',#5727);
#1654=VERTEX_POINT('',#5729);
#1655=VERTEX_POINT('',#5733);
#1656=VERTEX_POINT('',#5735);
#1657=VERTEX_POINT('',#5739);
#1658=VERTEX_POINT('',#5741);
#1659=VERTEX_POINT('',#5745);
#1660=VERTEX_POINT('',#5747);
#1661=VERTEX_POINT('',#5751);
#1662=VERTEX_POINT('',#5753);
#1663=VERTEX_POINT('',#5757);
#1664=VERTEX_POINT('',#5759);
#1665=VERTEX_POINT('',#5766);
#1666=VERTEX_POINT('',#5768);
#1667=VERTEX_POINT('',#5772);
#1668=VERTEX_POINT('',#5774);
#1669=VERTEX_POINT('',#5778);
#1670=VERTEX_POINT('',#5780);
#1671=VERTEX_POINT('',#5784);
#1672=VERTEX_POINT('',#5786);
#1673=VERTEX_POINT('',#5790);
#1674=VERTEX_POINT('',#5792);
#1675=VERTEX_POINT('',#5796);
#1676=VERTEX_POINT('',#5798);
#1677=VERTEX_POINT('',#5802);
#1678=VERTEX_POINT('',#5804);
#1679=VERTEX_POINT('',#5808);
#1680=VERTEX_POINT('',#5810);
#1681=VERTEX_POINT('',#5814);
#1682=VERTEX_POINT('',#5816);
#1683=VERTEX_POINT('',#5824);
#1684=VERTEX_POINT('',#5825);
#1685=VERTEX_POINT('',#5827);
#1686=VERTEX_POINT('',#5829);
#1687=VERTEX_POINT('',#5832);
#1688=VERTEX_POINT('',#5834);
#1689=VERTEX_POINT('',#5837);
#1690=VERTEX_POINT('',#5838);
#1691=VERTEX_POINT('',#5840);
#1692=VERTEX_POINT('',#5842);
#1693=VERTEX_POINT('',#5846);
#1694=VERTEX_POINT('',#5847);
#1695=VERTEX_POINT('',#5849);
#1696=VERTEX_POINT('',#5851);
#1697=VERTEX_POINT('',#5854);
#1698=VERTEX_POINT('',#5856);
#1699=VERTEX_POINT('',#5858);
#1700=VERTEX_POINT('',#5860);
#1701=VERTEX_POINT('',#5862);
#1702=VERTEX_POINT('',#5864);
#1703=VERTEX_POINT('',#5866);
#1704=VERTEX_POINT('',#5868);
#1705=VERTEX_POINT('',#5870);
#1706=VERTEX_POINT('',#5872);
#1707=VERTEX_POINT('',#5874);
#1708=VERTEX_POINT('',#5876);
#1709=VERTEX_POINT('',#5878);
#1710=VERTEX_POINT('',#5880);
#1711=VERTEX_POINT('',#5882);
#1712=VERTEX_POINT('',#5884);
#1713=VERTEX_POINT('',#5886);
#1714=VERTEX_POINT('',#5888);
#1715=VERTEX_POINT('',#5890);
#1716=VERTEX_POINT('',#5892);
#1717=VERTEX_POINT('',#5894);
#1718=VERTEX_POINT('',#5896);
#1719=VERTEX_POINT('',#5898);
#1720=VERTEX_POINT('',#5900);
#1721=VERTEX_POINT('',#5902);
#1722=VERTEX_POINT('',#5904);
#1723=VERTEX_POINT('',#5906);
#1724=VERTEX_POINT('',#5908);
#1725=VERTEX_POINT('',#5910);
#1726=VERTEX_POINT('',#5912);
#1727=VERTEX_POINT('',#5914);
#1728=VERTEX_POINT('',#5916);
#1729=VERTEX_POINT('',#5918);
#1730=VERTEX_POINT('',#5920);
#1731=VERTEX_POINT('',#5922);
#1732=VERTEX_POINT('',#5924);
#1733=VERTEX_POINT('',#5926);
#1734=VERTEX_POINT('',#5928);
#1735=VERTEX_POINT('',#5930);
#1736=VERTEX_POINT('',#5932);
#1737=VERTEX_POINT('',#5934);
#1738=VERTEX_POINT('',#5936);
#1739=VERTEX_POINT('',#5938);
#1740=VERTEX_POINT('',#5940);
#1741=VERTEX_POINT('',#5942);
#1742=VERTEX_POINT('',#5944);
#1743=VERTEX_POINT('',#5946);
#1744=VERTEX_POINT('',#5948);
#1745=VERTEX_POINT('',#5950);
#1746=VERTEX_POINT('',#5952);
#1747=VERTEX_POINT('',#5954);
#1748=VERTEX_POINT('',#5956);
#1749=VERTEX_POINT('',#5958);
#1750=VERTEX_POINT('',#5960);
#1751=VERTEX_POINT('',#5962);
#1752=VERTEX_POINT('',#5964);
#1753=VERTEX_POINT('',#5966);
#1754=VERTEX_POINT('',#5968);
#1755=VERTEX_POINT('',#5970);
#1756=VERTEX_POINT('',#5972);
#1757=VERTEX_POINT('',#5974);
#1758=VERTEX_POINT('',#5976);
#1759=VERTEX_POINT('',#5978);
#1760=VERTEX_POINT('',#5980);
#1761=VERTEX_POINT('',#5982);
#1762=VERTEX_POINT('',#5984);
#1763=VERTEX_POINT('',#5986);
#1764=VERTEX_POINT('',#5988);
#1765=VERTEX_POINT('',#5990);
#1766=VERTEX_POINT('',#5992);
#1767=VERTEX_POINT('',#5994);
#1768=VERTEX_POINT('',#5996);
#1769=VERTEX_POINT('',#6000);
#1770=VERTEX_POINT('',#6003);
#1771=VERTEX_POINT('',#6005);
#1772=VERTEX_POINT('',#6010);
#1773=VERTEX_POINT('',#6012);
#1774=VERTEX_POINT('',#6014);
#1775=VERTEX_POINT('',#6016);
#1776=VERTEX_POINT('',#6018);
#1777=VERTEX_POINT('',#6020);
#1778=VERTEX_POINT('',#6022);
#1779=VERTEX_POINT('',#6024);
#1780=VERTEX_POINT('',#6026);
#1781=VERTEX_POINT('',#6028);
#1782=VERTEX_POINT('',#6030);
#1783=VERTEX_POINT('',#6032);
#1784=VERTEX_POINT('',#6034);
#1785=VERTEX_POINT('',#6036);
#1786=VERTEX_POINT('',#6038);
#1787=VERTEX_POINT('',#6040);
#1788=VERTEX_POINT('',#6042);
#1789=VERTEX_POINT('',#6044);
#1790=VERTEX_POINT('',#6046);
#1791=VERTEX_POINT('',#6048);
#1792=VERTEX_POINT('',#6050);
#1793=VERTEX_POINT('',#6052);
#1794=VERTEX_POINT('',#6054);
#1795=VERTEX_POINT('',#6056);
#1796=VERTEX_POINT('',#6058);
#1797=VERTEX_POINT('',#6060);
#1798=VERTEX_POINT('',#6062);
#1799=VERTEX_POINT('',#6064);
#1800=VERTEX_POINT('',#6066);
#1801=VERTEX_POINT('',#6068);
#1802=VERTEX_POINT('',#6070);
#1803=VERTEX_POINT('',#6072);
#1804=VERTEX_POINT('',#6074);
#1805=VERTEX_POINT('',#6076);
#1806=VERTEX_POINT('',#6078);
#1807=VERTEX_POINT('',#6080);
#1808=VERTEX_POINT('',#6082);
#1809=VERTEX_POINT('',#6084);
#1810=VERTEX_POINT('',#6086);
#1811=VERTEX_POINT('',#6088);
#1812=VERTEX_POINT('',#6090);
#1813=VERTEX_POINT('',#6092);
#1814=VERTEX_POINT('',#6094);
#1815=VERTEX_POINT('',#6096);
#1816=VERTEX_POINT('',#6098);
#1817=VERTEX_POINT('',#6100);
#1818=VERTEX_POINT('',#6102);
#1819=VERTEX_POINT('',#6104);
#1820=VERTEX_POINT('',#6106);
#1821=VERTEX_POINT('',#6108);
#1822=VERTEX_POINT('',#6110);
#1823=VERTEX_POINT('',#6112);
#1824=VERTEX_POINT('',#6114);
#1825=VERTEX_POINT('',#6116);
#1826=VERTEX_POINT('',#6118);
#1827=VERTEX_POINT('',#6120);
#1828=VERTEX_POINT('',#6122);
#1829=VERTEX_POINT('',#6124);
#1830=VERTEX_POINT('',#6126);
#1831=VERTEX_POINT('',#6128);
#1832=VERTEX_POINT('',#6130);
#1833=VERTEX_POINT('',#6132);
#1834=VERTEX_POINT('',#6134);
#1835=VERTEX_POINT('',#6136);
#1836=VERTEX_POINT('',#6138);
#1837=VERTEX_POINT('',#6140);
#1838=VERTEX_POINT('',#6142);
#1839=VERTEX_POINT('',#6144);
#1840=VERTEX_POINT('',#6146);
#1841=VERTEX_POINT('',#6148);
#1842=VERTEX_POINT('',#6150);
#1843=VERTEX_POINT('',#6152);
#1844=VERTEX_POINT('',#6154);
#1845=VERTEX_POINT('',#6156);
#1846=VERTEX_POINT('',#6160);
#1847=VERTEX_POINT('',#6161);
#1848=VERTEX_POINT('',#6163);
#1849=VERTEX_POINT('',#6165);
#1850=VERTEX_POINT('',#6169);
#1851=VERTEX_POINT('',#6171);
#1852=VERTEX_POINT('',#6175);
#1853=VERTEX_POINT('',#6176);
#1854=VERTEX_POINT('',#6178);
#1855=VERTEX_POINT('',#6180);
#1856=VERTEX_POINT('',#6184);
#1857=VERTEX_POINT('',#6186);
#1858=VERTEX_POINT('',#6190);
#1859=VERTEX_POINT('',#6192);
#1860=VERTEX_POINT('',#6199);
#1861=VERTEX_POINT('',#6201);
#1862=VERTEX_POINT('',#6209);
#1863=VERTEX_POINT('',#6210);
#1864=VERTEX_POINT('',#6212);
#1865=VERTEX_POINT('',#6214);
#1866=VERTEX_POINT('',#6218);
#1867=VERTEX_POINT('',#6220);
#1868=VERTEX_POINT('',#6224);
#1869=VERTEX_POINT('',#6225);
#1870=VERTEX_POINT('',#6227);
#1871=VERTEX_POINT('',#6229);
#1872=VERTEX_POINT('',#6233);
#1873=VERTEX_POINT('',#6235);
#1874=VERTEX_POINT('',#6239);
#1875=VERTEX_POINT('',#6241);
#1876=VERTEX_POINT('',#6248);
#1877=VERTEX_POINT('',#6250);
#1878=VERTEX_POINT('',#6258);
#1879=VERTEX_POINT('',#6259);
#1880=VERTEX_POINT('',#6261);
#1881=VERTEX_POINT('',#6263);
#1882=VERTEX_POINT('',#6266);
#1883=VERTEX_POINT('',#6269);
#1884=VERTEX_POINT('',#6270);
#1885=VERTEX_POINT('',#6272);
#1886=VERTEX_POINT('',#6274);
#1887=VERTEX_POINT('',#6277);
#1888=VERTEX_POINT('',#6280);
#1889=VERTEX_POINT('',#6288);
#1890=VERTEX_POINT('',#6289);
#1891=VERTEX_POINT('',#6291);
#1892=VERTEX_POINT('',#6293);
#1893=VERTEX_POINT('',#6297);
#1894=VERTEX_POINT('',#6299);
#1895=VERTEX_POINT('',#6307);
#1896=VERTEX_POINT('',#6309);
#1897=VERTEX_POINT('',#6313);
#1898=VERTEX_POINT('',#6314);
#1899=VERTEX_POINT('',#6316);
#1900=VERTEX_POINT('',#6318);
#1901=VERTEX_POINT('',#6322);
#1902=VERTEX_POINT('',#6324);
#1903=VERTEX_POINT('',#6331);
#1904=VERTEX_POINT('',#6333);
#1905=VERTEX_POINT('',#6337);
#1906=VERTEX_POINT('',#6338);
#1907=VERTEX_POINT('',#6340);
#1908=VERTEX_POINT('',#6342);
#1909=VERTEX_POINT('',#6346);
#1910=VERTEX_POINT('',#6348);
#1911=VERTEX_POINT('',#6355);
#1912=VERTEX_POINT('',#6357);
#1913=VERTEX_POINT('',#6361);
#1914=VERTEX_POINT('',#6362);
#1915=VERTEX_POINT('',#6364);
#1916=VERTEX_POINT('',#6366);
#1917=VERTEX_POINT('',#6370);
#1918=VERTEX_POINT('',#6372);
#1919=VERTEX_POINT('',#6379);
#1920=VERTEX_POINT('',#6381);
#1921=VERTEX_POINT('',#6385);
#1922=VERTEX_POINT('',#6386);
#1923=VERTEX_POINT('',#6388);
#1924=VERTEX_POINT('',#6390);
#1925=VERTEX_POINT('',#6394);
#1926=VERTEX_POINT('',#6396);
#1927=VERTEX_POINT('',#6403);
#1928=VERTEX_POINT('',#6405);
#1929=VERTEX_POINT('',#6409);
#1930=VERTEX_POINT('',#6410);
#1931=VERTEX_POINT('',#6412);
#1932=VERTEX_POINT('',#6414);
#1933=VERTEX_POINT('',#6418);
#1934=VERTEX_POINT('',#6420);
#1935=VERTEX_POINT('',#6427);
#1936=VERTEX_POINT('',#6429);
#1937=VERTEX_POINT('',#6433);
#1938=VERTEX_POINT('',#6434);
#1939=VERTEX_POINT('',#6436);
#1940=VERTEX_POINT('',#6438);
#1941=VERTEX_POINT('',#6442);
#1942=VERTEX_POINT('',#6444);
#1943=VERTEX_POINT('',#6451);
#1944=VERTEX_POINT('',#6453);
#1945=VERTEX_POINT('',#6457);
#1946=VERTEX_POINT('',#6458);
#1947=VERTEX_POINT('',#6460);
#1948=VERTEX_POINT('',#6462);
#1949=VERTEX_POINT('',#6466);
#1950=VERTEX_POINT('',#6468);
#1951=VERTEX_POINT('',#6475);
#1952=VERTEX_POINT('',#6477);
#1953=VERTEX_POINT('',#6481);
#1954=VERTEX_POINT('',#6482);
#1955=VERTEX_POINT('',#6484);
#1956=VERTEX_POINT('',#6486);
#1957=VERTEX_POINT('',#6490);
#1958=VERTEX_POINT('',#6492);
#1959=VERTEX_POINT('',#6499);
#1960=VERTEX_POINT('',#6501);
#1961=VERTEX_POINT('',#6505);
#1962=VERTEX_POINT('',#6506);
#1963=VERTEX_POINT('',#6508);
#1964=VERTEX_POINT('',#6510);
#1965=VERTEX_POINT('',#6514);
#1966=VERTEX_POINT('',#6516);
#1967=VERTEX_POINT('',#6523);
#1968=VERTEX_POINT('',#6525);
#1969=VERTEX_POINT('',#6529);
#1970=VERTEX_POINT('',#6530);
#1971=VERTEX_POINT('',#6532);
#1972=VERTEX_POINT('',#6534);
#1973=VERTEX_POINT('',#6538);
#1974=VERTEX_POINT('',#6540);
#1975=VERTEX_POINT('',#6547);
#1976=VERTEX_POINT('',#6549);
#1977=VERTEX_POINT('',#6553);
#1978=VERTEX_POINT('',#6554);
#1979=VERTEX_POINT('',#6556);
#1980=VERTEX_POINT('',#6558);
#1981=VERTEX_POINT('',#6562);
#1982=VERTEX_POINT('',#6564);
#1983=VERTEX_POINT('',#6571);
#1984=VERTEX_POINT('',#6573);
#1985=VERTEX_POINT('',#6577);
#1986=VERTEX_POINT('',#6578);
#1987=VERTEX_POINT('',#6580);
#1988=VERTEX_POINT('',#6582);
#1989=VERTEX_POINT('',#6586);
#1990=VERTEX_POINT('',#6588);
#1991=VERTEX_POINT('',#6595);
#1992=VERTEX_POINT('',#6597);
#1993=VERTEX_POINT('',#6601);
#1994=VERTEX_POINT('',#6603);
#1995=VERTEX_POINT('',#6607);
#1996=VERTEX_POINT('',#6609);
#1997=EDGE_CURVE('',#1603,#1604,#1447,.T.);
#1998=EDGE_CURVE('',#1605,#1603,#577,.T.);
#1999=EDGE_CURVE('',#1606,#1605,#1448,.T.);
#2000=EDGE_CURVE('',#1606,#1604,#578,.T.);
#2001=EDGE_CURVE('',#1604,#1607,#1449,.T.);
#2002=EDGE_CURVE('',#1608,#1606,#1450,.T.);
#2003=EDGE_CURVE('',#1608,#1607,#579,.T.);
#2004=EDGE_CURVE('',#1607,#1609,#1451,.T.);
#2005=EDGE_CURVE('',#1610,#1608,#1452,.T.);
#2006=EDGE_CURVE('',#1610,#1609,#580,.T.);
#2007=EDGE_CURVE('',#1609,#1611,#581,.T.);
#2008=EDGE_CURVE('',#1612,#1610,#582,.T.);
#2009=EDGE_CURVE('',#1612,#1611,#583,.T.);
#2010=EDGE_CURVE('',#1611,#1613,#1453,.T.);
#2011=EDGE_CURVE('',#1614,#1612,#1454,.T.);
#2012=EDGE_CURVE('',#1614,#1613,#584,.T.);
#2013=EDGE_CURVE('',#1613,#1615,#1455,.T.);
#2014=EDGE_CURVE('',#1616,#1614,#1456,.T.);
#2015=EDGE_CURVE('',#1616,#1615,#585,.T.);
#2016=EDGE_CURVE('',#1615,#1617,#586,.T.);
#2017=EDGE_CURVE('',#1618,#1616,#587,.T.);
#2018=EDGE_CURVE('',#1618,#1617,#588,.T.);
#2019=EDGE_CURVE('',#1617,#1619,#1457,.T.);
#2020=EDGE_CURVE('',#1620,#1618,#1458,.T.);
#2021=EDGE_CURVE('',#1620,#1619,#589,.T.);
#2022=EDGE_CURVE('',#1619,#1621,#1459,.T.);
#2023=EDGE_CURVE('',#1622,#1620,#1460,.T.);
#2024=EDGE_CURVE('',#1622,#1621,#590,.T.);
#2025=EDGE_CURVE('',#1621,#1623,#591,.T.);
#2026=EDGE_CURVE('',#1624,#1622,#592,.T.);
#2027=EDGE_CURVE('',#1624,#1623,#593,.T.);
#2028=EDGE_CURVE('',#1625,#1626,#1461,.T.);
#2029=EDGE_CURVE('',#1627,#1625,#594,.T.);
#2030=EDGE_CURVE('',#1627,#1628,#1462,.T.);
#2031=EDGE_CURVE('',#1628,#1626,#595,.T.);
#2032=EDGE_CURVE('',#1626,#1629,#1463,.T.);
#2033=EDGE_CURVE('',#1628,#1630,#1464,.T.);
#2034=EDGE_CURVE('',#1630,#1629,#596,.T.);
#2035=EDGE_CURVE('',#1629,#1631,#597,.T.);
#2036=EDGE_CURVE('',#1630,#1632,#598,.T.);
#2037=EDGE_CURVE('',#1632,#1631,#599,.T.);
#2038=EDGE_CURVE('',#1631,#1633,#1465,.T.);
#2039=EDGE_CURVE('',#1632,#1634,#1466,.T.);
#2040=EDGE_CURVE('',#1634,#1633,#600,.T.);
#2041=EDGE_CURVE('',#1633,#1635,#1467,.T.);
#2042=EDGE_CURVE('',#1634,#1636,#1468,.T.);
#2043=EDGE_CURVE('',#1636,#1635,#601,.T.);
#2044=EDGE_CURVE('',#1635,#1637,#602,.T.);
#2045=EDGE_CURVE('',#1636,#1638,#603,.T.);
#2046=EDGE_CURVE('',#1638,#1637,#604,.T.);
#2047=EDGE_CURVE('',#1637,#1639,#1469,.T.);
#2048=EDGE_CURVE('',#1638,#1640,#1470,.T.);
#2049=EDGE_CURVE('',#1640,#1639,#605,.T.);
#2050=EDGE_CURVE('',#1639,#1641,#1471,.T.);
#2051=EDGE_CURVE('',#1640,#1642,#1472,.T.);
#2052=EDGE_CURVE('',#1642,#1641,#606,.T.);
#2053=EDGE_CURVE('',#1641,#1643,#1473,.T.);
#2054=EDGE_CURVE('',#1642,#1644,#1474,.T.);
#2055=EDGE_CURVE('',#1644,#1643,#607,.T.);
#2056=EDGE_CURVE('',#1643,#1645,#608,.T.);
#2057=EDGE_CURVE('',#1644,#1646,#609,.T.);
#2058=EDGE_CURVE('',#1646,#1645,#610,.T.);
#2059=EDGE_CURVE('',#1623,#1647,#1475,.T.);
#2060=EDGE_CURVE('',#1648,#1624,#1476,.T.);
#2061=EDGE_CURVE('',#1648,#1647,#611,.T.);
#2062=EDGE_CURVE('',#1647,#1649,#1477,.T.);
#2063=EDGE_CURVE('',#1650,#1648,#1478,.T.);
#2064=EDGE_CURVE('',#1650,#1649,#612,.T.);
#2065=EDGE_CURVE('',#1649,#1651,#1479,.T.);
#2066=EDGE_CURVE('',#1652,#1650,#1480,.T.);
#2067=EDGE_CURVE('',#1652,#1651,#613,.T.);
#2068=EDGE_CURVE('',#1651,#1653,#614,.T.);
#2069=EDGE_CURVE('',#1654,#1652,#615,.T.);
#2070=EDGE_CURVE('',#1654,#1653,#616,.T.);
#2071=EDGE_CURVE('',#1653,#1655,#1481,.T.);
#2072=EDGE_CURVE('',#1656,#1654,#1482,.T.);
#2073=EDGE_CURVE('',#1656,#1655,#617,.T.);
#2074=EDGE_CURVE('',#1655,#1657,#1483,.T.);
#2075=EDGE_CURVE('',#1658,#1656,#1484,.T.);
#2076=EDGE_CURVE('',#1658,#1657,#618,.T.);
#2077=EDGE_CURVE('',#1657,#1659,#619,.T.);
#2078=EDGE_CURVE('',#1660,#1658,#620,.T.);
#2079=EDGE_CURVE('',#1660,#1659,#621,.T.);
#2080=EDGE_CURVE('',#1659,#1661,#1485,.T.);
#2081=EDGE_CURVE('',#1662,#1660,#1486,.T.);
#2082=EDGE_CURVE('',#1662,#1661,#622,.T.);
#2083=EDGE_CURVE('',#1661,#1663,#1487,.T.);
#2084=EDGE_CURVE('',#1664,#1662,#1488,.T.);
#2085=EDGE_CURVE('',#1664,#1663,#623,.T.);
#2086=EDGE_CURVE('',#1663,#1603,#624,.T.);
#2087=EDGE_CURVE('',#1605,#1664,#625,.T.);
#2088=EDGE_CURVE('',#1645,#1665,#1489,.T.);
#2089=EDGE_CURVE('',#1646,#1666,#1490,.T.);
#2090=EDGE_CURVE('',#1666,#1665,#626,.T.);
#2091=EDGE_CURVE('',#1665,#1667,#1491,.T.);
#2092=EDGE_CURVE('',#1666,#1668,#1492,.T.);
#2093=EDGE_CURVE('',#1668,#1667,#627,.T.);
#2094=EDGE_CURVE('',#1667,#1669,#628,.T.);
#2095=EDGE_CURVE('',#1668,#1670,#629,.T.);
#2096=EDGE_CURVE('',#1670,#1669,#630,.T.);
#2097=EDGE_CURVE('',#1669,#1671,#1493,.T.);
#2098=EDGE_CURVE('',#1670,#1672,#1494,.T.);
#2099=EDGE_CURVE('',#1672,#1671,#631,.T.);
#2100=EDGE_CURVE('',#1671,#1673,#1495,.T.);
#2101=EDGE_CURVE('',#1672,#1674,#1496,.T.);
#2102=EDGE_CURVE('',#1674,#1673,#632,.T.);
#2103=EDGE_CURVE('',#1673,#1675,#633,.T.);
#2104=EDGE_CURVE('',#1674,#1676,#634,.T.);
#2105=EDGE_CURVE('',#1676,#1675,#635,.T.);
#2106=EDGE_CURVE('',#1675,#1677,#1497,.T.);
#2107=EDGE_CURVE('',#1676,#1678,#1498,.T.);
#2108=EDGE_CURVE('',#1678,#1677,#636,.T.);
#2109=EDGE_CURVE('',#1677,#1679,#1499,.T.);
#2110=EDGE_CURVE('',#1678,#1680,#1500,.T.);
#2111=EDGE_CURVE('',#1680,#1679,#637,.T.);
#2112=EDGE_CURVE('',#1679,#1681,#1501,.T.);
#2113=EDGE_CURVE('',#1680,#1682,#1502,.T.);
#2114=EDGE_CURVE('',#1682,#1681,#638,.T.);
#2115=EDGE_CURVE('',#1681,#1625,#639,.T.);
#2116=EDGE_CURVE('',#1682,#1627,#640,.T.);
#2117=EDGE_CURVE('',#1683,#1684,#641,.T.);
#2118=EDGE_CURVE('',#1684,#1685,#642,.F.);
#2119=EDGE_CURVE('',#1685,#1686,#643,.T.);
#2120=EDGE_CURVE('',#1686,#1683,#644,.F.);
#2121=EDGE_CURVE('',#1687,#1687,#1503,.T.);
#2122=EDGE_CURVE('',#1688,#1688,#1504,.T.);
#2123=EDGE_CURVE('',#1689,#1690,#645,.T.);
#2124=EDGE_CURVE('',#1689,#1691,#646,.T.);
#2125=EDGE_CURVE('',#1691,#1692,#647,.T.);
#2126=EDGE_CURVE('',#1690,#1692,#648,.T.);
#2127=EDGE_CURVE('',#1693,#1694,#649,.T.);
#2128=EDGE_CURVE('',#1693,#1695,#1505,.T.);
#2129=EDGE_CURVE('',#1695,#1696,#1506,.T.);
#2130=EDGE_CURVE('',#1691,#1696,#650,.T.);
#2131=EDGE_CURVE('',#1689,#1697,#1507,.T.);
#2132=EDGE_CURVE('',#1697,#1698,#651,.T.);
#2133=EDGE_CURVE('',#1698,#1699,#1508,.T.);
#2134=EDGE_CURVE('',#1699,#1700,#652,.T.);
#2135=EDGE_CURVE('',#1700,#1701,#1509,.T.);
#2136=EDGE_CURVE('',#1701,#1702,#653,.T.);
#2137=EDGE_CURVE('',#1702,#1703,#1510,.T.);
#2138=EDGE_CURVE('',#1703,#1704,#654,.T.);
#2139=EDGE_CURVE('',#1704,#1705,#1511,.T.);
#2140=EDGE_CURVE('',#1705,#1706,#655,.T.);
#2141=EDGE_CURVE('',#1706,#1707,#1512,.T.);
#2142=EDGE_CURVE('',#1707,#1708,#656,.T.);
#2143=EDGE_CURVE('',#1708,#1709,#1513,.T.);
#2144=EDGE_CURVE('',#1709,#1710,#657,.T.);
#2145=EDGE_CURVE('',#1710,#1711,#1514,.T.);
#2146=EDGE_CURVE('',#1711,#1712,#658,.T.);
#2147=EDGE_CURVE('',#1712,#1713,#1515,.T.);
#2148=EDGE_CURVE('',#1713,#1714,#659,.T.);
#2149=EDGE_CURVE('',#1714,#1715,#1516,.T.);
#2150=EDGE_CURVE('',#1715,#1716,#660,.T.);
#2151=EDGE_CURVE('',#1716,#1717,#1517,.T.);
#2152=EDGE_CURVE('',#1717,#1718,#661,.T.);
#2153=EDGE_CURVE('',#1718,#1719,#1518,.T.);
#2154=EDGE_CURVE('',#1719,#1720,#662,.T.);
#2155=EDGE_CURVE('',#1720,#1721,#1519,.T.);
#2156=EDGE_CURVE('',#1721,#1722,#663,.T.);
#2157=EDGE_CURVE('',#1722,#1723,#1520,.T.);
#2158=EDGE_CURVE('',#1723,#1724,#664,.T.);
#2159=EDGE_CURVE('',#1724,#1725,#1521,.T.);
#2160=EDGE_CURVE('',#1725,#1726,#665,.T.);
#2161=EDGE_CURVE('',#1726,#1727,#1522,.T.);
#2162=EDGE_CURVE('',#1727,#1728,#666,.T.);
#2163=EDGE_CURVE('',#1728,#1729,#1523,.T.);
#2164=EDGE_CURVE('',#1729,#1730,#667,.T.);
#2165=EDGE_CURVE('',#1730,#1731,#1524,.T.);
#2166=EDGE_CURVE('',#1731,#1732,#668,.T.);
#2167=EDGE_CURVE('',#1733,#1732,#1525,.T.);
#2168=EDGE_CURVE('',#1734,#1733,#669,.T.);
#2169=EDGE_CURVE('',#1735,#1734,#1526,.T.);
#2170=EDGE_CURVE('',#1736,#1735,#670,.T.);
#2171=EDGE_CURVE('',#1737,#1736,#1527,.T.);
#2172=EDGE_CURVE('',#1738,#1737,#671,.T.);
#2173=EDGE_CURVE('',#1739,#1738,#1528,.T.);
#2174=EDGE_CURVE('',#1740,#1739,#672,.T.);
#2175=EDGE_CURVE('',#1741,#1740,#1529,.T.);
#2176=EDGE_CURVE('',#1742,#1741,#673,.T.);
#2177=EDGE_CURVE('',#1743,#1742,#1530,.T.);
#2178=EDGE_CURVE('',#1744,#1743,#674,.T.);
#2179=EDGE_CURVE('',#1745,#1744,#1531,.T.);
#2180=EDGE_CURVE('',#1746,#1745,#675,.T.);
#2181=EDGE_CURVE('',#1747,#1746,#1532,.T.);
#2182=EDGE_CURVE('',#1748,#1747,#676,.T.);
#2183=EDGE_CURVE('',#1749,#1748,#1533,.T.);
#2184=EDGE_CURVE('',#1750,#1749,#677,.T.);
#2185=EDGE_CURVE('',#1751,#1750,#1534,.T.);
#2186=EDGE_CURVE('',#1752,#1751,#678,.T.);
#2187=EDGE_CURVE('',#1753,#1752,#1535,.T.);
#2188=EDGE_CURVE('',#1754,#1753,#679,.T.);
#2189=EDGE_CURVE('',#1755,#1754,#1536,.T.);
#2190=EDGE_CURVE('',#1756,#1755,#680,.T.);
#2191=EDGE_CURVE('',#1757,#1756,#1537,.T.);
#2192=EDGE_CURVE('',#1758,#1757,#681,.T.);
#2193=EDGE_CURVE('',#1759,#1758,#1538,.T.);
#2194=EDGE_CURVE('',#1760,#1759,#682,.T.);
#2195=EDGE_CURVE('',#1761,#1760,#1539,.T.);
#2196=EDGE_CURVE('',#1762,#1761,#683,.T.);
#2197=EDGE_CURVE('',#1763,#1762,#1540,.T.);
#2198=EDGE_CURVE('',#1764,#1763,#684,.T.);
#2199=EDGE_CURVE('',#1765,#1764,#1541,.T.);
#2200=EDGE_CURVE('',#1766,#1765,#685,.T.);
#2201=EDGE_CURVE('',#1767,#1766,#1542,.T.);
#2202=EDGE_CURVE('',#1768,#1767,#686,.T.);
#2203=EDGE_CURVE('',#1694,#1768,#1543,.T.);
#2204=EDGE_CURVE('',#1769,#1769,#1544,.T.);
#2205=EDGE_CURVE('',#1769,#1695,#687,.T.);
#2206=EDGE_CURVE('',#1770,#1693,#688,.T.);
#2207=EDGE_CURVE('',#1771,#1770,#1545,.T.);
#2208=EDGE_CURVE('',#1771,#1696,#689,.T.);
#2209=EDGE_CURVE('',#1692,#1771,#690,.T.);
#2210=EDGE_CURVE('',#1770,#1772,#691,.T.);
#2211=EDGE_CURVE('',#1772,#1773,#1546,.T.);
#2212=EDGE_CURVE('',#1773,#1774,#692,.T.);
#2213=EDGE_CURVE('',#1774,#1775,#1547,.T.);
#2214=EDGE_CURVE('',#1775,#1776,#693,.T.);
#2215=EDGE_CURVE('',#1776,#1777,#1548,.T.);
#2216=EDGE_CURVE('',#1777,#1778,#694,.T.);
#2217=EDGE_CURVE('',#1778,#1779,#1549,.T.);
#2218=EDGE_CURVE('',#1779,#1780,#695,.T.);
#2219=EDGE_CURVE('',#1780,#1781,#1550,.T.);
#2220=EDGE_CURVE('',#1781,#1782,#696,.T.);
#2221=EDGE_CURVE('',#1782,#1783,#1551,.T.);
#2222=EDGE_CURVE('',#1783,#1784,#697,.T.);
#2223=EDGE_CURVE('',#1784,#1785,#1552,.T.);
#2224=EDGE_CURVE('',#1785,#1786,#698,.T.);
#2225=EDGE_CURVE('',#1786,#1787,#1553,.T.);
#2226=EDGE_CURVE('',#1787,#1788,#699,.T.);
#2227=EDGE_CURVE('',#1788,#1789,#1554,.T.);
#2228=EDGE_CURVE('',#1789,#1790,#700,.T.);
#2229=EDGE_CURVE('',#1790,#1791,#1555,.T.);
#2230=EDGE_CURVE('',#1791,#1792,#701,.T.);
#2231=EDGE_CURVE('',#1792,#1793,#1556,.T.);
#2232=EDGE_CURVE('',#1793,#1794,#702,.T.);
#2233=EDGE_CURVE('',#1794,#1795,#1557,.T.);
#2234=EDGE_CURVE('',#1795,#1796,#703,.T.);
#2235=EDGE_CURVE('',#1796,#1797,#1558,.T.);
#2236=EDGE_CURVE('',#1797,#1798,#704,.T.);
#2237=EDGE_CURVE('',#1798,#1799,#1559,.T.);
#2238=EDGE_CURVE('',#1799,#1800,#705,.T.);
#2239=EDGE_CURVE('',#1800,#1801,#1560,.T.);
#2240=EDGE_CURVE('',#1801,#1802,#706,.T.);
#2241=EDGE_CURVE('',#1802,#1803,#1561,.T.);
#2242=EDGE_CURVE('',#1803,#1804,#707,.T.);
#2243=EDGE_CURVE('',#1804,#1805,#1562,.T.);
#2244=EDGE_CURVE('',#1805,#1806,#708,.T.);
#2245=EDGE_CURVE('',#1806,#1807,#1563,.T.);
#2246=EDGE_CURVE('',#1807,#1808,#709,.T.);
#2247=EDGE_CURVE('',#1808,#1809,#1564,.T.);
#2248=EDGE_CURVE('',#1809,#1810,#1565,.T.);
#2249=EDGE_CURVE('',#1810,#1811,#710,.T.);
#2250=EDGE_CURVE('',#1811,#1812,#1566,.T.);
#2251=EDGE_CURVE('',#1812,#1813,#711,.T.);
#2252=EDGE_CURVE('',#1813,#1814,#1567,.T.);
#2253=EDGE_CURVE('',#1814,#1815,#712,.T.);
#2254=EDGE_CURVE('',#1815,#1816,#1568,.T.);
#2255=EDGE_CURVE('',#1816,#1817,#713,.T.);
#2256=EDGE_CURVE('',#1817,#1818,#1569,.T.);
#2257=EDGE_CURVE('',#1818,#1819,#714,.T.);
#2258=EDGE_CURVE('',#1819,#1820,#1570,.T.);
#2259=EDGE_CURVE('',#1820,#1821,#715,.T.);
#2260=EDGE_CURVE('',#1821,#1822,#1571,.T.);
#2261=EDGE_CURVE('',#1822,#1823,#716,.T.);
#2262=EDGE_CURVE('',#1823,#1824,#1572,.T.);
#2263=EDGE_CURVE('',#1824,#1825,#717,.T.);
#2264=EDGE_CURVE('',#1825,#1826,#1573,.T.);
#2265=EDGE_CURVE('',#1826,#1827,#718,.T.);
#2266=EDGE_CURVE('',#1827,#1828,#1574,.T.);
#2267=EDGE_CURVE('',#1828,#1829,#719,.T.);
#2268=EDGE_CURVE('',#1829,#1830,#1575,.T.);
#2269=EDGE_CURVE('',#1830,#1831,#720,.T.);
#2270=EDGE_CURVE('',#1831,#1832,#1576,.T.);
#2271=EDGE_CURVE('',#1832,#1833,#721,.T.);
#2272=EDGE_CURVE('',#1833,#1834,#1577,.T.);
#2273=EDGE_CURVE('',#1834,#1835,#722,.T.);
#2274=EDGE_CURVE('',#1835,#1836,#1578,.T.);
#2275=EDGE_CURVE('',#1836,#1837,#723,.T.);
#2276=EDGE_CURVE('',#1837,#1838,#1579,.T.);
#2277=EDGE_CURVE('',#1838,#1839,#724,.T.);
#2278=EDGE_CURVE('',#1839,#1840,#1580,.T.);
#2279=EDGE_CURVE('',#1840,#1841,#725,.T.);
#2280=EDGE_CURVE('',#1841,#1842,#1581,.T.);
#2281=EDGE_CURVE('',#1842,#1843,#726,.T.);
#2282=EDGE_CURVE('',#1843,#1844,#1582,.T.);
#2283=EDGE_CURVE('',#1844,#1845,#727,.T.);
#2284=EDGE_CURVE('',#1845,#1690,#1583,.T.);
#2285=EDGE_CURVE('',#1846,#1847,#1584,.T.);
#2286=EDGE_CURVE('',#1848,#1846,#728,.T.);
#2287=EDGE_CURVE('',#1849,#1848,#1585,.T.);
#2288=EDGE_CURVE('',#1849,#1847,#729,.T.);
#2289=EDGE_CURVE('',#1847,#1850,#730,.T.);
#2290=EDGE_CURVE('',#1851,#1849,#731,.T.);
#2291=EDGE_CURVE('',#1851,#1850,#732,.T.);
#2292=EDGE_CURVE('',#1852,#1853,#733,.T.);
#2293=EDGE_CURVE('',#1854,#1852,#734,.T.);
#2294=EDGE_CURVE('',#1854,#1855,#735,.T.);
#2295=EDGE_CURVE('',#1855,#1853,#736,.T.);
#2296=EDGE_CURVE('',#1853,#1856,#1586,.T.);
#2297=EDGE_CURVE('',#1855,#1857,#1587,.T.);
#2298=EDGE_CURVE('',#1857,#1856,#737,.T.);
#2299=EDGE_CURVE('',#1850,#1858,#1588,.T.);
#2300=EDGE_CURVE('',#1859,#1851,#1589,.T.);
#2301=EDGE_CURVE('',#1859,#1858,#738,.T.);
#2302=EDGE_CURVE('',#1858,#1846,#739,.T.);
#2303=EDGE_CURVE('',#1848,#1859,#740,.T.);
#2304=EDGE_CURVE('',#1856,#1860,#741,.T.);
#2305=EDGE_CURVE('',#1857,#1861,#742,.T.);
#2306=EDGE_CURVE('',#1861,#1860,#743,.T.);
#2307=EDGE_CURVE('',#1860,#1852,#1590,.T.);
#2308=EDGE_CURVE('',#1861,#1854,#1591,.T.);
#2309=EDGE_CURVE('',#1862,#1863,#1592,.T.);
#2310=EDGE_CURVE('',#1864,#1862,#744,.T.);
#2311=EDGE_CURVE('',#1865,#1864,#1593,.T.);
#2312=EDGE_CURVE('',#1865,#1863,#745,.T.);
#2313=EDGE_CURVE('',#1863,#1866,#746,.T.);
#2314=EDGE_CURVE('',#1867,#1865,#747,.T.);
#2315=EDGE_CURVE('',#1867,#1866,#748,.T.);
#2316=EDGE_CURVE('',#1868,#1869,#749,.T.);
#2317=EDGE_CURVE('',#1870,#1868,#750,.T.);
#2318=EDGE_CURVE('',#1870,#1871,#751,.T.);
#2319=EDGE_CURVE('',#1871,#1869,#752,.T.);
#2320=EDGE_CURVE('',#1869,#1872,#1594,.T.);
#2321=EDGE_CURVE('',#1871,#1873,#1595,.T.);
#2322=EDGE_CURVE('',#1873,#1872,#753,.T.);
#2323=EDGE_CURVE('',#1866,#1874,#1596,.T.);
#2324=EDGE_CURVE('',#1875,#1867,#1597,.T.);
#2325=EDGE_CURVE('',#1875,#1874,#754,.T.);
#2326=EDGE_CURVE('',#1874,#1862,#755,.T.);
#2327=EDGE_CURVE('',#1864,#1875,#756,.T.);
#2328=EDGE_CURVE('',#1872,#1876,#757,.T.);
#2329=EDGE_CURVE('',#1873,#1877,#758,.T.);
#2330=EDGE_CURVE('',#1877,#1876,#759,.T.);
#2331=EDGE_CURVE('',#1876,#1868,#1598,.T.);
#2332=EDGE_CURVE('',#1877,#1870,#1599,.T.);
#2333=EDGE_CURVE('',#1878,#1879,#760,.T.);
#2334=EDGE_CURVE('',#1879,#1880,#761,.T.);
#2335=EDGE_CURVE('',#1880,#1881,#762,.T.);
#2336=EDGE_CURVE('',#1881,#1878,#763,.T.);
#2337=EDGE_CURVE('',#1882,#1882,#1600,.T.);
#2338=EDGE_CURVE('',#1883,#1884,#764,.T.);
#2339=EDGE_CURVE('',#1884,#1885,#765,.T.);
#2340=EDGE_CURVE('',#1885,#1886,#766,.T.);
#2341=EDGE_CURVE('',#1886,#1883,#767,.T.);
#2342=EDGE_CURVE('',#1887,#1887,#1601,.T.);
#2343=EDGE_CURVE('',#1888,#1888,#1602,.T.);
#2344=EDGE_CURVE('',#1888,#1809,#768,.T.);
#2345=EDGE_CURVE('',#1808,#1733,#769,.T.);
#2346=EDGE_CURVE('',#1810,#1732,#770,.T.);
#2347=EDGE_CURVE('',#1811,#1731,#771,.T.);
#2348=EDGE_CURVE('',#1889,#1890,#772,.T.);
#2349=EDGE_CURVE('',#1891,#1889,#773,.F.);
#2350=EDGE_CURVE('',#1891,#1892,#774,.T.);
#2351=EDGE_CURVE('',#1890,#1892,#775,.F.);
#2352=EDGE_CURVE('',#1893,#1878,#776,.F.);
#2353=EDGE_CURVE('',#1893,#1894,#777,.T.);
#2354=EDGE_CURVE('',#1879,#1894,#778,.F.);
#2355=EDGE_CURVE('',#1892,#1893,#779,.F.);
#2356=EDGE_CURVE('',#1894,#1891,#780,.F.);
#2357=EDGE_CURVE('',#1890,#1895,#781,.T.);
#2358=EDGE_CURVE('',#1895,#1896,#782,.T.);
#2359=EDGE_CURVE('',#1896,#1889,#783,.T.);
#2360=EDGE_CURVE('',#1897,#1898,#784,.T.);
#2361=EDGE_CURVE('',#1899,#1897,#785,.F.);
#2362=EDGE_CURVE('',#1899,#1900,#786,.T.);
#2363=EDGE_CURVE('',#1898,#1900,#787,.F.);
#2364=EDGE_CURVE('',#1901,#1895,#788,.F.);
#2365=EDGE_CURVE('',#1901,#1902,#789,.T.);
#2366=EDGE_CURVE('',#1896,#1902,#790,.F.);
#2367=EDGE_CURVE('',#1900,#1901,#791,.F.);
#2368=EDGE_CURVE('',#1902,#1899,#792,.F.);
#2369=EDGE_CURVE('',#1898,#1903,#793,.T.);
#2370=EDGE_CURVE('',#1903,#1904,#794,.T.);
#2371=EDGE_CURVE('',#1904,#1897,#795,.T.);
#2372=EDGE_CURVE('',#1905,#1906,#796,.T.);
#2373=EDGE_CURVE('',#1907,#1905,#797,.F.);
#2374=EDGE_CURVE('',#1907,#1908,#798,.T.);
#2375=EDGE_CURVE('',#1906,#1908,#799,.F.);
#2376=EDGE_CURVE('',#1909,#1903,#800,.F.);
#2377=EDGE_CURVE('',#1909,#1910,#801,.T.);
#2378=EDGE_CURVE('',#1904,#1910,#802,.F.);
#2379=EDGE_CURVE('',#1908,#1909,#803,.F.);
#2380=EDGE_CURVE('',#1910,#1907,#804,.F.);
#2381=EDGE_CURVE('',#1906,#1911,#805,.T.);
#2382=EDGE_CURVE('',#1911,#1912,#806,.T.);
#2383=EDGE_CURVE('',#1912,#1905,#807,.T.);
#2384=EDGE_CURVE('',#1913,#1914,#808,.T.);
#2385=EDGE_CURVE('',#1915,#1913,#809,.F.);
#2386=EDGE_CURVE('',#1915,#1916,#810,.T.);
#2387=EDGE_CURVE('',#1914,#1916,#811,.F.);
#2388=EDGE_CURVE('',#1917,#1911,#812,.F.);
#2389=EDGE_CURVE('',#1917,#1918,#813,.T.);
#2390=EDGE_CURVE('',#1912,#1918,#814,.F.);
#2391=EDGE_CURVE('',#1916,#1917,#815,.F.);
#2392=EDGE_CURVE('',#1918,#1915,#816,.F.);
#2393=EDGE_CURVE('',#1914,#1919,#817,.T.);
#2394=EDGE_CURVE('',#1919,#1920,#818,.T.);
#2395=EDGE_CURVE('',#1920,#1913,#819,.T.);
#2396=EDGE_CURVE('',#1921,#1922,#820,.T.);
#2397=EDGE_CURVE('',#1923,#1921,#821,.F.);
#2398=EDGE_CURVE('',#1923,#1924,#822,.T.);
#2399=EDGE_CURVE('',#1922,#1924,#823,.F.);
#2400=EDGE_CURVE('',#1925,#1919,#824,.F.);
#2401=EDGE_CURVE('',#1925,#1926,#825,.T.);
#2402=EDGE_CURVE('',#1920,#1926,#826,.F.);
#2403=EDGE_CURVE('',#1924,#1925,#827,.F.);
#2404=EDGE_CURVE('',#1926,#1923,#828,.F.);
#2405=EDGE_CURVE('',#1922,#1927,#829,.T.);
#2406=EDGE_CURVE('',#1927,#1928,#830,.T.);
#2407=EDGE_CURVE('',#1928,#1921,#831,.T.);
#2408=EDGE_CURVE('',#1929,#1930,#832,.T.);
#2409=EDGE_CURVE('',#1931,#1929,#833,.F.);
#2410=EDGE_CURVE('',#1931,#1932,#834,.T.);
#2411=EDGE_CURVE('',#1930,#1932,#835,.F.);
#2412=EDGE_CURVE('',#1933,#1927,#836,.F.);
#2413=EDGE_CURVE('',#1933,#1934,#837,.T.);
#2414=EDGE_CURVE('',#1928,#1934,#838,.F.);
#2415=EDGE_CURVE('',#1932,#1933,#839,.F.);
#2416=EDGE_CURVE('',#1934,#1931,#840,.F.);
#2417=EDGE_CURVE('',#1930,#1935,#841,.T.);
#2418=EDGE_CURVE('',#1935,#1936,#842,.T.);
#2419=EDGE_CURVE('',#1936,#1929,#843,.T.);
#2420=EDGE_CURVE('',#1937,#1938,#844,.T.);
#2421=EDGE_CURVE('',#1939,#1937,#845,.F.);
#2422=EDGE_CURVE('',#1939,#1940,#846,.T.);
#2423=EDGE_CURVE('',#1938,#1940,#847,.F.);
#2424=EDGE_CURVE('',#1941,#1935,#848,.F.);
#2425=EDGE_CURVE('',#1941,#1942,#849,.T.);
#2426=EDGE_CURVE('',#1936,#1942,#850,.F.);
#2427=EDGE_CURVE('',#1940,#1941,#851,.F.);
#2428=EDGE_CURVE('',#1942,#1939,#852,.F.);
#2429=EDGE_CURVE('',#1938,#1943,#853,.T.);
#2430=EDGE_CURVE('',#1943,#1944,#854,.T.);
#2431=EDGE_CURVE('',#1944,#1937,#855,.T.);
#2432=EDGE_CURVE('',#1945,#1946,#856,.T.);
#2433=EDGE_CURVE('',#1947,#1945,#857,.F.);
#2434=EDGE_CURVE('',#1947,#1948,#858,.T.);
#2435=EDGE_CURVE('',#1946,#1948,#859,.F.);
#2436=EDGE_CURVE('',#1949,#1943,#860,.F.);
#2437=EDGE_CURVE('',#1949,#1950,#861,.T.);
#2438=EDGE_CURVE('',#1944,#1950,#862,.F.);
#2439=EDGE_CURVE('',#1948,#1949,#863,.F.);
#2440=EDGE_CURVE('',#1950,#1947,#864,.F.);
#2441=EDGE_CURVE('',#1946,#1951,#865,.T.);
#2442=EDGE_CURVE('',#1951,#1952,#866,.T.);
#2443=EDGE_CURVE('',#1952,#1945,#867,.T.);
#2444=EDGE_CURVE('',#1953,#1954,#868,.T.);
#2445=EDGE_CURVE('',#1955,#1953,#869,.F.);
#2446=EDGE_CURVE('',#1955,#1956,#870,.T.);
#2447=EDGE_CURVE('',#1954,#1956,#871,.F.);
#2448=EDGE_CURVE('',#1957,#1951,#872,.F.);
#2449=EDGE_CURVE('',#1957,#1958,#873,.T.);
#2450=EDGE_CURVE('',#1952,#1958,#874,.F.);
#2451=EDGE_CURVE('',#1956,#1957,#875,.F.);
#2452=EDGE_CURVE('',#1958,#1955,#876,.F.);
#2453=EDGE_CURVE('',#1954,#1959,#877,.T.);
#2454=EDGE_CURVE('',#1959,#1960,#878,.T.);
#2455=EDGE_CURVE('',#1960,#1953,#879,.T.);
#2456=EDGE_CURVE('',#1961,#1962,#880,.T.);
#2457=EDGE_CURVE('',#1963,#1961,#881,.F.);
#2458=EDGE_CURVE('',#1963,#1964,#882,.T.);
#2459=EDGE_CURVE('',#1962,#1964,#883,.F.);
#2460=EDGE_CURVE('',#1965,#1959,#884,.F.);
#2461=EDGE_CURVE('',#1965,#1966,#885,.T.);
#2462=EDGE_CURVE('',#1960,#1966,#886,.F.);
#2463=EDGE_CURVE('',#1964,#1965,#887,.F.);
#2464=EDGE_CURVE('',#1966,#1963,#888,.F.);
#2465=EDGE_CURVE('',#1962,#1967,#889,.T.);
#2466=EDGE_CURVE('',#1967,#1968,#890,.T.);
#2467=EDGE_CURVE('',#1968,#1961,#891,.T.);
#2468=EDGE_CURVE('',#1969,#1970,#892,.T.);
#2469=EDGE_CURVE('',#1971,#1969,#893,.F.);
#2470=EDGE_CURVE('',#1971,#1972,#894,.T.);
#2471=EDGE_CURVE('',#1970,#1972,#895,.F.);
#2472=EDGE_CURVE('',#1973,#1967,#896,.F.);
#2473=EDGE_CURVE('',#1973,#1974,#897,.T.);
#2474=EDGE_CURVE('',#1968,#1974,#898,.F.);
#2475=EDGE_CURVE('',#1972,#1973,#899,.F.);
#2476=EDGE_CURVE('',#1974,#1971,#900,.F.);
#2477=EDGE_CURVE('',#1970,#1975,#901,.T.);
#2478=EDGE_CURVE('',#1975,#1976,#902,.T.);
#2479=EDGE_CURVE('',#1976,#1969,#903,.T.);
#2480=EDGE_CURVE('',#1977,#1978,#904,.T.);
#2481=EDGE_CURVE('',#1979,#1977,#905,.F.);
#2482=EDGE_CURVE('',#1979,#1980,#906,.T.);
#2483=EDGE_CURVE('',#1978,#1980,#907,.F.);
#2484=EDGE_CURVE('',#1981,#1975,#908,.F.);
#2485=EDGE_CURVE('',#1981,#1982,#909,.T.);
#2486=EDGE_CURVE('',#1976,#1982,#910,.F.);
#2487=EDGE_CURVE('',#1980,#1981,#911,.F.);
#2488=EDGE_CURVE('',#1982,#1979,#912,.F.);
#2489=EDGE_CURVE('',#1978,#1983,#913,.T.);
#2490=EDGE_CURVE('',#1983,#1984,#914,.T.);
#2491=EDGE_CURVE('',#1984,#1977,#915,.T.);
#2492=EDGE_CURVE('',#1985,#1986,#916,.T.);
#2493=EDGE_CURVE('',#1987,#1985,#917,.F.);
#2494=EDGE_CURVE('',#1987,#1988,#918,.T.);
#2495=EDGE_CURVE('',#1986,#1988,#919,.F.);
#2496=EDGE_CURVE('',#1989,#1983,#920,.F.);
#2497=EDGE_CURVE('',#1989,#1990,#921,.T.);
#2498=EDGE_CURVE('',#1984,#1990,#922,.F.);
#2499=EDGE_CURVE('',#1988,#1989,#923,.F.);
#2500=EDGE_CURVE('',#1990,#1987,#924,.F.);
#2501=EDGE_CURVE('',#1986,#1991,#925,.T.);
#2502=EDGE_CURVE('',#1991,#1992,#926,.T.);
#2503=EDGE_CURVE('',#1992,#1985,#927,.T.);
#2504=EDGE_CURVE('',#1993,#1883,#928,.F.);
#2505=EDGE_CURVE('',#1993,#1994,#929,.T.);
#2506=EDGE_CURVE('',#1884,#1994,#930,.F.);
#2507=EDGE_CURVE('',#1995,#1991,#931,.F.);
#2508=EDGE_CURVE('',#1995,#1996,#932,.T.);
#2509=EDGE_CURVE('',#1992,#1996,#933,.F.);
#2510=EDGE_CURVE('',#1994,#1995,#934,.F.);
#2511=EDGE_CURVE('',#1996,#1993,#935,.F.);
#2512=EDGE_CURVE('',#1694,#1772,#936,.T.);
#2513=EDGE_CURVE('',#1734,#1807,#937,.T.);
#2514=EDGE_CURVE('',#1812,#1730,#938,.T.);
#2515=EDGE_CURVE('',#1735,#1806,#939,.T.);
#2516=EDGE_CURVE('',#1813,#1729,#940,.T.);
#2517=EDGE_CURVE('',#1736,#1805,#941,.T.);
#2518=EDGE_CURVE('',#1814,#1728,#942,.T.);
#2519=EDGE_CURVE('',#1737,#1804,#943,.T.);
#2520=EDGE_CURVE('',#1815,#1727,#944,.T.);
#2521=EDGE_CURVE('',#1738,#1803,#945,.T.);
#2522=EDGE_CURVE('',#1816,#1726,#946,.T.);
#2523=EDGE_CURVE('',#1739,#1802,#947,.T.);
#2524=EDGE_CURVE('',#1817,#1725,#948,.T.);
#2525=EDGE_CURVE('',#1740,#1801,#949,.T.);
#2526=EDGE_CURVE('',#1818,#1724,#950,.T.);
#2527=EDGE_CURVE('',#1741,#1800,#951,.T.);
#2528=EDGE_CURVE('',#1819,#1723,#952,.T.);
#2529=EDGE_CURVE('',#1742,#1799,#953,.T.);
#2530=EDGE_CURVE('',#1820,#1722,#954,.T.);
#2531=EDGE_CURVE('',#1743,#1798,#955,.T.);
#2532=EDGE_CURVE('',#1821,#1721,#956,.T.);
#2533=EDGE_CURVE('',#1744,#1797,#957,.T.);
#2534=EDGE_CURVE('',#1822,#1720,#958,.T.);
#2535=EDGE_CURVE('',#1745,#1796,#959,.T.);
#2536=EDGE_CURVE('',#1823,#1719,#960,.T.);
#2537=EDGE_CURVE('',#1746,#1795,#961,.T.);
#2538=EDGE_CURVE('',#1824,#1718,#962,.T.);
#2539=EDGE_CURVE('',#1747,#1794,#963,.T.);
#2540=EDGE_CURVE('',#1825,#1717,#964,.T.);
#2541=EDGE_CURVE('',#1748,#1793,#965,.T.);
#2542=EDGE_CURVE('',#1826,#1716,#966,.T.);
#2543=EDGE_CURVE('',#1749,#1792,#967,.T.);
#2544=EDGE_CURVE('',#1827,#1715,#968,.T.);
#2545=EDGE_CURVE('',#1750,#1791,#969,.T.);
#2546=EDGE_CURVE('',#1828,#1714,#970,.T.);
#2547=EDGE_CURVE('',#1751,#1790,#971,.T.);
#2548=EDGE_CURVE('',#1829,#1713,#972,.T.);
#2549=EDGE_CURVE('',#1752,#1789,#973,.T.);
#2550=EDGE_CURVE('',#1830,#1712,#974,.T.);
#2551=EDGE_CURVE('',#1753,#1788,#975,.T.);
#2552=EDGE_CURVE('',#1831,#1711,#976,.T.);
#2553=EDGE_CURVE('',#1754,#1787,#977,.T.);
#2554=EDGE_CURVE('',#1832,#1710,#978,.T.);
#2555=EDGE_CURVE('',#1755,#1786,#979,.T.);
#2556=EDGE_CURVE('',#1833,#1709,#980,.T.);
#2557=EDGE_CURVE('',#1756,#1785,#981,.T.);
#2558=EDGE_CURVE('',#1834,#1708,#982,.T.);
#2559=EDGE_CURVE('',#1757,#1784,#983,.T.);
#2560=EDGE_CURVE('',#1835,#1707,#984,.T.);
#2561=EDGE_CURVE('',#1758,#1783,#985,.T.);
#2562=EDGE_CURVE('',#1836,#1706,#986,.T.);
#2563=EDGE_CURVE('',#1759,#1782,#987,.T.);
#2564=EDGE_CURVE('',#1837,#1705,#988,.T.);
#2565=EDGE_CURVE('',#1760,#1781,#989,.T.);
#2566=EDGE_CURVE('',#1838,#1704,#990,.T.);
#2567=EDGE_CURVE('',#1761,#1780,#991,.T.);
#2568=EDGE_CURVE('',#1839,#1703,#992,.T.);
#2569=EDGE_CURVE('',#1762,#1779,#993,.T.);
#2570=EDGE_CURVE('',#1840,#1702,#994,.T.);
#2571=EDGE_CURVE('',#1763,#1778,#995,.T.);
#2572=EDGE_CURVE('',#1841,#1701,#996,.T.);
#2573=EDGE_CURVE('',#1764,#1777,#997,.T.);
#2574=EDGE_CURVE('',#1842,#1700,#998,.T.);
#2575=EDGE_CURVE('',#1765,#1776,#999,.T.);
#2576=EDGE_CURVE('',#1843,#1699,#1000,.T.);
#2577=EDGE_CURVE('',#1766,#1775,#1001,.T.);
#2578=EDGE_CURVE('',#1844,#1698,#1002,.T.);
#2579=EDGE_CURVE('',#1767,#1774,#1003,.T.);
#2580=EDGE_CURVE('',#1845,#1697,#1004,.T.);
#2581=EDGE_CURVE('',#1768,#1773,#1005,.T.);
#2582=EDGE_CURVE('',#1881,#1685,#1006,.T.);
#2583=EDGE_CURVE('',#1885,#1684,#1007,.F.);
#2584=EDGE_CURVE('',#1687,#1882,#1008,.T.);
#2585=EDGE_CURVE('',#1688,#1887,#1009,.T.);
#2586=EDGE_CURVE('',#1886,#1683,#1010,.T.);
#2587=EDGE_CURVE('',#1880,#1686,#1011,.F.);
#2588=ORIENTED_EDGE('',*,*,#1997,.F.);
#2589=ORIENTED_EDGE('',*,*,#1998,.F.);
#2590=ORIENTED_EDGE('',*,*,#1999,.F.);
#2591=ORIENTED_EDGE('',*,*,#2000,.T.);
#2592=ORIENTED_EDGE('',*,*,#2001,.F.);
#2593=ORIENTED_EDGE('',*,*,#2000,.F.);
#2594=ORIENTED_EDGE('',*,*,#2002,.F.);
#2595=ORIENTED_EDGE('',*,*,#2003,.T.);
#2596=ORIENTED_EDGE('',*,*,#2004,.F.);
#2597=ORIENTED_EDGE('',*,*,#2003,.F.);
#2598=ORIENTED_EDGE('',*,*,#2005,.F.);
#2599=ORIENTED_EDGE('',*,*,#2006,.T.);
#2600=ORIENTED_EDGE('',*,*,#2007,.F.);
#2601=ORIENTED_EDGE('',*,*,#2006,.F.);
#2602=ORIENTED_EDGE('',*,*,#2008,.F.);
#2603=ORIENTED_EDGE('',*,*,#2009,.T.);
#2604=ORIENTED_EDGE('',*,*,#2010,.F.);
#2605=ORIENTED_EDGE('',*,*,#2009,.F.);
#2606=ORIENTED_EDGE('',*,*,#2011,.F.);
#2607=ORIENTED_EDGE('',*,*,#2012,.T.);
#2608=ORIENTED_EDGE('',*,*,#2013,.F.);
#2609=ORIENTED_EDGE('',*,*,#2012,.F.);
#2610=ORIENTED_EDGE('',*,*,#2014,.F.);
#2611=ORIENTED_EDGE('',*,*,#2015,.T.);
#2612=ORIENTED_EDGE('',*,*,#2016,.F.);
#2613=ORIENTED_EDGE('',*,*,#2015,.F.);
#2614=ORIENTED_EDGE('',*,*,#2017,.F.);
#2615=ORIENTED_EDGE('',*,*,#2018,.T.);
#2616=ORIENTED_EDGE('',*,*,#2019,.F.);
#2617=ORIENTED_EDGE('',*,*,#2018,.F.);
#2618=ORIENTED_EDGE('',*,*,#2020,.F.);
#2619=ORIENTED_EDGE('',*,*,#2021,.T.);
#2620=ORIENTED_EDGE('',*,*,#2022,.F.);
#2621=ORIENTED_EDGE('',*,*,#2021,.F.);
#2622=ORIENTED_EDGE('',*,*,#2023,.F.);
#2623=ORIENTED_EDGE('',*,*,#2024,.T.);
#2624=ORIENTED_EDGE('',*,*,#2025,.F.);
#2625=ORIENTED_EDGE('',*,*,#2024,.F.);
#2626=ORIENTED_EDGE('',*,*,#2026,.F.);
#2627=ORIENTED_EDGE('',*,*,#2027,.T.);
#2628=ORIENTED_EDGE('',*,*,#2028,.F.);
#2629=ORIENTED_EDGE('',*,*,#2029,.F.);
#2630=ORIENTED_EDGE('',*,*,#2030,.T.);
#2631=ORIENTED_EDGE('',*,*,#2031,.T.);
#2632=ORIENTED_EDGE('',*,*,#2032,.F.);
#2633=ORIENTED_EDGE('',*,*,#2031,.F.);
#2634=ORIENTED_EDGE('',*,*,#2033,.T.);
#2635=ORIENTED_EDGE('',*,*,#2034,.T.);
#2636=ORIENTED_EDGE('',*,*,#2035,.F.);
#2637=ORIENTED_EDGE('',*,*,#2034,.F.);
#2638=ORIENTED_EDGE('',*,*,#2036,.T.);
#2639=ORIENTED_EDGE('',*,*,#2037,.T.);
#2640=ORIENTED_EDGE('',*,*,#2038,.F.);
#2641=ORIENTED_EDGE('',*,*,#2037,.F.);
#2642=ORIENTED_EDGE('',*,*,#2039,.T.);
#2643=ORIENTED_EDGE('',*,*,#2040,.T.);
#2644=ORIENTED_EDGE('',*,*,#2041,.F.);
#2645=ORIENTED_EDGE('',*,*,#2040,.F.);
#2646=ORIENTED_EDGE('',*,*,#2042,.T.);
#2647=ORIENTED_EDGE('',*,*,#2043,.T.);
#2648=ORIENTED_EDGE('',*,*,#2044,.F.);
#2649=ORIENTED_EDGE('',*,*,#2043,.F.);
#2650=ORIENTED_EDGE('',*,*,#2045,.T.);
#2651=ORIENTED_EDGE('',*,*,#2046,.T.);
#2652=ORIENTED_EDGE('',*,*,#2047,.F.);
#2653=ORIENTED_EDGE('',*,*,#2046,.F.);
#2654=ORIENTED_EDGE('',*,*,#2048,.T.);
#2655=ORIENTED_EDGE('',*,*,#2049,.T.);
#2656=ORIENTED_EDGE('',*,*,#2050,.F.);
#2657=ORIENTED_EDGE('',*,*,#2049,.F.);
#2658=ORIENTED_EDGE('',*,*,#2051,.T.);
#2659=ORIENTED_EDGE('',*,*,#2052,.T.);
#2660=ORIENTED_EDGE('',*,*,#2053,.F.);
#2661=ORIENTED_EDGE('',*,*,#2052,.F.);
#2662=ORIENTED_EDGE('',*,*,#2054,.T.);
#2663=ORIENTED_EDGE('',*,*,#2055,.T.);
#2664=ORIENTED_EDGE('',*,*,#2056,.F.);
#2665=ORIENTED_EDGE('',*,*,#2055,.F.);
#2666=ORIENTED_EDGE('',*,*,#2057,.T.);
#2667=ORIENTED_EDGE('',*,*,#2058,.T.);
#2668=ORIENTED_EDGE('',*,*,#2059,.F.);
#2669=ORIENTED_EDGE('',*,*,#2027,.F.);
#2670=ORIENTED_EDGE('',*,*,#2060,.F.);
#2671=ORIENTED_EDGE('',*,*,#2061,.T.);
#2672=ORIENTED_EDGE('',*,*,#2062,.F.);
#2673=ORIENTED_EDGE('',*,*,#2061,.F.);
#2674=ORIENTED_EDGE('',*,*,#2063,.F.);
#2675=ORIENTED_EDGE('',*,*,#2064,.T.);
#2676=ORIENTED_EDGE('',*,*,#2065,.F.);
#2677=ORIENTED_EDGE('',*,*,#2064,.F.);
#2678=ORIENTED_EDGE('',*,*,#2066,.F.);
#2679=ORIENTED_EDGE('',*,*,#2067,.T.);
#2680=ORIENTED_EDGE('',*,*,#2068,.F.);
#2681=ORIENTED_EDGE('',*,*,#2067,.F.);
#2682=ORIENTED_EDGE('',*,*,#2069,.F.);
#2683=ORIENTED_EDGE('',*,*,#2070,.T.);
#2684=ORIENTED_EDGE('',*,*,#2071,.F.);
#2685=ORIENTED_EDGE('',*,*,#2070,.F.);
#2686=ORIENTED_EDGE('',*,*,#2072,.F.);
#2687=ORIENTED_EDGE('',*,*,#2073,.T.);
#2688=ORIENTED_EDGE('',*,*,#2074,.F.);
#2689=ORIENTED_EDGE('',*,*,#2073,.F.);
#2690=ORIENTED_EDGE('',*,*,#2075,.F.);
#2691=ORIENTED_EDGE('',*,*,#2076,.T.);
#2692=ORIENTED_EDGE('',*,*,#2077,.F.);
#2693=ORIENTED_EDGE('',*,*,#2076,.F.);
#2694=ORIENTED_EDGE('',*,*,#2078,.F.);
#2695=ORIENTED_EDGE('',*,*,#2079,.T.);
#2696=ORIENTED_EDGE('',*,*,#2080,.F.);
#2697=ORIENTED_EDGE('',*,*,#2079,.F.);
#2698=ORIENTED_EDGE('',*,*,#2081,.F.);
#2699=ORIENTED_EDGE('',*,*,#2082,.T.);
#2700=ORIENTED_EDGE('',*,*,#2083,.F.);
#2701=ORIENTED_EDGE('',*,*,#2082,.F.);
#2702=ORIENTED_EDGE('',*,*,#2084,.F.);
#2703=ORIENTED_EDGE('',*,*,#2085,.T.);
#2704=ORIENTED_EDGE('',*,*,#2086,.F.);
#2705=ORIENTED_EDGE('',*,*,#2085,.F.);
#2706=ORIENTED_EDGE('',*,*,#2087,.F.);
#2707=ORIENTED_EDGE('',*,*,#1998,.T.);
#2708=ORIENTED_EDGE('',*,*,#2088,.F.);
#2709=ORIENTED_EDGE('',*,*,#2058,.F.);
#2710=ORIENTED_EDGE('',*,*,#2089,.T.);
#2711=ORIENTED_EDGE('',*,*,#2090,.T.);
#2712=ORIENTED_EDGE('',*,*,#2091,.F.);
#2713=ORIENTED_EDGE('',*,*,#2090,.F.);
#2714=ORIENTED_EDGE('',*,*,#2092,.T.);
#2715=ORIENTED_EDGE('',*,*,#2093,.T.);
#2716=ORIENTED_EDGE('',*,*,#2094,.F.);
#2717=ORIENTED_EDGE('',*,*,#2093,.F.);
#2718=ORIENTED_EDGE('',*,*,#2095,.T.);
#2719=ORIENTED_EDGE('',*,*,#2096,.T.);
#2720=ORIENTED_EDGE('',*,*,#2097,.F.);
#2721=ORIENTED_EDGE('',*,*,#2096,.F.);
#2722=ORIENTED_EDGE('',*,*,#2098,.T.);
#2723=ORIENTED_EDGE('',*,*,#2099,.T.);
#2724=ORIENTED_EDGE('',*,*,#2100,.F.);
#2725=ORIENTED_EDGE('',*,*,#2099,.F.);
#2726=ORIENTED_EDGE('',*,*,#2101,.T.);
#2727=ORIENTED_EDGE('',*,*,#2102,.T.);
#2728=ORIENTED_EDGE('',*,*,#2103,.F.);
#2729=ORIENTED_EDGE('',*,*,#2102,.F.);
#2730=ORIENTED_EDGE('',*,*,#2104,.T.);
#2731=ORIENTED_EDGE('',*,*,#2105,.T.);
#2732=ORIENTED_EDGE('',*,*,#2106,.F.);
#2733=ORIENTED_EDGE('',*,*,#2105,.F.);
#2734=ORIENTED_EDGE('',*,*,#2107,.T.);
#2735=ORIENTED_EDGE('',*,*,#2108,.T.);
#2736=ORIENTED_EDGE('',*,*,#2109,.F.);
#2737=ORIENTED_EDGE('',*,*,#2108,.F.);
#2738=ORIENTED_EDGE('',*,*,#2110,.T.);
#2739=ORIENTED_EDGE('',*,*,#2111,.T.);
#2740=ORIENTED_EDGE('',*,*,#2112,.F.);
#2741=ORIENTED_EDGE('',*,*,#2111,.F.);
#2742=ORIENTED_EDGE('',*,*,#2113,.T.);
#2743=ORIENTED_EDGE('',*,*,#2114,.T.);
#2744=ORIENTED_EDGE('',*,*,#2115,.F.);
#2745=ORIENTED_EDGE('',*,*,#2114,.F.);
#2746=ORIENTED_EDGE('',*,*,#2116,.T.);
#2747=ORIENTED_EDGE('',*,*,#2029,.T.);
#2748=ORIENTED_EDGE('',*,*,#2057,.F.);
#2749=ORIENTED_EDGE('',*,*,#2054,.F.);
#2750=ORIENTED_EDGE('',*,*,#2051,.F.);
#2751=ORIENTED_EDGE('',*,*,#2048,.F.);
#2752=ORIENTED_EDGE('',*,*,#2045,.F.);
#2753=ORIENTED_EDGE('',*,*,#2042,.F.);
#2754=ORIENTED_EDGE('',*,*,#2039,.F.);
#2755=ORIENTED_EDGE('',*,*,#2036,.F.);
#2756=ORIENTED_EDGE('',*,*,#2033,.F.);
#2757=ORIENTED_EDGE('',*,*,#2030,.F.);
#2758=ORIENTED_EDGE('',*,*,#2116,.F.);
#2759=ORIENTED_EDGE('',*,*,#2113,.F.);
#2760=ORIENTED_EDGE('',*,*,#2110,.F.);
#2761=ORIENTED_EDGE('',*,*,#2107,.F.);
#2762=ORIENTED_EDGE('',*,*,#2104,.F.);
#2763=ORIENTED_EDGE('',*,*,#2101,.F.);
#2764=ORIENTED_EDGE('',*,*,#2098,.F.);
#2765=ORIENTED_EDGE('',*,*,#2095,.F.);
#2766=ORIENTED_EDGE('',*,*,#2092,.F.);
#2767=ORIENTED_EDGE('',*,*,#2089,.F.);
#2768=ORIENTED_EDGE('',*,*,#2026,.T.);
#2769=ORIENTED_EDGE('',*,*,#2023,.T.);
#2770=ORIENTED_EDGE('',*,*,#2020,.T.);
#2771=ORIENTED_EDGE('',*,*,#2017,.T.);
#2772=ORIENTED_EDGE('',*,*,#2014,.T.);
#2773=ORIENTED_EDGE('',*,*,#2011,.T.);
#2774=ORIENTED_EDGE('',*,*,#2008,.T.);
#2775=ORIENTED_EDGE('',*,*,#2005,.T.);
#2776=ORIENTED_EDGE('',*,*,#2002,.T.);
#2777=ORIENTED_EDGE('',*,*,#1999,.T.);
#2778=ORIENTED_EDGE('',*,*,#2087,.T.);
#2779=ORIENTED_EDGE('',*,*,#2084,.T.);
#2780=ORIENTED_EDGE('',*,*,#2081,.T.);
#2781=ORIENTED_EDGE('',*,*,#2078,.T.);
#2782=ORIENTED_EDGE('',*,*,#2075,.T.);
#2783=ORIENTED_EDGE('',*,*,#2072,.T.);
#2784=ORIENTED_EDGE('',*,*,#2069,.T.);
#2785=ORIENTED_EDGE('',*,*,#2066,.T.);
#2786=ORIENTED_EDGE('',*,*,#2063,.T.);
#2787=ORIENTED_EDGE('',*,*,#2060,.T.);
#2788=ORIENTED_EDGE('',*,*,#2117,.T.);
#2789=ORIENTED_EDGE('',*,*,#2118,.T.);
#2790=ORIENTED_EDGE('',*,*,#2119,.T.);
#2791=ORIENTED_EDGE('',*,*,#2120,.T.);
#2792=ORIENTED_EDGE('',*,*,#2121,.T.);
#2793=ORIENTED_EDGE('',*,*,#2122,.T.);
#2794=ORIENTED_EDGE('',*,*,#2028,.T.);
#2795=ORIENTED_EDGE('',*,*,#2032,.T.);
#2796=ORIENTED_EDGE('',*,*,#2035,.T.);
#2797=ORIENTED_EDGE('',*,*,#2038,.T.);
#2798=ORIENTED_EDGE('',*,*,#2041,.T.);
#2799=ORIENTED_EDGE('',*,*,#2044,.T.);
#2800=ORIENTED_EDGE('',*,*,#2047,.T.);
#2801=ORIENTED_EDGE('',*,*,#2050,.T.);
#2802=ORIENTED_EDGE('',*,*,#2053,.T.);
#2803=ORIENTED_EDGE('',*,*,#2056,.T.);
#2804=ORIENTED_EDGE('',*,*,#2088,.T.);
#2805=ORIENTED_EDGE('',*,*,#2091,.T.);
#2806=ORIENTED_EDGE('',*,*,#2094,.T.);
#2807=ORIENTED_EDGE('',*,*,#2097,.T.);
#2808=ORIENTED_EDGE('',*,*,#2100,.T.);
#2809=ORIENTED_EDGE('',*,*,#2103,.T.);
#2810=ORIENTED_EDGE('',*,*,#2106,.T.);
#2811=ORIENTED_EDGE('',*,*,#2109,.T.);
#2812=ORIENTED_EDGE('',*,*,#2112,.T.);
#2813=ORIENTED_EDGE('',*,*,#2115,.T.);
#2814=ORIENTED_EDGE('',*,*,#2123,.F.);
#2815=ORIENTED_EDGE('',*,*,#2124,.T.);
#2816=ORIENTED_EDGE('',*,*,#2125,.T.);
#2817=ORIENTED_EDGE('',*,*,#2126,.F.);
#2818=ORIENTED_EDGE('',*,*,#2127,.F.);
#2819=ORIENTED_EDGE('',*,*,#2128,.T.);
#2820=ORIENTED_EDGE('',*,*,#2129,.T.);
#2821=ORIENTED_EDGE('',*,*,#2130,.F.);
#2822=ORIENTED_EDGE('',*,*,#2124,.F.);
#2823=ORIENTED_EDGE('',*,*,#2131,.T.);
#2824=ORIENTED_EDGE('',*,*,#2132,.T.);
#2825=ORIENTED_EDGE('',*,*,#2133,.T.);
#2826=ORIENTED_EDGE('',*,*,#2134,.T.);
#2827=ORIENTED_EDGE('',*,*,#2135,.T.);
#2828=ORIENTED_EDGE('',*,*,#2136,.T.);
#2829=ORIENTED_EDGE('',*,*,#2137,.T.);
#2830=ORIENTED_EDGE('',*,*,#2138,.T.);
#2831=ORIENTED_EDGE('',*,*,#2139,.T.);
#2832=ORIENTED_EDGE('',*,*,#2140,.T.);
#2833=ORIENTED_EDGE('',*,*,#2141,.T.);
#2834=ORIENTED_EDGE('',*,*,#2142,.T.);
#2835=ORIENTED_EDGE('',*,*,#2143,.T.);
#2836=ORIENTED_EDGE('',*,*,#2144,.T.);
#2837=ORIENTED_EDGE('',*,*,#2145,.T.);
#2838=ORIENTED_EDGE('',*,*,#2146,.T.);
#2839=ORIENTED_EDGE('',*,*,#2147,.T.);
#2840=ORIENTED_EDGE('',*,*,#2148,.T.);
#2841=ORIENTED_EDGE('',*,*,#2149,.T.);
#2842=ORIENTED_EDGE('',*,*,#2150,.T.);
#2843=ORIENTED_EDGE('',*,*,#2151,.T.);
#2844=ORIENTED_EDGE('',*,*,#2152,.T.);
#2845=ORIENTED_EDGE('',*,*,#2153,.T.);
#2846=ORIENTED_EDGE('',*,*,#2154,.T.);
#2847=ORIENTED_EDGE('',*,*,#2155,.T.);
#2848=ORIENTED_EDGE('',*,*,#2156,.T.);
#2849=ORIENTED_EDGE('',*,*,#2157,.T.);
#2850=ORIENTED_EDGE('',*,*,#2158,.T.);
#2851=ORIENTED_EDGE('',*,*,#2159,.T.);
#2852=ORIENTED_EDGE('',*,*,#2160,.T.);
#2853=ORIENTED_EDGE('',*,*,#2161,.T.);
#2854=ORIENTED_EDGE('',*,*,#2162,.T.);
#2855=ORIENTED_EDGE('',*,*,#2163,.T.);
#2856=ORIENTED_EDGE('',*,*,#2164,.T.);
#2857=ORIENTED_EDGE('',*,*,#2165,.T.);
#2858=ORIENTED_EDGE('',*,*,#2166,.T.);
#2859=ORIENTED_EDGE('',*,*,#2167,.F.);
#2860=ORIENTED_EDGE('',*,*,#2168,.F.);
#2861=ORIENTED_EDGE('',*,*,#2169,.F.);
#2862=ORIENTED_EDGE('',*,*,#2170,.F.);
#2863=ORIENTED_EDGE('',*,*,#2171,.F.);
#2864=ORIENTED_EDGE('',*,*,#2172,.F.);
#2865=ORIENTED_EDGE('',*,*,#2173,.F.);
#2866=ORIENTED_EDGE('',*,*,#2174,.F.);
#2867=ORIENTED_EDGE('',*,*,#2175,.F.);
#2868=ORIENTED_EDGE('',*,*,#2176,.F.);
#2869=ORIENTED_EDGE('',*,*,#2177,.F.);
#2870=ORIENTED_EDGE('',*,*,#2178,.F.);
#2871=ORIENTED_EDGE('',*,*,#2179,.F.);
#2872=ORIENTED_EDGE('',*,*,#2180,.F.);
#2873=ORIENTED_EDGE('',*,*,#2181,.F.);
#2874=ORIENTED_EDGE('',*,*,#2182,.F.);
#2875=ORIENTED_EDGE('',*,*,#2183,.F.);
#2876=ORIENTED_EDGE('',*,*,#2184,.F.);
#2877=ORIENTED_EDGE('',*,*,#2185,.F.);
#2878=ORIENTED_EDGE('',*,*,#2186,.F.);
#2879=ORIENTED_EDGE('',*,*,#2187,.F.);
#2880=ORIENTED_EDGE('',*,*,#2188,.F.);
#2881=ORIENTED_EDGE('',*,*,#2189,.F.);
#2882=ORIENTED_EDGE('',*,*,#2190,.F.);
#2883=ORIENTED_EDGE('',*,*,#2191,.F.);
#2884=ORIENTED_EDGE('',*,*,#2192,.F.);
#2885=ORIENTED_EDGE('',*,*,#2193,.F.);
#2886=ORIENTED_EDGE('',*,*,#2194,.F.);
#2887=ORIENTED_EDGE('',*,*,#2195,.F.);
#2888=ORIENTED_EDGE('',*,*,#2196,.F.);
#2889=ORIENTED_EDGE('',*,*,#2197,.F.);
#2890=ORIENTED_EDGE('',*,*,#2198,.F.);
#2891=ORIENTED_EDGE('',*,*,#2199,.F.);
#2892=ORIENTED_EDGE('',*,*,#2200,.F.);
#2893=ORIENTED_EDGE('',*,*,#2201,.F.);
#2894=ORIENTED_EDGE('',*,*,#2202,.F.);
#2895=ORIENTED_EDGE('',*,*,#2203,.F.);
#2896=ORIENTED_EDGE('',*,*,#2204,.F.);
#2897=ORIENTED_EDGE('',*,*,#2205,.T.);
#2898=ORIENTED_EDGE('',*,*,#2128,.F.);
#2899=ORIENTED_EDGE('',*,*,#2206,.F.);
#2900=ORIENTED_EDGE('',*,*,#2207,.F.);
#2901=ORIENTED_EDGE('',*,*,#2208,.T.);
#2902=ORIENTED_EDGE('',*,*,#2129,.F.);
#2903=ORIENTED_EDGE('',*,*,#2205,.F.);
#2904=ORIENTED_EDGE('',*,*,#1997,.T.);
#2905=ORIENTED_EDGE('',*,*,#2001,.T.);
#2906=ORIENTED_EDGE('',*,*,#2004,.T.);
#2907=ORIENTED_EDGE('',*,*,#2007,.T.);
#2908=ORIENTED_EDGE('',*,*,#2010,.T.);
#2909=ORIENTED_EDGE('',*,*,#2013,.T.);
#2910=ORIENTED_EDGE('',*,*,#2016,.T.);
#2911=ORIENTED_EDGE('',*,*,#2019,.T.);
#2912=ORIENTED_EDGE('',*,*,#2022,.T.);
#2913=ORIENTED_EDGE('',*,*,#2025,.T.);
#2914=ORIENTED_EDGE('',*,*,#2059,.T.);
#2915=ORIENTED_EDGE('',*,*,#2062,.T.);
#2916=ORIENTED_EDGE('',*,*,#2065,.T.);
#2917=ORIENTED_EDGE('',*,*,#2068,.T.);
#2918=ORIENTED_EDGE('',*,*,#2071,.T.);
#2919=ORIENTED_EDGE('',*,*,#2074,.T.);
#2920=ORIENTED_EDGE('',*,*,#2077,.T.);
#2921=ORIENTED_EDGE('',*,*,#2080,.T.);
#2922=ORIENTED_EDGE('',*,*,#2083,.T.);
#2923=ORIENTED_EDGE('',*,*,#2086,.T.);
#2924=ORIENTED_EDGE('',*,*,#2126,.T.);
#2925=ORIENTED_EDGE('',*,*,#2209,.T.);
#2926=ORIENTED_EDGE('',*,*,#2207,.T.);
#2927=ORIENTED_EDGE('',*,*,#2210,.T.);
#2928=ORIENTED_EDGE('',*,*,#2211,.T.);
#2929=ORIENTED_EDGE('',*,*,#2212,.T.);
#2930=ORIENTED_EDGE('',*,*,#2213,.T.);
#2931=ORIENTED_EDGE('',*,*,#2214,.T.);
#2932=ORIENTED_EDGE('',*,*,#2215,.T.);
#2933=ORIENTED_EDGE('',*,*,#2216,.T.);
#2934=ORIENTED_EDGE('',*,*,#2217,.T.);
#2935=ORIENTED_EDGE('',*,*,#2218,.T.);
#2936=ORIENTED_EDGE('',*,*,#2219,.T.);
#2937=ORIENTED_EDGE('',*,*,#2220,.T.);
#2938=ORIENTED_EDGE('',*,*,#2221,.T.);
#2939=ORIENTED_EDGE('',*,*,#2222,.T.);
#2940=ORIENTED_EDGE('',*,*,#2223,.T.);
#2941=ORIENTED_EDGE('',*,*,#2224,.T.);
#2942=ORIENTED_EDGE('',*,*,#2225,.T.);
#2943=ORIENTED_EDGE('',*,*,#2226,.T.);
#2944=ORIENTED_EDGE('',*,*,#2227,.T.);
#2945=ORIENTED_EDGE('',*,*,#2228,.T.);
#2946=ORIENTED_EDGE('',*,*,#2229,.T.);
#2947=ORIENTED_EDGE('',*,*,#2230,.T.);
#2948=ORIENTED_EDGE('',*,*,#2231,.T.);
#2949=ORIENTED_EDGE('',*,*,#2232,.T.);
#2950=ORIENTED_EDGE('',*,*,#2233,.T.);
#2951=ORIENTED_EDGE('',*,*,#2234,.T.);
#2952=ORIENTED_EDGE('',*,*,#2235,.T.);
#2953=ORIENTED_EDGE('',*,*,#2236,.T.);
#2954=ORIENTED_EDGE('',*,*,#2237,.T.);
#2955=ORIENTED_EDGE('',*,*,#2238,.T.);
#2956=ORIENTED_EDGE('',*,*,#2239,.T.);
#2957=ORIENTED_EDGE('',*,*,#2240,.T.);
#2958=ORIENTED_EDGE('',*,*,#2241,.T.);
#2959=ORIENTED_EDGE('',*,*,#2242,.T.);
#2960=ORIENTED_EDGE('',*,*,#2243,.T.);
#2961=ORIENTED_EDGE('',*,*,#2244,.T.);
#2962=ORIENTED_EDGE('',*,*,#2245,.T.);
#2963=ORIENTED_EDGE('',*,*,#2246,.T.);
#2964=ORIENTED_EDGE('',*,*,#2247,.T.);
#2965=ORIENTED_EDGE('',*,*,#2248,.T.);
#2966=ORIENTED_EDGE('',*,*,#2249,.T.);
#2967=ORIENTED_EDGE('',*,*,#2250,.T.);
#2968=ORIENTED_EDGE('',*,*,#2251,.T.);
#2969=ORIENTED_EDGE('',*,*,#2252,.T.);
#2970=ORIENTED_EDGE('',*,*,#2253,.T.);
#2971=ORIENTED_EDGE('',*,*,#2254,.T.);
#2972=ORIENTED_EDGE('',*,*,#2255,.T.);
#2973=ORIENTED_EDGE('',*,*,#2256,.T.);
#2974=ORIENTED_EDGE('',*,*,#2257,.T.);
#2975=ORIENTED_EDGE('',*,*,#2258,.T.);
#2976=ORIENTED_EDGE('',*,*,#2259,.T.);
#2977=ORIENTED_EDGE('',*,*,#2260,.T.);
#2978=ORIENTED_EDGE('',*,*,#2261,.T.);
#2979=ORIENTED_EDGE('',*,*,#2262,.T.);
#2980=ORIENTED_EDGE('',*,*,#2263,.T.);
#2981=ORIENTED_EDGE('',*,*,#2264,.T.);
#2982=ORIENTED_EDGE('',*,*,#2265,.T.);
#2983=ORIENTED_EDGE('',*,*,#2266,.T.);
#2984=ORIENTED_EDGE('',*,*,#2267,.T.);
#2985=ORIENTED_EDGE('',*,*,#2268,.T.);
#2986=ORIENTED_EDGE('',*,*,#2269,.T.);
#2987=ORIENTED_EDGE('',*,*,#2270,.T.);
#2988=ORIENTED_EDGE('',*,*,#2271,.T.);
#2989=ORIENTED_EDGE('',*,*,#2272,.T.);
#2990=ORIENTED_EDGE('',*,*,#2273,.T.);
#2991=ORIENTED_EDGE('',*,*,#2274,.T.);
#2992=ORIENTED_EDGE('',*,*,#2275,.T.);
#2993=ORIENTED_EDGE('',*,*,#2276,.T.);
#2994=ORIENTED_EDGE('',*,*,#2277,.T.);
#2995=ORIENTED_EDGE('',*,*,#2278,.T.);
#2996=ORIENTED_EDGE('',*,*,#2279,.T.);
#2997=ORIENTED_EDGE('',*,*,#2280,.T.);
#2998=ORIENTED_EDGE('',*,*,#2281,.T.);
#2999=ORIENTED_EDGE('',*,*,#2282,.T.);
#3000=ORIENTED_EDGE('',*,*,#2283,.T.);
#3001=ORIENTED_EDGE('',*,*,#2284,.T.);
#3002=ORIENTED_EDGE('',*,*,#2285,.F.);
#3003=ORIENTED_EDGE('',*,*,#2286,.F.);
#3004=ORIENTED_EDGE('',*,*,#2287,.F.);
#3005=ORIENTED_EDGE('',*,*,#2288,.T.);
#3006=ORIENTED_EDGE('',*,*,#2289,.F.);
#3007=ORIENTED_EDGE('',*,*,#2288,.F.);
#3008=ORIENTED_EDGE('',*,*,#2290,.F.);
#3009=ORIENTED_EDGE('',*,*,#2291,.T.);
#3010=ORIENTED_EDGE('',*,*,#2292,.F.);
#3011=ORIENTED_EDGE('',*,*,#2293,.F.);
#3012=ORIENTED_EDGE('',*,*,#2294,.T.);
#3013=ORIENTED_EDGE('',*,*,#2295,.T.);
#3014=ORIENTED_EDGE('',*,*,#2296,.F.);
#3015=ORIENTED_EDGE('',*,*,#2295,.F.);
#3016=ORIENTED_EDGE('',*,*,#2297,.T.);
#3017=ORIENTED_EDGE('',*,*,#2298,.T.);
#3018=ORIENTED_EDGE('',*,*,#2299,.F.);
#3019=ORIENTED_EDGE('',*,*,#2291,.F.);
#3020=ORIENTED_EDGE('',*,*,#2300,.F.);
#3021=ORIENTED_EDGE('',*,*,#2301,.T.);
#3022=ORIENTED_EDGE('',*,*,#2302,.F.);
#3023=ORIENTED_EDGE('',*,*,#2301,.F.);
#3024=ORIENTED_EDGE('',*,*,#2303,.F.);
#3025=ORIENTED_EDGE('',*,*,#2286,.T.);
#3026=ORIENTED_EDGE('',*,*,#2304,.F.);
#3027=ORIENTED_EDGE('',*,*,#2298,.F.);
#3028=ORIENTED_EDGE('',*,*,#2305,.T.);
#3029=ORIENTED_EDGE('',*,*,#2306,.T.);
#3030=ORIENTED_EDGE('',*,*,#2307,.F.);
#3031=ORIENTED_EDGE('',*,*,#2306,.F.);
#3032=ORIENTED_EDGE('',*,*,#2308,.T.);
#3033=ORIENTED_EDGE('',*,*,#2293,.T.);
#3034=ORIENTED_EDGE('',*,*,#2297,.F.);
#3035=ORIENTED_EDGE('',*,*,#2294,.F.);
#3036=ORIENTED_EDGE('',*,*,#2308,.F.);
#3037=ORIENTED_EDGE('',*,*,#2305,.F.);
#3038=ORIENTED_EDGE('',*,*,#2290,.T.);
#3039=ORIENTED_EDGE('',*,*,#2287,.T.);
#3040=ORIENTED_EDGE('',*,*,#2303,.T.);
#3041=ORIENTED_EDGE('',*,*,#2300,.T.);
#3042=ORIENTED_EDGE('',*,*,#2309,.F.);
#3043=ORIENTED_EDGE('',*,*,#2310,.F.);
#3044=ORIENTED_EDGE('',*,*,#2311,.F.);
#3045=ORIENTED_EDGE('',*,*,#2312,.T.);
#3046=ORIENTED_EDGE('',*,*,#2313,.F.);
#3047=ORIENTED_EDGE('',*,*,#2312,.F.);
#3048=ORIENTED_EDGE('',*,*,#2314,.F.);
#3049=ORIENTED_EDGE('',*,*,#2315,.T.);
#3050=ORIENTED_EDGE('',*,*,#2316,.F.);
#3051=ORIENTED_EDGE('',*,*,#2317,.F.);
#3052=ORIENTED_EDGE('',*,*,#2318,.T.);
#3053=ORIENTED_EDGE('',*,*,#2319,.T.);
#3054=ORIENTED_EDGE('',*,*,#2320,.F.);
#3055=ORIENTED_EDGE('',*,*,#2319,.F.);
#3056=ORIENTED_EDGE('',*,*,#2321,.T.);
#3057=ORIENTED_EDGE('',*,*,#2322,.T.);
#3058=ORIENTED_EDGE('',*,*,#2323,.F.);
#3059=ORIENTED_EDGE('',*,*,#2315,.F.);
#3060=ORIENTED_EDGE('',*,*,#2324,.F.);
#3061=ORIENTED_EDGE('',*,*,#2325,.T.);
#3062=ORIENTED_EDGE('',*,*,#2326,.F.);
#3063=ORIENTED_EDGE('',*,*,#2325,.F.);
#3064=ORIENTED_EDGE('',*,*,#2327,.F.);
#3065=ORIENTED_EDGE('',*,*,#2310,.T.);
#3066=ORIENTED_EDGE('',*,*,#2328,.F.);
#3067=ORIENTED_EDGE('',*,*,#2322,.F.);
#3068=ORIENTED_EDGE('',*,*,#2329,.T.);
#3069=ORIENTED_EDGE('',*,*,#2330,.T.);
#3070=ORIENTED_EDGE('',*,*,#2331,.F.);
#3071=ORIENTED_EDGE('',*,*,#2330,.F.);
#3072=ORIENTED_EDGE('',*,*,#2332,.T.);
#3073=ORIENTED_EDGE('',*,*,#2317,.T.);
#3074=ORIENTED_EDGE('',*,*,#2321,.F.);
#3075=ORIENTED_EDGE('',*,*,#2318,.F.);
#3076=ORIENTED_EDGE('',*,*,#2332,.F.);
#3077=ORIENTED_EDGE('',*,*,#2329,.F.);
#3078=ORIENTED_EDGE('',*,*,#2314,.T.);
#3079=ORIENTED_EDGE('',*,*,#2311,.T.);
#3080=ORIENTED_EDGE('',*,*,#2327,.T.);
#3081=ORIENTED_EDGE('',*,*,#2324,.T.);
#3082=ORIENTED_EDGE('',*,*,#2333,.T.);
#3083=ORIENTED_EDGE('',*,*,#2334,.T.);
#3084=ORIENTED_EDGE('',*,*,#2335,.T.);
#3085=ORIENTED_EDGE('',*,*,#2336,.T.);
#3086=ORIENTED_EDGE('',*,*,#2337,.F.);
#3087=ORIENTED_EDGE('',*,*,#2292,.T.);
#3088=ORIENTED_EDGE('',*,*,#2296,.T.);
#3089=ORIENTED_EDGE('',*,*,#2304,.T.);
#3090=ORIENTED_EDGE('',*,*,#2307,.T.);
#3091=ORIENTED_EDGE('',*,*,#2338,.T.);
#3092=ORIENTED_EDGE('',*,*,#2339,.T.);
#3093=ORIENTED_EDGE('',*,*,#2340,.T.);
#3094=ORIENTED_EDGE('',*,*,#2341,.T.);
#3095=ORIENTED_EDGE('',*,*,#2342,.F.);
#3096=ORIENTED_EDGE('',*,*,#2316,.T.);
#3097=ORIENTED_EDGE('',*,*,#2320,.T.);
#3098=ORIENTED_EDGE('',*,*,#2328,.T.);
#3099=ORIENTED_EDGE('',*,*,#2331,.T.);
#3100=ORIENTED_EDGE('',*,*,#2343,.F.);
#3101=ORIENTED_EDGE('',*,*,#2344,.T.);
#3102=ORIENTED_EDGE('',*,*,#2247,.F.);
#3103=ORIENTED_EDGE('',*,*,#2345,.T.);
#3104=ORIENTED_EDGE('',*,*,#2167,.T.);
#3105=ORIENTED_EDGE('',*,*,#2346,.F.);
#3106=ORIENTED_EDGE('',*,*,#2248,.F.);
#3107=ORIENTED_EDGE('',*,*,#2344,.F.);
#3108=ORIENTED_EDGE('',*,*,#2346,.T.);
#3109=ORIENTED_EDGE('',*,*,#2166,.F.);
#3110=ORIENTED_EDGE('',*,*,#2347,.F.);
#3111=ORIENTED_EDGE('',*,*,#2249,.F.);
#3112=ORIENTED_EDGE('',*,*,#2348,.F.);
#3113=ORIENTED_EDGE('',*,*,#2349,.F.);
#3114=ORIENTED_EDGE('',*,*,#2350,.T.);
#3115=ORIENTED_EDGE('',*,*,#2351,.F.);
#3116=ORIENTED_EDGE('',*,*,#2333,.F.);
#3117=ORIENTED_EDGE('',*,*,#2352,.F.);
#3118=ORIENTED_EDGE('',*,*,#2353,.T.);
#3119=ORIENTED_EDGE('',*,*,#2354,.F.);
#3120=ORIENTED_EDGE('',*,*,#2353,.F.);
#3121=ORIENTED_EDGE('',*,*,#2355,.F.);
#3122=ORIENTED_EDGE('',*,*,#2350,.F.);
#3123=ORIENTED_EDGE('',*,*,#2356,.F.);
#3124=ORIENTED_EDGE('',*,*,#2285,.T.);
#3125=ORIENTED_EDGE('',*,*,#2289,.T.);
#3126=ORIENTED_EDGE('',*,*,#2299,.T.);
#3127=ORIENTED_EDGE('',*,*,#2302,.T.);
#3128=ORIENTED_EDGE('',*,*,#2204,.T.);
#3129=ORIENTED_EDGE('',*,*,#2348,.T.);
#3130=ORIENTED_EDGE('',*,*,#2357,.T.);
#3131=ORIENTED_EDGE('',*,*,#2358,.T.);
#3132=ORIENTED_EDGE('',*,*,#2359,.T.);
#3133=ORIENTED_EDGE('',*,*,#2360,.F.);
#3134=ORIENTED_EDGE('',*,*,#2361,.F.);
#3135=ORIENTED_EDGE('',*,*,#2362,.T.);
#3136=ORIENTED_EDGE('',*,*,#2363,.F.);
#3137=ORIENTED_EDGE('',*,*,#2358,.F.);
#3138=ORIENTED_EDGE('',*,*,#2364,.F.);
#3139=ORIENTED_EDGE('',*,*,#2365,.T.);
#3140=ORIENTED_EDGE('',*,*,#2366,.F.);
#3141=ORIENTED_EDGE('',*,*,#2365,.F.);
#3142=ORIENTED_EDGE('',*,*,#2367,.F.);
#3143=ORIENTED_EDGE('',*,*,#2362,.F.);
#3144=ORIENTED_EDGE('',*,*,#2368,.F.);
#3145=ORIENTED_EDGE('',*,*,#2360,.T.);
#3146=ORIENTED_EDGE('',*,*,#2369,.T.);
#3147=ORIENTED_EDGE('',*,*,#2370,.T.);
#3148=ORIENTED_EDGE('',*,*,#2371,.T.);
#3149=ORIENTED_EDGE('',*,*,#2372,.F.);
#3150=ORIENTED_EDGE('',*,*,#2373,.F.);
#3151=ORIENTED_EDGE('',*,*,#2374,.T.);
#3152=ORIENTED_EDGE('',*,*,#2375,.F.);
#3153=ORIENTED_EDGE('',*,*,#2370,.F.);
#3154=ORIENTED_EDGE('',*,*,#2376,.F.);
#3155=ORIENTED_EDGE('',*,*,#2377,.T.);
#3156=ORIENTED_EDGE('',*,*,#2378,.F.);
#3157=ORIENTED_EDGE('',*,*,#2377,.F.);
#3158=ORIENTED_EDGE('',*,*,#2379,.F.);
#3159=ORIENTED_EDGE('',*,*,#2374,.F.);
#3160=ORIENTED_EDGE('',*,*,#2380,.F.);
#3161=ORIENTED_EDGE('',*,*,#2372,.T.);
#3162=ORIENTED_EDGE('',*,*,#2381,.T.);
#3163=ORIENTED_EDGE('',*,*,#2382,.T.);
#3164=ORIENTED_EDGE('',*,*,#2383,.T.);
#3165=ORIENTED_EDGE('',*,*,#2384,.F.);
#3166=ORIENTED_EDGE('',*,*,#2385,.F.);
#3167=ORIENTED_EDGE('',*,*,#2386,.T.);
#3168=ORIENTED_EDGE('',*,*,#2387,.F.);
#3169=ORIENTED_EDGE('',*,*,#2382,.F.);
#3170=ORIENTED_EDGE('',*,*,#2388,.F.);
#3171=ORIENTED_EDGE('',*,*,#2389,.T.);
#3172=ORIENTED_EDGE('',*,*,#2390,.F.);
#3173=ORIENTED_EDGE('',*,*,#2389,.F.);
#3174=ORIENTED_EDGE('',*,*,#2391,.F.);
#3175=ORIENTED_EDGE('',*,*,#2386,.F.);
#3176=ORIENTED_EDGE('',*,*,#2392,.F.);
#3177=ORIENTED_EDGE('',*,*,#2384,.T.);
#3178=ORIENTED_EDGE('',*,*,#2393,.T.);
#3179=ORIENTED_EDGE('',*,*,#2394,.T.);
#3180=ORIENTED_EDGE('',*,*,#2395,.T.);
#3181=ORIENTED_EDGE('',*,*,#2396,.F.);
#3182=ORIENTED_EDGE('',*,*,#2397,.F.);
#3183=ORIENTED_EDGE('',*,*,#2398,.T.);
#3184=ORIENTED_EDGE('',*,*,#2399,.F.);
#3185=ORIENTED_EDGE('',*,*,#2394,.F.);
#3186=ORIENTED_EDGE('',*,*,#2400,.F.);
#3187=ORIENTED_EDGE('',*,*,#2401,.T.);
#3188=ORIENTED_EDGE('',*,*,#2402,.F.);
#3189=ORIENTED_EDGE('',*,*,#2401,.F.);
#3190=ORIENTED_EDGE('',*,*,#2403,.F.);
#3191=ORIENTED_EDGE('',*,*,#2398,.F.);
#3192=ORIENTED_EDGE('',*,*,#2404,.F.);
#3193=ORIENTED_EDGE('',*,*,#2396,.T.);
#3194=ORIENTED_EDGE('',*,*,#2405,.T.);
#3195=ORIENTED_EDGE('',*,*,#2406,.T.);
#3196=ORIENTED_EDGE('',*,*,#2407,.T.);
#3197=ORIENTED_EDGE('',*,*,#2408,.F.);
#3198=ORIENTED_EDGE('',*,*,#2409,.F.);
#3199=ORIENTED_EDGE('',*,*,#2410,.T.);
#3200=ORIENTED_EDGE('',*,*,#2411,.F.);
#3201=ORIENTED_EDGE('',*,*,#2406,.F.);
#3202=ORIENTED_EDGE('',*,*,#2412,.F.);
#3203=ORIENTED_EDGE('',*,*,#2413,.T.);
#3204=ORIENTED_EDGE('',*,*,#2414,.F.);
#3205=ORIENTED_EDGE('',*,*,#2413,.F.);
#3206=ORIENTED_EDGE('',*,*,#2415,.F.);
#3207=ORIENTED_EDGE('',*,*,#2410,.F.);
#3208=ORIENTED_EDGE('',*,*,#2416,.F.);
#3209=ORIENTED_EDGE('',*,*,#2408,.T.);
#3210=ORIENTED_EDGE('',*,*,#2417,.T.);
#3211=ORIENTED_EDGE('',*,*,#2418,.T.);
#3212=ORIENTED_EDGE('',*,*,#2419,.T.);
#3213=ORIENTED_EDGE('',*,*,#2420,.F.);
#3214=ORIENTED_EDGE('',*,*,#2421,.F.);
#3215=ORIENTED_EDGE('',*,*,#2422,.T.);
#3216=ORIENTED_EDGE('',*,*,#2423,.F.);
#3217=ORIENTED_EDGE('',*,*,#2418,.F.);
#3218=ORIENTED_EDGE('',*,*,#2424,.F.);
#3219=ORIENTED_EDGE('',*,*,#2425,.T.);
#3220=ORIENTED_EDGE('',*,*,#2426,.F.);
#3221=ORIENTED_EDGE('',*,*,#2425,.F.);
#3222=ORIENTED_EDGE('',*,*,#2427,.F.);
#3223=ORIENTED_EDGE('',*,*,#2422,.F.);
#3224=ORIENTED_EDGE('',*,*,#2428,.F.);
#3225=ORIENTED_EDGE('',*,*,#2420,.T.);
#3226=ORIENTED_EDGE('',*,*,#2429,.T.);
#3227=ORIENTED_EDGE('',*,*,#2430,.T.);
#3228=ORIENTED_EDGE('',*,*,#2431,.T.);
#3229=ORIENTED_EDGE('',*,*,#2432,.F.);
#3230=ORIENTED_EDGE('',*,*,#2433,.F.);
#3231=ORIENTED_EDGE('',*,*,#2434,.T.);
#3232=ORIENTED_EDGE('',*,*,#2435,.F.);
#3233=ORIENTED_EDGE('',*,*,#2430,.F.);
#3234=ORIENTED_EDGE('',*,*,#2436,.F.);
#3235=ORIENTED_EDGE('',*,*,#2437,.T.);
#3236=ORIENTED_EDGE('',*,*,#2438,.F.);
#3237=ORIENTED_EDGE('',*,*,#2437,.F.);
#3238=ORIENTED_EDGE('',*,*,#2439,.F.);
#3239=ORIENTED_EDGE('',*,*,#2434,.F.);
#3240=ORIENTED_EDGE('',*,*,#2440,.F.);
#3241=ORIENTED_EDGE('',*,*,#2432,.T.);
#3242=ORIENTED_EDGE('',*,*,#2441,.T.);
#3243=ORIENTED_EDGE('',*,*,#2442,.T.);
#3244=ORIENTED_EDGE('',*,*,#2443,.T.);
#3245=ORIENTED_EDGE('',*,*,#2444,.F.);
#3246=ORIENTED_EDGE('',*,*,#2445,.F.);
#3247=ORIENTED_EDGE('',*,*,#2446,.T.);
#3248=ORIENTED_EDGE('',*,*,#2447,.F.);
#3249=ORIENTED_EDGE('',*,*,#2442,.F.);
#3250=ORIENTED_EDGE('',*,*,#2448,.F.);
#3251=ORIENTED_EDGE('',*,*,#2449,.T.);
#3252=ORIENTED_EDGE('',*,*,#2450,.F.);
#3253=ORIENTED_EDGE('',*,*,#2449,.F.);
#3254=ORIENTED_EDGE('',*,*,#2451,.F.);
#3255=ORIENTED_EDGE('',*,*,#2446,.F.);
#3256=ORIENTED_EDGE('',*,*,#2452,.F.);
#3257=ORIENTED_EDGE('',*,*,#2444,.T.);
#3258=ORIENTED_EDGE('',*,*,#2453,.T.);
#3259=ORIENTED_EDGE('',*,*,#2454,.T.);
#3260=ORIENTED_EDGE('',*,*,#2455,.T.);
#3261=ORIENTED_EDGE('',*,*,#2456,.F.);
#3262=ORIENTED_EDGE('',*,*,#2457,.F.);
#3263=ORIENTED_EDGE('',*,*,#2458,.T.);
#3264=ORIENTED_EDGE('',*,*,#2459,.F.);
#3265=ORIENTED_EDGE('',*,*,#2454,.F.);
#3266=ORIENTED_EDGE('',*,*,#2460,.F.);
#3267=ORIENTED_EDGE('',*,*,#2461,.T.);
#3268=ORIENTED_EDGE('',*,*,#2462,.F.);
#3269=ORIENTED_EDGE('',*,*,#2461,.F.);
#3270=ORIENTED_EDGE('',*,*,#2463,.F.);
#3271=ORIENTED_EDGE('',*,*,#2458,.F.);
#3272=ORIENTED_EDGE('',*,*,#2464,.F.);
#3273=ORIENTED_EDGE('',*,*,#2456,.T.);
#3274=ORIENTED_EDGE('',*,*,#2465,.T.);
#3275=ORIENTED_EDGE('',*,*,#2466,.T.);
#3276=ORIENTED_EDGE('',*,*,#2467,.T.);
#3277=ORIENTED_EDGE('',*,*,#2468,.F.);
#3278=ORIENTED_EDGE('',*,*,#2469,.F.);
#3279=ORIENTED_EDGE('',*,*,#2470,.T.);
#3280=ORIENTED_EDGE('',*,*,#2471,.F.);
#3281=ORIENTED_EDGE('',*,*,#2466,.F.);
#3282=ORIENTED_EDGE('',*,*,#2472,.F.);
#3283=ORIENTED_EDGE('',*,*,#2473,.T.);
#3284=ORIENTED_EDGE('',*,*,#2474,.F.);
#3285=ORIENTED_EDGE('',*,*,#2473,.F.);
#3286=ORIENTED_EDGE('',*,*,#2475,.F.);
#3287=ORIENTED_EDGE('',*,*,#2470,.F.);
#3288=ORIENTED_EDGE('',*,*,#2476,.F.);
#3289=ORIENTED_EDGE('',*,*,#2468,.T.);
#3290=ORIENTED_EDGE('',*,*,#2477,.T.);
#3291=ORIENTED_EDGE('',*,*,#2478,.T.);
#3292=ORIENTED_EDGE('',*,*,#2479,.T.);
#3293=ORIENTED_EDGE('',*,*,#2480,.F.);
#3294=ORIENTED_EDGE('',*,*,#2481,.F.);
#3295=ORIENTED_EDGE('',*,*,#2482,.T.);
#3296=ORIENTED_EDGE('',*,*,#2483,.F.);
#3297=ORIENTED_EDGE('',*,*,#2478,.F.);
#3298=ORIENTED_EDGE('',*,*,#2484,.F.);
#3299=ORIENTED_EDGE('',*,*,#2485,.T.);
#3300=ORIENTED_EDGE('',*,*,#2486,.F.);
#3301=ORIENTED_EDGE('',*,*,#2485,.F.);
#3302=ORIENTED_EDGE('',*,*,#2487,.F.);
#3303=ORIENTED_EDGE('',*,*,#2482,.F.);
#3304=ORIENTED_EDGE('',*,*,#2488,.F.);
#3305=ORIENTED_EDGE('',*,*,#2480,.T.);
#3306=ORIENTED_EDGE('',*,*,#2489,.T.);
#3307=ORIENTED_EDGE('',*,*,#2490,.T.);
#3308=ORIENTED_EDGE('',*,*,#2491,.T.);
#3309=ORIENTED_EDGE('',*,*,#2492,.F.);
#3310=ORIENTED_EDGE('',*,*,#2493,.F.);
#3311=ORIENTED_EDGE('',*,*,#2494,.T.);
#3312=ORIENTED_EDGE('',*,*,#2495,.F.);
#3313=ORIENTED_EDGE('',*,*,#2490,.F.);
#3314=ORIENTED_EDGE('',*,*,#2496,.F.);
#3315=ORIENTED_EDGE('',*,*,#2497,.T.);
#3316=ORIENTED_EDGE('',*,*,#2498,.F.);
#3317=ORIENTED_EDGE('',*,*,#2497,.F.);
#3318=ORIENTED_EDGE('',*,*,#2499,.F.);
#3319=ORIENTED_EDGE('',*,*,#2494,.F.);
#3320=ORIENTED_EDGE('',*,*,#2500,.F.);
#3321=ORIENTED_EDGE('',*,*,#2492,.T.);
#3322=ORIENTED_EDGE('',*,*,#2501,.T.);
#3323=ORIENTED_EDGE('',*,*,#2502,.T.);
#3324=ORIENTED_EDGE('',*,*,#2503,.T.);
#3325=ORIENTED_EDGE('',*,*,#2338,.F.);
#3326=ORIENTED_EDGE('',*,*,#2504,.F.);
#3327=ORIENTED_EDGE('',*,*,#2505,.T.);
#3328=ORIENTED_EDGE('',*,*,#2506,.F.);
#3329=ORIENTED_EDGE('',*,*,#2502,.F.);
#3330=ORIENTED_EDGE('',*,*,#2507,.F.);
#3331=ORIENTED_EDGE('',*,*,#2508,.T.);
#3332=ORIENTED_EDGE('',*,*,#2509,.F.);
#3333=ORIENTED_EDGE('',*,*,#2508,.F.);
#3334=ORIENTED_EDGE('',*,*,#2510,.F.);
#3335=ORIENTED_EDGE('',*,*,#2505,.F.);
#3336=ORIENTED_EDGE('',*,*,#2511,.F.);
#3337=ORIENTED_EDGE('',*,*,#2309,.T.);
#3338=ORIENTED_EDGE('',*,*,#2313,.T.);
#3339=ORIENTED_EDGE('',*,*,#2323,.T.);
#3340=ORIENTED_EDGE('',*,*,#2326,.T.);
#3341=ORIENTED_EDGE('',*,*,#2343,.T.);
#3342=ORIENTED_EDGE('',*,*,#2206,.T.);
#3343=ORIENTED_EDGE('',*,*,#2127,.T.);
#3344=ORIENTED_EDGE('',*,*,#2512,.T.);
#3345=ORIENTED_EDGE('',*,*,#2210,.F.);
#3346=ORIENTED_EDGE('',*,*,#2246,.F.);
#3347=ORIENTED_EDGE('',*,*,#2513,.F.);
#3348=ORIENTED_EDGE('',*,*,#2168,.T.);
#3349=ORIENTED_EDGE('',*,*,#2345,.F.);
#3350=ORIENTED_EDGE('',*,*,#2514,.F.);
#3351=ORIENTED_EDGE('',*,*,#2250,.F.);
#3352=ORIENTED_EDGE('',*,*,#2347,.T.);
#3353=ORIENTED_EDGE('',*,*,#2165,.F.);
#3354=ORIENTED_EDGE('',*,*,#2515,.F.);
#3355=ORIENTED_EDGE('',*,*,#2169,.T.);
#3356=ORIENTED_EDGE('',*,*,#2513,.T.);
#3357=ORIENTED_EDGE('',*,*,#2245,.F.);
#3358=ORIENTED_EDGE('',*,*,#2516,.F.);
#3359=ORIENTED_EDGE('',*,*,#2251,.F.);
#3360=ORIENTED_EDGE('',*,*,#2514,.T.);
#3361=ORIENTED_EDGE('',*,*,#2164,.F.);
#3362=ORIENTED_EDGE('',*,*,#2517,.F.);
#3363=ORIENTED_EDGE('',*,*,#2170,.T.);
#3364=ORIENTED_EDGE('',*,*,#2515,.T.);
#3365=ORIENTED_EDGE('',*,*,#2244,.F.);
#3366=ORIENTED_EDGE('',*,*,#2518,.F.);
#3367=ORIENTED_EDGE('',*,*,#2252,.F.);
#3368=ORIENTED_EDGE('',*,*,#2516,.T.);
#3369=ORIENTED_EDGE('',*,*,#2163,.F.);
#3370=ORIENTED_EDGE('',*,*,#2519,.F.);
#3371=ORIENTED_EDGE('',*,*,#2171,.T.);
#3372=ORIENTED_EDGE('',*,*,#2517,.T.);
#3373=ORIENTED_EDGE('',*,*,#2243,.F.);
#3374=ORIENTED_EDGE('',*,*,#2520,.F.);
#3375=ORIENTED_EDGE('',*,*,#2253,.F.);
#3376=ORIENTED_EDGE('',*,*,#2518,.T.);
#3377=ORIENTED_EDGE('',*,*,#2162,.F.);
#3378=ORIENTED_EDGE('',*,*,#2521,.F.);
#3379=ORIENTED_EDGE('',*,*,#2172,.T.);
#3380=ORIENTED_EDGE('',*,*,#2519,.T.);
#3381=ORIENTED_EDGE('',*,*,#2242,.F.);
#3382=ORIENTED_EDGE('',*,*,#2522,.F.);
#3383=ORIENTED_EDGE('',*,*,#2254,.F.);
#3384=ORIENTED_EDGE('',*,*,#2520,.T.);
#3385=ORIENTED_EDGE('',*,*,#2161,.F.);
#3386=ORIENTED_EDGE('',*,*,#2523,.F.);
#3387=ORIENTED_EDGE('',*,*,#2173,.T.);
#3388=ORIENTED_EDGE('',*,*,#2521,.T.);
#3389=ORIENTED_EDGE('',*,*,#2241,.F.);
#3390=ORIENTED_EDGE('',*,*,#2524,.F.);
#3391=ORIENTED_EDGE('',*,*,#2255,.F.);
#3392=ORIENTED_EDGE('',*,*,#2522,.T.);
#3393=ORIENTED_EDGE('',*,*,#2160,.F.);
#3394=ORIENTED_EDGE('',*,*,#2525,.F.);
#3395=ORIENTED_EDGE('',*,*,#2174,.T.);
#3396=ORIENTED_EDGE('',*,*,#2523,.T.);
#3397=ORIENTED_EDGE('',*,*,#2240,.F.);
#3398=ORIENTED_EDGE('',*,*,#2526,.F.);
#3399=ORIENTED_EDGE('',*,*,#2256,.F.);
#3400=ORIENTED_EDGE('',*,*,#2524,.T.);
#3401=ORIENTED_EDGE('',*,*,#2159,.F.);
#3402=ORIENTED_EDGE('',*,*,#2527,.F.);
#3403=ORIENTED_EDGE('',*,*,#2175,.T.);
#3404=ORIENTED_EDGE('',*,*,#2525,.T.);
#3405=ORIENTED_EDGE('',*,*,#2239,.F.);
#3406=ORIENTED_EDGE('',*,*,#2528,.F.);
#3407=ORIENTED_EDGE('',*,*,#2257,.F.);
#3408=ORIENTED_EDGE('',*,*,#2526,.T.);
#3409=ORIENTED_EDGE('',*,*,#2158,.F.);
#3410=ORIENTED_EDGE('',*,*,#2529,.F.);
#3411=ORIENTED_EDGE('',*,*,#2176,.T.);
#3412=ORIENTED_EDGE('',*,*,#2527,.T.);
#3413=ORIENTED_EDGE('',*,*,#2238,.F.);
#3414=ORIENTED_EDGE('',*,*,#2530,.F.);
#3415=ORIENTED_EDGE('',*,*,#2258,.F.);
#3416=ORIENTED_EDGE('',*,*,#2528,.T.);
#3417=ORIENTED_EDGE('',*,*,#2157,.F.);
#3418=ORIENTED_EDGE('',*,*,#2531,.F.);
#3419=ORIENTED_EDGE('',*,*,#2177,.T.);
#3420=ORIENTED_EDGE('',*,*,#2529,.T.);
#3421=ORIENTED_EDGE('',*,*,#2237,.F.);
#3422=ORIENTED_EDGE('',*,*,#2532,.F.);
#3423=ORIENTED_EDGE('',*,*,#2259,.F.);
#3424=ORIENTED_EDGE('',*,*,#2530,.T.);
#3425=ORIENTED_EDGE('',*,*,#2156,.F.);
#3426=ORIENTED_EDGE('',*,*,#2533,.F.);
#3427=ORIENTED_EDGE('',*,*,#2178,.T.);
#3428=ORIENTED_EDGE('',*,*,#2531,.T.);
#3429=ORIENTED_EDGE('',*,*,#2236,.F.);
#3430=ORIENTED_EDGE('',*,*,#2534,.F.);
#3431=ORIENTED_EDGE('',*,*,#2260,.F.);
#3432=ORIENTED_EDGE('',*,*,#2532,.T.);
#3433=ORIENTED_EDGE('',*,*,#2155,.F.);
#3434=ORIENTED_EDGE('',*,*,#2535,.F.);
#3435=ORIENTED_EDGE('',*,*,#2179,.T.);
#3436=ORIENTED_EDGE('',*,*,#2533,.T.);
#3437=ORIENTED_EDGE('',*,*,#2235,.F.);
#3438=ORIENTED_EDGE('',*,*,#2536,.F.);
#3439=ORIENTED_EDGE('',*,*,#2261,.F.);
#3440=ORIENTED_EDGE('',*,*,#2534,.T.);
#3441=ORIENTED_EDGE('',*,*,#2154,.F.);
#3442=ORIENTED_EDGE('',*,*,#2537,.F.);
#3443=ORIENTED_EDGE('',*,*,#2180,.T.);
#3444=ORIENTED_EDGE('',*,*,#2535,.T.);
#3445=ORIENTED_EDGE('',*,*,#2234,.F.);
#3446=ORIENTED_EDGE('',*,*,#2538,.F.);
#3447=ORIENTED_EDGE('',*,*,#2262,.F.);
#3448=ORIENTED_EDGE('',*,*,#2536,.T.);
#3449=ORIENTED_EDGE('',*,*,#2153,.F.);
#3450=ORIENTED_EDGE('',*,*,#2539,.F.);
#3451=ORIENTED_EDGE('',*,*,#2181,.T.);
#3452=ORIENTED_EDGE('',*,*,#2537,.T.);
#3453=ORIENTED_EDGE('',*,*,#2233,.F.);
#3454=ORIENTED_EDGE('',*,*,#2540,.F.);
#3455=ORIENTED_EDGE('',*,*,#2263,.F.);
#3456=ORIENTED_EDGE('',*,*,#2538,.T.);
#3457=ORIENTED_EDGE('',*,*,#2152,.F.);
#3458=ORIENTED_EDGE('',*,*,#2541,.F.);
#3459=ORIENTED_EDGE('',*,*,#2182,.T.);
#3460=ORIENTED_EDGE('',*,*,#2539,.T.);
#3461=ORIENTED_EDGE('',*,*,#2232,.F.);
#3462=ORIENTED_EDGE('',*,*,#2542,.F.);
#3463=ORIENTED_EDGE('',*,*,#2264,.F.);
#3464=ORIENTED_EDGE('',*,*,#2540,.T.);
#3465=ORIENTED_EDGE('',*,*,#2151,.F.);
#3466=ORIENTED_EDGE('',*,*,#2543,.F.);
#3467=ORIENTED_EDGE('',*,*,#2183,.T.);
#3468=ORIENTED_EDGE('',*,*,#2541,.T.);
#3469=ORIENTED_EDGE('',*,*,#2231,.F.);
#3470=ORIENTED_EDGE('',*,*,#2544,.F.);
#3471=ORIENTED_EDGE('',*,*,#2265,.F.);
#3472=ORIENTED_EDGE('',*,*,#2542,.T.);
#3473=ORIENTED_EDGE('',*,*,#2150,.F.);
#3474=ORIENTED_EDGE('',*,*,#2545,.F.);
#3475=ORIENTED_EDGE('',*,*,#2184,.T.);
#3476=ORIENTED_EDGE('',*,*,#2543,.T.);
#3477=ORIENTED_EDGE('',*,*,#2230,.F.);
#3478=ORIENTED_EDGE('',*,*,#2546,.F.);
#3479=ORIENTED_EDGE('',*,*,#2266,.F.);
#3480=ORIENTED_EDGE('',*,*,#2544,.T.);
#3481=ORIENTED_EDGE('',*,*,#2149,.F.);
#3482=ORIENTED_EDGE('',*,*,#2547,.F.);
#3483=ORIENTED_EDGE('',*,*,#2185,.T.);
#3484=ORIENTED_EDGE('',*,*,#2545,.T.);
#3485=ORIENTED_EDGE('',*,*,#2229,.F.);
#3486=ORIENTED_EDGE('',*,*,#2548,.F.);
#3487=ORIENTED_EDGE('',*,*,#2267,.F.);
#3488=ORIENTED_EDGE('',*,*,#2546,.T.);
#3489=ORIENTED_EDGE('',*,*,#2148,.F.);
#3490=ORIENTED_EDGE('',*,*,#2549,.F.);
#3491=ORIENTED_EDGE('',*,*,#2186,.T.);
#3492=ORIENTED_EDGE('',*,*,#2547,.T.);
#3493=ORIENTED_EDGE('',*,*,#2228,.F.);
#3494=ORIENTED_EDGE('',*,*,#2550,.F.);
#3495=ORIENTED_EDGE('',*,*,#2268,.F.);
#3496=ORIENTED_EDGE('',*,*,#2548,.T.);
#3497=ORIENTED_EDGE('',*,*,#2147,.F.);
#3498=ORIENTED_EDGE('',*,*,#2551,.F.);
#3499=ORIENTED_EDGE('',*,*,#2187,.T.);
#3500=ORIENTED_EDGE('',*,*,#2549,.T.);
#3501=ORIENTED_EDGE('',*,*,#2227,.F.);
#3502=ORIENTED_EDGE('',*,*,#2552,.F.);
#3503=ORIENTED_EDGE('',*,*,#2269,.F.);
#3504=ORIENTED_EDGE('',*,*,#2550,.T.);
#3505=ORIENTED_EDGE('',*,*,#2146,.F.);
#3506=ORIENTED_EDGE('',*,*,#2553,.F.);
#3507=ORIENTED_EDGE('',*,*,#2188,.T.);
#3508=ORIENTED_EDGE('',*,*,#2551,.T.);
#3509=ORIENTED_EDGE('',*,*,#2226,.F.);
#3510=ORIENTED_EDGE('',*,*,#2554,.F.);
#3511=ORIENTED_EDGE('',*,*,#2270,.F.);
#3512=ORIENTED_EDGE('',*,*,#2552,.T.);
#3513=ORIENTED_EDGE('',*,*,#2145,.F.);
#3514=ORIENTED_EDGE('',*,*,#2555,.F.);
#3515=ORIENTED_EDGE('',*,*,#2189,.T.);
#3516=ORIENTED_EDGE('',*,*,#2553,.T.);
#3517=ORIENTED_EDGE('',*,*,#2225,.F.);
#3518=ORIENTED_EDGE('',*,*,#2556,.F.);
#3519=ORIENTED_EDGE('',*,*,#2271,.F.);
#3520=ORIENTED_EDGE('',*,*,#2554,.T.);
#3521=ORIENTED_EDGE('',*,*,#2144,.F.);
#3522=ORIENTED_EDGE('',*,*,#2557,.F.);
#3523=ORIENTED_EDGE('',*,*,#2190,.T.);
#3524=ORIENTED_EDGE('',*,*,#2555,.T.);
#3525=ORIENTED_EDGE('',*,*,#2224,.F.);
#3526=ORIENTED_EDGE('',*,*,#2558,.F.);
#3527=ORIENTED_EDGE('',*,*,#2272,.F.);
#3528=ORIENTED_EDGE('',*,*,#2556,.T.);
#3529=ORIENTED_EDGE('',*,*,#2143,.F.);
#3530=ORIENTED_EDGE('',*,*,#2559,.F.);
#3531=ORIENTED_EDGE('',*,*,#2191,.T.);
#3532=ORIENTED_EDGE('',*,*,#2557,.T.);
#3533=ORIENTED_EDGE('',*,*,#2223,.F.);
#3534=ORIENTED_EDGE('',*,*,#2560,.F.);
#3535=ORIENTED_EDGE('',*,*,#2273,.F.);
#3536=ORIENTED_EDGE('',*,*,#2558,.T.);
#3537=ORIENTED_EDGE('',*,*,#2142,.F.);
#3538=ORIENTED_EDGE('',*,*,#2561,.F.);
#3539=ORIENTED_EDGE('',*,*,#2192,.T.);
#3540=ORIENTED_EDGE('',*,*,#2559,.T.);
#3541=ORIENTED_EDGE('',*,*,#2222,.F.);
#3542=ORIENTED_EDGE('',*,*,#2562,.F.);
#3543=ORIENTED_EDGE('',*,*,#2274,.F.);
#3544=ORIENTED_EDGE('',*,*,#2560,.T.);
#3545=ORIENTED_EDGE('',*,*,#2141,.F.);
#3546=ORIENTED_EDGE('',*,*,#2563,.F.);
#3547=ORIENTED_EDGE('',*,*,#2193,.T.);
#3548=ORIENTED_EDGE('',*,*,#2561,.T.);
#3549=ORIENTED_EDGE('',*,*,#2221,.F.);
#3550=ORIENTED_EDGE('',*,*,#2564,.F.);
#3551=ORIENTED_EDGE('',*,*,#2275,.F.);
#3552=ORIENTED_EDGE('',*,*,#2562,.T.);
#3553=ORIENTED_EDGE('',*,*,#2140,.F.);
#3554=ORIENTED_EDGE('',*,*,#2565,.F.);
#3555=ORIENTED_EDGE('',*,*,#2194,.T.);
#3556=ORIENTED_EDGE('',*,*,#2563,.T.);
#3557=ORIENTED_EDGE('',*,*,#2220,.F.);
#3558=ORIENTED_EDGE('',*,*,#2566,.F.);
#3559=ORIENTED_EDGE('',*,*,#2276,.F.);
#3560=ORIENTED_EDGE('',*,*,#2564,.T.);
#3561=ORIENTED_EDGE('',*,*,#2139,.F.);
#3562=ORIENTED_EDGE('',*,*,#2567,.F.);
#3563=ORIENTED_EDGE('',*,*,#2195,.T.);
#3564=ORIENTED_EDGE('',*,*,#2565,.T.);
#3565=ORIENTED_EDGE('',*,*,#2219,.F.);
#3566=ORIENTED_EDGE('',*,*,#2568,.F.);
#3567=ORIENTED_EDGE('',*,*,#2277,.F.);
#3568=ORIENTED_EDGE('',*,*,#2566,.T.);
#3569=ORIENTED_EDGE('',*,*,#2138,.F.);
#3570=ORIENTED_EDGE('',*,*,#2569,.F.);
#3571=ORIENTED_EDGE('',*,*,#2196,.T.);
#3572=ORIENTED_EDGE('',*,*,#2567,.T.);
#3573=ORIENTED_EDGE('',*,*,#2218,.F.);
#3574=ORIENTED_EDGE('',*,*,#2570,.F.);
#3575=ORIENTED_EDGE('',*,*,#2278,.F.);
#3576=ORIENTED_EDGE('',*,*,#2568,.T.);
#3577=ORIENTED_EDGE('',*,*,#2137,.F.);
#3578=ORIENTED_EDGE('',*,*,#2571,.F.);
#3579=ORIENTED_EDGE('',*,*,#2197,.T.);
#3580=ORIENTED_EDGE('',*,*,#2569,.T.);
#3581=ORIENTED_EDGE('',*,*,#2217,.F.);
#3582=ORIENTED_EDGE('',*,*,#2572,.F.);
#3583=ORIENTED_EDGE('',*,*,#2279,.F.);
#3584=ORIENTED_EDGE('',*,*,#2570,.T.);
#3585=ORIENTED_EDGE('',*,*,#2136,.F.);
#3586=ORIENTED_EDGE('',*,*,#2573,.F.);
#3587=ORIENTED_EDGE('',*,*,#2198,.T.);
#3588=ORIENTED_EDGE('',*,*,#2571,.T.);
#3589=ORIENTED_EDGE('',*,*,#2216,.F.);
#3590=ORIENTED_EDGE('',*,*,#2574,.F.);
#3591=ORIENTED_EDGE('',*,*,#2280,.F.);
#3592=ORIENTED_EDGE('',*,*,#2572,.T.);
#3593=ORIENTED_EDGE('',*,*,#2135,.F.);
#3594=ORIENTED_EDGE('',*,*,#2575,.F.);
#3595=ORIENTED_EDGE('',*,*,#2199,.T.);
#3596=ORIENTED_EDGE('',*,*,#2573,.T.);
#3597=ORIENTED_EDGE('',*,*,#2215,.F.);
#3598=ORIENTED_EDGE('',*,*,#2576,.F.);
#3599=ORIENTED_EDGE('',*,*,#2281,.F.);
#3600=ORIENTED_EDGE('',*,*,#2574,.T.);
#3601=ORIENTED_EDGE('',*,*,#2134,.F.);
#3602=ORIENTED_EDGE('',*,*,#2577,.F.);
#3603=ORIENTED_EDGE('',*,*,#2200,.T.);
#3604=ORIENTED_EDGE('',*,*,#2575,.T.);
#3605=ORIENTED_EDGE('',*,*,#2214,.F.);
#3606=ORIENTED_EDGE('',*,*,#2578,.F.);
#3607=ORIENTED_EDGE('',*,*,#2282,.F.);
#3608=ORIENTED_EDGE('',*,*,#2576,.T.);
#3609=ORIENTED_EDGE('',*,*,#2133,.F.);
#3610=ORIENTED_EDGE('',*,*,#2579,.F.);
#3611=ORIENTED_EDGE('',*,*,#2201,.T.);
#3612=ORIENTED_EDGE('',*,*,#2577,.T.);
#3613=ORIENTED_EDGE('',*,*,#2213,.F.);
#3614=ORIENTED_EDGE('',*,*,#2580,.F.);
#3615=ORIENTED_EDGE('',*,*,#2283,.F.);
#3616=ORIENTED_EDGE('',*,*,#2578,.T.);
#3617=ORIENTED_EDGE('',*,*,#2132,.F.);
#3618=ORIENTED_EDGE('',*,*,#2581,.F.);
#3619=ORIENTED_EDGE('',*,*,#2202,.T.);
#3620=ORIENTED_EDGE('',*,*,#2579,.T.);
#3621=ORIENTED_EDGE('',*,*,#2212,.F.);
#3622=ORIENTED_EDGE('',*,*,#2123,.T.);
#3623=ORIENTED_EDGE('',*,*,#2284,.F.);
#3624=ORIENTED_EDGE('',*,*,#2580,.T.);
#3625=ORIENTED_EDGE('',*,*,#2131,.F.);
#3626=ORIENTED_EDGE('',*,*,#2512,.F.);
#3627=ORIENTED_EDGE('',*,*,#2203,.T.);
#3628=ORIENTED_EDGE('',*,*,#2581,.T.);
#3629=ORIENTED_EDGE('',*,*,#2211,.F.);
#3630=ORIENTED_EDGE('',*,*,#2209,.F.);
#3631=ORIENTED_EDGE('',*,*,#2125,.F.);
#3632=ORIENTED_EDGE('',*,*,#2130,.T.);
#3633=ORIENTED_EDGE('',*,*,#2208,.F.);
#3634=ORIENTED_EDGE('',*,*,#2352,.T.);
#3635=ORIENTED_EDGE('',*,*,#2336,.F.);
#3636=ORIENTED_EDGE('',*,*,#2582,.T.);
#3637=ORIENTED_EDGE('',*,*,#2118,.F.);
#3638=ORIENTED_EDGE('',*,*,#2583,.F.);
#3639=ORIENTED_EDGE('',*,*,#2339,.F.);
#3640=ORIENTED_EDGE('',*,*,#2506,.T.);
#3641=ORIENTED_EDGE('',*,*,#2510,.T.);
#3642=ORIENTED_EDGE('',*,*,#2507,.T.);
#3643=ORIENTED_EDGE('',*,*,#2501,.F.);
#3644=ORIENTED_EDGE('',*,*,#2495,.T.);
#3645=ORIENTED_EDGE('',*,*,#2499,.T.);
#3646=ORIENTED_EDGE('',*,*,#2496,.T.);
#3647=ORIENTED_EDGE('',*,*,#2489,.F.);
#3648=ORIENTED_EDGE('',*,*,#2483,.T.);
#3649=ORIENTED_EDGE('',*,*,#2487,.T.);
#3650=ORIENTED_EDGE('',*,*,#2484,.T.);
#3651=ORIENTED_EDGE('',*,*,#2477,.F.);
#3652=ORIENTED_EDGE('',*,*,#2471,.T.);
#3653=ORIENTED_EDGE('',*,*,#2475,.T.);
#3654=ORIENTED_EDGE('',*,*,#2472,.T.);
#3655=ORIENTED_EDGE('',*,*,#2465,.F.);
#3656=ORIENTED_EDGE('',*,*,#2459,.T.);
#3657=ORIENTED_EDGE('',*,*,#2463,.T.);
#3658=ORIENTED_EDGE('',*,*,#2460,.T.);
#3659=ORIENTED_EDGE('',*,*,#2453,.F.);
#3660=ORIENTED_EDGE('',*,*,#2447,.T.);
#3661=ORIENTED_EDGE('',*,*,#2451,.T.);
#3662=ORIENTED_EDGE('',*,*,#2448,.T.);
#3663=ORIENTED_EDGE('',*,*,#2441,.F.);
#3664=ORIENTED_EDGE('',*,*,#2435,.T.);
#3665=ORIENTED_EDGE('',*,*,#2439,.T.);
#3666=ORIENTED_EDGE('',*,*,#2436,.T.);
#3667=ORIENTED_EDGE('',*,*,#2429,.F.);
#3668=ORIENTED_EDGE('',*,*,#2423,.T.);
#3669=ORIENTED_EDGE('',*,*,#2427,.T.);
#3670=ORIENTED_EDGE('',*,*,#2424,.T.);
#3671=ORIENTED_EDGE('',*,*,#2417,.F.);
#3672=ORIENTED_EDGE('',*,*,#2411,.T.);
#3673=ORIENTED_EDGE('',*,*,#2415,.T.);
#3674=ORIENTED_EDGE('',*,*,#2412,.T.);
#3675=ORIENTED_EDGE('',*,*,#2405,.F.);
#3676=ORIENTED_EDGE('',*,*,#2399,.T.);
#3677=ORIENTED_EDGE('',*,*,#2403,.T.);
#3678=ORIENTED_EDGE('',*,*,#2400,.T.);
#3679=ORIENTED_EDGE('',*,*,#2393,.F.);
#3680=ORIENTED_EDGE('',*,*,#2387,.T.);
#3681=ORIENTED_EDGE('',*,*,#2391,.T.);
#3682=ORIENTED_EDGE('',*,*,#2388,.T.);
#3683=ORIENTED_EDGE('',*,*,#2381,.F.);
#3684=ORIENTED_EDGE('',*,*,#2375,.T.);
#3685=ORIENTED_EDGE('',*,*,#2379,.T.);
#3686=ORIENTED_EDGE('',*,*,#2376,.T.);
#3687=ORIENTED_EDGE('',*,*,#2369,.F.);
#3688=ORIENTED_EDGE('',*,*,#2363,.T.);
#3689=ORIENTED_EDGE('',*,*,#2367,.T.);
#3690=ORIENTED_EDGE('',*,*,#2364,.T.);
#3691=ORIENTED_EDGE('',*,*,#2357,.F.);
#3692=ORIENTED_EDGE('',*,*,#2351,.T.);
#3693=ORIENTED_EDGE('',*,*,#2355,.T.);
#3694=ORIENTED_EDGE('',*,*,#2121,.F.);
#3695=ORIENTED_EDGE('',*,*,#2584,.T.);
#3696=ORIENTED_EDGE('',*,*,#2337,.T.);
#3697=ORIENTED_EDGE('',*,*,#2584,.F.);
#3698=ORIENTED_EDGE('',*,*,#2122,.F.);
#3699=ORIENTED_EDGE('',*,*,#2585,.T.);
#3700=ORIENTED_EDGE('',*,*,#2342,.T.);
#3701=ORIENTED_EDGE('',*,*,#2585,.F.);
#3702=ORIENTED_EDGE('',*,*,#2349,.T.);
#3703=ORIENTED_EDGE('',*,*,#2359,.F.);
#3704=ORIENTED_EDGE('',*,*,#2366,.T.);
#3705=ORIENTED_EDGE('',*,*,#2368,.T.);
#3706=ORIENTED_EDGE('',*,*,#2361,.T.);
#3707=ORIENTED_EDGE('',*,*,#2371,.F.);
#3708=ORIENTED_EDGE('',*,*,#2378,.T.);
#3709=ORIENTED_EDGE('',*,*,#2380,.T.);
#3710=ORIENTED_EDGE('',*,*,#2373,.T.);
#3711=ORIENTED_EDGE('',*,*,#2383,.F.);
#3712=ORIENTED_EDGE('',*,*,#2390,.T.);
#3713=ORIENTED_EDGE('',*,*,#2392,.T.);
#3714=ORIENTED_EDGE('',*,*,#2385,.T.);
#3715=ORIENTED_EDGE('',*,*,#2395,.F.);
#3716=ORIENTED_EDGE('',*,*,#2402,.T.);
#3717=ORIENTED_EDGE('',*,*,#2404,.T.);
#3718=ORIENTED_EDGE('',*,*,#2397,.T.);
#3719=ORIENTED_EDGE('',*,*,#2407,.F.);
#3720=ORIENTED_EDGE('',*,*,#2414,.T.);
#3721=ORIENTED_EDGE('',*,*,#2416,.T.);
#3722=ORIENTED_EDGE('',*,*,#2409,.T.);
#3723=ORIENTED_EDGE('',*,*,#2419,.F.);
#3724=ORIENTED_EDGE('',*,*,#2426,.T.);
#3725=ORIENTED_EDGE('',*,*,#2428,.T.);
#3726=ORIENTED_EDGE('',*,*,#2421,.T.);
#3727=ORIENTED_EDGE('',*,*,#2431,.F.);
#3728=ORIENTED_EDGE('',*,*,#2438,.T.);
#3729=ORIENTED_EDGE('',*,*,#2440,.T.);
#3730=ORIENTED_EDGE('',*,*,#2433,.T.);
#3731=ORIENTED_EDGE('',*,*,#2443,.F.);
#3732=ORIENTED_EDGE('',*,*,#2450,.T.);
#3733=ORIENTED_EDGE('',*,*,#2452,.T.);
#3734=ORIENTED_EDGE('',*,*,#2445,.T.);
#3735=ORIENTED_EDGE('',*,*,#2455,.F.);
#3736=ORIENTED_EDGE('',*,*,#2462,.T.);
#3737=ORIENTED_EDGE('',*,*,#2464,.T.);
#3738=ORIENTED_EDGE('',*,*,#2457,.T.);
#3739=ORIENTED_EDGE('',*,*,#2467,.F.);
#3740=ORIENTED_EDGE('',*,*,#2474,.T.);
#3741=ORIENTED_EDGE('',*,*,#2476,.T.);
#3742=ORIENTED_EDGE('',*,*,#2469,.T.);
#3743=ORIENTED_EDGE('',*,*,#2479,.F.);
#3744=ORIENTED_EDGE('',*,*,#2486,.T.);
#3745=ORIENTED_EDGE('',*,*,#2488,.T.);
#3746=ORIENTED_EDGE('',*,*,#2481,.T.);
#3747=ORIENTED_EDGE('',*,*,#2491,.F.);
#3748=ORIENTED_EDGE('',*,*,#2498,.T.);
#3749=ORIENTED_EDGE('',*,*,#2500,.T.);
#3750=ORIENTED_EDGE('',*,*,#2493,.T.);
#3751=ORIENTED_EDGE('',*,*,#2503,.F.);
#3752=ORIENTED_EDGE('',*,*,#2509,.T.);
#3753=ORIENTED_EDGE('',*,*,#2511,.T.);
#3754=ORIENTED_EDGE('',*,*,#2504,.T.);
#3755=ORIENTED_EDGE('',*,*,#2341,.F.);
#3756=ORIENTED_EDGE('',*,*,#2586,.T.);
#3757=ORIENTED_EDGE('',*,*,#2120,.F.);
#3758=ORIENTED_EDGE('',*,*,#2587,.F.);
#3759=ORIENTED_EDGE('',*,*,#2334,.F.);
#3760=ORIENTED_EDGE('',*,*,#2354,.T.);
#3761=ORIENTED_EDGE('',*,*,#2356,.T.);
#3762=ORIENTED_EDGE('',*,*,#2335,.F.);
#3763=ORIENTED_EDGE('',*,*,#2587,.T.);
#3764=ORIENTED_EDGE('',*,*,#2119,.F.);
#3765=ORIENTED_EDGE('',*,*,#2582,.F.);
#3766=ORIENTED_EDGE('',*,*,#2340,.F.);
#3767=ORIENTED_EDGE('',*,*,#2583,.T.);
#3768=ORIENTED_EDGE('',*,*,#2117,.F.);
#3769=ORIENTED_EDGE('',*,*,#2586,.F.);
#3770=CYLINDRICAL_SURFACE('',#4064,19.1031815614089);
#3771=CYLINDRICAL_SURFACE('',#4067,2.90000000000157);
#3772=CYLINDRICAL_SURFACE('',#4070,8.82908049339814);
#3773=CYLINDRICAL_SURFACE('',#4074,4.50000000000001);
#3774=CYLINDRICAL_SURFACE('',#4077,2.9);
#3775=CYLINDRICAL_SURFACE('',#4081,2.89999999999999);
#3776=CYLINDRICAL_SURFACE('',#4084,24.1271739129706);
#3777=CYLINDRICAL_SURFACE('',#4088,22.5271739129705);
#3778=CYLINDRICAL_SURFACE('',#4091,4.49999999999999);
#3779=CYLINDRICAL_SURFACE('',#4095,4.49999999999999);
#3780=CYLINDRICAL_SURFACE('',#4098,2.90000000000002);
#3781=CYLINDRICAL_SURFACE('',#4102,7.22908049339817);
#3782=CYLINDRICAL_SURFACE('',#4105,4.50000000000156);
#3783=CYLINDRICAL_SURFACE('',#4108,17.5031815614088);
#3784=CYLINDRICAL_SURFACE('',#4112,19.1031815614089);
#3785=CYLINDRICAL_SURFACE('',#4115,2.90000000000157);
#3786=CYLINDRICAL_SURFACE('',#4118,8.82908049339814);
#3787=CYLINDRICAL_SURFACE('',#4122,4.50000000000001);
#3788=CYLINDRICAL_SURFACE('',#4125,2.9);
#3789=CYLINDRICAL_SURFACE('',#4129,2.89999999999999);
#3790=CYLINDRICAL_SURFACE('',#4132,24.1271739129706);
#3791=CYLINDRICAL_SURFACE('',#4136,22.5271739129705);
#3792=CYLINDRICAL_SURFACE('',#4139,4.49999999999999);
#3793=CYLINDRICAL_SURFACE('',#4143,4.49999999999999);
#3794=CYLINDRICAL_SURFACE('',#4146,2.90000000000002);
#3795=CYLINDRICAL_SURFACE('',#4150,7.22908049339817);
#3796=CYLINDRICAL_SURFACE('',#4153,4.50000000000156);
#3797=CYLINDRICAL_SURFACE('',#4156,17.5031815614088);
#3798=CYLINDRICAL_SURFACE('',#4205,1.5);
#3799=CYLINDRICAL_SURFACE('',#4247,2.05000000000001);
#3800=CYLINDRICAL_SURFACE('',#4252,4.55);
#3801=CYLINDRICAL_SURFACE('',#4255,2.05000000000001);
#3802=CYLINDRICAL_SURFACE('',#4260,4.55);
#3803=CYLINDRICAL_SURFACE('',#4264,2.05000000000001);
#3804=CYLINDRICAL_SURFACE('',#4269,4.55000000000005);
#3805=CYLINDRICAL_SURFACE('',#4272,2.05000000000001);
#3806=CYLINDRICAL_SURFACE('',#4277,4.54999999999996);
#3807=CYLINDRICAL_SURFACE('',#4285,1.5);
#3808=CYLINDRICAL_SURFACE('',#4347,0.449999999999993);
#3809=CYLINDRICAL_SURFACE('',#4348,1.54999999999999);
#3810=CYLINDRICAL_SURFACE('',#4351,0.348214285714274);
#3811=CYLINDRICAL_SURFACE('',#4352,1.44821428571428);
#3812=CYLINDRICAL_SURFACE('',#4355,1.44821428571429);
#3813=CYLINDRICAL_SURFACE('',#4356,0.34821428571429);
#3814=CYLINDRICAL_SURFACE('',#4359,0.348214285714272);
#3815=CYLINDRICAL_SURFACE('',#4360,1.44821428571427);
#3816=CYLINDRICAL_SURFACE('',#4363,1.44821428571429);
#3817=CYLINDRICAL_SURFACE('',#4364,0.34821428571429);
#3818=CYLINDRICAL_SURFACE('',#4367,0.348214285714272);
#3819=CYLINDRICAL_SURFACE('',#4368,1.44821428571427);
#3820=CYLINDRICAL_SURFACE('',#4371,1.44821428571429);
#3821=CYLINDRICAL_SURFACE('',#4372,0.34821428571429);
#3822=CYLINDRICAL_SURFACE('',#4375,0.348214285714278);
#3823=CYLINDRICAL_SURFACE('',#4376,1.44821428571428);
#3824=CYLINDRICAL_SURFACE('',#4379,1.44821428571428);
#3825=CYLINDRICAL_SURFACE('',#4380,0.348214285714283);
#3826=CYLINDRICAL_SURFACE('',#4383,0.348214285714287);
#3827=CYLINDRICAL_SURFACE('',#4384,1.44821428571429);
#3828=CYLINDRICAL_SURFACE('',#4387,1.44821428571428);
#3829=CYLINDRICAL_SURFACE('',#4388,0.348214285714274);
#3830=CYLINDRICAL_SURFACE('',#4391,0.348214285714294);
#3831=CYLINDRICAL_SURFACE('',#4392,1.4482142857143);
#3832=CYLINDRICAL_SURFACE('',#4395,1.44821428571427);
#3833=CYLINDRICAL_SURFACE('',#4396,0.348214285714267);
#3834=CYLINDRICAL_SURFACE('',#4399,0.34821428571429);
#3835=CYLINDRICAL_SURFACE('',#4400,1.44821428571429);
#3836=CYLINDRICAL_SURFACE('',#4403,1.44821428571428);
#3837=CYLINDRICAL_SURFACE('',#4404,0.348214285714277);
#3838=CYLINDRICAL_SURFACE('',#4407,0.348214285714283);
#3839=CYLINDRICAL_SURFACE('',#4408,1.44821428571428);
#3840=CYLINDRICAL_SURFACE('',#4411,1.44821428571428);
#3841=CYLINDRICAL_SURFACE('',#4412,0.348214285714279);
#3842=CYLINDRICAL_SURFACE('',#4415,1.55000000000001);
#3843=CYLINDRICAL_SURFACE('',#4416,0.450000000000004);
#3844=CYLINDRICAL_SURFACE('',#4419,2.025);
#3845=CYLINDRICAL_SURFACE('',#4420,2.025);
#3846=ADVANCED_FACE('',(#156),#3770,.F.);
#3847=ADVANCED_FACE('',(#157),#3771,.T.);
#3848=ADVANCED_FACE('',(#158),#3772,.F.);
#3849=ADVANCED_FACE('',(#159),#28,.F.);
#3850=ADVANCED_FACE('',(#160),#3773,.F.);
#3851=ADVANCED_FACE('',(#161),#3774,.T.);
#3852=ADVANCED_FACE('',(#162),#29,.F.);
#3853=ADVANCED_FACE('',(#163),#3775,.T.);
#3854=ADVANCED_FACE('',(#164),#3776,.F.);
#3855=ADVANCED_FACE('',(#165),#30,.F.);
#3856=ADVANCED_FACE('',(#166),#3777,.T.);
#3857=ADVANCED_FACE('',(#167),#3778,.F.);
#3858=ADVANCED_FACE('',(#168),#31,.F.);
#3859=ADVANCED_FACE('',(#169),#3779,.F.);
#3860=ADVANCED_FACE('',(#170),#3780,.T.);
#3861=ADVANCED_FACE('',(#171),#32,.F.);
#3862=ADVANCED_FACE('',(#172),#3781,.T.);
#3863=ADVANCED_FACE('',(#173),#3782,.F.);
#3864=ADVANCED_FACE('',(#174),#3783,.T.);
#3865=ADVANCED_FACE('',(#175),#33,.F.);
#3866=ADVANCED_FACE('',(#176),#3784,.F.);
#3867=ADVANCED_FACE('',(#177),#3785,.T.);
#3868=ADVANCED_FACE('',(#178),#3786,.F.);
#3869=ADVANCED_FACE('',(#179),#34,.F.);
#3870=ADVANCED_FACE('',(#180),#3787,.F.);
#3871=ADVANCED_FACE('',(#181),#3788,.T.);
#3872=ADVANCED_FACE('',(#182),#35,.F.);
#3873=ADVANCED_FACE('',(#183),#3789,.T.);
#3874=ADVANCED_FACE('',(#184),#3790,.F.);
#3875=ADVANCED_FACE('',(#185),#36,.F.);
#3876=ADVANCED_FACE('',(#186),#3791,.T.);
#3877=ADVANCED_FACE('',(#187),#3792,.F.);
#3878=ADVANCED_FACE('',(#188),#37,.F.);
#3879=ADVANCED_FACE('',(#189),#3793,.F.);
#3880=ADVANCED_FACE('',(#190),#3794,.T.);
#3881=ADVANCED_FACE('',(#191),#38,.F.);
#3882=ADVANCED_FACE('',(#192),#3795,.T.);
#3883=ADVANCED_FACE('',(#193),#3796,.F.);
#3884=ADVANCED_FACE('',(#194),#3797,.T.);
#3885=ADVANCED_FACE('',(#195),#39,.F.);
#3886=ADVANCED_FACE('',(#196,#15),#40,.F.);
#3887=ADVANCED_FACE('',(#197,#16,#17,#18),#41,.T.);
#3888=ADVANCED_FACE('',(#198),#42,.F.);
#3889=ADVANCED_FACE('',(#199),#43,.F.);
#3890=ADVANCED_FACE('',(#200),#3798,.F.);
#3891=ADVANCED_FACE('',(#201,#19),#44,.T.);
#3892=ADVANCED_FACE('',(#202),#3799,.T.);
#3893=ADVANCED_FACE('',(#203),#45,.F.);
#3894=ADVANCED_FACE('',(#204),#46,.F.);
#3895=ADVANCED_FACE('',(#205),#3800,.F.);
#3896=ADVANCED_FACE('',(#206),#3801,.T.);
#3897=ADVANCED_FACE('',(#207),#47,.F.);
#3898=ADVANCED_FACE('',(#208),#48,.F.);
#3899=ADVANCED_FACE('',(#209),#3802,.F.);
#3900=ADVANCED_FACE('',(#210,#20),#49,.F.);
#3901=ADVANCED_FACE('',(#211),#3803,.T.);
#3902=ADVANCED_FACE('',(#212),#50,.F.);
#3903=ADVANCED_FACE('',(#213),#51,.F.);
#3904=ADVANCED_FACE('',(#214),#3804,.F.);
#3905=ADVANCED_FACE('',(#215),#3805,.T.);
#3906=ADVANCED_FACE('',(#216),#52,.F.);
#3907=ADVANCED_FACE('',(#217),#53,.F.);
#3908=ADVANCED_FACE('',(#218),#3806,.F.);
#3909=ADVANCED_FACE('',(#219,#21),#54,.F.);
#3910=ADVANCED_FACE('',(#220,#22,#23),#55,.F.);
#3911=ADVANCED_FACE('',(#221,#24,#25),#56,.F.);
#3912=ADVANCED_FACE('',(#222),#3807,.F.);
#3913=ADVANCED_FACE('',(#223),#57,.F.);
#3914=ADVANCED_FACE('',(#224),#58,.F.);
#3915=ADVANCED_FACE('',(#225),#59,.F.);
#3916=ADVANCED_FACE('',(#226),#60,.F.);
#3917=ADVANCED_FACE('',(#227,#26),#61,.F.);
#3918=ADVANCED_FACE('',(#228),#62,.F.);
#3919=ADVANCED_FACE('',(#229),#63,.F.);
#3920=ADVANCED_FACE('',(#230),#64,.F.);
#3921=ADVANCED_FACE('',(#231),#65,.F.);
#3922=ADVANCED_FACE('',(#232),#66,.F.);
#3923=ADVANCED_FACE('',(#233),#67,.F.);
#3924=ADVANCED_FACE('',(#234),#68,.F.);
#3925=ADVANCED_FACE('',(#235),#69,.F.);
#3926=ADVANCED_FACE('',(#236),#70,.F.);
#3927=ADVANCED_FACE('',(#237),#71,.F.);
#3928=ADVANCED_FACE('',(#238),#72,.F.);
#3929=ADVANCED_FACE('',(#239),#73,.F.);
#3930=ADVANCED_FACE('',(#240),#74,.F.);
#3931=ADVANCED_FACE('',(#241),#75,.F.);
#3932=ADVANCED_FACE('',(#242),#76,.F.);
#3933=ADVANCED_FACE('',(#243),#77,.F.);
#3934=ADVANCED_FACE('',(#244),#78,.F.);
#3935=ADVANCED_FACE('',(#245),#79,.F.);
#3936=ADVANCED_FACE('',(#246),#80,.F.);
#3937=ADVANCED_FACE('',(#247),#81,.F.);
#3938=ADVANCED_FACE('',(#248),#82,.F.);
#3939=ADVANCED_FACE('',(#249),#83,.F.);
#3940=ADVANCED_FACE('',(#250),#84,.F.);
#3941=ADVANCED_FACE('',(#251),#85,.F.);
#3942=ADVANCED_FACE('',(#252),#86,.F.);
#3943=ADVANCED_FACE('',(#253),#87,.F.);
#3944=ADVANCED_FACE('',(#254),#88,.F.);
#3945=ADVANCED_FACE('',(#255),#89,.F.);
#3946=ADVANCED_FACE('',(#256),#90,.F.);
#3947=ADVANCED_FACE('',(#257),#91,.F.);
#3948=ADVANCED_FACE('',(#258),#92,.F.);
#3949=ADVANCED_FACE('',(#259),#93,.F.);
#3950=ADVANCED_FACE('',(#260),#94,.F.);
#3951=ADVANCED_FACE('',(#261),#95,.F.);
#3952=ADVANCED_FACE('',(#262),#96,.F.);
#3953=ADVANCED_FACE('',(#263),#97,.F.);
#3954=ADVANCED_FACE('',(#264),#98,.F.);
#3955=ADVANCED_FACE('',(#265),#99,.F.);
#3956=ADVANCED_FACE('',(#266),#100,.F.);
#3957=ADVANCED_FACE('',(#267),#101,.F.);
#3958=ADVANCED_FACE('',(#268),#102,.F.);
#3959=ADVANCED_FACE('',(#269),#103,.F.);
#3960=ADVANCED_FACE('',(#270),#104,.F.);
#3961=ADVANCED_FACE('',(#271),#105,.F.);
#3962=ADVANCED_FACE('',(#272),#106,.F.);
#3963=ADVANCED_FACE('',(#273),#107,.F.);
#3964=ADVANCED_FACE('',(#274),#108,.F.);
#3965=ADVANCED_FACE('',(#275),#109,.F.);
#3966=ADVANCED_FACE('',(#276),#110,.F.);
#3967=ADVANCED_FACE('',(#277),#111,.F.);
#3968=ADVANCED_FACE('',(#278),#112,.F.);
#3969=ADVANCED_FACE('',(#279),#113,.F.);
#3970=ADVANCED_FACE('',(#280,#27),#114,.F.);
#3971=ADVANCED_FACE('',(#281),#115,.F.);
#3972=ADVANCED_FACE('',(#282),#116,.F.);
#3973=ADVANCED_FACE('',(#283),#3808,.T.);
#3974=ADVANCED_FACE('',(#284),#3809,.F.);
#3975=ADVANCED_FACE('',(#285),#117,.F.);
#3976=ADVANCED_FACE('',(#286),#118,.F.);
#3977=ADVANCED_FACE('',(#287),#3810,.T.);
#3978=ADVANCED_FACE('',(#288),#3811,.F.);
#3979=ADVANCED_FACE('',(#289),#119,.F.);
#3980=ADVANCED_FACE('',(#290),#120,.F.);
#3981=ADVANCED_FACE('',(#291),#3812,.F.);
#3982=ADVANCED_FACE('',(#292),#3813,.T.);
#3983=ADVANCED_FACE('',(#293),#121,.F.);
#3984=ADVANCED_FACE('',(#294),#122,.F.);
#3985=ADVANCED_FACE('',(#295),#3814,.T.);
#3986=ADVANCED_FACE('',(#296),#3815,.F.);
#3987=ADVANCED_FACE('',(#297),#123,.F.);
#3988=ADVANCED_FACE('',(#298),#124,.F.);
#3989=ADVANCED_FACE('',(#299),#3816,.F.);
#3990=ADVANCED_FACE('',(#300),#3817,.T.);
#3991=ADVANCED_FACE('',(#301),#125,.F.);
#3992=ADVANCED_FACE('',(#302),#126,.F.);
#3993=ADVANCED_FACE('',(#303),#3818,.T.);
#3994=ADVANCED_FACE('',(#304),#3819,.F.);
#3995=ADVANCED_FACE('',(#305),#127,.F.);
#3996=ADVANCED_FACE('',(#306),#128,.F.);
#3997=ADVANCED_FACE('',(#307),#3820,.F.);
#3998=ADVANCED_FACE('',(#308),#3821,.T.);
#3999=ADVANCED_FACE('',(#309),#129,.F.);
#4000=ADVANCED_FACE('',(#310),#130,.F.);
#4001=ADVANCED_FACE('',(#311),#3822,.T.);
#4002=ADVANCED_FACE('',(#312),#3823,.F.);
#4003=ADVANCED_FACE('',(#313),#131,.F.);
#4004=ADVANCED_FACE('',(#314),#132,.F.);
#4005=ADVANCED_FACE('',(#315),#3824,.F.);
#4006=ADVANCED_FACE('',(#316),#3825,.T.);
#4007=ADVANCED_FACE('',(#317),#133,.F.);
#4008=ADVANCED_FACE('',(#318),#134,.F.);
#4009=ADVANCED_FACE('',(#319),#3826,.T.);
#4010=ADVANCED_FACE('',(#320),#3827,.F.);
#4011=ADVANCED_FACE('',(#321),#135,.F.);
#4012=ADVANCED_FACE('',(#322),#136,.F.);
#4013=ADVANCED_FACE('',(#323),#3828,.F.);
#4014=ADVANCED_FACE('',(#324),#3829,.T.);
#4015=ADVANCED_FACE('',(#325),#137,.F.);
#4016=ADVANCED_FACE('',(#326),#138,.F.);
#4017=ADVANCED_FACE('',(#327),#3830,.T.);
#4018=ADVANCED_FACE('',(#328),#3831,.F.);
#4019=ADVANCED_FACE('',(#329),#139,.F.);
#4020=ADVANCED_FACE('',(#330),#140,.F.);
#4021=ADVANCED_FACE('',(#331),#3832,.F.);
#4022=ADVANCED_FACE('',(#332),#3833,.T.);
#4023=ADVANCED_FACE('',(#333),#141,.F.);
#4024=ADVANCED_FACE('',(#334),#142,.F.);
#4025=ADVANCED_FACE('',(#335),#3834,.T.);
#4026=ADVANCED_FACE('',(#336),#3835,.F.);
#4027=ADVANCED_FACE('',(#337),#143,.F.);
#4028=ADVANCED_FACE('',(#338),#144,.F.);
#4029=ADVANCED_FACE('',(#339),#3836,.F.);
#4030=ADVANCED_FACE('',(#340),#3837,.T.);
#4031=ADVANCED_FACE('',(#341),#145,.F.);
#4032=ADVANCED_FACE('',(#342),#146,.F.);
#4033=ADVANCED_FACE('',(#343),#3838,.T.);
#4034=ADVANCED_FACE('',(#344),#3839,.F.);
#4035=ADVANCED_FACE('',(#345),#147,.F.);
#4036=ADVANCED_FACE('',(#346),#148,.F.);
#4037=ADVANCED_FACE('',(#347),#3840,.F.);
#4038=ADVANCED_FACE('',(#348),#3841,.T.);
#4039=ADVANCED_FACE('',(#349),#149,.F.);
#4040=ADVANCED_FACE('',(#350),#150,.F.);
#4041=ADVANCED_FACE('',(#351),#3842,.F.);
#4042=ADVANCED_FACE('',(#352),#3843,.T.);
#4043=ADVANCED_FACE('',(#353),#151,.F.);
#4044=ADVANCED_FACE('',(#354),#152,.T.);
#4045=ADVANCED_FACE('',(#355),#3844,.F.);
#4046=ADVANCED_FACE('',(#356),#3845,.F.);
#4047=ADVANCED_FACE('',(#357),#153,.T.);
#4048=ADVANCED_FACE('',(#358),#154,.T.);
#4049=ADVANCED_FACE('',(#359),#155,.T.);
#4050=CLOSED_SHELL('',(#3846,#3847,#3848,#3849,#3850,#3851,#3852,#3853,
#3854,#3855,#3856,#3857,#3858,#3859,#3860,#3861,#3862,#3863,#3864,#3865,
#3866,#3867,#3868,#3869,#3870,#3871,#3872,#3873,#3874,#3875,#3876,#3877,
#3878,#3879,#3880,#3881,#3882,#3883,#3884,#3885,#3886,#3887,#3888,#3889,
#3890,#3891,#3892,#3893,#3894,#3895,#3896,#3897,#3898,#3899,#3900,#3901,
#3902,#3903,#3904,#3905,#3906,#3907,#3908,#3909,#3910,#3911,#3912,#3913,
#3914,#3915,#3916,#3917,#3918,#3919,#3920,#3921,#3922,#3923,#3924,#3925,
#3926,#3927,#3928,#3929,#3930,#3931,#3932,#3933,#3934,#3935,#3936,#3937,
#3938,#3939,#3940,#3941,#3942,#3943,#3944,#3945,#3946,#3947,#3948,#3949,
#3950,#3951,#3952,#3953,#3954,#3955,#3956,#3957,#3958,#3959,#3960,#3961,
#3962,#3963,#3964,#3965,#3966,#3967,#3968,#3969,#3970,#3971,#3972,#3973,
#3974,#3975,#3976,#3977,#3978,#3979,#3980,#3981,#3982,#3983,#3984,#3985,
#3986,#3987,#3988,#3989,#3990,#3991,#3992,#3993,#3994,#3995,#3996,#3997,
#3998,#3999,#4000,#4001,#4002,#4003,#4004,#4005,#4006,#4007,#4008,#4009,
#4010,#4011,#4012,#4013,#4014,#4015,#4016,#4017,#4018,#4019,#4020,#4021,
#4022,#4023,#4024,#4025,#4026,#4027,#4028,#4029,#4030,#4031,#4032,#4033,
#4034,#4035,#4036,#4037,#4038,#4039,#4040,#4041,#4042,#4043,#4044,#4045,
#4046,#4047,#4048,#4049));
#4051=DERIVED_UNIT_ELEMENT(#4053,1.);
#4052=DERIVED_UNIT_ELEMENT(#6776,-3.);
#4053=(
MASS_UNIT()
NAMED_UNIT(*)
SI_UNIT(.KILO.,.GRAM.)
);
#4054=DERIVED_UNIT((#4051,#4052));
#4055=MEASURE_REPRESENTATION_ITEM('density measure',
POSITIVE_RATIO_MEASURE(7850.),#4054);
#4056=PROPERTY_DEFINITION_REPRESENTATION(#4061,#4058);
#4057=PROPERTY_DEFINITION_REPRESENTATION(#4062,#4059);
#4058=REPRESENTATION('material name',(#4060),#6773);
#4059=REPRESENTATION('density',(#4055),#6773);
#4060=DESCRIPTIVE_REPRESENTATION_ITEM('Acier','Acier');
#4061=PROPERTY_DEFINITION('material property','material name',#6783);
#4062=PROPERTY_DEFINITION('material property','density of part',#6783);
#4063=AXIS2_PLACEMENT_3D('',#5581,#4424,#4425);
#4064=AXIS2_PLACEMENT_3D('',#5582,#4426,#4427);
#4065=AXIS2_PLACEMENT_3D('',#5585,#4428,#4429);
#4066=AXIS2_PLACEMENT_3D('',#5589,#4431,#4432);
#4067=AXIS2_PLACEMENT_3D('',#5591,#4434,#4435);
#4068=AXIS2_PLACEMENT_3D('',#5593,#4436,#4437);
#4069=AXIS2_PLACEMENT_3D('',#5595,#4438,#4439);
#4070=AXIS2_PLACEMENT_3D('',#5597,#4441,#4442);
#4071=AXIS2_PLACEMENT_3D('',#5599,#4443,#4444);
#4072=AXIS2_PLACEMENT_3D('',#5601,#4445,#4446);
#4073=AXIS2_PLACEMENT_3D('',#5603,#4448,#4449);
#4074=AXIS2_PLACEMENT_3D('',#5609,#4453,#4454);
#4075=AXIS2_PLACEMENT_3D('',#5611,#4455,#4456);
#4076=AXIS2_PLACEMENT_3D('',#5613,#4457,#4458);
#4077=AXIS2_PLACEMENT_3D('',#5615,#4460,#4461);
#4078=AXIS2_PLACEMENT_3D('',#5617,#4462,#4463);
#4079=AXIS2_PLACEMENT_3D('',#5619,#4464,#4465);
#4080=AXIS2_PLACEMENT_3D('',#5621,#4467,#4468);
#4081=AXIS2_PLACEMENT_3D('',#5627,#4472,#4473);
#4082=AXIS2_PLACEMENT_3D('',#5629,#4474,#4475);
#4083=AXIS2_PLACEMENT_3D('',#5631,#4476,#4477);
#4084=AXIS2_PLACEMENT_3D('',#5633,#4479,#4480);
#4085=AXIS2_PLACEMENT_3D('',#5635,#4481,#4482);
#4086=AXIS2_PLACEMENT_3D('',#5637,#4483,#4484);
#4087=AXIS2_PLACEMENT_3D('',#5639,#4486,#4487);
#4088=AXIS2_PLACEMENT_3D('',#5645,#4491,#4492);
#4089=AXIS2_PLACEMENT_3D('',#5648,#4493,#4494);
#4090=AXIS2_PLACEMENT_3D('',#5652,#4496,#4497);
#4091=AXIS2_PLACEMENT_3D('',#5654,#4499,#4500);
#4092=AXIS2_PLACEMENT_3D('',#5656,#4501,#4502);
#4093=AXIS2_PLACEMENT_3D('',#5658,#4503,#4504);
#4094=AXIS2_PLACEMENT_3D('',#5660,#4506,#4507);
#4095=AXIS2_PLACEMENT_3D('',#5666,#4511,#4512);
#4096=AXIS2_PLACEMENT_3D('',#5668,#4513,#4514);
#4097=AXIS2_PLACEMENT_3D('',#5670,#4515,#4516);
#4098=AXIS2_PLACEMENT_3D('',#5672,#4518,#4519);
#4099=AXIS2_PLACEMENT_3D('',#5674,#4520,#4521);
#4100=AXIS2_PLACEMENT_3D('',#5676,#4522,#4523);
#4101=AXIS2_PLACEMENT_3D('',#5678,#4525,#4526);
#4102=AXIS2_PLACEMENT_3D('',#5684,#4530,#4531);
#4103=AXIS2_PLACEMENT_3D('',#5686,#4532,#4533);
#4104=AXIS2_PLACEMENT_3D('',#5688,#4534,#4535);
#4105=AXIS2_PLACEMENT_3D('',#5690,#4537,#4538);
#4106=AXIS2_PLACEMENT_3D('',#5692,#4539,#4540);
#4107=AXIS2_PLACEMENT_3D('',#5694,#4541,#4542);
#4108=AXIS2_PLACEMENT_3D('',#5696,#4544,#4545);
#4109=AXIS2_PLACEMENT_3D('',#5698,#4546,#4547);
#4110=AXIS2_PLACEMENT_3D('',#5700,#4548,#4549);
#4111=AXIS2_PLACEMENT_3D('',#5702,#4551,#4552);
#4112=AXIS2_PLACEMENT_3D('',#5708,#4556,#4557);
#4113=AXIS2_PLACEMENT_3D('',#5710,#4558,#4559);
#4114=AXIS2_PLACEMENT_3D('',#5712,#4560,#4561);
#4115=AXIS2_PLACEMENT_3D('',#5714,#4563,#4564);
#4116=AXIS2_PLACEMENT_3D('',#5716,#4565,#4566);
#4117=AXIS2_PLACEMENT_3D('',#5718,#4567,#4568);
#4118=AXIS2_PLACEMENT_3D('',#5720,#4570,#4571);
#4119=AXIS2_PLACEMENT_3D('',#5722,#4572,#4573);
#4120=AXIS2_PLACEMENT_3D('',#5724,#4574,#4575);
#4121=AXIS2_PLACEMENT_3D('',#5726,#4577,#4578);
#4122=AXIS2_PLACEMENT_3D('',#5732,#4582,#4583);
#4123=AXIS2_PLACEMENT_3D('',#5734,#4584,#4585);
#4124=AXIS2_PLACEMENT_3D('',#5736,#4586,#4587);
#4125=AXIS2_PLACEMENT_3D('',#5738,#4589,#4590);
#4126=AXIS2_PLACEMENT_3D('',#5740,#4591,#4592);
#4127=AXIS2_PLACEMENT_3D('',#5742,#4593,#4594);
#4128=AXIS2_PLACEMENT_3D('',#5744,#4596,#4597);
#4129=AXIS2_PLACEMENT_3D('',#5750,#4601,#4602);
#4130=AXIS2_PLACEMENT_3D('',#5752,#4603,#4604);
#4131=AXIS2_PLACEMENT_3D('',#5754,#4605,#4606);
#4132=AXIS2_PLACEMENT_3D('',#5756,#4608,#4609);
#4133=AXIS2_PLACEMENT_3D('',#5758,#4610,#4611);
#4134=AXIS2_PLACEMENT_3D('',#5760,#4612,#4613);
#4135=AXIS2_PLACEMENT_3D('',#5762,#4615,#4616);
#4136=AXIS2_PLACEMENT_3D('',#5765,#4619,#4620);
#4137=AXIS2_PLACEMENT_3D('',#5767,#4621,#4622);
#4138=AXIS2_PLACEMENT_3D('',#5769,#4623,#4624);
#4139=AXIS2_PLACEMENT_3D('',#5771,#4626,#4627);
#4140=AXIS2_PLACEMENT_3D('',#5773,#4628,#4629);
#4141=AXIS2_PLACEMENT_3D('',#5775,#4630,#4631);
#4142=AXIS2_PLACEMENT_3D('',#5777,#4633,#4634);
#4143=AXIS2_PLACEMENT_3D('',#5783,#4638,#4639);
#4144=AXIS2_PLACEMENT_3D('',#5785,#4640,#4641);
#4145=AXIS2_PLACEMENT_3D('',#5787,#4642,#4643);
#4146=AXIS2_PLACEMENT_3D('',#5789,#4645,#4646);
#4147=AXIS2_PLACEMENT_3D('',#5791,#4647,#4648);
#4148=AXIS2_PLACEMENT_3D('',#5793,#4649,#4650);
#4149=AXIS2_PLACEMENT_3D('',#5795,#4652,#4653);
#4150=AXIS2_PLACEMENT_3D('',#5801,#4657,#4658);
#4151=AXIS2_PLACEMENT_3D('',#5803,#4659,#4660);
#4152=AXIS2_PLACEMENT_3D('',#5805,#4661,#4662);
#4153=AXIS2_PLACEMENT_3D('',#5807,#4664,#4665);
#4154=AXIS2_PLACEMENT_3D('',#5809,#4666,#4667);
#4155=AXIS2_PLACEMENT_3D('',#5811,#4668,#4669);
#4156=AXIS2_PLACEMENT_3D('',#5813,#4671,#4672);
#4157=AXIS2_PLACEMENT_3D('',#5815,#4673,#4674);
#4158=AXIS2_PLACEMENT_3D('',#5817,#4675,#4676);
#4159=AXIS2_PLACEMENT_3D('',#5819,#4678,#4679);
#4160=AXIS2_PLACEMENT_3D('',#5822,#4682,#4683);
#4161=AXIS2_PLACEMENT_3D('',#5823,#4684,#4685);
#4162=AXIS2_PLACEMENT_3D('',#5833,#4690,#4691);
#4163=AXIS2_PLACEMENT_3D('',#5835,#4692,#4693);
#4164=AXIS2_PLACEMENT_3D('',#5836,#4694,#4695);
#4165=AXIS2_PLACEMENT_3D('',#5845,#4700,#4701);
#4166=AXIS2_PLACEMENT_3D('',#5850,#4703,#4704);
#4167=AXIS2_PLACEMENT_3D('',#5852,#4705,#4706);
#4168=AXIS2_PLACEMENT_3D('',#5855,#4708,#4709);
#4169=AXIS2_PLACEMENT_3D('',#5859,#4711,#4712);
#4170=AXIS2_PLACEMENT_3D('',#5863,#4714,#4715);
#4171=AXIS2_PLACEMENT_3D('',#5867,#4717,#4718);
#4172=AXIS2_PLACEMENT_3D('',#5871,#4720,#4721);
#4173=AXIS2_PLACEMENT_3D('',#5875,#4723,#4724);
#4174=AXIS2_PLACEMENT_3D('',#5879,#4726,#4727);
#4175=AXIS2_PLACEMENT_3D('',#5883,#4729,#4730);
#4176=AXIS2_PLACEMENT_3D('',#5887,#4732,#4733);
#4177=AXIS2_PLACEMENT_3D('',#5891,#4735,#4736);
#4178=AXIS2_PLACEMENT_3D('',#5895,#4738,#4739);
#4179=AXIS2_PLACEMENT_3D('',#5899,#4741,#4742);
#4180=AXIS2_PLACEMENT_3D('',#5903,#4744,#4745);
#4181=AXIS2_PLACEMENT_3D('',#5907,#4747,#4748);
#4182=AXIS2_PLACEMENT_3D('',#5911,#4750,#4751);
#4183=AXIS2_PLACEMENT_3D('',#5915,#4753,#4754);
#4184=AXIS2_PLACEMENT_3D('',#5919,#4756,#4757);
#4185=AXIS2_PLACEMENT_3D('',#5923,#4759,#4760);
#4186=AXIS2_PLACEMENT_3D('',#5927,#4762,#4763);
#4187=AXIS2_PLACEMENT_3D('',#5931,#4765,#4766);
#4188=AXIS2_PLACEMENT_3D('',#5935,#4768,#4769);
#4189=AXIS2_PLACEMENT_3D('',#5939,#4771,#4772);
#4190=AXIS2_PLACEMENT_3D('',#5943,#4774,#4775);
#4191=AXIS2_PLACEMENT_3D('',#5947,#4777,#4778);
#4192=AXIS2_PLACEMENT_3D('',#5951,#4780,#4781);
#4193=AXIS2_PLACEMENT_3D('',#5955,#4783,#4784);
#4194=AXIS2_PLACEMENT_3D('',#5959,#4786,#4787);
#4195=AXIS2_PLACEMENT_3D('',#5963,#4789,#4790);
#4196=AXIS2_PLACEMENT_3D('',#5967,#4792,#4793);
#4197=AXIS2_PLACEMENT_3D('',#5971,#4795,#4796);
#4198=AXIS2_PLACEMENT_3D('',#5975,#4798,#4799);
#4199=AXIS2_PLACEMENT_3D('',#5979,#4801,#4802);
#4200=AXIS2_PLACEMENT_3D('',#5983,#4804,#4805);
#4201=AXIS2_PLACEMENT_3D('',#5987,#4807,#4808);
#4202=AXIS2_PLACEMENT_3D('',#5991,#4810,#4811);
#4203=AXIS2_PLACEMENT_3D('',#5995,#4813,#4814);
#4204=AXIS2_PLACEMENT_3D('',#5998,#4816,#4817);
#4205=AXIS2_PLACEMENT_3D('',#5999,#4818,#4819);
#4206=AXIS2_PLACEMENT_3D('',#6001,#4820,#4821);
#4207=AXIS2_PLACEMENT_3D('',#6006,#4824,#4825);
#4208=AXIS2_PLACEMENT_3D('',#6008,#4827,#4828);
#4209=AXIS2_PLACEMENT_3D('',#6013,#4831,#4832);
#4210=AXIS2_PLACEMENT_3D('',#6017,#4834,#4835);
#4211=AXIS2_PLACEMENT_3D('',#6021,#4837,#4838);
#4212=AXIS2_PLACEMENT_3D('',#6025,#4840,#4841);
#4213=AXIS2_PLACEMENT_3D('',#6029,#4843,#4844);
#4214=AXIS2_PLACEMENT_3D('',#6033,#4846,#4847);
#4215=AXIS2_PLACEMENT_3D('',#6037,#4849,#4850);
#4216=AXIS2_PLACEMENT_3D('',#6041,#4852,#4853);
#4217=AXIS2_PLACEMENT_3D('',#6045,#4855,#4856);
#4218=AXIS2_PLACEMENT_3D('',#6049,#4858,#4859);
#4219=AXIS2_PLACEMENT_3D('',#6053,#4861,#4862);
#4220=AXIS2_PLACEMENT_3D('',#6057,#4864,#4865);
#4221=AXIS2_PLACEMENT_3D('',#6061,#4867,#4868);
#4222=AXIS2_PLACEMENT_3D('',#6065,#4870,#4871);
#4223=AXIS2_PLACEMENT_3D('',#6069,#4873,#4874);
#4224=AXIS2_PLACEMENT_3D('',#6073,#4876,#4877);
#4225=AXIS2_PLACEMENT_3D('',#6077,#4879,#4880);
#4226=AXIS2_PLACEMENT_3D('',#6081,#4882,#4883);
#4227=AXIS2_PLACEMENT_3D('',#6085,#4885,#4886);
#4228=AXIS2_PLACEMENT_3D('',#6087,#4887,#4888);
#4229=AXIS2_PLACEMENT_3D('',#6091,#4890,#4891);
#4230=AXIS2_PLACEMENT_3D('',#6095,#4893,#4894);
#4231=AXIS2_PLACEMENT_3D('',#6099,#4896,#4897);
#4232=AXIS2_PLACEMENT_3D('',#6103,#4899,#4900);
#4233=AXIS2_PLACEMENT_3D('',#6107,#4902,#4903);
#4234=AXIS2_PLACEMENT_3D('',#6111,#4905,#4906);
#4235=AXIS2_PLACEMENT_3D('',#6115,#4908,#4909);
#4236=AXIS2_PLACEMENT_3D('',#6119,#4911,#4912);
#4237=AXIS2_PLACEMENT_3D('',#6123,#4914,#4915);
#4238=AXIS2_PLACEMENT_3D('',#6127,#4917,#4918);
#4239=AXIS2_PLACEMENT_3D('',#6131,#4920,#4921);
#4240=AXIS2_PLACEMENT_3D('',#6135,#4923,#4924);
#4241=AXIS2_PLACEMENT_3D('',#6139,#4926,#4927);
#4242=AXIS2_PLACEMENT_3D('',#6143,#4929,#4930);
#4243=AXIS2_PLACEMENT_3D('',#6147,#4932,#4933);
#4244=AXIS2_PLACEMENT_3D('',#6151,#4935,#4936);
#4245=AXIS2_PLACEMENT_3D('',#6155,#4938,#4939);
#4246=AXIS2_PLACEMENT_3D('',#6158,#4941,#4942);
#4247=AXIS2_PLACEMENT_3D('',#6159,#4943,#4944);
#4248=AXIS2_PLACEMENT_3D('',#6162,#4945,#4946);
#4249=AXIS2_PLACEMENT_3D('',#6166,#4948,#4949);
#4250=AXIS2_PLACEMENT_3D('',#6168,#4951,#4952);
#4251=AXIS2_PLACEMENT_3D('',#6174,#4956,#4957);
#4252=AXIS2_PLACEMENT_3D('',#6183,#4962,#4963);
#4253=AXIS2_PLACEMENT_3D('',#6185,#4964,#4965);
#4254=AXIS2_PLACEMENT_3D('',#6187,#4966,#4967);
#4255=AXIS2_PLACEMENT_3D('',#6189,#4969,#4970);
#4256=AXIS2_PLACEMENT_3D('',#6191,#4971,#4972);
#4257=AXIS2_PLACEMENT_3D('',#6193,#4973,#4974);
#4258=AXIS2_PLACEMENT_3D('',#6195,#4976,#4977);
#4259=AXIS2_PLACEMENT_3D('',#6198,#4980,#4981);
#4260=AXIS2_PLACEMENT_3D('',#6204,#4985,#4986);
#4261=AXIS2_PLACEMENT_3D('',#6205,#4987,#4988);
#4262=AXIS2_PLACEMENT_3D('',#6206,#4989,#4990);
#4263=AXIS2_PLACEMENT_3D('',#6207,#4991,#4992);
#4264=AXIS2_PLACEMENT_3D('',#6208,#4993,#4994);
#4265=AXIS2_PLACEMENT_3D('',#6211,#4995,#4996);
#4266=AXIS2_PLACEMENT_3D('',#6215,#4998,#4999);
#4267=AXIS2_PLACEMENT_3D('',#6217,#5001,#5002);
#4268=AXIS2_PLACEMENT_3D('',#6223,#5006,#5007);
#4269=AXIS2_PLACEMENT_3D('',#6232,#5012,#5013);
#4270=AXIS2_PLACEMENT_3D('',#6234,#5014,#5015);
#4271=AXIS2_PLACEMENT_3D('',#6236,#5016,#5017);
#4272=AXIS2_PLACEMENT_3D('',#6238,#5019,#5020);
#4273=AXIS2_PLACEMENT_3D('',#6240,#5021,#5022);
#4274=AXIS2_PLACEMENT_3D('',#6242,#5023,#5024);
#4275=AXIS2_PLACEMENT_3D('',#6244,#5026,#5027);
#4276=AXIS2_PLACEMENT_3D('',#6247,#5030,#5031);
#4277=AXIS2_PLACEMENT_3D('',#6253,#5035,#5036);
#4278=AXIS2_PLACEMENT_3D('',#6254,#5037,#5038);
#4279=AXIS2_PLACEMENT_3D('',#6255,#5039,#5040);
#4280=AXIS2_PLACEMENT_3D('',#6256,#5041,#5042);
#4281=AXIS2_PLACEMENT_3D('',#6257,#5043,#5044);
#4282=AXIS2_PLACEMENT_3D('',#6267,#5049,#5050);
#4283=AXIS2_PLACEMENT_3D('',#6268,#5051,#5052);
#4284=AXIS2_PLACEMENT_3D('',#6278,#5057,#5058);
#4285=AXIS2_PLACEMENT_3D('',#6279,#5059,#5060);
#4286=AXIS2_PLACEMENT_3D('',#6281,#5061,#5062);
#4287=AXIS2_PLACEMENT_3D('',#6285,#5066,#5067);
#4288=AXIS2_PLACEMENT_3D('',#6287,#5069,#5070);
#4289=AXIS2_PLACEMENT_3D('',#6296,#5075,#5076);
#4290=AXIS2_PLACEMENT_3D('',#6302,#5080,#5081);
#4291=AXIS2_PLACEMENT_3D('',#6305,#5084,#5085);
#4292=AXIS2_PLACEMENT_3D('',#6306,#5086,#5087);
#4293=AXIS2_PLACEMENT_3D('',#6312,#5091,#5092);
#4294=AXIS2_PLACEMENT_3D('',#6321,#5097,#5098);
#4295=AXIS2_PLACEMENT_3D('',#6327,#5102,#5103);
#4296=AXIS2_PLACEMENT_3D('',#6330,#5106,#5107);
#4297=AXIS2_PLACEMENT_3D('',#6336,#5111,#5112);
#4298=AXIS2_PLACEMENT_3D('',#6345,#5117,#5118);
#4299=AXIS2_PLACEMENT_3D('',#6351,#5122,#5123);
#4300=AXIS2_PLACEMENT_3D('',#6354,#5126,#5127);
#4301=AXIS2_PLACEMENT_3D('',#6360,#5131,#5132);
#4302=AXIS2_PLACEMENT_3D('',#6369,#5137,#5138);
#4303=AXIS2_PLACEMENT_3D('',#6375,#5142,#5143);
#4304=AXIS2_PLACEMENT_3D('',#6378,#5146,#5147);
#4305=AXIS2_PLACEMENT_3D('',#6384,#5151,#5152);
#4306=AXIS2_PLACEMENT_3D('',#6393,#5157,#5158);
#4307=AXIS2_PLACEMENT_3D('',#6399,#5162,#5163);
#4308=AXIS2_PLACEMENT_3D('',#6402,#5166,#5167);
#4309=AXIS2_PLACEMENT_3D('',#6408,#5171,#5172);
#4310=AXIS2_PLACEMENT_3D('',#6417,#5177,#5178);
#4311=AXIS2_PLACEMENT_3D('',#6423,#5182,#5183);
#4312=AXIS2_PLACEMENT_3D('',#6426,#5186,#5187);
#4313=AXIS2_PLACEMENT_3D('',#6432,#5191,#5192);
#4314=AXIS2_PLACEMENT_3D('',#6441,#5197,#5198);
#4315=AXIS2_PLACEMENT_3D('',#6447,#5202,#5203);
#4316=AXIS2_PLACEMENT_3D('',#6450,#5206,#5207);
#4317=AXIS2_PLACEMENT_3D('',#6456,#5211,#5212);
#4318=AXIS2_PLACEMENT_3D('',#6465,#5217,#5218);
#4319=AXIS2_PLACEMENT_3D('',#6471,#5222,#5223);
#4320=AXIS2_PLACEMENT_3D('',#6474,#5226,#5227);
#4321=AXIS2_PLACEMENT_3D('',#6480,#5231,#5232);
#4322=AXIS2_PLACEMENT_3D('',#6489,#5237,#5238);
#4323=AXIS2_PLACEMENT_3D('',#6495,#5242,#5243);
#4324=AXIS2_PLACEMENT_3D('',#6498,#5246,#5247);
#4325=AXIS2_PLACEMENT_3D('',#6504,#5251,#5252);
#4326=AXIS2_PLACEMENT_3D('',#6513,#5257,#5258);
#4327=AXIS2_PLACEMENT_3D('',#6519,#5262,#5263);
#4328=AXIS2_PLACEMENT_3D('',#6522,#5266,#5267);
#4329=AXIS2_PLACEMENT_3D('',#6528,#5271,#5272);
#4330=AXIS2_PLACEMENT_3D('',#6537,#5277,#5278);
#4331=AXIS2_PLACEMENT_3D('',#6543,#5282,#5283);
#4332=AXIS2_PLACEMENT_3D('',#6546,#5286,#5287);
#4333=AXIS2_PLACEMENT_3D('',#6552,#5291,#5292);
#4334=AXIS2_PLACEMENT_3D('',#6561,#5297,#5298);
#4335=AXIS2_PLACEMENT_3D('',#6567,#5302,#5303);
#4336=AXIS2_PLACEMENT_3D('',#6570,#5306,#5307);
#4337=AXIS2_PLACEMENT_3D('',#6576,#5311,#5312);
#4338=AXIS2_PLACEMENT_3D('',#6585,#5317,#5318);
#4339=AXIS2_PLACEMENT_3D('',#6591,#5322,#5323);
#4340=AXIS2_PLACEMENT_3D('',#6594,#5326,#5327);
#4341=AXIS2_PLACEMENT_3D('',#6600,#5331,#5332);
#4342=AXIS2_PLACEMENT_3D('',#6606,#5336,#5337);
#4343=AXIS2_PLACEMENT_3D('',#6612,#5341,#5342);
#4344=AXIS2_PLACEMENT_3D('',#6615,#5345,#5346);
#4345=AXIS2_PLACEMENT_3D('',#6616,#5347,#5348);
#4346=AXIS2_PLACEMENT_3D('',#6618,#5350,#5351);
#4347=AXIS2_PLACEMENT_3D('',#6620,#5353,#5354);
#4348=AXIS2_PLACEMENT_3D('',#6622,#5356,#5357);
#4349=AXIS2_PLACEMENT_3D('',#6624,#5359,#5360);
#4350=AXIS2_PLACEMENT_3D('',#6626,#5362,#5363);
#4351=AXIS2_PLACEMENT_3D('',#6628,#5365,#5366);
#4352=AXIS2_PLACEMENT_3D('',#6630,#5368,#5369);
#4353=AXIS2_PLACEMENT_3D('',#6632,#5371,#5372);
#4354=AXIS2_PLACEMENT_3D('',#6634,#5374,#5375);
#4355=AXIS2_PLACEMENT_3D('',#6636,#5377,#5378);
#4356=AXIS2_PLACEMENT_3D('',#6638,#5380,#5381);
#4357=AXIS2_PLACEMENT_3D('',#6640,#5383,#5384);
#4358=AXIS2_PLACEMENT_3D('',#6642,#5386,#5387);
#4359=AXIS2_PLACEMENT_3D('',#6644,#5389,#5390);
#4360=AXIS2_PLACEMENT_3D('',#6646,#5392,#5393);
#4361=AXIS2_PLACEMENT_3D('',#6648,#5395,#5396);
#4362=AXIS2_PLACEMENT_3D('',#6650,#5398,#5399);
#4363=AXIS2_PLACEMENT_3D('',#6652,#5401,#5402);
#4364=AXIS2_PLACEMENT_3D('',#6654,#5404,#5405);
#4365=AXIS2_PLACEMENT_3D('',#6656,#5407,#5408);
#4366=AXIS2_PLACEMENT_3D('',#6658,#5410,#5411);
#4367=AXIS2_PLACEMENT_3D('',#6660,#5413,#5414);
#4368=AXIS2_PLACEMENT_3D('',#6662,#5416,#5417);
#4369=AXIS2_PLACEMENT_3D('',#6664,#5419,#5420);
#4370=AXIS2_PLACEMENT_3D('',#6666,#5422,#5423);
#4371=AXIS2_PLACEMENT_3D('',#6668,#5425,#5426);
#4372=AXIS2_PLACEMENT_3D('',#6670,#5428,#5429);
#4373=AXIS2_PLACEMENT_3D('',#6672,#5431,#5432);
#4374=AXIS2_PLACEMENT_3D('',#6674,#5434,#5435);
#4375=AXIS2_PLACEMENT_3D('',#6676,#5437,#5438);
#4376=AXIS2_PLACEMENT_3D('',#6678,#5440,#5441);
#4377=AXIS2_PLACEMENT_3D('',#6680,#5443,#5444);
#4378=AXIS2_PLACEMENT_3D('',#6682,#5446,#5447);
#4379=AXIS2_PLACEMENT_3D('',#6684,#5449,#5450);
#4380=AXIS2_PLACEMENT_3D('',#6686,#5452,#5453);
#4381=AXIS2_PLACEMENT_3D('',#6688,#5455,#5456);
#4382=AXIS2_PLACEMENT_3D('',#6690,#5458,#5459);
#4383=AXIS2_PLACEMENT_3D('',#6692,#5461,#5462);
#4384=AXIS2_PLACEMENT_3D('',#6694,#5464,#5465);
#4385=AXIS2_PLACEMENT_3D('',#6696,#5467,#5468);
#4386=AXIS2_PLACEMENT_3D('',#6698,#5470,#5471);
#4387=AXIS2_PLACEMENT_3D('',#6700,#5473,#5474);
#4388=AXIS2_PLACEMENT_3D('',#6702,#5476,#5477);
#4389=AXIS2_PLACEMENT_3D('',#6704,#5479,#5480);
#4390=AXIS2_PLACEMENT_3D('',#6706,#5482,#5483);
#4391=AXIS2_PLACEMENT_3D('',#6708,#5485,#5486);
#4392=AXIS2_PLACEMENT_3D('',#6710,#5488,#5489);
#4393=AXIS2_PLACEMENT_3D('',#6712,#5491,#5492);
#4394=AXIS2_PLACEMENT_3D('',#6714,#5494,#5495);
#4395=AXIS2_PLACEMENT_3D('',#6716,#5497,#5498);
#4396=AXIS2_PLACEMENT_3D('',#6718,#5500,#5501);
#4397=AXIS2_PLACEMENT_3D('',#6720,#5503,#5504);
#4398=AXIS2_PLACEMENT_3D('',#6722,#5506,#5507);
#4399=AXIS2_PLACEMENT_3D('',#6724,#5509,#5510);
#4400=AXIS2_PLACEMENT_3D('',#6726,#5512,#5513);
#4401=AXIS2_PLACEMENT_3D('',#6728,#5515,#5516);
#4402=AXIS2_PLACEMENT_3D('',#6730,#5518,#5519);
#4403=AXIS2_PLACEMENT_3D('',#6732,#5521,#5522);
#4404=AXIS2_PLACEMENT_3D('',#6734,#5524,#5525);
#4405=AXIS2_PLACEMENT_3D('',#6736,#5527,#5528);
#4406=AXIS2_PLACEMENT_3D('',#6738,#5530,#5531);
#4407=AXIS2_PLACEMENT_3D('',#6740,#5533,#5534);
#4408=AXIS2_PLACEMENT_3D('',#6742,#5536,#5537);
#4409=AXIS2_PLACEMENT_3D('',#6744,#5539,#5540);
#4410=AXIS2_PLACEMENT_3D('',#6746,#5542,#5543);
#4411=AXIS2_PLACEMENT_3D('',#6748,#5545,#5546);
#4412=AXIS2_PLACEMENT_3D('',#6750,#5548,#5549);
#4413=AXIS2_PLACEMENT_3D('',#6752,#5551,#5552);
#4414=AXIS2_PLACEMENT_3D('',#6754,#5554,#5555);
#4415=AXIS2_PLACEMENT_3D('',#6756,#5557,#5558);
#4416=AXIS2_PLACEMENT_3D('',#6757,#5559,#5560);
#4417=AXIS2_PLACEMENT_3D('',#6758,#5561,#5562);
#4418=AXIS2_PLACEMENT_3D('',#6759,#5563,#5564);
#4419=AXIS2_PLACEMENT_3D('',#6762,#5567,#5568);
#4420=AXIS2_PLACEMENT_3D('',#6764,#5570,#5571);
#4421=AXIS2_PLACEMENT_3D('',#6766,#5573,#5574);
#4422=AXIS2_PLACEMENT_3D('',#6769,#5577,#5578);
#4423=AXIS2_PLACEMENT_3D('',#6770,#5579,#5580);
#4424=DIRECTION('axis',(0.,0.,1.));
#4425=DIRECTION('refdir',(1.,0.,0.));
#4426=DIRECTION('center_axis',(0.,-1.30301526092817E-16,1.));
#4427=DIRECTION('ref_axis',(0.952279628422519,-0.305226979953392,-3.97715412926288E-17));
#4428=DIRECTION('center_axis',(0.,1.30301526092817E-16,-1.));
#4429=DIRECTION('ref_axis',(0.952279628422519,-0.305226979953392,-3.97715412926288E-17));
#4430=DIRECTION('',(0.,-1.30301526092817E-16,1.));
#4431=DIRECTION('center_axis',(0.,-1.30301526092817E-16,1.));
#4432=DIRECTION('ref_axis',(0.952279628422519,-0.305226979953392,-3.97715412926288E-17));
#4433=DIRECTION('',(0.,-1.30301526092817E-16,1.));
#4434=DIRECTION('center_axis',(0.,-1.30301526092817E-16,1.));
#4435=DIRECTION('ref_axis',(0.425720129428047,-0.904854889692136,-1.17903973019433E-16));
#4436=DIRECTION('center_axis',(0.,-1.30301526092817E-16,1.));
#4437=DIRECTION('ref_axis',(0.425720129428047,-0.904854889692136,-1.17903973019433E-16));
#4438=DIRECTION('center_axis',(0.,1.30301526092817E-16,-1.));
#4439=DIRECTION('ref_axis',(0.425720129428047,-0.904854889692136,-1.17903973019433E-16));
#4440=DIRECTION('',(0.,-1.30301526092817E-16,1.));
#4441=DIRECTION('center_axis',(0.,-1.30301526092817E-16,1.));
#4442=DIRECTION('ref_axis',(-4.47473514252454E-16,1.,1.30301526092817E-16));
#4443=DIRECTION('center_axis',(0.,1.30301526092817E-16,-1.));
#4444=DIRECTION('ref_axis',(-4.47473514252454E-16,1.,1.30301526092817E-16));
#4445=DIRECTION('center_axis',(0.,-1.30301526092817E-16,1.));
#4446=DIRECTION('ref_axis',(-4.47473514252454E-16,1.,1.30301526092817E-16));
#4447=DIRECTION('',(0.,-1.30301526092817E-16,1.));
#4448=DIRECTION('center_axis',(5.55111512312577E-17,1.,1.30301526092817E-16));
#4449=DIRECTION('ref_axis',(-1.,5.55111512312577E-17,7.23318772060206E-33));
#4450=DIRECTION('',(1.,-5.55111512312577E-17,-7.23318772060206E-33));
#4451=DIRECTION('',(-1.,5.55111512312577E-17,7.23318772060206E-33));
#4452=DIRECTION('',(0.,-1.30301526092817E-16,1.));
#4453=DIRECTION('center_axis',(0.,-1.30301526092817E-16,1.));
#4454=DIRECTION('ref_axis',(0.999634703184158,0.0270270270270279,3.52166286737355E-18));
#4455=DIRECTION('center_axis',(0.,1.30301526092817E-16,-1.));
#4456=DIRECTION('ref_axis',(0.999634703184158,0.0270270270270279,3.52166286737355E-18));
#4457=DIRECTION('center_axis',(0.,-1.30301526092817E-16,1.));
#4458=DIRECTION('ref_axis',(0.999634703184158,0.0270270270270279,3.52166286737355E-18));
#4459=DIRECTION('',(0.,-1.30301526092817E-16,1.));
#4460=DIRECTION('center_axis',(0.,-1.30301526092817E-16,1.));
#4461=DIRECTION('ref_axis',(-3.88386640855939E-15,-1.,-1.30301526092817E-16));
#4462=DIRECTION('center_axis',(0.,-1.30301526092817E-16,1.));
#4463=DIRECTION('ref_axis',(-3.88386640855939E-15,-1.,-1.30301526092817E-16));
#4464=DIRECTION('center_axis',(0.,1.30301526092817E-16,-1.));
#4465=DIRECTION('ref_axis',(-3.88386640855939E-15,-1.,-1.30301526092817E-16));
#4466=DIRECTION('',(0.,-1.30301526092817E-16,1.));
#4467=DIRECTION('center_axis',(5.55111512312577E-17,1.,1.30301526092817E-16));
#4468=DIRECTION('ref_axis',(-1.,5.55111512312577E-17,7.23318772060206E-33));
#4469=DIRECTION('',(1.,-5.55111512312577E-17,-7.23318772060206E-33));
#4470=DIRECTION('',(-1.,5.55111512312577E-17,7.23318772060206E-33));
#4471=DIRECTION('',(0.,-1.30301526092817E-16,1.));
#4472=DIRECTION('center_axis',(0.,-1.30301526092817E-16,1.));
#4473=DIRECTION('ref_axis',(0.957450231248508,0.288598431531042,3.76048160564883E-17));
#4474=DIRECTION('center_axis',(0.,-1.30301526092817E-16,1.));
#4475=DIRECTION('ref_axis',(0.957450231248508,0.288598431531042,3.76048160564883E-17));
#4476=DIRECTION('center_axis',(0.,1.30301526092817E-16,-1.));
#4477=DIRECTION('ref_axis',(0.957450231248508,0.288598431531042,3.76048160564883E-17));
#4478=DIRECTION('',(0.,-1.30301526092817E-16,1.));
#4479=DIRECTION('center_axis',(0.,-1.30301526092817E-16,1.));
#4480=DIRECTION('ref_axis',(-1.,-1.60104543640204E-15,-2.08618663707126E-31));
#4481=DIRECTION('center_axis',(0.,1.30301526092817E-16,-1.));
#4482=DIRECTION('ref_axis',(-1.,-1.60104543640204E-15,-2.08618663707126E-31));
#4483=DIRECTION('center_axis',(0.,-1.30301526092817E-16,1.));
#4484=DIRECTION('ref_axis',(-1.,-1.60104543640204E-15,-2.08618663707126E-31));
#4485=DIRECTION('',(0.,-1.30301526092817E-16,1.));
#4486=DIRECTION('center_axis',(-1.,1.77975831145993E-16,2.31905224059605E-32));
#4487=DIRECTION('ref_axis',(-1.77975831145993E-16,-1.,-1.30301526092817E-16));
#4488=DIRECTION('',(1.77975831145993E-16,1.,1.30301526092817E-16));
#4489=DIRECTION('',(-1.77975831145993E-16,-1.,-1.30301526092817E-16));
#4490=DIRECTION('',(0.,-1.30301526092817E-16,1.));
#4491=DIRECTION('center_axis',(0.,-1.30301526092817E-16,1.));
#4492=DIRECTION('ref_axis',(1.,1.17726513652594E-16,1.53399443905199E-32));
#4493=DIRECTION('center_axis',(0.,-1.30301526092817E-16,1.));
#4494=DIRECTION('ref_axis',(1.,1.17726513652594E-16,1.53399443905199E-32));
#4495=DIRECTION('',(0.,-1.30301526092817E-16,1.));
#4496=DIRECTION('center_axis',(0.,-1.30301526092817E-16,1.));
#4497=DIRECTION('ref_axis',(1.,1.17726513652594E-16,1.53399443905199E-32));
#4498=DIRECTION('',(0.,-1.30301526092817E-16,1.));
#4499=DIRECTION('center_axis',(0.,-1.30301526092817E-16,1.));
#4500=DIRECTION('ref_axis',(-0.957450231248508,-0.288598431531043,-3.76048160564884E-17));
#4501=DIRECTION('center_axis',(0.,1.30301526092817E-16,-1.));
#4502=DIRECTION('ref_axis',(-0.957450231248508,-0.288598431531043,-3.76048160564884E-17));
#4503=DIRECTION('center_axis',(0.,1.30301526092817E-16,-1.));
#4504=DIRECTION('ref_axis',(-0.957450231248508,-0.288598431531043,-3.76048160564884E-17));
#4505=DIRECTION('',(0.,-1.30301526092817E-16,1.));
#4506=DIRECTION('center_axis',(1.77975831145993E-16,1.,1.30301526092817E-16));
#4507=DIRECTION('ref_axis',(-1.,1.77975831145993E-16,2.31905224059605E-32));
#4508=DIRECTION('',(1.,-1.77975831145993E-16,-2.31905224059605E-32));
#4509=DIRECTION('',(1.,-1.77975831145993E-16,-2.31905224059605E-32));
#4510=DIRECTION('',(0.,-1.30301526092817E-16,1.));
#4511=DIRECTION('center_axis',(0.,-1.30301526092817E-16,1.));
#4512=DIRECTION('ref_axis',(1.41155696961839E-15,1.,1.30301526092817E-16));
#4513=DIRECTION('center_axis',(0.,1.30301526092817E-16,-1.));
#4514=DIRECTION('ref_axis',(1.41155696961839E-15,1.,1.30301526092817E-16));
#4515=DIRECTION('center_axis',(0.,1.30301526092817E-16,-1.));
#4516=DIRECTION('ref_axis',(1.41155696961839E-15,1.,1.30301526092817E-16));
#4517=DIRECTION('',(0.,-1.30301526092817E-16,1.));
#4518=DIRECTION('center_axis',(0.,-1.30301526092817E-16,1.));
#4519=DIRECTION('ref_axis',(-0.999634703184158,-0.0270270270270291,-3.52166286737371E-18));
#4520=DIRECTION('center_axis',(0.,-1.30301526092817E-16,1.));
#4521=DIRECTION('ref_axis',(-0.999634703184158,-0.0270270270270291,-3.52166286737371E-18));
#4522=DIRECTION('center_axis',(0.,-1.30301526092817E-16,1.));
#4523=DIRECTION('ref_axis',(-0.999634703184158,-0.0270270270270291,-3.52166286737371E-18));
#4524=DIRECTION('',(0.,-1.30301526092817E-16,1.));
#4525=DIRECTION('center_axis',(1.77975831145993E-16,1.,1.30301526092817E-16));
#4526=DIRECTION('ref_axis',(-1.,1.77975831145993E-16,2.31905224059605E-32));
#4527=DIRECTION('',(1.,-1.77975831145993E-16,-2.31905224059605E-32));
#4528=DIRECTION('',(1.,-1.77975831145993E-16,-2.31905224059605E-32));
#4529=DIRECTION('',(0.,-1.30301526092817E-16,1.));
#4530=DIRECTION('center_axis',(0.,-1.30301526092817E-16,1.));
#4531=DIRECTION('ref_axis',(1.05064296831438E-15,-1.,-1.30301526092817E-16));
#4532=DIRECTION('center_axis',(0.,-1.30301526092817E-16,1.));
#4533=DIRECTION('ref_axis',(1.05064296831438E-15,-1.,-1.30301526092817E-16));
#4534=DIRECTION('center_axis',(0.,-1.30301526092817E-16,1.));
#4535=DIRECTION('ref_axis',(1.05064296831438E-15,-1.,-1.30301526092817E-16));
#4536=DIRECTION('',(0.,-1.30301526092817E-16,1.));
#4537=DIRECTION('center_axis',(0.,-1.30301526092817E-16,1.));
#4538=DIRECTION('ref_axis',(-0.425720129428191,0.904854889692068,1.17903973019424E-16));
#4539=DIRECTION('center_axis',(0.,1.30301526092817E-16,-1.));
#4540=DIRECTION('ref_axis',(-0.425720129428191,0.904854889692068,1.17903973019424E-16));
#4541=DIRECTION('center_axis',(0.,1.30301526092817E-16,-1.));
#4542=DIRECTION('ref_axis',(-0.425720129428191,0.904854889692068,1.17903973019424E-16));
#4543=DIRECTION('',(0.,-1.30301526092817E-16,1.));
#4544=DIRECTION('center_axis',(0.,-1.30301526092817E-16,1.));
#4545=DIRECTION('ref_axis',(-0.952279628422495,0.305226979953467,3.97715412926385E-17));
#4546=DIRECTION('center_axis',(0.,-1.30301526092817E-16,1.));
#4547=DIRECTION('ref_axis',(-0.952279628422495,0.305226979953467,3.97715412926385E-17));
#4548=DIRECTION('center_axis',(0.,-1.30301526092817E-16,1.));
#4549=DIRECTION('ref_axis',(-0.952279628422495,0.305226979953467,3.97715412926385E-17));
#4550=DIRECTION('',(0.,-1.30301526092817E-16,1.));
#4551=DIRECTION('center_axis',(1.,-5.55111512312577E-17,-7.23318772060206E-33));
#4552=DIRECTION('ref_axis',(5.55111512312577E-17,1.,1.30301526092817E-16));
#4553=DIRECTION('',(-5.55111512312577E-17,-1.,-1.30301526092817E-16));
#4554=DIRECTION('',(-5.55111512312577E-17,-1.,-1.30301526092817E-16));
#4555=DIRECTION('',(0.,-1.30301526092817E-16,1.));
#4556=DIRECTION('center_axis',(0.,-1.30301526092817E-16,1.));
#4557=DIRECTION('ref_axis',(-0.952279628422519,0.305226979953393,3.97715412926288E-17));
#4558=DIRECTION('center_axis',(0.,1.30301526092817E-16,-1.));
#4559=DIRECTION('ref_axis',(-0.952279628422519,0.305226979953393,3.97715412926288E-17));
#4560=DIRECTION('center_axis',(0.,-1.30301526092817E-16,1.));
#4561=DIRECTION('ref_axis',(-0.952279628422519,0.305226979953393,3.97715412926288E-17));
#4562=DIRECTION('',(0.,-1.30301526092817E-16,1.));
#4563=DIRECTION('center_axis',(0.,-1.30301526092817E-16,1.));
#4564=DIRECTION('ref_axis',(-0.425720129428047,0.904854889692136,1.17903973019433E-16));
#4565=DIRECTION('center_axis',(0.,-1.30301526092817E-16,1.));
#4566=DIRECTION('ref_axis',(-0.425720129428047,0.904854889692136,1.17903973019433E-16));
#4567=DIRECTION('center_axis',(0.,1.30301526092817E-16,-1.));
#4568=DIRECTION('ref_axis',(-0.425720129428047,0.904854889692136,1.17903973019433E-16));
#4569=DIRECTION('',(0.,-1.30301526092817E-16,1.));
#4570=DIRECTION('center_axis',(0.,-1.30301526092817E-16,1.));
#4571=DIRECTION('ref_axis',(3.25008834337719E-16,-1.,-1.30301526092817E-16));
#4572=DIRECTION('center_axis',(0.,1.30301526092817E-16,-1.));
#4573=DIRECTION('ref_axis',(3.25008834337719E-16,-1.,-1.30301526092817E-16));
#4574=DIRECTION('center_axis',(0.,-1.30301526092817E-16,1.));
#4575=DIRECTION('ref_axis',(3.25008834337719E-16,-1.,-1.30301526092817E-16));
#4576=DIRECTION('',(0.,-1.30301526092817E-16,1.));
#4577=DIRECTION('center_axis',(-1.77975831145993E-16,-1.,-1.30301526092817E-16));
#4578=DIRECTION('ref_axis',(1.,-1.77975831145993E-16,-2.31905224059605E-32));
#4579=DIRECTION('',(-1.,1.77975831145993E-16,2.31905224059605E-32));
#4580=DIRECTION('',(1.,-1.77975831145993E-16,-2.31905224059605E-32));
#4581=DIRECTION('',(0.,-1.30301526092817E-16,1.));
#4582=DIRECTION('center_axis',(0.,-1.30301526092817E-16,1.));
#4583=DIRECTION('ref_axis',(-0.999634703184158,-0.0270270270270278,-3.52166286737354E-18));
#4584=DIRECTION('center_axis',(0.,1.30301526092817E-16,-1.));
#4585=DIRECTION('ref_axis',(-0.999634703184158,-0.0270270270270278,-3.52166286737354E-18));
#4586=DIRECTION('center_axis',(0.,-1.30301526092817E-16,1.));
#4587=DIRECTION('ref_axis',(-0.999634703184158,-0.0270270270270278,-3.52166286737354E-18));
#4588=DIRECTION('',(0.,-1.30301526092817E-16,1.));
#4589=DIRECTION('center_axis',(0.,-1.30301526092817E-16,1.));
#4590=DIRECTION('ref_axis',(4.00633108847412E-15,1.,1.30301526092817E-16));
#4591=DIRECTION('center_axis',(0.,-1.30301526092817E-16,1.));
#4592=DIRECTION('ref_axis',(4.00633108847412E-15,1.,1.30301526092817E-16));
#4593=DIRECTION('center_axis',(0.,1.30301526092817E-16,-1.));
#4594=DIRECTION('ref_axis',(4.00633108847412E-15,1.,1.30301526092817E-16));
#4595=DIRECTION('',(0.,-1.30301526092817E-16,1.));
#4596=DIRECTION('center_axis',(-1.77975831145993E-16,-1.,-1.30301526092817E-16));
#4597=DIRECTION('ref_axis',(1.,-1.77975831145993E-16,-2.31905224059605E-32));
#4598=DIRECTION('',(-1.,1.77975831145993E-16,2.31905224059605E-32));
#4599=DIRECTION('',(1.,-1.77975831145993E-16,-2.31905224059605E-32));
#4600=DIRECTION('',(0.,-1.30301526092817E-16,1.));
#4601=DIRECTION('center_axis',(0.,-1.30301526092817E-16,1.));
#4602=DIRECTION('ref_axis',(-0.957450231248508,-0.288598431531042,-3.76048160564883E-17));
#4603=DIRECTION('center_axis',(0.,-1.30301526092817E-16,1.));
#4604=DIRECTION('ref_axis',(-0.957450231248508,-0.288598431531042,-3.76048160564883E-17));
#4605=DIRECTION('center_axis',(0.,1.30301526092817E-16,-1.));
#4606=DIRECTION('ref_axis',(-0.957450231248508,-0.288598431531042,-3.76048160564883E-17));
#4607=DIRECTION('',(0.,-1.30301526092817E-16,1.));
#4608=DIRECTION('center_axis',(0.,-1.30301526092817E-16,1.));
#4609=DIRECTION('ref_axis',(1.,1.4785807564873E-15,1.92661329021768E-31));
#4610=DIRECTION('center_axis',(0.,1.30301526092817E-16,-1.));
#4611=DIRECTION('ref_axis',(1.,1.4785807564873E-15,1.92661329021768E-31));
#4612=DIRECTION('center_axis',(0.,-1.30301526092817E-16,1.));
#4613=DIRECTION('ref_axis',(1.,1.4785807564873E-15,1.92661329021768E-31));
#4614=DIRECTION('',(0.,-1.30301526092817E-16,1.));
#4615=DIRECTION('center_axis',(1.,-5.55111512312577E-17,-7.23318772060206E-33));
#4616=DIRECTION('ref_axis',(5.55111512312577E-17,1.,1.30301526092817E-16));
#4617=DIRECTION('',(-5.55111512312577E-17,-1.,-1.30301526092817E-16));
#4618=DIRECTION('',(5.55111512312577E-17,1.,1.30301526092817E-16));
#4619=DIRECTION('center_axis',(0.,-1.30301526092817E-16,1.));
#4620=DIRECTION('ref_axis',(-1.,-2.40191193567329E-16,-3.12972790758783E-32));
#4621=DIRECTION('center_axis',(0.,-1.30301526092817E-16,1.));
#4622=DIRECTION('ref_axis',(-1.,-2.40191193567329E-16,-3.12972790758783E-32));
#4623=DIRECTION('center_axis',(0.,-1.30301526092817E-16,1.));
#4624=DIRECTION('ref_axis',(-1.,-2.40191193567329E-16,-3.12972790758783E-32));
#4625=DIRECTION('',(0.,-1.30301526092817E-16,1.));
#4626=DIRECTION('center_axis',(0.,-1.30301526092817E-16,1.));
#4627=DIRECTION('ref_axis',(0.957450231248508,0.288598431531043,3.76048160564884E-17));
#4628=DIRECTION('center_axis',(0.,1.30301526092817E-16,-1.));
#4629=DIRECTION('ref_axis',(0.957450231248508,0.288598431531043,3.76048160564884E-17));
#4630=DIRECTION('center_axis',(0.,1.30301526092817E-16,-1.));
#4631=DIRECTION('ref_axis',(0.957450231248508,0.288598431531043,3.76048160564884E-17));
#4632=DIRECTION('',(0.,-1.30301526092817E-16,1.));
#4633=DIRECTION('center_axis',(-5.55111512312577E-17,-1.,-1.30301526092817E-16));
#4634=DIRECTION('ref_axis',(1.,-5.55111512312577E-17,-7.23318772060206E-33));
#4635=DIRECTION('',(-1.,5.55111512312577E-17,7.23318772060206E-33));
#4636=DIRECTION('',(-1.,5.55111512312577E-17,7.23318772060206E-33));
#4637=DIRECTION('',(0.,-1.30301526092817E-16,1.));
#4638=DIRECTION('center_axis',(0.,-1.30301526092817E-16,1.));
#4639=DIRECTION('ref_axis',(-1.28909228970366E-15,-1.,-1.30301526092817E-16));
#4640=DIRECTION('center_axis',(0.,1.30301526092817E-16,-1.));
#4641=DIRECTION('ref_axis',(-1.28909228970366E-15,-1.,-1.30301526092817E-16));
#4642=DIRECTION('center_axis',(0.,1.30301526092817E-16,-1.));
#4643=DIRECTION('ref_axis',(-1.28909228970366E-15,-1.,-1.30301526092817E-16));
#4644=DIRECTION('',(0.,-1.30301526092817E-16,1.));
#4645=DIRECTION('center_axis',(0.,-1.30301526092817E-16,1.));
#4646=DIRECTION('ref_axis',(0.999634703184158,0.0270270270270292,3.52166286737373E-18));
#4647=DIRECTION('center_axis',(0.,-1.30301526092817E-16,1.));
#4648=DIRECTION('ref_axis',(0.999634703184158,0.0270270270270292,3.52166286737373E-18));
#4649=DIRECTION('center_axis',(0.,-1.30301526092817E-16,1.));
#4650=DIRECTION('ref_axis',(0.999634703184158,0.0270270270270292,3.52166286737373E-18));
#4651=DIRECTION('',(0.,-1.30301526092817E-16,1.));
#4652=DIRECTION('center_axis',(-5.55111512312577E-17,-1.,-1.30301526092817E-16));
#4653=DIRECTION('ref_axis',(1.,-5.55111512312577E-17,-7.23318772060206E-33));
#4654=DIRECTION('',(-1.,5.55111512312577E-17,7.23318772060206E-33));
#4655=DIRECTION('',(-1.,5.55111512312577E-17,7.23318772060206E-33));
#4656=DIRECTION('',(0.,-1.30301526092817E-16,1.));
#4657=DIRECTION('center_axis',(0.,-1.30301526092817E-16,1.));
#4658=DIRECTION('ref_axis',(-1.17310764822911E-15,1.,1.30301526092817E-16));
#4659=DIRECTION('center_axis',(0.,-1.30301526092817E-16,1.));
#4660=DIRECTION('ref_axis',(-1.17310764822911E-15,1.,1.30301526092817E-16));
#4661=DIRECTION('center_axis',(0.,-1.30301526092817E-16,1.));
#4662=DIRECTION('ref_axis',(-1.17310764822911E-15,1.,1.30301526092817E-16));
#4663=DIRECTION('',(0.,-1.30301526092817E-16,1.));
#4664=DIRECTION('center_axis',(0.,-1.30301526092817E-16,1.));
#4665=DIRECTION('ref_axis',(0.425720129428191,-0.904854889692068,-1.17903973019424E-16));
#4666=DIRECTION('center_axis',(0.,1.30301526092817E-16,-1.));
#4667=DIRECTION('ref_axis',(0.425720129428191,-0.904854889692068,-1.17903973019424E-16));
#4668=DIRECTION('center_axis',(0.,1.30301526092817E-16,-1.));
#4669=DIRECTION('ref_axis',(0.425720129428191,-0.904854889692068,-1.17903973019424E-16));
#4670=DIRECTION('',(0.,-1.30301526092817E-16,1.));
#4671=DIRECTION('center_axis',(0.,-1.30301526092817E-16,1.));
#4672=DIRECTION('ref_axis',(0.952279628422495,-0.305226979953467,-3.97715412926385E-17));
#4673=DIRECTION('center_axis',(0.,-1.30301526092817E-16,1.));
#4674=DIRECTION('ref_axis',(0.952279628422495,-0.305226979953467,-3.97715412926385E-17));
#4675=DIRECTION('center_axis',(0.,-1.30301526092817E-16,1.));
#4676=DIRECTION('ref_axis',(0.952279628422495,-0.305226979953467,-3.97715412926385E-17));
#4677=DIRECTION('',(0.,-1.30301526092817E-16,1.));
#4678=DIRECTION('center_axis',(-1.,5.55111512312577E-17,7.23318772060206E-33));
#4679=DIRECTION('ref_axis',(-5.55111512312577E-17,-1.,-1.30301526092817E-16));
#4680=DIRECTION('',(5.55111512312577E-17,1.,1.30301526092817E-16));
#4681=DIRECTION('',(5.55111512312577E-17,1.,1.30301526092817E-16));
#4682=DIRECTION('center_axis',(0.,1.30301526092817E-16,-1.));
#4683=DIRECTION('ref_axis',(1.,-5.55111512312577E-17,-7.23318772060206E-33));
#4684=DIRECTION('center_axis',(0.,-1.30301526092817E-16,1.));
#4685=DIRECTION('ref_axis',(1.,-5.55111512312577E-17,-7.23318772060206E-33));
#4686=DIRECTION('',(1.,-5.55111512312577E-17,-7.23318772060206E-33));
#4687=DIRECTION('',(3.15651644256173E-17,-1.,-1.30301526092817E-16));
#4688=DIRECTION('',(-1.,-5.80666517994544E-17,-7.56617334456915E-33));
#4689=DIRECTION('',(1.42587466888133E-16,1.,1.30301526092817E-16));
#4690=DIRECTION('center_axis',(0.,1.30301526092817E-16,-1.));
#4691=DIRECTION('ref_axis',(1.,-5.55111512312577E-17,-7.23318772060206E-33));
#4692=DIRECTION('center_axis',(0.,1.30301526092817E-16,-1.));
#4693=DIRECTION('ref_axis',(1.,-5.55111512312577E-17,-7.23318772060206E-33));
#4694=DIRECTION('center_axis',(-1.,8.25232510114712E-15,1.07529055449353E-30));
#4695=DIRECTION('ref_axis',(-8.25232510114712E-15,-1.,-1.30301526092817E-16));
#4696=DIRECTION('',(0.,-1.30301526092817E-16,1.));
#4697=DIRECTION('',(8.25232510114712E-15,1.,1.30301526092817E-16));
#4698=DIRECTION('',(0.,-1.30301526092817E-16,1.));
#4699=DIRECTION('',(8.25232510114712E-15,1.,1.30301526092817E-16));
#4700=DIRECTION('center_axis',(0.,1.30301526092817E-16,-1.));
#4701=DIRECTION('ref_axis',(-5.55111512312577E-17,-1.,-1.30301526092817E-16));
#4702=DIRECTION('',(-1.,5.65663632047924E-15,7.37068345110504E-31));
#4703=DIRECTION('center_axis',(0.,1.30301526092817E-16,-1.));
#4704=DIRECTION('ref_axis',(1.,-5.55111512312577E-17,-7.23318772060206E-33));
#4705=DIRECTION('center_axis',(0.,1.30301526092817E-16,-1.));
#4706=DIRECTION('ref_axis',(1.,-5.55111512312577E-17,-7.23318772060206E-33));
#4707=DIRECTION('',(1.,-1.77975831145993E-16,-2.31905224059605E-32));
#4708=DIRECTION('center_axis',(0.,-1.30301526092817E-16,1.));
#4709=DIRECTION('ref_axis',(-2.80958052522075E-15,1.,1.30301526092817E-16));
#4710=DIRECTION('',(7.238368823508E-16,-1.,-1.30301526092817E-16));
#4711=DIRECTION('center_axis',(0.,-1.30301526092817E-16,1.));
#4712=DIRECTION('ref_axis',(-1.,5.55111512312577E-17,7.23318772060206E-33));
#4713=DIRECTION('',(5.55111512312577E-17,1.,1.30301526092817E-16));
#4714=DIRECTION('center_axis',(0.,1.30301526092817E-16,-1.));
#4715=DIRECTION('ref_axis',(-1.,5.55111512312577E-17,7.23318772060206E-33));
#4716=DIRECTION('',(4.36035740683425E-16,-1.,-1.30301526092817E-16));
#4717=DIRECTION('center_axis',(0.,-1.30301526092817E-16,1.));
#4718=DIRECTION('ref_axis',(-1.,5.55111512312577E-17,7.23318772060206E-33));
#4719=DIRECTION('',(5.55111512312577E-17,1.,1.30301526092817E-16));
#4720=DIRECTION('center_axis',(0.,1.30301526092817E-16,-1.));
#4721=DIRECTION('ref_axis',(-1.,5.55111512312577E-17,7.23318772060206E-33));
#4722=DIRECTION('',(4.36035740683425E-16,-1.,-1.30301526092817E-16));
#4723=DIRECTION('center_axis',(0.,-1.30301526092817E-16,1.));
#4724=DIRECTION('ref_axis',(-1.,1.58874146883938E-15,2.07015437956716E-31));
#4725=DIRECTION('',(5.55111512312577E-17,1.,1.30301526092817E-16));
#4726=DIRECTION('center_axis',(0.,1.30301526092817E-16,-1.));
#4727=DIRECTION('ref_axis',(-1.,-1.26978200034369E-14,-1.65454532449973E-30));
#4728=DIRECTION('',(4.36035740683425E-16,-1.,-1.30301526092817E-16));
#4729=DIRECTION('center_axis',(0.,-1.30301526092817E-16,1.));
#4730=DIRECTION('ref_axis',(-1.,3.12197178644749E-15,4.06797688192828E-31));
#4731=DIRECTION('',(5.55111512312577E-17,1.,1.30301526092817E-16));
#4732=DIRECTION('center_axis',(0.,1.30301526092817E-16,-1.));
#4733=DIRECTION('ref_axis',(-1.,-1.26978200034372E-14,-1.65454532449977E-30));
#4734=DIRECTION('',(4.3859588074548E-16,-1.,-1.30301526092817E-16));
#4735=DIRECTION('center_axis',(0.,-1.30301526092817E-16,1.));
#4736=DIRECTION('ref_axis',(-1.,3.12197178644748E-15,4.06797688192825E-31));
#4737=DIRECTION('',(5.55111512312577E-17,1.,1.30301526092817E-16));
#4738=DIRECTION('center_axis',(0.,1.30301526092817E-16,-1.));
#4739=DIRECTION('ref_axis',(-1.,-1.26978200034375E-14,-1.65454532449981E-30));
#4740=DIRECTION('',(4.36035740683425E-16,-1.,-1.30301526092817E-16));
#4741=DIRECTION('center_axis',(0.,-1.30301526092817E-16,1.));
#4742=DIRECTION('ref_axis',(-1.,4.65520210405556E-15,6.06579938428934E-31));
#4743=DIRECTION('',(5.55111512312577E-17,1.,1.30301526092817E-16));
#4744=DIRECTION('center_axis',(0.,1.30301526092817E-16,-1.));
#4745=DIRECTION('ref_axis',(-1.,-2.54511511581067E-14,-3.31632383672027E-30));
#4746=DIRECTION('',(4.36035740683425E-16,-1.,-1.30301526092817E-16));
#4747=DIRECTION('center_axis',(0.,-1.30301526092817E-16,1.));
#4748=DIRECTION('ref_axis',(-1.,6.18843242166366E-15,8.06362188665044E-31));
#4749=DIRECTION('',(5.55111512312577E-17,1.,1.30301526092817E-16));
#4750=DIRECTION('center_axis',(0.,1.30301526092817E-16,-1.));
#4751=DIRECTION('ref_axis',(-1.,-2.54511511581067E-14,-3.31632383672027E-30));
#4752=DIRECTION('',(4.36035740683425E-16,-1.,-1.30301526092817E-16));
#4753=DIRECTION('center_axis',(0.,-1.30301526092817E-16,1.));
#4754=DIRECTION('ref_axis',(-1.,6.18843242166367E-15,8.06362188665045E-31));
#4755=DIRECTION('',(5.55111512312577E-17,1.,1.30301526092817E-16));
#4756=DIRECTION('center_axis',(0.,1.30301526092817E-16,-1.));
#4757=DIRECTION('ref_axis',(-1.,-2.54511511581067E-14,-3.31632383672027E-30));
#4758=DIRECTION('',(1.21816892924603E-17,-1.,-1.30301526092817E-16));
#4759=DIRECTION('center_axis',(0.,1.30301526092817E-16,-1.));
#4760=DIRECTION('ref_axis',(1.,3.44847607259973E-14,4.4934169495431E-30));
#4761=DIRECTION('',(-1.,5.55111512312577E-17,7.23318772060206E-33));
#4762=DIRECTION('center_axis',(0.,-1.30301526092817E-16,1.));
#4763=DIRECTION('ref_axis',(1.,-5.55111512312577E-17,-7.23318772060206E-33));
#4764=DIRECTION('',(-1.,5.55111512312577E-17,7.23318772060206E-33));
#4765=DIRECTION('center_axis',(0.,1.30301526092817E-16,-1.));
#4766=DIRECTION('ref_axis',(1.,8.5397638781249E-15,1.11274426579199E-30));
#4767=DIRECTION('',(1.21816892924603E-17,-1.,-1.30301526092817E-16));
#4768=DIRECTION('center_axis',(0.,1.30301526092817E-16,-1.));
#4769=DIRECTION('ref_axis',(-1.,-3.01094948398498E-15,-3.92331312751624E-31));
#4770=DIRECTION('',(5.55111512312577E-17,1.,1.30301526092817E-16));
#4771=DIRECTION('center_axis',(0.,-1.30301526092817E-16,1.));
#4772=DIRECTION('ref_axis',(-1.,1.28088423058996E-14,1.66901169994097E-30));
#4773=DIRECTION('',(4.36035740683425E-16,-1.,-1.30301526092817E-16));
#4774=DIRECTION('center_axis',(0.,1.30301526092817E-16,-1.));
#4775=DIRECTION('ref_axis',(-1.,-3.01094948398498E-15,-3.92331312751624E-31));
#4776=DIRECTION('',(5.55111512312577E-17,1.,1.30301526092817E-16));
#4777=DIRECTION('center_axis',(0.,-1.30301526092817E-16,1.));
#4778=DIRECTION('ref_axis',(-1.,1.28088423058996E-14,1.66901169994096E-30));
#4779=DIRECTION('',(4.36035740683425E-16,-1.,-1.30301526092817E-16));
#4780=DIRECTION('center_axis',(0.,1.30301526092817E-16,-1.));
#4781=DIRECTION('ref_axis',(-1.,-3.01094948398498E-15,-3.92331312751624E-31));
#4782=DIRECTION('',(5.55111512312577E-17,1.,1.30301526092817E-16));
#4783=DIRECTION('center_axis',(0.,-1.30301526092817E-16,1.));
#4784=DIRECTION('ref_axis',(-1.,6.43217672856545E-15,8.38122443830784E-31));
#4785=DIRECTION('',(4.36035740683425E-16,-1.,-1.30301526092817E-16));
#4786=DIRECTION('center_axis',(0.,1.30301526092817E-16,-1.));
#4787=DIRECTION('ref_axis',(-1.,5.55111512312577E-17,7.23318772060206E-33));
#4788=DIRECTION('',(5.55111512312577E-17,1.,1.30301526092817E-16));
#4789=DIRECTION('center_axis',(0.,-1.30301526092817E-16,1.));
#4790=DIRECTION('ref_axis',(-1.,5.55111512312577E-17,7.23318772060206E-33));
#4791=DIRECTION('',(4.3859588074548E-16,-1.,-1.30301526092817E-16));
#4792=DIRECTION('center_axis',(0.,1.30301526092817E-16,-1.));
#4793=DIRECTION('ref_axis',(-1.,5.55111512312577E-17,7.23318772060206E-33));
#4794=DIRECTION('',(5.55111512312577E-17,1.,1.30301526092817E-16));
#4795=DIRECTION('center_axis',(0.,-1.30301526092817E-16,1.));
#4796=DIRECTION('ref_axis',(-1.,5.55111512312577E-17,7.23318772060206E-33));
#4797=DIRECTION('',(4.36035740683425E-16,-1.,-1.30301526092817E-16));
#4798=DIRECTION('center_axis',(0.,1.30301526092817E-16,-1.));
#4799=DIRECTION('ref_axis',(-1.,5.55111512312577E-17,7.23318772060206E-33));
#4800=DIRECTION('',(5.55111512312577E-17,1.,1.30301526092817E-16));
#4801=DIRECTION('center_axis',(0.,-1.30301526092817E-16,1.));
#4802=DIRECTION('ref_axis',(-1.,-6.32115442610334E-15,-8.23656068389633E-31));
#4803=DIRECTION('',(4.36035740683425E-16,-1.,-1.30301526092817E-16));
#4804=DIRECTION('center_axis',(0.,1.30301526092817E-16,-1.));
#4805=DIRECTION('ref_axis',(-1.,3.12197178644746E-15,4.06797688192823E-31));
#4806=DIRECTION('',(5.55111512312577E-17,1.,1.30301526092817E-16));
#4807=DIRECTION('center_axis',(0.,-1.30301526092817E-16,1.));
#4808=DIRECTION('ref_axis',(-1.,-1.26978200034376E-14,-1.65454532449983E-30));
#4809=DIRECTION('',(4.36035740683425E-16,-1.,-1.30301526092817E-16));
#4810=DIRECTION('center_axis',(0.,1.30301526092817E-16,-1.));
#4811=DIRECTION('ref_axis',(-1.,3.12197178644747E-15,4.06797688192824E-31));
#4812=DIRECTION('',(5.55111512312577E-17,1.,1.30301526092817E-16));
#4813=DIRECTION('center_axis',(0.,-1.30301526092817E-16,1.));
#4814=DIRECTION('ref_axis',(-1.,-1.26978200034375E-14,-1.65454532449981E-30));
#4815=DIRECTION('',(7.238368823508E-16,-1.,-1.30301526092817E-16));
#4816=DIRECTION('center_axis',(0.,-1.30301526092817E-16,1.));
#4817=DIRECTION('ref_axis',(-9.81313795654783E-15,1.,1.30301526092817E-16));
#4818=DIRECTION('center_axis',(0.,-1.30301526092817E-16,1.));
#4819=DIRECTION('ref_axis',(1.,-5.55111512312577E-17,-7.23318772060206E-33));
#4820=DIRECTION('center_axis',(0.,-1.30301526092817E-16,1.));
#4821=DIRECTION('ref_axis',(1.,-5.55111512312577E-17,-7.23318772060206E-33));
#4822=DIRECTION('',(0.,-1.30301526092817E-16,1.));
#4823=DIRECTION('',(0.,1.30301526092817E-16,-1.));
#4824=DIRECTION('center_axis',(0.,1.30301526092817E-16,-1.));
#4825=DIRECTION('ref_axis',(1.,-5.55111512312577E-17,-7.23318772060206E-33));
#4826=DIRECTION('',(0.,1.30301526092817E-16,-1.));
#4827=DIRECTION('center_axis',(0.,-1.30301526092817E-16,1.));
#4828=DIRECTION('ref_axis',(1.,-5.55111512312577E-17,-7.23318772060206E-33));
#4829=DIRECTION('',(1.,-1.77975831145993E-16,-2.31905224059605E-32));
#4830=DIRECTION('',(-1.,5.65663632047924E-15,7.37068345110504E-31));
#4831=DIRECTION('center_axis',(0.,-1.30301526092817E-16,1.));
#4832=DIRECTION('ref_axis',(-4.38538094726932E-15,1.,1.30301526092817E-16));
#4833=DIRECTION('',(7.23836882350799E-16,-1.,-1.30301526092817E-16));
#4834=DIRECTION('center_axis',(0.,-1.30301526092817E-16,1.));
#4835=DIRECTION('ref_axis',(-1.,-4.88862319302394E-15,-6.36995062543761E-31));
#4836=DIRECTION('',(5.55111512312577E-17,1.,1.30301526092817E-16));
#4837=DIRECTION('center_axis',(0.,1.30301526092817E-16,-1.));
#4838=DIRECTION('ref_axis',(-1.,2.52757832335885E-15,3.29347312852783E-31));
#4839=DIRECTION('',(4.36035740683425E-16,-1.,-1.30301526092817E-16));
#4840=DIRECTION('center_axis',(0.,-1.30301526092817E-16,1.));
#4841=DIRECTION('ref_axis',(-1.,-4.88862319302394E-15,-6.36995062543761E-31));
#4842=DIRECTION('',(5.55111512312577E-17,1.,1.30301526092817E-16));
#4843=DIRECTION('center_axis',(0.,1.30301526092817E-16,-1.));
#4844=DIRECTION('ref_axis',(-1.,2.52757832335885E-15,3.29347312852783E-31));
#4845=DIRECTION('',(4.36035740683425E-16,-1.,-1.30301526092817E-16));
#4846=DIRECTION('center_axis',(0.,-1.30301526092817E-16,1.));
#4847=DIRECTION('ref_axis',(-1.,-4.88862319302394E-15,-6.36995062543761E-31));
#4848=DIRECTION('',(5.55111512312577E-17,1.,1.30301526092817E-16));
#4849=DIRECTION('center_axis',(0.,1.30301526092817E-16,-1.));
#4850=DIRECTION('ref_axis',(-1.,2.52757832335885E-15,3.29347312852783E-31));
#4851=DIRECTION('',(4.36035740683425E-16,-1.,-1.30301526092817E-16));
#4852=DIRECTION('center_axis',(0.,-1.30301526092817E-16,1.));
#4853=DIRECTION('ref_axis',(-1.,-4.88862319302394E-15,-6.36995062543761E-31));
#4854=DIRECTION('',(5.55111512312577E-17,1.,1.30301526092817E-16));
#4855=DIRECTION('center_axis',(0.,1.30301526092817E-16,-1.));
#4856=DIRECTION('ref_axis',(-1.,2.52757832335885E-15,3.29347312852783E-31));
#4857=DIRECTION('',(4.3859588074548E-16,-1.,-1.30301526092817E-16));
#4858=DIRECTION('center_axis',(0.,-1.30301526092817E-16,1.));
#4859=DIRECTION('ref_axis',(-1.,-4.88862319302394E-15,-6.36995062543761E-31));
#4860=DIRECTION('',(5.55111512312577E-17,1.,1.30301526092817E-16));
#4861=DIRECTION('center_axis',(0.,1.30301526092817E-16,-1.));
#4862=DIRECTION('ref_axis',(-1.,2.52757832335885E-15,3.29347312852783E-31));
#4863=DIRECTION('',(4.36035740683425E-16,-1.,-1.30301526092817E-16));
#4864=DIRECTION('center_axis',(0.,-1.30301526092817E-16,1.));
#4865=DIRECTION('ref_axis',(-1.,-4.88862319302394E-15,-6.36995062543761E-31));
#4866=DIRECTION('',(5.55111512312577E-17,1.,1.30301526092817E-16));
#4867=DIRECTION('center_axis',(0.,1.30301526092817E-16,-1.));
#4868=DIRECTION('ref_axis',(-1.,2.52757832335885E-15,3.29347312852783E-31));
#4869=DIRECTION('',(4.36035740683425E-16,-1.,-1.30301526092817E-16));
#4870=DIRECTION('center_axis',(0.,-1.30301526092817E-16,1.));
#4871=DIRECTION('ref_axis',(-1.,-4.88862319302394E-15,-6.36995062543761E-31));
#4872=DIRECTION('',(5.55111512312577E-17,1.,1.30301526092817E-16));
#4873=DIRECTION('center_axis',(0.,1.30301526092817E-16,-1.));
#4874=DIRECTION('ref_axis',(-1.,2.52757832335885E-15,3.29347312852783E-31));
#4875=DIRECTION('',(4.36035740683425E-16,-1.,-1.30301526092817E-16));
#4876=DIRECTION('center_axis',(0.,-1.30301526092817E-16,1.));
#4877=DIRECTION('ref_axis',(-1.,-4.88862319302394E-15,-6.36995062543761E-31));
#4878=DIRECTION('',(5.55111512312577E-17,1.,1.30301526092817E-16));
#4879=DIRECTION('center_axis',(0.,1.30301526092817E-16,-1.));
#4880=DIRECTION('ref_axis',(-1.,2.52757832335885E-15,3.29347312852783E-31));
#4881=DIRECTION('',(1.21816892924603E-17,-1.,-1.30301526092817E-16));
#4882=DIRECTION('center_axis',(0.,1.30301526092817E-16,-1.));
#4883=DIRECTION('ref_axis',(1.,-5.55111512312577E-17,-7.23318772060206E-33));
#4884=DIRECTION('',(-1.,5.55111512312577E-17,7.23318772060206E-33));
#4885=DIRECTION('center_axis',(0.,1.30301526092817E-16,-1.));
#4886=DIRECTION('ref_axis',(1.,-5.55111512312577E-17,-7.23318772060206E-33));
#4887=DIRECTION('center_axis',(0.,1.30301526092817E-16,-1.));
#4888=DIRECTION('ref_axis',(1.,-5.55111512312577E-17,-7.23318772060206E-33));
#4889=DIRECTION('',(1.,-5.55111512312577E-17,-7.23318772060206E-33));
#4890=DIRECTION('center_axis',(0.,-1.30301526092817E-16,1.));
#4891=DIRECTION('ref_axis',(1.,-5.55111512312577E-17,-7.23318772060206E-33));
#4892=DIRECTION('',(-1.21816892924603E-17,1.,1.30301526092817E-16));
#4893=DIRECTION('center_axis',(0.,-1.30301526092817E-16,1.));
#4894=DIRECTION('ref_axis',(-1.,2.52757832335885E-15,3.29347312852783E-31));
#4895=DIRECTION('',(-5.55111512312577E-17,-1.,-1.30301526092817E-16));
#4896=DIRECTION('center_axis',(0.,1.30301526092817E-16,-1.));
#4897=DIRECTION('ref_axis',(-1.,-4.88862319302394E-15,-6.36995062543761E-31));
#4898=DIRECTION('',(-4.36035740683425E-16,1.,1.30301526092817E-16));
#4899=DIRECTION('center_axis',(0.,-1.30301526092817E-16,1.));
#4900=DIRECTION('ref_axis',(-1.,2.52757832335885E-15,3.29347312852783E-31));
#4901=DIRECTION('',(-5.55111512312577E-17,-1.,-1.30301526092817E-16));
#4902=DIRECTION('center_axis',(0.,1.30301526092817E-16,-1.));
#4903=DIRECTION('ref_axis',(-1.,-4.88862319302394E-15,-6.36995062543761E-31));
#4904=DIRECTION('',(-4.36035740683425E-16,1.,1.30301526092817E-16));
#4905=DIRECTION('center_axis',(0.,-1.30301526092817E-16,1.));
#4906=DIRECTION('ref_axis',(-1.,2.52757832335885E-15,3.29347312852783E-31));
#4907=DIRECTION('',(-5.55111512312577E-17,-1.,-1.30301526092817E-16));
#4908=DIRECTION('center_axis',(0.,1.30301526092817E-16,-1.));
#4909=DIRECTION('ref_axis',(-1.,-4.88862319302394E-15,-6.36995062543761E-31));
#4910=DIRECTION('',(-4.36035740683425E-16,1.,1.30301526092817E-16));
#4911=DIRECTION('center_axis',(0.,-1.30301526092817E-16,1.));
#4912=DIRECTION('ref_axis',(-1.,2.52757832335885E-15,3.29347312852783E-31));
#4913=DIRECTION('',(-5.55111512312577E-17,-1.,-1.30301526092817E-16));
#4914=DIRECTION('center_axis',(0.,1.30301526092817E-16,-1.));
#4915=DIRECTION('ref_axis',(-1.,-4.88862319302394E-15,-6.36995062543761E-31));
#4916=DIRECTION('',(-4.3859588074548E-16,1.,1.30301526092817E-16));
#4917=DIRECTION('center_axis',(0.,-1.30301526092817E-16,1.));
#4918=DIRECTION('ref_axis',(-1.,2.52757832335885E-15,3.29347312852783E-31));
#4919=DIRECTION('',(-5.55111512312577E-17,-1.,-1.30301526092817E-16));
#4920=DIRECTION('center_axis',(0.,1.30301526092817E-16,-1.));
#4921=DIRECTION('ref_axis',(-1.,-4.88862319302394E-15,-6.36995062543761E-31));
#4922=DIRECTION('',(-4.36035740683425E-16,1.,1.30301526092817E-16));
#4923=DIRECTION('center_axis',(0.,-1.30301526092817E-16,1.));
#4924=DIRECTION('ref_axis',(-1.,2.52757832335885E-15,3.29347312852783E-31));
#4925=DIRECTION('',(-5.55111512312577E-17,-1.,-1.30301526092817E-16));
#4926=DIRECTION('center_axis',(0.,1.30301526092817E-16,-1.));
#4927=DIRECTION('ref_axis',(-1.,-4.88862319302394E-15,-6.36995062543761E-31));
#4928=DIRECTION('',(-4.36035740683425E-16,1.,1.30301526092817E-16));
#4929=DIRECTION('center_axis',(0.,-1.30301526092817E-16,1.));
#4930=DIRECTION('ref_axis',(-1.,2.52757832335885E-15,3.29347312852783E-31));
#4931=DIRECTION('',(-5.55111512312577E-17,-1.,-1.30301526092817E-16));
#4932=DIRECTION('center_axis',(0.,1.30301526092817E-16,-1.));
#4933=DIRECTION('ref_axis',(-1.,-4.88862319302394E-15,-6.36995062543761E-31));
#4934=DIRECTION('',(-4.36035740683425E-16,1.,1.30301526092817E-16));
#4935=DIRECTION('center_axis',(0.,-1.30301526092817E-16,1.));
#4936=DIRECTION('ref_axis',(-1.,2.52757832335885E-15,3.29347312852783E-31));
#4937=DIRECTION('',(-5.55111512312577E-17,-1.,-1.30301526092817E-16));
#4938=DIRECTION('center_axis',(0.,1.30301526092817E-16,-1.));
#4939=DIRECTION('ref_axis',(-1.,-4.88862319302394E-15,-6.36995062543761E-31));
#4940=DIRECTION('',(-7.23836882350799E-16,1.,1.30301526092817E-16));
#4941=DIRECTION('center_axis',(0.,1.30301526092817E-16,-1.));
#4942=DIRECTION('ref_axis',(-4.38538094726932E-15,1.,1.30301526092817E-16));
#4943=DIRECTION('center_axis',(0.,1.30301526092817E-16,-1.));
#4944=DIRECTION('ref_axis',(-4.27706650584251E-15,1.,1.30301526092817E-16));
#4945=DIRECTION('center_axis',(0.,1.30301526092817E-16,-1.));
#4946=DIRECTION('ref_axis',(-4.27706650584251E-15,1.,1.30301526092817E-16));
#4947=DIRECTION('',(0.,1.30301526092817E-16,-1.));
#4948=DIRECTION('center_axis',(0.,-1.30301526092817E-16,1.));
#4949=DIRECTION('ref_axis',(-4.27706650584251E-15,1.,1.30301526092817E-16));
#4950=DIRECTION('',(0.,1.30301526092817E-16,-1.));
#4951=DIRECTION('center_axis',(5.55111512312577E-17,1.,1.30301526092817E-16));
#4952=DIRECTION('ref_axis',(1.,-5.55111512312577E-17,-7.23318772060206E-33));
#4953=DIRECTION('',(-1.,5.55111512312577E-17,7.23318772060206E-33));
#4954=DIRECTION('',(1.,-5.55111512312577E-17,-7.23318772060206E-33));
#4955=DIRECTION('',(0.,1.30301526092817E-16,-1.));
#4956=DIRECTION('center_axis',(-5.55111512312577E-17,-1.,-1.30301526092817E-16));
#4957=DIRECTION('ref_axis',(-1.,5.55111512312577E-17,7.23318772060206E-33));
#4958=DIRECTION('',(1.,-5.55111512312577E-17,-7.23318772060206E-33));
#4959=DIRECTION('',(0.,1.30301526092817E-16,-1.));
#4960=DIRECTION('',(1.,-5.55111512312577E-17,-7.23318772060206E-33));
#4961=DIRECTION('',(0.,1.30301526092817E-16,-1.));
#4962=DIRECTION('center_axis',(0.,1.30301526092817E-16,-1.));
#4963=DIRECTION('ref_axis',(4.32498969483097E-16,-1.,-1.30301526092817E-16));
#4964=DIRECTION('center_axis',(0.,-1.30301526092817E-16,1.));
#4965=DIRECTION('ref_axis',(4.32498969483097E-16,-1.,-1.30301526092817E-16));
#4966=DIRECTION('center_axis',(0.,-1.30301526092817E-16,1.));
#4967=DIRECTION('ref_axis',(4.32498969483097E-16,-1.,-1.30301526092817E-16));
#4968=DIRECTION('',(0.,1.30301526092817E-16,-1.));
#4969=DIRECTION('center_axis',(0.,1.30301526092817E-16,-1.));
#4970=DIRECTION('ref_axis',(3.19392209157407E-15,-1.,-1.30301526092817E-16));
#4971=DIRECTION('center_axis',(0.,1.30301526092817E-16,-1.));
#4972=DIRECTION('ref_axis',(3.19392209157407E-15,-1.,-1.30301526092817E-16));
#4973=DIRECTION('center_axis',(0.,-1.30301526092817E-16,1.));
#4974=DIRECTION('ref_axis',(3.19392209157407E-15,-1.,-1.30301526092817E-16));
#4975=DIRECTION('',(0.,1.30301526092817E-16,-1.));
#4976=DIRECTION('center_axis',(-5.55111512312577E-17,-1.,-1.30301526092817E-16));
#4977=DIRECTION('ref_axis',(-1.,5.55111512312577E-17,7.23318772060206E-33));
#4978=DIRECTION('',(1.,-5.55111512312577E-17,-7.23318772060206E-33));
#4979=DIRECTION('',(-1.,5.55111512312577E-17,7.23318772060206E-33));
#4980=DIRECTION('center_axis',(5.55111512312577E-17,1.,1.30301526092817E-16));
#4981=DIRECTION('ref_axis',(1.,-5.55111512312577E-17,-7.23318772060206E-33));
#4982=DIRECTION('',(-1.,5.55111512312577E-17,7.23318772060206E-33));
#4983=DIRECTION('',(-1.,5.55111512312577E-17,7.23318772060206E-33));
#4984=DIRECTION('',(0.,1.30301526092817E-16,-1.));
#4985=DIRECTION('center_axis',(0.,1.30301526092817E-16,-1.));
#4986=DIRECTION('ref_axis',(5.43521271945612E-16,1.,1.30301526092817E-16));
#4987=DIRECTION('center_axis',(0.,-1.30301526092817E-16,1.));
#4988=DIRECTION('ref_axis',(5.43521271945612E-16,1.,1.30301526092817E-16));
#4989=DIRECTION('center_axis',(0.,-1.30301526092817E-16,1.));
#4990=DIRECTION('ref_axis',(5.43521271945612E-16,1.,1.30301526092817E-16));
#4991=DIRECTION('center_axis',(0.,-1.30301526092817E-16,1.));
#4992=DIRECTION('ref_axis',(1.,-5.55111512312577E-17,-7.23318772060206E-33));
#4993=DIRECTION('center_axis',(0.,1.30301526092817E-16,-1.));
#4994=DIRECTION('ref_axis',(4.15460182592778E-15,-1.,-1.30301526092817E-16));
#4995=DIRECTION('center_axis',(0.,1.30301526092817E-16,-1.));
#4996=DIRECTION('ref_axis',(4.15460182592778E-15,-1.,-1.30301526092817E-16));
#4997=DIRECTION('',(0.,1.30301526092817E-16,-1.));
#4998=DIRECTION('center_axis',(0.,-1.30301526092817E-16,1.));
#4999=DIRECTION('ref_axis',(4.15460182592778E-15,-1.,-1.30301526092817E-16));
#5000=DIRECTION('',(0.,1.30301526092817E-16,-1.));
#5001=DIRECTION('center_axis',(-1.77975831145993E-16,-1.,-1.30301526092817E-16));
#5002=DIRECTION('ref_axis',(-1.,1.77975831145993E-16,2.31905224059605E-32));
#5003=DIRECTION('',(1.,-1.77975831145993E-16,-2.31905224059605E-32));
#5004=DIRECTION('',(-1.,1.77975831145993E-16,2.31905224059605E-32));
#5005=DIRECTION('',(0.,1.30301526092817E-16,-1.));
#5006=DIRECTION('center_axis',(-5.55111512312577E-17,-1.,-1.30301526092817E-16));
#5007=DIRECTION('ref_axis',(-1.,5.55111512312577E-17,7.23318772060206E-33));
#5008=DIRECTION('',(1.,-5.55111512312577E-17,-7.23318772060206E-33));
#5009=DIRECTION('',(0.,1.30301526092817E-16,-1.));
#5010=DIRECTION('',(1.,-5.55111512312577E-17,-7.23318772060206E-33));
#5011=DIRECTION('',(0.,1.30301526092817E-16,-1.));
#5012=DIRECTION('center_axis',(0.,1.30301526092817E-16,-1.));
#5013=DIRECTION('ref_axis',(1.89652933162614E-15,-1.,-1.30301526092817E-16));
#5014=DIRECTION('center_axis',(0.,-1.30301526092817E-16,1.));
#5015=DIRECTION('ref_axis',(1.89652933162614E-15,-1.,-1.30301526092817E-16));
#5016=DIRECTION('center_axis',(0.,-1.30301526092817E-16,1.));
#5017=DIRECTION('ref_axis',(1.89652933162614E-15,-1.,-1.30301526092817E-16));
#5018=DIRECTION('',(0.,1.30301526092817E-16,-1.));
#5019=DIRECTION('center_axis',(0.,1.30301526092817E-16,-1.));
#5020=DIRECTION('ref_axis',(-3.07145741165933E-15,1.,1.30301526092817E-16));
#5021=DIRECTION('center_axis',(0.,1.30301526092817E-16,-1.));
#5022=DIRECTION('ref_axis',(-3.07145741165933E-15,1.,1.30301526092817E-16));
#5023=DIRECTION('center_axis',(0.,-1.30301526092817E-16,1.));
#5024=DIRECTION('ref_axis',(-3.07145741165933E-15,1.,1.30301526092817E-16));
#5025=DIRECTION('',(0.,1.30301526092817E-16,-1.));
#5026=DIRECTION('center_axis',(1.77975831145993E-16,1.,1.30301526092817E-16));
#5027=DIRECTION('ref_axis',(1.,-1.77975831145993E-16,-2.31905224059605E-32));
#5028=DIRECTION('',(-1.,1.77975831145993E-16,2.31905224059605E-32));
#5029=DIRECTION('',(1.,-1.77975831145993E-16,-2.31905224059605E-32));
#5030=DIRECTION('center_axis',(5.55111512312577E-17,1.,1.30301526092817E-16));
#5031=DIRECTION('ref_axis',(1.,-5.55111512312577E-17,-7.23318772060206E-33));
#5032=DIRECTION('',(-1.,5.55111512312577E-17,7.23318772060206E-33));
#5033=DIRECTION('',(-1.,5.55111512312577E-17,7.23318772060206E-33));
#5034=DIRECTION('',(0.,1.30301526092817E-16,-1.));
#5035=DIRECTION('center_axis',(0.,1.30301526092817E-16,-1.));
#5036=DIRECTION('ref_axis',(-4.32498969483101E-16,1.,1.30301526092817E-16));
#5037=DIRECTION('center_axis',(0.,-1.30301526092817E-16,1.));
#5038=DIRECTION('ref_axis',(-4.32498969483101E-16,1.,1.30301526092817E-16));
#5039=DIRECTION('center_axis',(0.,-1.30301526092817E-16,1.));
#5040=DIRECTION('ref_axis',(-4.32498969483101E-16,1.,1.30301526092817E-16));
#5041=DIRECTION('center_axis',(0.,-1.30301526092817E-16,1.));
#5042=DIRECTION('ref_axis',(1.,-5.55111512312577E-17,-7.23318772060206E-33));
#5043=DIRECTION('center_axis',(0.,-1.30301526092817E-16,1.));
#5044=DIRECTION('ref_axis',(1.,-5.55111512312577E-17,-7.23318772060206E-33));
#5045=DIRECTION('',(-1.,5.55111512312577E-17,7.23318772060206E-33));
#5046=DIRECTION('',(1.42587466888133E-16,1.,1.30301526092817E-16));
#5047=DIRECTION('',(1.,5.80666517994544E-17,7.56617334456915E-33));
#5048=DIRECTION('',(3.15651644256173E-17,-1.,-1.30301526092817E-16));
#5049=DIRECTION('center_axis',(0.,1.30301526092817E-16,-1.));
#5050=DIRECTION('ref_axis',(1.,-5.55111512312577E-17,-7.23318772060206E-33));
#5051=DIRECTION('center_axis',(0.,-1.30301526092817E-16,1.));
#5052=DIRECTION('ref_axis',(1.,-5.55111512312577E-17,-7.23318772060206E-33));
#5053=DIRECTION('',(1.,5.80666517994789E-17,7.56617334457234E-33));
#5054=DIRECTION('',(3.15651644256173E-17,-1.,-1.30301526092817E-16));
#5055=DIRECTION('',(-1.,5.55111512312577E-17,7.23318772060206E-33));
#5056=DIRECTION('',(1.42587466888133E-16,1.,1.30301526092817E-16));
#5057=DIRECTION('center_axis',(0.,1.30301526092817E-16,-1.));
#5058=DIRECTION('ref_axis',(1.,-5.55111512312577E-17,-7.23318772060206E-33));
#5059=DIRECTION('center_axis',(0.,-1.30301526092817E-16,1.));
#5060=DIRECTION('ref_axis',(1.,-5.55111512312577E-17,-7.23318772060206E-33));
#5061=DIRECTION('center_axis',(0.,-1.30301526092817E-16,1.));
#5062=DIRECTION('ref_axis',(1.,-5.55111512312577E-17,-7.23318772060206E-33));
#5063=DIRECTION('',(0.,-1.30301526092817E-16,1.));
#5064=DIRECTION('',(0.,1.30301526092817E-16,-1.));
#5065=DIRECTION('',(0.,1.30301526092817E-16,-1.));
#5066=DIRECTION('center_axis',(5.55111512312577E-17,1.,1.30301526092817E-16));
#5067=DIRECTION('ref_axis',(0.,1.30301526092817E-16,-1.));
#5068=DIRECTION('',(0.,1.30301526092817E-16,-1.));
#5069=DIRECTION('center_axis',(5.80666517994789E-17,-1.,-1.30301526092817E-16));
#5070=DIRECTION('ref_axis',(1.,5.80666517994789E-17,7.56617334457234E-33));
#5071=DIRECTION('',(1.,5.80666517994789E-17,7.56617334457234E-33));
#5072=DIRECTION('',(0.,-1.30301526092817E-16,1.));
#5073=DIRECTION('',(1.,5.80666517994789E-17,7.56617334457234E-33));
#5074=DIRECTION('',(0.,1.30301526092817E-16,-1.));
#5075=DIRECTION('center_axis',(5.55111512312577E-17,1.,1.30301526092817E-16));
#5076=DIRECTION('ref_axis',(-1.,5.55111512312577E-17,7.23318772060206E-33));
#5077=DIRECTION('',(0.,-1.30301526092817E-16,1.));
#5078=DIRECTION('',(-1.,5.55111512312577E-17,7.23318772060206E-33));
#5079=DIRECTION('',(0.,1.30301526092817E-16,-1.));
#5080=DIRECTION('center_axis',(0.,-1.30301526092817E-16,1.));
#5081=DIRECTION('ref_axis',(1.,-5.55111512312577E-17,-7.23318772060206E-33));
#5082=DIRECTION('',(3.15651644256173E-17,-1.,-1.30301526092817E-16));
#5083=DIRECTION('',(1.42587466888133E-16,1.,1.30301526092817E-16));
#5084=DIRECTION('center_axis',(0.,-1.30301526092817E-16,1.));
#5085=DIRECTION('ref_axis',(1.,-5.55111512312577E-17,-7.23318772060206E-33));
#5086=DIRECTION('center_axis',(0.,-1.30301526092817E-16,1.));
#5087=DIRECTION('ref_axis',(1.,-5.55111512312577E-17,-7.23318772060206E-33));
#5088=DIRECTION('',(3.15651644256173E-17,-1.,-1.30301526092817E-16));
#5089=DIRECTION('',(-1.,5.55111512312577E-17,7.23318772060206E-33));
#5090=DIRECTION('',(1.42587466888133E-16,1.,1.30301526092817E-16));
#5091=DIRECTION('center_axis',(5.80666517994789E-17,-1.,-1.30301526092817E-16));
#5092=DIRECTION('ref_axis',(1.,5.80666517994789E-17,7.56617334457234E-33));
#5093=DIRECTION('',(1.,5.80666517994789E-17,7.56617334457234E-33));
#5094=DIRECTION('',(0.,-1.30301526092817E-16,1.));
#5095=DIRECTION('',(1.,5.80666517994789E-17,7.56617334457234E-33));
#5096=DIRECTION('',(0.,1.30301526092817E-16,-1.));
#5097=DIRECTION('center_axis',(5.55111512312577E-17,1.,1.30301526092817E-16));
#5098=DIRECTION('ref_axis',(-1.,5.55111512312577E-17,7.23318772060206E-33));
#5099=DIRECTION('',(0.,-1.30301526092817E-16,1.));
#5100=DIRECTION('',(-1.,5.55111512312577E-17,7.23318772060206E-33));
#5101=DIRECTION('',(0.,1.30301526092817E-16,-1.));
#5102=DIRECTION('center_axis',(0.,-1.30301526092817E-16,1.));
#5103=DIRECTION('ref_axis',(1.,-5.55111512312577E-17,-7.23318772060206E-33));
#5104=DIRECTION('',(3.15651644256173E-17,-1.,-1.30301526092817E-16));
#5105=DIRECTION('',(1.42587466888133E-16,1.,1.30301526092817E-16));
#5106=DIRECTION('center_axis',(0.,-1.30301526092817E-16,1.));
#5107=DIRECTION('ref_axis',(1.,-5.55111512312577E-17,-7.23318772060206E-33));
#5108=DIRECTION('',(3.15651644256173E-17,-1.,-1.30301526092817E-16));
#5109=DIRECTION('',(-1.,5.55111512312577E-17,7.23318772060206E-33));
#5110=DIRECTION('',(1.42587466888133E-16,1.,1.30301526092817E-16));
#5111=DIRECTION('center_axis',(5.80666517994789E-17,-1.,-1.30301526092817E-16));
#5112=DIRECTION('ref_axis',(1.,5.80666517994789E-17,7.56617334457234E-33));
#5113=DIRECTION('',(1.,5.80666517994789E-17,7.56617334457234E-33));
#5114=DIRECTION('',(0.,-1.30301526092817E-16,1.));
#5115=DIRECTION('',(1.,5.80666517994789E-17,7.56617334457234E-33));
#5116=DIRECTION('',(0.,1.30301526092817E-16,-1.));
#5117=DIRECTION('center_axis',(5.55111512312577E-17,1.,1.30301526092817E-16));
#5118=DIRECTION('ref_axis',(-1.,5.55111512312577E-17,7.23318772060206E-33));
#5119=DIRECTION('',(0.,-1.30301526092817E-16,1.));
#5120=DIRECTION('',(-1.,5.55111512312577E-17,7.23318772060206E-33));
#5121=DIRECTION('',(0.,1.30301526092817E-16,-1.));
#5122=DIRECTION('center_axis',(0.,-1.30301526092817E-16,1.));
#5123=DIRECTION('ref_axis',(1.,-5.55111512312577E-17,-7.23318772060206E-33));
#5124=DIRECTION('',(3.15651644256173E-17,-1.,-1.30301526092817E-16));
#5125=DIRECTION('',(1.42587466888133E-16,1.,1.30301526092817E-16));
#5126=DIRECTION('center_axis',(0.,-1.30301526092817E-16,1.));
#5127=DIRECTION('ref_axis',(1.,-5.55111512312577E-17,-7.23318772060206E-33));
#5128=DIRECTION('',(3.15651644256173E-17,-1.,-1.30301526092817E-16));
#5129=DIRECTION('',(-1.,5.55111512312577E-17,7.23318772060206E-33));
#5130=DIRECTION('',(1.42587466888133E-16,1.,1.30301526092817E-16));
#5131=DIRECTION('center_axis',(5.80666517994789E-17,-1.,-1.30301526092817E-16));
#5132=DIRECTION('ref_axis',(1.,5.80666517994789E-17,7.56617334457234E-33));
#5133=DIRECTION('',(1.,5.80666517994789E-17,7.56617334457234E-33));
#5134=DIRECTION('',(0.,-1.30301526092817E-16,1.));
#5135=DIRECTION('',(1.,5.80666517994789E-17,7.56617334457234E-33));
#5136=DIRECTION('',(0.,1.30301526092817E-16,-1.));
#5137=DIRECTION('center_axis',(5.55111512312577E-17,1.,1.30301526092817E-16));
#5138=DIRECTION('ref_axis',(-1.,5.55111512312577E-17,7.23318772060206E-33));
#5139=DIRECTION('',(0.,-1.30301526092817E-16,1.));
#5140=DIRECTION('',(-1.,5.55111512312577E-17,7.23318772060206E-33));
#5141=DIRECTION('',(0.,1.30301526092817E-16,-1.));
#5142=DIRECTION('center_axis',(0.,-1.30301526092817E-16,1.));
#5143=DIRECTION('ref_axis',(1.,-5.55111512312577E-17,-7.23318772060206E-33));
#5144=DIRECTION('',(3.15651644256173E-17,-1.,-1.30301526092817E-16));
#5145=DIRECTION('',(1.42587466888133E-16,1.,1.30301526092817E-16));
#5146=DIRECTION('center_axis',(0.,-1.30301526092817E-16,1.));
#5147=DIRECTION('ref_axis',(1.,-5.55111512312577E-17,-7.23318772060206E-33));
#5148=DIRECTION('',(3.15651644256173E-17,-1.,-1.30301526092817E-16));
#5149=DIRECTION('',(-1.,5.55111512312577E-17,7.23318772060206E-33));
#5150=DIRECTION('',(1.42587466888133E-16,1.,1.30301526092817E-16));
#5151=DIRECTION('center_axis',(5.80666517994789E-17,-1.,-1.30301526092817E-16));
#5152=DIRECTION('ref_axis',(1.,5.80666517994789E-17,7.56617334457234E-33));
#5153=DIRECTION('',(1.,5.80666517994789E-17,7.56617334457234E-33));
#5154=DIRECTION('',(0.,-1.30301526092817E-16,1.));
#5155=DIRECTION('',(1.,5.80666517994789E-17,7.56617334457234E-33));
#5156=DIRECTION('',(0.,1.30301526092817E-16,-1.));
#5157=DIRECTION('center_axis',(5.55111512312577E-17,1.,1.30301526092817E-16));
#5158=DIRECTION('ref_axis',(-1.,5.55111512312577E-17,7.23318772060206E-33));
#5159=DIRECTION('',(0.,-1.30301526092817E-16,1.));
#5160=DIRECTION('',(-1.,5.55111512312577E-17,7.23318772060206E-33));
#5161=DIRECTION('',(0.,1.30301526092817E-16,-1.));
#5162=DIRECTION('center_axis',(0.,-1.30301526092817E-16,1.));
#5163=DIRECTION('ref_axis',(1.,-5.55111512312577E-17,-7.23318772060206E-33));
#5164=DIRECTION('',(3.15651644256173E-17,-1.,-1.30301526092817E-16));
#5165=DIRECTION('',(1.42587466888133E-16,1.,1.30301526092817E-16));
#5166=DIRECTION('center_axis',(0.,-1.30301526092817E-16,1.));
#5167=DIRECTION('ref_axis',(1.,-5.55111512312577E-17,-7.23318772060206E-33));
#5168=DIRECTION('',(3.15651644256173E-17,-1.,-1.30301526092817E-16));
#5169=DIRECTION('',(-1.,5.55111512312577E-17,7.23318772060206E-33));
#5170=DIRECTION('',(1.42587466888133E-16,1.,1.30301526092817E-16));
#5171=DIRECTION('center_axis',(5.80666517994789E-17,-1.,-1.30301526092817E-16));
#5172=DIRECTION('ref_axis',(1.,5.80666517994789E-17,7.56617334457234E-33));
#5173=DIRECTION('',(1.,5.80666517994789E-17,7.56617334457234E-33));
#5174=DIRECTION('',(0.,-1.30301526092817E-16,1.));
#5175=DIRECTION('',(1.,5.80666517994789E-17,7.56617334457234E-33));
#5176=DIRECTION('',(0.,1.30301526092817E-16,-1.));
#5177=DIRECTION('center_axis',(5.55111512312577E-17,1.,1.30301526092817E-16));
#5178=DIRECTION('ref_axis',(-1.,5.55111512312577E-17,7.23318772060206E-33));
#5179=DIRECTION('',(0.,-1.30301526092817E-16,1.));
#5180=DIRECTION('',(-1.,5.55111512312577E-17,7.23318772060206E-33));
#5181=DIRECTION('',(0.,1.30301526092817E-16,-1.));
#5182=DIRECTION('center_axis',(0.,-1.30301526092817E-16,1.));
#5183=DIRECTION('ref_axis',(1.,-5.55111512312577E-17,-7.23318772060206E-33));
#5184=DIRECTION('',(3.15651644256173E-17,-1.,-1.30301526092817E-16));
#5185=DIRECTION('',(1.42587466888133E-16,1.,1.30301526092817E-16));
#5186=DIRECTION('center_axis',(0.,-1.30301526092817E-16,1.));
#5187=DIRECTION('ref_axis',(1.,-5.55111512312577E-17,-7.23318772060206E-33));
#5188=DIRECTION('',(3.15651644256173E-17,-1.,-1.30301526092817E-16));
#5189=DIRECTION('',(-1.,5.55111512312577E-17,7.23318772060206E-33));
#5190=DIRECTION('',(1.42587466888133E-16,1.,1.30301526092817E-16));
#5191=DIRECTION('center_axis',(5.80666517994789E-17,-1.,-1.30301526092817E-16));
#5192=DIRECTION('ref_axis',(1.,5.80666517994789E-17,7.56617334457234E-33));
#5193=DIRECTION('',(1.,5.80666517994789E-17,7.56617334457234E-33));
#5194=DIRECTION('',(0.,-1.30301526092817E-16,1.));
#5195=DIRECTION('',(1.,5.80666517994789E-17,7.56617334457234E-33));
#5196=DIRECTION('',(0.,1.30301526092817E-16,-1.));
#5197=DIRECTION('center_axis',(5.55111512312577E-17,1.,1.30301526092817E-16));
#5198=DIRECTION('ref_axis',(-1.,5.55111512312577E-17,7.23318772060206E-33));
#5199=DIRECTION('',(0.,-1.30301526092817E-16,1.));
#5200=DIRECTION('',(-1.,5.55111512312577E-17,7.23318772060206E-33));
#5201=DIRECTION('',(0.,1.30301526092817E-16,-1.));
#5202=DIRECTION('center_axis',(0.,-1.30301526092817E-16,1.));
#5203=DIRECTION('ref_axis',(1.,-5.55111512312577E-17,-7.23318772060206E-33));
#5204=DIRECTION('',(3.15651644256173E-17,-1.,-1.30301526092817E-16));
#5205=DIRECTION('',(1.42587466888133E-16,1.,1.30301526092817E-16));
#5206=DIRECTION('center_axis',(0.,-1.30301526092817E-16,1.));
#5207=DIRECTION('ref_axis',(1.,-5.55111512312577E-17,-7.23318772060206E-33));
#5208=DIRECTION('',(3.15651644256173E-17,-1.,-1.30301526092817E-16));
#5209=DIRECTION('',(-1.,5.55111512312577E-17,7.23318772060206E-33));
#5210=DIRECTION('',(1.42587466888133E-16,1.,1.30301526092817E-16));
#5211=DIRECTION('center_axis',(5.80666517994789E-17,-1.,-1.30301526092817E-16));
#5212=DIRECTION('ref_axis',(1.,5.80666517994789E-17,7.56617334457234E-33));
#5213=DIRECTION('',(1.,5.80666517994789E-17,7.56617334457234E-33));
#5214=DIRECTION('',(0.,-1.30301526092817E-16,1.));
#5215=DIRECTION('',(1.,5.80666517994789E-17,7.56617334457234E-33));
#5216=DIRECTION('',(0.,1.30301526092817E-16,-1.));
#5217=DIRECTION('center_axis',(5.55111512312577E-17,1.,1.30301526092817E-16));
#5218=DIRECTION('ref_axis',(-1.,5.55111512312577E-17,7.23318772060206E-33));
#5219=DIRECTION('',(0.,-1.30301526092817E-16,1.));
#5220=DIRECTION('',(-1.,5.55111512312577E-17,7.23318772060206E-33));
#5221=DIRECTION('',(0.,1.30301526092817E-16,-1.));
#5222=DIRECTION('center_axis',(0.,-1.30301526092817E-16,1.));
#5223=DIRECTION('ref_axis',(1.,-5.55111512312577E-17,-7.23318772060206E-33));
#5224=DIRECTION('',(3.15651644256173E-17,-1.,-1.30301526092817E-16));
#5225=DIRECTION('',(1.42587466888133E-16,1.,1.30301526092817E-16));
#5226=DIRECTION('center_axis',(0.,-1.30301526092817E-16,1.));
#5227=DIRECTION('ref_axis',(1.,-5.55111512312577E-17,-7.23318772060206E-33));
#5228=DIRECTION('',(3.15651644256173E-17,-1.,-1.30301526092817E-16));
#5229=DIRECTION('',(-1.,5.55111512312577E-17,7.23318772060206E-33));
#5230=DIRECTION('',(1.42587466888133E-16,1.,1.30301526092817E-16));
#5231=DIRECTION('center_axis',(5.80666517994789E-17,-1.,-1.30301526092817E-16));
#5232=DIRECTION('ref_axis',(1.,5.80666517994789E-17,7.56617334457234E-33));
#5233=DIRECTION('',(1.,5.80666517994789E-17,7.56617334457234E-33));
#5234=DIRECTION('',(0.,-1.30301526092817E-16,1.));
#5235=DIRECTION('',(1.,5.80666517994789E-17,7.56617334457234E-33));
#5236=DIRECTION('',(0.,1.30301526092817E-16,-1.));
#5237=DIRECTION('center_axis',(5.55111512312577E-17,1.,1.30301526092817E-16));
#5238=DIRECTION('ref_axis',(-1.,5.55111512312577E-17,7.23318772060206E-33));
#5239=DIRECTION('',(0.,-1.30301526092817E-16,1.));
#5240=DIRECTION('',(-1.,5.55111512312577E-17,7.23318772060206E-33));
#5241=DIRECTION('',(0.,1.30301526092817E-16,-1.));
#5242=DIRECTION('center_axis',(0.,-1.30301526092817E-16,1.));
#5243=DIRECTION('ref_axis',(1.,-5.55111512312577E-17,-7.23318772060206E-33));
#5244=DIRECTION('',(3.15651644256173E-17,-1.,-1.30301526092817E-16));
#5245=DIRECTION('',(1.42587466888133E-16,1.,1.30301526092817E-16));
#5246=DIRECTION('center_axis',(0.,-1.30301526092817E-16,1.));
#5247=DIRECTION('ref_axis',(1.,-5.55111512312577E-17,-7.23318772060206E-33));
#5248=DIRECTION('',(3.15651644256173E-17,-1.,-1.30301526092817E-16));
#5249=DIRECTION('',(-1.,5.55111512312577E-17,7.23318772060206E-33));
#5250=DIRECTION('',(1.42587466888133E-16,1.,1.30301526092817E-16));
#5251=DIRECTION('center_axis',(5.80666517994789E-17,-1.,-1.30301526092817E-16));
#5252=DIRECTION('ref_axis',(1.,5.80666517994789E-17,7.56617334457234E-33));
#5253=DIRECTION('',(1.,5.80666517994789E-17,7.56617334457234E-33));
#5254=DIRECTION('',(0.,-1.30301526092817E-16,1.));
#5255=DIRECTION('',(1.,5.80666517994789E-17,7.56617334457234E-33));
#5256=DIRECTION('',(0.,1.30301526092817E-16,-1.));
#5257=DIRECTION('center_axis',(5.55111512312577E-17,1.,1.30301526092817E-16));
#5258=DIRECTION('ref_axis',(-1.,5.55111512312577E-17,7.23318772060206E-33));
#5259=DIRECTION('',(0.,-1.30301526092817E-16,1.));
#5260=DIRECTION('',(-1.,5.55111512312577E-17,7.23318772060206E-33));
#5261=DIRECTION('',(0.,1.30301526092817E-16,-1.));
#5262=DIRECTION('center_axis',(0.,-1.30301526092817E-16,1.));
#5263=DIRECTION('ref_axis',(1.,-5.55111512312577E-17,-7.23318772060206E-33));
#5264=DIRECTION('',(3.15651644256173E-17,-1.,-1.30301526092817E-16));
#5265=DIRECTION('',(1.42587466888133E-16,1.,1.30301526092817E-16));
#5266=DIRECTION('center_axis',(0.,-1.30301526092817E-16,1.));
#5267=DIRECTION('ref_axis',(1.,-5.55111512312577E-17,-7.23318772060206E-33));
#5268=DIRECTION('',(3.15651644256173E-17,-1.,-1.30301526092817E-16));
#5269=DIRECTION('',(-1.,5.55111512312577E-17,7.23318772060206E-33));
#5270=DIRECTION('',(1.42587466888133E-16,1.,1.30301526092817E-16));
#5271=DIRECTION('center_axis',(5.80666517994789E-17,-1.,-1.30301526092817E-16));
#5272=DIRECTION('ref_axis',(1.,5.80666517994789E-17,7.56617334457234E-33));
#5273=DIRECTION('',(1.,5.80666517994789E-17,7.56617334457234E-33));
#5274=DIRECTION('',(0.,-1.30301526092817E-16,1.));
#5275=DIRECTION('',(1.,5.80666517994789E-17,7.56617334457234E-33));
#5276=DIRECTION('',(0.,1.30301526092817E-16,-1.));
#5277=DIRECTION('center_axis',(5.55111512312577E-17,1.,1.30301526092817E-16));
#5278=DIRECTION('ref_axis',(-1.,5.55111512312577E-17,7.23318772060206E-33));
#5279=DIRECTION('',(0.,-1.30301526092817E-16,1.));
#5280=DIRECTION('',(-1.,5.55111512312577E-17,7.23318772060206E-33));
#5281=DIRECTION('',(0.,1.30301526092817E-16,-1.));
#5282=DIRECTION('center_axis',(0.,-1.30301526092817E-16,1.));
#5283=DIRECTION('ref_axis',(1.,-5.55111512312577E-17,-7.23318772060206E-33));
#5284=DIRECTION('',(3.15651644256173E-17,-1.,-1.30301526092817E-16));
#5285=DIRECTION('',(1.42587466888133E-16,1.,1.30301526092817E-16));
#5286=DIRECTION('center_axis',(0.,-1.30301526092817E-16,1.));
#5287=DIRECTION('ref_axis',(1.,-5.55111512312577E-17,-7.23318772060206E-33));
#5288=DIRECTION('',(3.15651644256173E-17,-1.,-1.30301526092817E-16));
#5289=DIRECTION('',(-1.,5.55111512312577E-17,7.23318772060206E-33));
#5290=DIRECTION('',(1.42587466888133E-16,1.,1.30301526092817E-16));
#5291=DIRECTION('center_axis',(5.80666517994789E-17,-1.,-1.30301526092817E-16));
#5292=DIRECTION('ref_axis',(1.,5.80666517994789E-17,7.56617334457234E-33));
#5293=DIRECTION('',(1.,5.80666517994789E-17,7.56617334457234E-33));
#5294=DIRECTION('',(0.,-1.30301526092817E-16,1.));
#5295=DIRECTION('',(1.,5.80666517994789E-17,7.56617334457234E-33));
#5296=DIRECTION('',(0.,1.30301526092817E-16,-1.));
#5297=DIRECTION('center_axis',(5.55111512312577E-17,1.,1.30301526092817E-16));
#5298=DIRECTION('ref_axis',(-1.,5.55111512312577E-17,7.23318772060206E-33));
#5299=DIRECTION('',(0.,-1.30301526092817E-16,1.));
#5300=DIRECTION('',(-1.,5.55111512312577E-17,7.23318772060206E-33));
#5301=DIRECTION('',(0.,1.30301526092817E-16,-1.));
#5302=DIRECTION('center_axis',(0.,-1.30301526092817E-16,1.));
#5303=DIRECTION('ref_axis',(1.,-5.55111512312577E-17,-7.23318772060206E-33));
#5304=DIRECTION('',(3.15651644256173E-17,-1.,-1.30301526092817E-16));
#5305=DIRECTION('',(1.42587466888133E-16,1.,1.30301526092817E-16));
#5306=DIRECTION('center_axis',(0.,-1.30301526092817E-16,1.));
#5307=DIRECTION('ref_axis',(1.,-5.55111512312577E-17,-7.23318772060206E-33));
#5308=DIRECTION('',(3.15651644256173E-17,-1.,-1.30301526092817E-16));
#5309=DIRECTION('',(-1.,5.55111512312577E-17,7.23318772060206E-33));
#5310=DIRECTION('',(1.42587466888133E-16,1.,1.30301526092817E-16));
#5311=DIRECTION('center_axis',(5.80666517994789E-17,-1.,-1.30301526092817E-16));
#5312=DIRECTION('ref_axis',(1.,5.80666517994789E-17,7.56617334457234E-33));
#5313=DIRECTION('',(1.,5.80666517994789E-17,7.56617334457234E-33));
#5314=DIRECTION('',(0.,-1.30301526092817E-16,1.));
#5315=DIRECTION('',(1.,5.80666517994789E-17,7.56617334457234E-33));
#5316=DIRECTION('',(0.,1.30301526092817E-16,-1.));
#5317=DIRECTION('center_axis',(5.55111512312577E-17,1.,1.30301526092817E-16));
#5318=DIRECTION('ref_axis',(-1.,5.55111512312577E-17,7.23318772060206E-33));
#5319=DIRECTION('',(0.,-1.30301526092817E-16,1.));
#5320=DIRECTION('',(-1.,5.55111512312577E-17,7.23318772060206E-33));
#5321=DIRECTION('',(0.,1.30301526092817E-16,-1.));
#5322=DIRECTION('center_axis',(0.,-1.30301526092817E-16,1.));
#5323=DIRECTION('ref_axis',(1.,-5.55111512312577E-17,-7.23318772060206E-33));
#5324=DIRECTION('',(3.15651644256173E-17,-1.,-1.30301526092817E-16));
#5325=DIRECTION('',(1.42587466888133E-16,1.,1.30301526092817E-16));
#5326=DIRECTION('center_axis',(0.,-1.30301526092817E-16,1.));
#5327=DIRECTION('ref_axis',(1.,-5.55111512312577E-17,-7.23318772060206E-33));
#5328=DIRECTION('',(3.15651644256173E-17,-1.,-1.30301526092817E-16));
#5329=DIRECTION('',(-1.,5.55111512312577E-17,7.23318772060206E-33));
#5330=DIRECTION('',(1.42587466888133E-16,1.,1.30301526092817E-16));
#5331=DIRECTION('center_axis',(5.80666517994789E-17,-1.,-1.30301526092817E-16));
#5332=DIRECTION('ref_axis',(1.,5.80666517994789E-17,7.56617334457234E-33));
#5333=DIRECTION('',(0.,-1.30301526092817E-16,1.));
#5334=DIRECTION('',(1.,5.80666517994789E-17,7.56617334457234E-33));
#5335=DIRECTION('',(0.,1.30301526092817E-16,-1.));
#5336=DIRECTION('center_axis',(5.55111512312577E-17,1.,1.30301526092817E-16));
#5337=DIRECTION('ref_axis',(-1.,5.55111512312577E-17,7.23318772060206E-33));
#5338=DIRECTION('',(0.,-1.30301526092817E-16,1.));
#5339=DIRECTION('',(-1.,5.55111512312577E-17,7.23318772060206E-33));
#5340=DIRECTION('',(0.,1.30301526092817E-16,-1.));
#5341=DIRECTION('center_axis',(0.,-1.30301526092817E-16,1.));
#5342=DIRECTION('ref_axis',(1.,-5.55111512312577E-17,-7.23318772060206E-33));
#5343=DIRECTION('',(3.15651644256173E-17,-1.,-1.30301526092817E-16));
#5344=DIRECTION('',(1.42587466888133E-16,1.,1.30301526092817E-16));
#5345=DIRECTION('center_axis',(0.,-1.30301526092817E-16,1.));
#5346=DIRECTION('ref_axis',(1.,-5.55111512312577E-17,-7.23318772060206E-33));
#5347=DIRECTION('center_axis',(-5.65663632047924E-15,-1.,-1.30301526092817E-16));
#5348=DIRECTION('ref_axis',(0.,-1.30301526092817E-16,1.));
#5349=DIRECTION('',(0.,-1.30301526092817E-16,1.));
#5350=DIRECTION('center_axis',(-5.55111512312577E-17,-1.,-1.30301526092817E-16));
#5351=DIRECTION('ref_axis',(0.,-1.30301526092817E-16,1.));
#5352=DIRECTION('',(0.,-1.30301526092817E-16,1.));
#5353=DIRECTION('center_axis',(0.,1.30301526092817E-16,-1.));
#5354=DIRECTION('ref_axis',(1.,-5.55111512312577E-17,-7.23318772060206E-33));
#5355=DIRECTION('',(0.,1.30301526092817E-16,-1.));
#5356=DIRECTION('center_axis',(0.,1.30301526092817E-16,-1.));
#5357=DIRECTION('ref_axis',(1.,-5.55111512312577E-17,-7.23318772060206E-33));
#5358=DIRECTION('',(0.,-1.30301526092817E-16,1.));
#5359=DIRECTION('center_axis',(-1.,-1.21816892924603E-17,-1.58729270519611E-33));
#5360=DIRECTION('ref_axis',(0.,1.30301526092817E-16,-1.));
#5361=DIRECTION('',(0.,1.30301526092817E-16,-1.));
#5362=DIRECTION('center_axis',(1.,1.21816892924603E-17,1.58729270519611E-33));
#5363=DIRECTION('ref_axis',(0.,-1.30301526092817E-16,1.));
#5364=DIRECTION('',(0.,-1.30301526092817E-16,1.));
#5365=DIRECTION('center_axis',(0.,1.30301526092817E-16,-1.));
#5366=DIRECTION('ref_axis',(-1.,2.52757832335885E-15,3.29347312852783E-31));
#5367=DIRECTION('',(0.,1.30301526092817E-16,-1.));
#5368=DIRECTION('center_axis',(0.,1.30301526092817E-16,-1.));
#5369=DIRECTION('ref_axis',(-1.,2.52757832335885E-15,3.29347312852783E-31));
#5370=DIRECTION('',(0.,-1.30301526092817E-16,1.));
#5371=DIRECTION('center_axis',(1.,-5.55111512312577E-17,-7.23318772060206E-33));
#5372=DIRECTION('ref_axis',(0.,1.30301526092817E-16,-1.));
#5373=DIRECTION('',(0.,1.30301526092817E-16,-1.));
#5374=DIRECTION('center_axis',(-1.,5.55111512312577E-17,7.23318772060206E-33));
#5375=DIRECTION('ref_axis',(0.,-1.30301526092817E-16,1.));
#5376=DIRECTION('',(0.,-1.30301526092817E-16,1.));
#5377=DIRECTION('center_axis',(0.,-1.30301526092817E-16,1.));
#5378=DIRECTION('ref_axis',(-1.,-4.88862319302394E-15,-6.36995062543761E-31));
#5379=DIRECTION('',(0.,1.30301526092817E-16,-1.));
#5380=DIRECTION('center_axis',(0.,-1.30301526092817E-16,1.));
#5381=DIRECTION('ref_axis',(-1.,-4.88862319302394E-15,-6.36995062543761E-31));
#5382=DIRECTION('',(0.,-1.30301526092817E-16,1.));
#5383=DIRECTION('center_axis',(-1.,-4.36035740683425E-16,-5.68161224420622E-32));
#5384=DIRECTION('ref_axis',(0.,1.30301526092817E-16,-1.));
#5385=DIRECTION('',(0.,1.30301526092817E-16,-1.));
#5386=DIRECTION('center_axis',(1.,4.36035740683425E-16,5.68161224420622E-32));
#5387=DIRECTION('ref_axis',(0.,-1.30301526092817E-16,1.));
#5388=DIRECTION('',(0.,-1.30301526092817E-16,1.));
#5389=DIRECTION('center_axis',(0.,1.30301526092817E-16,-1.));
#5390=DIRECTION('ref_axis',(-1.,2.52757832335885E-15,3.29347312852783E-31));
#5391=DIRECTION('',(0.,1.30301526092817E-16,-1.));
#5392=DIRECTION('center_axis',(0.,1.30301526092817E-16,-1.));
#5393=DIRECTION('ref_axis',(-1.,2.52757832335885E-15,3.29347312852783E-31));
#5394=DIRECTION('',(0.,-1.30301526092817E-16,1.));
#5395=DIRECTION('center_axis',(1.,-5.55111512312577E-17,-7.23318772060206E-33));
#5396=DIRECTION('ref_axis',(0.,1.30301526092817E-16,-1.));
#5397=DIRECTION('',(0.,1.30301526092817E-16,-1.));
#5398=DIRECTION('center_axis',(-1.,5.55111512312577E-17,7.23318772060206E-33));
#5399=DIRECTION('ref_axis',(0.,-1.30301526092817E-16,1.));
#5400=DIRECTION('',(0.,-1.30301526092817E-16,1.));
#5401=DIRECTION('center_axis',(0.,-1.30301526092817E-16,1.));
#5402=DIRECTION('ref_axis',(-1.,-4.88862319302394E-15,-6.36995062543761E-31));
#5403=DIRECTION('',(0.,1.30301526092817E-16,-1.));
#5404=DIRECTION('center_axis',(0.,-1.30301526092817E-16,1.));
#5405=DIRECTION('ref_axis',(-1.,-4.88862319302394E-15,-6.36995062543761E-31));
#5406=DIRECTION('',(0.,-1.30301526092817E-16,1.));
#5407=DIRECTION('center_axis',(-1.,-4.36035740683425E-16,-5.68161224420622E-32));
#5408=DIRECTION('ref_axis',(0.,1.30301526092817E-16,-1.));
#5409=DIRECTION('',(0.,1.30301526092817E-16,-1.));
#5410=DIRECTION('center_axis',(1.,4.36035740683425E-16,5.68161224420622E-32));
#5411=DIRECTION('ref_axis',(0.,-1.30301526092817E-16,1.));
#5412=DIRECTION('',(0.,-1.30301526092817E-16,1.));
#5413=DIRECTION('center_axis',(0.,1.30301526092817E-16,-1.));
#5414=DIRECTION('ref_axis',(-1.,2.52757832335885E-15,3.29347312852783E-31));
#5415=DIRECTION('',(0.,1.30301526092817E-16,-1.));
#5416=DIRECTION('center_axis',(0.,1.30301526092817E-16,-1.));
#5417=DIRECTION('ref_axis',(-1.,2.52757832335885E-15,3.29347312852783E-31));
#5418=DIRECTION('',(0.,-1.30301526092817E-16,1.));
#5419=DIRECTION('center_axis',(1.,-5.55111512312577E-17,-7.23318772060206E-33));
#5420=DIRECTION('ref_axis',(0.,1.30301526092817E-16,-1.));
#5421=DIRECTION('',(0.,1.30301526092817E-16,-1.));
#5422=DIRECTION('center_axis',(-1.,5.55111512312577E-17,7.23318772060206E-33));
#5423=DIRECTION('ref_axis',(0.,-1.30301526092817E-16,1.));
#5424=DIRECTION('',(0.,-1.30301526092817E-16,1.));
#5425=DIRECTION('center_axis',(0.,-1.30301526092817E-16,1.));
#5426=DIRECTION('ref_axis',(-1.,-4.88862319302394E-15,-6.36995062543761E-31));
#5427=DIRECTION('',(0.,1.30301526092817E-16,-1.));
#5428=DIRECTION('center_axis',(0.,-1.30301526092817E-16,1.));
#5429=DIRECTION('ref_axis',(-1.,-4.88862319302394E-15,-6.36995062543761E-31));
#5430=DIRECTION('',(0.,-1.30301526092817E-16,1.));
#5431=DIRECTION('center_axis',(-1.,-4.36035740683425E-16,-5.68161224420622E-32));
#5432=DIRECTION('ref_axis',(0.,1.30301526092817E-16,-1.));
#5433=DIRECTION('',(0.,1.30301526092817E-16,-1.));
#5434=DIRECTION('center_axis',(1.,4.36035740683425E-16,5.68161224420622E-32));
#5435=DIRECTION('ref_axis',(0.,-1.30301526092817E-16,1.));
#5436=DIRECTION('',(0.,-1.30301526092817E-16,1.));
#5437=DIRECTION('center_axis',(0.,1.30301526092817E-16,-1.));
#5438=DIRECTION('ref_axis',(-1.,2.52757832335885E-15,3.29347312852783E-31));
#5439=DIRECTION('',(0.,1.30301526092817E-16,-1.));
#5440=DIRECTION('center_axis',(0.,1.30301526092817E-16,-1.));
#5441=DIRECTION('ref_axis',(-1.,2.52757832335885E-15,3.29347312852783E-31));
#5442=DIRECTION('',(0.,-1.30301526092817E-16,1.));
#5443=DIRECTION('center_axis',(1.,-5.55111512312577E-17,-7.23318772060206E-33));
#5444=DIRECTION('ref_axis',(0.,1.30301526092817E-16,-1.));
#5445=DIRECTION('',(0.,1.30301526092817E-16,-1.));
#5446=DIRECTION('center_axis',(-1.,5.55111512312577E-17,7.23318772060206E-33));
#5447=DIRECTION('ref_axis',(0.,-1.30301526092817E-16,1.));
#5448=DIRECTION('',(0.,-1.30301526092817E-16,1.));
#5449=DIRECTION('center_axis',(0.,-1.30301526092817E-16,1.));
#5450=DIRECTION('ref_axis',(-1.,-4.88862319302394E-15,-6.36995062543761E-31));
#5451=DIRECTION('',(0.,1.30301526092817E-16,-1.));
#5452=DIRECTION('center_axis',(0.,-1.30301526092817E-16,1.));
#5453=DIRECTION('ref_axis',(-1.,-4.88862319302394E-15,-6.36995062543761E-31));
#5454=DIRECTION('',(0.,-1.30301526092817E-16,1.));
#5455=DIRECTION('center_axis',(-1.,-4.3859588074548E-16,-5.71497125991594E-32));
#5456=DIRECTION('ref_axis',(0.,1.30301526092817E-16,-1.));
#5457=DIRECTION('',(0.,1.30301526092817E-16,-1.));
#5458=DIRECTION('center_axis',(1.,4.3859588074548E-16,5.71497125991594E-32));
#5459=DIRECTION('ref_axis',(0.,-1.30301526092817E-16,1.));
#5460=DIRECTION('',(0.,-1.30301526092817E-16,1.));
#5461=DIRECTION('center_axis',(0.,1.30301526092817E-16,-1.));
#5462=DIRECTION('ref_axis',(-1.,2.52757832335885E-15,3.29347312852783E-31));
#5463=DIRECTION('',(0.,1.30301526092817E-16,-1.));
#5464=DIRECTION('center_axis',(0.,1.30301526092817E-16,-1.));
#5465=DIRECTION('ref_axis',(-1.,2.52757832335885E-15,3.29347312852783E-31));
#5466=DIRECTION('',(0.,-1.30301526092817E-16,1.));
#5467=DIRECTION('center_axis',(1.,-5.55111512312577E-17,-7.23318772060206E-33));
#5468=DIRECTION('ref_axis',(0.,1.30301526092817E-16,-1.));
#5469=DIRECTION('',(0.,1.30301526092817E-16,-1.));
#5470=DIRECTION('center_axis',(-1.,5.55111512312577E-17,7.23318772060206E-33));
#5471=DIRECTION('ref_axis',(0.,-1.30301526092817E-16,1.));
#5472=DIRECTION('',(0.,-1.30301526092817E-16,1.));
#5473=DIRECTION('center_axis',(0.,-1.30301526092817E-16,1.));
#5474=DIRECTION('ref_axis',(-1.,-4.88862319302394E-15,-6.36995062543761E-31));
#5475=DIRECTION('',(0.,1.30301526092817E-16,-1.));
#5476=DIRECTION('center_axis',(0.,-1.30301526092817E-16,1.));
#5477=DIRECTION('ref_axis',(-1.,-4.88862319302394E-15,-6.36995062543761E-31));
#5478=DIRECTION('',(0.,-1.30301526092817E-16,1.));
#5479=DIRECTION('center_axis',(-1.,-4.36035740683425E-16,-5.68161224420622E-32));
#5480=DIRECTION('ref_axis',(0.,1.30301526092817E-16,-1.));
#5481=DIRECTION('',(0.,1.30301526092817E-16,-1.));
#5482=DIRECTION('center_axis',(1.,4.36035740683425E-16,5.68161224420622E-32));
#5483=DIRECTION('ref_axis',(0.,-1.30301526092817E-16,1.));
#5484=DIRECTION('',(0.,-1.30301526092817E-16,1.));
#5485=DIRECTION('center_axis',(0.,1.30301526092817E-16,-1.));
#5486=DIRECTION('ref_axis',(-1.,2.52757832335885E-15,3.29347312852783E-31));
#5487=DIRECTION('',(0.,1.30301526092817E-16,-1.));
#5488=DIRECTION('center_axis',(0.,1.30301526092817E-16,-1.));
#5489=DIRECTION('ref_axis',(-1.,2.52757832335885E-15,3.29347312852783E-31));
#5490=DIRECTION('',(0.,-1.30301526092817E-16,1.));
#5491=DIRECTION('center_axis',(1.,-5.55111512312577E-17,-7.23318772060206E-33));
#5492=DIRECTION('ref_axis',(0.,1.30301526092817E-16,-1.));
#5493=DIRECTION('',(0.,1.30301526092817E-16,-1.));
#5494=DIRECTION('center_axis',(-1.,5.55111512312577E-17,7.23318772060206E-33));
#5495=DIRECTION('ref_axis',(0.,-1.30301526092817E-16,1.));
#5496=DIRECTION('',(0.,-1.30301526092817E-16,1.));
#5497=DIRECTION('center_axis',(0.,-1.30301526092817E-16,1.));
#5498=DIRECTION('ref_axis',(-1.,-4.88862319302394E-15,-6.36995062543761E-31));
#5499=DIRECTION('',(0.,1.30301526092817E-16,-1.));
#5500=DIRECTION('center_axis',(0.,-1.30301526092817E-16,1.));
#5501=DIRECTION('ref_axis',(-1.,-4.88862319302394E-15,-6.36995062543761E-31));
#5502=DIRECTION('',(0.,-1.30301526092817E-16,1.));
#5503=DIRECTION('center_axis',(-1.,-4.36035740683425E-16,-5.68161224420622E-32));
#5504=DIRECTION('ref_axis',(0.,1.30301526092817E-16,-1.));
#5505=DIRECTION('',(0.,1.30301526092817E-16,-1.));
#5506=DIRECTION('center_axis',(1.,4.36035740683425E-16,5.68161224420622E-32));
#5507=DIRECTION('ref_axis',(0.,-1.30301526092817E-16,1.));
#5508=DIRECTION('',(0.,-1.30301526092817E-16,1.));
#5509=DIRECTION('center_axis',(0.,1.30301526092817E-16,-1.));
#5510=DIRECTION('ref_axis',(-1.,2.52757832335885E-15,3.29347312852783E-31));
#5511=DIRECTION('',(0.,1.30301526092817E-16,-1.));
#5512=DIRECTION('center_axis',(0.,1.30301526092817E-16,-1.));
#5513=DIRECTION('ref_axis',(-1.,2.52757832335885E-15,3.29347312852783E-31));
#5514=DIRECTION('',(0.,-1.30301526092817E-16,1.));
#5515=DIRECTION('center_axis',(1.,-5.55111512312577E-17,-7.23318772060206E-33));
#5516=DIRECTION('ref_axis',(0.,1.30301526092817E-16,-1.));
#5517=DIRECTION('',(0.,1.30301526092817E-16,-1.));
#5518=DIRECTION('center_axis',(-1.,5.55111512312577E-17,7.23318772060206E-33));
#5519=DIRECTION('ref_axis',(0.,-1.30301526092817E-16,1.));
#5520=DIRECTION('',(0.,-1.30301526092817E-16,1.));
#5521=DIRECTION('center_axis',(0.,-1.30301526092817E-16,1.));
#5522=DIRECTION('ref_axis',(-1.,-4.88862319302394E-15,-6.36995062543761E-31));
#5523=DIRECTION('',(0.,1.30301526092817E-16,-1.));
#5524=DIRECTION('center_axis',(0.,-1.30301526092817E-16,1.));
#5525=DIRECTION('ref_axis',(-1.,-4.88862319302394E-15,-6.36995062543761E-31));
#5526=DIRECTION('',(0.,-1.30301526092817E-16,1.));
#5527=DIRECTION('center_axis',(-1.,-4.36035740683425E-16,-5.68161224420622E-32));
#5528=DIRECTION('ref_axis',(0.,1.30301526092817E-16,-1.));
#5529=DIRECTION('',(0.,1.30301526092817E-16,-1.));
#5530=DIRECTION('center_axis',(1.,4.36035740683425E-16,5.68161224420622E-32));
#5531=DIRECTION('ref_axis',(0.,-1.30301526092817E-16,1.));
#5532=DIRECTION('',(0.,-1.30301526092817E-16,1.));
#5533=DIRECTION('center_axis',(0.,1.30301526092817E-16,-1.));
#5534=DIRECTION('ref_axis',(-1.,2.52757832335885E-15,3.29347312852783E-31));
#5535=DIRECTION('',(0.,1.30301526092817E-16,-1.));
#5536=DIRECTION('center_axis',(0.,1.30301526092817E-16,-1.));
#5537=DIRECTION('ref_axis',(-1.,2.52757832335885E-15,3.29347312852783E-31));
#5538=DIRECTION('',(0.,-1.30301526092817E-16,1.));
#5539=DIRECTION('center_axis',(1.,-5.55111512312577E-17,-7.23318772060206E-33));
#5540=DIRECTION('ref_axis',(0.,1.30301526092817E-16,-1.));
#5541=DIRECTION('',(0.,1.30301526092817E-16,-1.));
#5542=DIRECTION('center_axis',(-1.,5.55111512312577E-17,7.23318772060206E-33));
#5543=DIRECTION('ref_axis',(0.,-1.30301526092817E-16,1.));
#5544=DIRECTION('',(0.,-1.30301526092817E-16,1.));
#5545=DIRECTION('center_axis',(0.,-1.30301526092817E-16,1.));
#5546=DIRECTION('ref_axis',(-1.,-4.88862319302394E-15,-6.36995062543761E-31));
#5547=DIRECTION('',(0.,1.30301526092817E-16,-1.));
#5548=DIRECTION('center_axis',(0.,-1.30301526092817E-16,1.));
#5549=DIRECTION('ref_axis',(-1.,-4.88862319302394E-15,-6.36995062543761E-31));
#5550=DIRECTION('',(0.,-1.30301526092817E-16,1.));
#5551=DIRECTION('center_axis',(-1.,-7.23836882350799E-16,-9.43170504125763E-32));
#5552=DIRECTION('ref_axis',(0.,1.30301526092817E-16,-1.));
#5553=DIRECTION('',(0.,1.30301526092817E-16,-1.));
#5554=DIRECTION('center_axis',(1.,7.23836882350799E-16,9.43170504125763E-32));
#5555=DIRECTION('ref_axis',(0.,-1.30301526092817E-16,1.));
#5556=DIRECTION('',(0.,-1.30301526092817E-16,1.));
#5557=DIRECTION('center_axis',(0.,-1.30301526092817E-16,1.));
#5558=DIRECTION('ref_axis',(-4.38538094726932E-15,1.,1.30301526092817E-16));
#5559=DIRECTION('center_axis',(0.,-1.30301526092817E-16,1.));
#5560=DIRECTION('ref_axis',(-4.38538094726932E-15,1.,1.30301526092817E-16));
#5561=DIRECTION('center_axis',(5.65663632047924E-15,1.,1.30301526092817E-16));
#5562=DIRECTION('ref_axis',(0.,1.30301526092817E-16,-1.));
#5563=DIRECTION('center_axis',(1.,3.15651644256173E-17,4.11298909602864E-33));
#5564=DIRECTION('ref_axis',(-3.15651644256173E-17,1.,1.30301526092817E-16));
#5565=DIRECTION('',(0.,-1.30301526092817E-16,1.));
#5566=DIRECTION('',(0.,1.30301526092817E-16,-1.));
#5567=DIRECTION('center_axis',(0.,-1.30301526092817E-16,1.));
#5568=DIRECTION('ref_axis',(1.,-5.55111512312577E-17,-7.23318772060206E-33));
#5569=DIRECTION('',(0.,1.30301526092817E-16,-1.));
#5570=DIRECTION('center_axis',(0.,-1.30301526092817E-16,1.));
#5571=DIRECTION('ref_axis',(1.,-5.55111512312577E-17,-7.23318772060206E-33));
#5572=DIRECTION('',(0.,1.30301526092817E-16,-1.));
#5573=DIRECTION('center_axis',(-1.,1.42587466888133E-16,1.85793645372328E-32));
#5574=DIRECTION('ref_axis',(-1.42587466888133E-16,-1.,-1.30301526092817E-16));
#5575=DIRECTION('',(0.,-1.30301526092817E-16,1.));
#5576=DIRECTION('',(0.,1.30301526092817E-16,-1.));
#5577=DIRECTION('center_axis',(-5.80666517994544E-17,1.,1.30301526092817E-16));
#5578=DIRECTION('ref_axis',(-1.,-5.80666517994544E-17,-7.56617334456915E-33));
#5579=DIRECTION('center_axis',(-5.55111512312577E-17,-1.,-1.30301526092817E-16));
#5580=DIRECTION('ref_axis',(1.,-5.55111512312577E-17,-7.23318772060206E-33));
#5581=CARTESIAN_POINT('',(0.,0.,0.));
#5582=CARTESIAN_POINT('Origin',(-34.7031815614083,-6.99999999999999,-5.4282));
#5583=CARTESIAN_POINT('',(-15.5999999999994,-6.99999999999928,-4.8782));
#5584=CARTESIAN_POINT('',(-16.511610922422,-12.8308064154902,-4.8782));
#5585=CARTESIAN_POINT('Origin',(-34.7031815614083,-6.99999999999999,-4.8782));
#5586=CARTESIAN_POINT('',(-15.5999999999994,-6.99999999999928,-5.4282));
#5587=CARTESIAN_POINT('',(-15.5999999999994,-6.99999999999928,-5.4282));
#5588=CARTESIAN_POINT('',(-16.511610922422,-12.8308064154902,-5.4282));
#5589=CARTESIAN_POINT('Origin',(-34.7031815614083,-6.99999999999999,-5.4282));
#5590=CARTESIAN_POINT('',(-16.511610922422,-12.8308064154902,-5.4282));
#5591=CARTESIAN_POINT('Origin',(-13.7499999999948,-13.7159646573544,-5.4282));
#5592=CARTESIAN_POINT('',(-12.5154116246528,-16.340043837463,-4.8782));
#5593=CARTESIAN_POINT('Origin',(-13.7499999999948,-13.7159646573544,-4.8782));
#5594=CARTESIAN_POINT('',(-12.5154116246528,-16.340043837463,-5.4282));
#5595=CARTESIAN_POINT('Origin',(-13.7499999999948,-13.7159646573544,-5.4282));
#5596=CARTESIAN_POINT('',(-12.5154116246528,-16.340043837463,-5.4282));
#5597=CARTESIAN_POINT('Origin',(-8.75669433426913,-24.3290804933981,-5.4282));
#5598=CARTESIAN_POINT('',(-8.75669433426913,-15.5,-4.8782));
#5599=CARTESIAN_POINT('Origin',(-8.75669433426913,-24.3290804933981,-4.8782));
#5600=CARTESIAN_POINT('',(-8.75669433426913,-15.5,-5.4282));
#5601=CARTESIAN_POINT('Origin',(-8.75669433426913,-24.3290804933981,-5.4282));
#5602=CARTESIAN_POINT('',(-8.75669433426913,-15.5,-5.4282));
#5603=CARTESIAN_POINT('Origin',(-0.397296803562778,-15.5,-5.4282));
#5604=CARTESIAN_POINT('',(-0.397296803562778,-15.5,-4.8782));
#5605=CARTESIAN_POINT('',(-0.198648401779281,-15.5,-4.8782));
#5606=CARTESIAN_POINT('',(-0.397296803562778,-15.5,-5.4282));
#5607=CARTESIAN_POINT('',(-0.397296803562778,-15.5,-5.4282));
#5608=CARTESIAN_POINT('',(-0.397296803562778,-15.5,-5.4282));
#5609=CARTESIAN_POINT('Origin',(-0.397296803562773,-20.,-5.4282));
#5610=CARTESIAN_POINT('',(4.10105936076595,-19.8783783783784,-4.8782));
#5611=CARTESIAN_POINT('Origin',(-0.397296803562773,-20.,-4.8782));
#5612=CARTESIAN_POINT('',(4.10105936076595,-19.8783783783784,-5.4282));
#5613=CARTESIAN_POINT('Origin',(-0.397296803562773,-20.,-5.4282));
#5614=CARTESIAN_POINT('',(4.10105936076595,-19.8783783783784,-5.4282));
#5615=CARTESIAN_POINT('Origin',(7.,-19.8,-5.4282));
#5616=CARTESIAN_POINT('',(6.99999999999999,-22.7,-4.8782));
#5617=CARTESIAN_POINT('Origin',(7.,-19.8,-4.8782));
#5618=CARTESIAN_POINT('',(6.99999999999999,-22.7,-5.4282));
#5619=CARTESIAN_POINT('Origin',(7.,-19.8,-5.4282));
#5620=CARTESIAN_POINT('',(6.99999999999999,-22.7,-5.4282));
#5621=CARTESIAN_POINT('Origin',(13.8500000000033,-22.7,-5.4282));
#5622=CARTESIAN_POINT('',(13.8500000000033,-22.7,-4.8782));
#5623=CARTESIAN_POINT('',(6.92500000000373,-22.7,-4.8782));
#5624=CARTESIAN_POINT('',(13.8500000000033,-22.7,-5.4282));
#5625=CARTESIAN_POINT('',(13.8500000000033,-22.7,-5.4282));
#5626=CARTESIAN_POINT('',(13.8500000000033,-22.7,-5.4282));
#5627=CARTESIAN_POINT('Origin',(13.8500000000033,-19.8,-5.4282));
#5628=CARTESIAN_POINT('',(16.6266056706239,-18.96306454856,-4.8782));
#5629=CARTESIAN_POINT('Origin',(13.8500000000033,-19.8,-4.8782));
#5630=CARTESIAN_POINT('',(16.6266056706239,-18.96306454856,-5.4282));
#5631=CARTESIAN_POINT('Origin',(13.8500000000033,-19.8,-5.4282));
#5632=CARTESIAN_POINT('',(16.6266056706239,-18.96306454856,-5.4282));
#5633=CARTESIAN_POINT('Origin',(39.7271739129706,-12.,-5.4282));
#5634=CARTESIAN_POINT('',(15.6,-12.,-4.8782));
#5635=CARTESIAN_POINT('Origin',(39.7271739129706,-12.,-4.8782));
#5636=CARTESIAN_POINT('',(15.6,-12.,-5.4282));
#5637=CARTESIAN_POINT('Origin',(39.7271739129706,-12.,-5.4282));
#5638=CARTESIAN_POINT('',(15.6,-12.,-5.4282));
#5639=CARTESIAN_POINT('Origin',(15.5999999999994,6.99999999999931,-5.4282));
#5640=CARTESIAN_POINT('',(15.5999999999994,6.99999999999931,-4.8782));
#5641=CARTESIAN_POINT('',(15.5999999999994,3.49999999999966,-4.8782));
#5642=CARTESIAN_POINT('',(15.5999999999994,6.99999999999931,-5.4282));
#5643=CARTESIAN_POINT('',(15.5999999999994,6.99999999999931,-5.4282));
#5644=CARTESIAN_POINT('',(15.5999999999994,6.99999999999931,-5.4282));
#5645=CARTESIAN_POINT('Origin',(-39.7271739129705,12.,-5.4282));
#5646=CARTESIAN_POINT('',(-17.2,12.,-4.8782));
#5647=CARTESIAN_POINT('',(-18.1585260406215,18.5013070581103,-4.8782));
#5648=CARTESIAN_POINT('Origin',(-39.7271739129705,12.,-4.8782));
#5649=CARTESIAN_POINT('',(-17.2,12.,-5.4282));
#5650=CARTESIAN_POINT('',(-17.2,12.,-5.4282));
#5651=CARTESIAN_POINT('',(-18.1585260406215,18.5013070581103,-5.4282));
#5652=CARTESIAN_POINT('Origin',(-39.7271739129705,12.,-5.4282));
#5653=CARTESIAN_POINT('',(-18.1585260406215,18.5013070581103,-5.4282));
#5654=CARTESIAN_POINT('Origin',(-13.8500000000033,19.8,-5.4282));
#5655=CARTESIAN_POINT('',(-13.8500000000032,24.3,-4.8782));
#5656=CARTESIAN_POINT('Origin',(-13.8500000000033,19.8,-4.8782));
#5657=CARTESIAN_POINT('',(-13.8500000000032,24.3,-5.4282));
#5658=CARTESIAN_POINT('Origin',(-13.8500000000033,19.8,-5.4282));
#5659=CARTESIAN_POINT('',(-13.8500000000032,24.3,-5.4282));
#5660=CARTESIAN_POINT('Origin',(-6.99999999999998,24.3,-5.4282));
#5661=CARTESIAN_POINT('',(-6.99999999999998,24.3,-4.8782));
#5662=CARTESIAN_POINT('',(-3.49999999999788,24.3,-4.8782));
#5663=CARTESIAN_POINT('',(-6.99999999999998,24.3,-5.4282));
#5664=CARTESIAN_POINT('',(-13.8500000000032,24.3,-5.4282));
#5665=CARTESIAN_POINT('',(-6.99999999999998,24.3,-5.4282));
#5666=CARTESIAN_POINT('Origin',(-6.99999999999999,19.8,-5.4282));
#5667=CARTESIAN_POINT('',(-2.50164383567129,19.9216216216216,-4.8782));
#5668=CARTESIAN_POINT('Origin',(-6.99999999999999,19.8,-4.8782));
#5669=CARTESIAN_POINT('',(-2.50164383567129,19.9216216216216,-5.4282));
#5670=CARTESIAN_POINT('Origin',(-6.99999999999999,19.8,-5.4282));
#5671=CARTESIAN_POINT('',(-2.50164383567129,19.9216216216216,-5.4282));
#5672=CARTESIAN_POINT('Origin',(0.397296803562788,20.,-5.4282));
#5673=CARTESIAN_POINT('',(0.397296803562789,17.1,-4.8782));
#5674=CARTESIAN_POINT('Origin',(0.397296803562788,20.,-4.8782));
#5675=CARTESIAN_POINT('',(0.397296803562789,17.1,-5.4282));
#5676=CARTESIAN_POINT('Origin',(0.397296803562788,20.,-5.4282));
#5677=CARTESIAN_POINT('',(0.397296803562789,17.1,-5.4282));
#5678=CARTESIAN_POINT('Origin',(8.75669433426914,17.1,-5.4282));
#5679=CARTESIAN_POINT('',(8.75669433426914,17.1,-4.8782));
#5680=CARTESIAN_POINT('',(4.37834716713668,17.1,-4.8782));
#5681=CARTESIAN_POINT('',(8.75669433426914,17.1,-5.4282));
#5682=CARTESIAN_POINT('',(0.397296803562789,17.1,-5.4282));
#5683=CARTESIAN_POINT('',(8.75669433426914,17.1,-5.4282));
#5684=CARTESIAN_POINT('Origin',(8.75669433426914,24.3290804933982,-5.4282));
#5685=CARTESIAN_POINT('',(11.8342594175673,17.7878116609702,-4.8782));
#5686=CARTESIAN_POINT('Origin',(8.75669433426914,24.3290804933982,-4.8782));
#5687=CARTESIAN_POINT('',(11.8342594175673,17.7878116609702,-5.4282));
#5688=CARTESIAN_POINT('Origin',(8.75669433426914,24.3290804933982,-5.4282));
#5689=CARTESIAN_POINT('',(11.8342594175673,17.7878116609702,-5.4282));
#5690=CARTESIAN_POINT('Origin',(13.7499999999948,13.7159646573545,-5.4282));
#5691=CARTESIAN_POINT('',(18.0352583278984,12.342443247566,-4.8782));
#5692=CARTESIAN_POINT('Origin',(13.7499999999948,13.7159646573545,-4.8782));
#5693=CARTESIAN_POINT('',(18.0352583278984,12.342443247566,-5.4282));
#5694=CARTESIAN_POINT('Origin',(13.7499999999948,13.7159646573545,-5.4282));
#5695=CARTESIAN_POINT('',(18.0352583278984,12.342443247566,-5.4282));
#5696=CARTESIAN_POINT('Origin',(34.7031815614082,7.,-5.4282));
#5697=CARTESIAN_POINT('',(17.1999999999994,7.00000000000069,-4.8782));
#5698=CARTESIAN_POINT('Origin',(34.7031815614082,7.,-4.8782));
#5699=CARTESIAN_POINT('',(17.1999999999994,7.00000000000069,-5.4282));
#5700=CARTESIAN_POINT('Origin',(34.7031815614082,7.,-5.4282));
#5701=CARTESIAN_POINT('',(17.1999999999994,7.00000000000069,-5.4282));
#5702=CARTESIAN_POINT('Origin',(17.2,-12.,-5.4282));
#5703=CARTESIAN_POINT('',(17.2,-12.,-4.8782));
#5704=CARTESIAN_POINT('',(17.2,-5.99999999999999,-4.8782));
#5705=CARTESIAN_POINT('',(17.2,-12.,-5.4282));
#5706=CARTESIAN_POINT('',(17.2,1.29057952543406E-14,-5.4282));
#5707=CARTESIAN_POINT('',(17.2,-12.,-5.4282));
#5708=CARTESIAN_POINT('Origin',(34.7031815614083,7.00000000000002,-5.4282));
#5709=CARTESIAN_POINT('',(16.511610922422,12.8308064154902,-4.8782));
#5710=CARTESIAN_POINT('Origin',(34.7031815614083,7.00000000000002,-4.8782));
#5711=CARTESIAN_POINT('',(16.511610922422,12.8308064154902,-5.4282));
#5712=CARTESIAN_POINT('Origin',(34.7031815614083,7.00000000000002,-5.4282));
#5713=CARTESIAN_POINT('',(16.511610922422,12.8308064154902,-5.4282));
#5714=CARTESIAN_POINT('Origin',(13.7499999999948,13.7159646573545,-5.4282));
#5715=CARTESIAN_POINT('',(12.5154116246528,16.3400438374631,-4.8782));
#5716=CARTESIAN_POINT('Origin',(13.7499999999948,13.7159646573545,-4.8782));
#5717=CARTESIAN_POINT('',(12.5154116246528,16.3400438374631,-5.4282));
#5718=CARTESIAN_POINT('Origin',(13.7499999999948,13.7159646573545,-5.4282));
#5719=CARTESIAN_POINT('',(12.5154116246528,16.3400438374631,-5.4282));
#5720=CARTESIAN_POINT('Origin',(8.75669433426914,24.3290804933981,-5.4282));
#5721=CARTESIAN_POINT('',(8.75669433426915,15.5,-4.8782));
#5722=CARTESIAN_POINT('Origin',(8.75669433426914,24.3290804933981,-4.8782));
#5723=CARTESIAN_POINT('',(8.75669433426915,15.5,-5.4282));
#5724=CARTESIAN_POINT('Origin',(8.75669433426914,24.3290804933981,-5.4282));
#5725=CARTESIAN_POINT('',(8.75669433426915,15.5,-5.4282));
#5726=CARTESIAN_POINT('Origin',(0.397296803562789,15.5,-5.4282));
#5727=CARTESIAN_POINT('',(0.397296803562789,15.5,-4.8782));
#5728=CARTESIAN_POINT('',(0.198648401783504,15.5,-4.8782));
#5729=CARTESIAN_POINT('',(0.397296803562789,15.5,-5.4282));
#5730=CARTESIAN_POINT('',(0.397296803562789,15.5,-5.4282));
#5731=CARTESIAN_POINT('',(0.397296803562789,15.5,-5.4282));
#5732=CARTESIAN_POINT('Origin',(0.397296803562784,20.,-5.4282));
#5733=CARTESIAN_POINT('',(-4.10105936076594,19.8783783783784,-4.8782));
#5734=CARTESIAN_POINT('Origin',(0.397296803562784,20.,-4.8782));
#5735=CARTESIAN_POINT('',(-4.10105936076594,19.8783783783784,-5.4282));
#5736=CARTESIAN_POINT('Origin',(0.397296803562784,20.,-5.4282));
#5737=CARTESIAN_POINT('',(-4.10105936076594,19.8783783783784,-5.4282));
#5738=CARTESIAN_POINT('Origin',(-6.99999999999999,19.8,-5.4282));
#5739=CARTESIAN_POINT('',(-6.99999999999998,22.7,-4.8782));
#5740=CARTESIAN_POINT('Origin',(-6.99999999999999,19.8,-4.8782));
#5741=CARTESIAN_POINT('',(-6.99999999999998,22.7,-5.4282));
#5742=CARTESIAN_POINT('Origin',(-6.99999999999999,19.8,-5.4282));
#5743=CARTESIAN_POINT('',(-6.99999999999998,22.7,-5.4282));
#5744=CARTESIAN_POINT('Origin',(-13.8500000000032,22.7,-5.4282));
#5745=CARTESIAN_POINT('',(-13.8500000000032,22.7,-4.8782));
#5746=CARTESIAN_POINT('',(-6.92499999999951,22.7,-4.8782));
#5747=CARTESIAN_POINT('',(-13.8500000000032,22.7,-5.4282));
#5748=CARTESIAN_POINT('',(-13.8500000000032,22.7,-5.4282));
#5749=CARTESIAN_POINT('',(-13.8500000000032,22.7,-5.4282));
#5750=CARTESIAN_POINT('Origin',(-13.8500000000033,19.8,-5.4282));
#5751=CARTESIAN_POINT('',(-16.6266056706239,18.96306454856,-4.8782));
#5752=CARTESIAN_POINT('Origin',(-13.8500000000033,19.8,-4.8782));
#5753=CARTESIAN_POINT('',(-16.6266056706239,18.96306454856,-5.4282));
#5754=CARTESIAN_POINT('Origin',(-13.8500000000033,19.8,-5.4282));
#5755=CARTESIAN_POINT('',(-16.6266056706239,18.96306454856,-5.4282));
#5756=CARTESIAN_POINT('Origin',(-39.7271739129706,12.,-5.4282));
#5757=CARTESIAN_POINT('',(-15.6,12.,-4.8782));
#5758=CARTESIAN_POINT('Origin',(-39.7271739129706,12.,-4.8782));
#5759=CARTESIAN_POINT('',(-15.6,12.,-5.4282));
#5760=CARTESIAN_POINT('Origin',(-39.7271739129706,12.,-5.4282));
#5761=CARTESIAN_POINT('',(-15.6,12.,-5.4282));
#5762=CARTESIAN_POINT('Origin',(-15.5999999999994,-6.99999999999928,-5.4282));
#5763=CARTESIAN_POINT('',(-15.5999999999994,-3.49999999999963,-4.8782));
#5764=CARTESIAN_POINT('',(-15.5999999999994,-6.99999999999928,-5.4282));
#5765=CARTESIAN_POINT('Origin',(39.7271739129705,-12.,-5.4282));
#5766=CARTESIAN_POINT('',(18.1585260406215,-18.5013070581103,-4.8782));
#5767=CARTESIAN_POINT('Origin',(39.7271739129705,-12.,-4.8782));
#5768=CARTESIAN_POINT('',(18.1585260406215,-18.5013070581103,-5.4282));
#5769=CARTESIAN_POINT('Origin',(39.7271739129705,-12.,-5.4282));
#5770=CARTESIAN_POINT('',(18.1585260406215,-18.5013070581103,-5.4282));
#5771=CARTESIAN_POINT('Origin',(13.8500000000033,-19.8,-5.4282));
#5772=CARTESIAN_POINT('',(13.8500000000033,-24.3,-4.8782));
#5773=CARTESIAN_POINT('Origin',(13.8500000000033,-19.8,-4.8782));
#5774=CARTESIAN_POINT('',(13.8500000000033,-24.3,-5.4282));
#5775=CARTESIAN_POINT('Origin',(13.8500000000033,-19.8,-5.4282));
#5776=CARTESIAN_POINT('',(13.8500000000033,-24.3,-5.4282));
#5777=CARTESIAN_POINT('Origin',(6.99999999999999,-24.3,-5.4282));
#5778=CARTESIAN_POINT('',(6.99999999999999,-24.3,-4.8782));
#5779=CARTESIAN_POINT('',(3.5000000000021,-24.3,-4.8782));
#5780=CARTESIAN_POINT('',(6.99999999999999,-24.3,-5.4282));
#5781=CARTESIAN_POINT('',(13.8500000000033,-24.3,-5.4282));
#5782=CARTESIAN_POINT('',(6.99999999999999,-24.3,-5.4282));
#5783=CARTESIAN_POINT('Origin',(7.,-19.8,-5.4282));
#5784=CARTESIAN_POINT('',(2.5016438356713,-19.9216216216216,-4.8782));
#5785=CARTESIAN_POINT('Origin',(7.,-19.8,-4.8782));
#5786=CARTESIAN_POINT('',(2.5016438356713,-19.9216216216216,-5.4282));
#5787=CARTESIAN_POINT('Origin',(7.,-19.8,-5.4282));
#5788=CARTESIAN_POINT('',(2.5016438356713,-19.9216216216216,-5.4282));
#5789=CARTESIAN_POINT('Origin',(-0.397296803562776,-20.,-5.4282));
#5790=CARTESIAN_POINT('',(-0.397296803562778,-17.1,-4.8782));
#5791=CARTESIAN_POINT('Origin',(-0.397296803562776,-20.,-4.8782));
#5792=CARTESIAN_POINT('',(-0.397296803562778,-17.1,-5.4282));
#5793=CARTESIAN_POINT('Origin',(-0.397296803562776,-20.,-5.4282));
#5794=CARTESIAN_POINT('',(-0.397296803562778,-17.1,-5.4282));
#5795=CARTESIAN_POINT('Origin',(-8.75669433426913,-17.1,-5.4282));
#5796=CARTESIAN_POINT('',(-8.75669433426913,-17.1,-4.8782));
#5797=CARTESIAN_POINT('',(-4.37834716713246,-17.1,-4.8782));
#5798=CARTESIAN_POINT('',(-8.75669433426913,-17.1,-5.4282));
#5799=CARTESIAN_POINT('',(-0.397296803562778,-17.1,-5.4282));
#5800=CARTESIAN_POINT('',(-8.75669433426913,-17.1,-5.4282));
#5801=CARTESIAN_POINT('Origin',(-8.75669433426912,-24.3290804933982,-5.4282));
#5802=CARTESIAN_POINT('',(-11.8342594175673,-17.7878116609702,-4.8782));
#5803=CARTESIAN_POINT('Origin',(-8.75669433426912,-24.3290804933982,-4.8782));
#5804=CARTESIAN_POINT('',(-11.8342594175673,-17.7878116609702,-5.4282));
#5805=CARTESIAN_POINT('Origin',(-8.75669433426912,-24.3290804933982,-5.4282));
#5806=CARTESIAN_POINT('',(-11.8342594175673,-17.7878116609702,-5.4282));
#5807=CARTESIAN_POINT('Origin',(-13.7499999999948,-13.7159646573544,-5.4282));
#5808=CARTESIAN_POINT('',(-18.0352583278984,-12.342443247566,-4.8782));
#5809=CARTESIAN_POINT('Origin',(-13.7499999999948,-13.7159646573544,-4.8782));
#5810=CARTESIAN_POINT('',(-18.0352583278984,-12.342443247566,-5.4282));
#5811=CARTESIAN_POINT('Origin',(-13.7499999999948,-13.7159646573544,-5.4282));
#5812=CARTESIAN_POINT('',(-18.0352583278984,-12.342443247566,-5.4282));
#5813=CARTESIAN_POINT('Origin',(-34.7031815614082,-6.99999999999998,-5.4282));
#5814=CARTESIAN_POINT('',(-17.1999999999994,-7.00000000000066,-4.8782));
#5815=CARTESIAN_POINT('Origin',(-34.7031815614082,-6.99999999999998,-4.8782));
#5816=CARTESIAN_POINT('',(-17.1999999999994,-7.00000000000066,-5.4282));
#5817=CARTESIAN_POINT('Origin',(-34.7031815614082,-6.99999999999998,-5.4282));
#5818=CARTESIAN_POINT('',(-17.1999999999994,-7.00000000000066,-5.4282));
#5819=CARTESIAN_POINT('Origin',(-17.1999999999994,11.9999999999993,-5.4282));
#5820=CARTESIAN_POINT('',(-17.1999999999994,5.99999999999968,-4.8782));
#5821=CARTESIAN_POINT('',(-17.1999999999994,-7.00000000000066,-5.4282));
#5822=CARTESIAN_POINT('Origin',(15.6,1.29946130963106E-14,-5.4282));
#5823=CARTESIAN_POINT('Origin',(4.21662704752634E-12,1.3788921216167E-14,
-4.8782));
#5824=CARTESIAN_POINT('',(-19.9999999999948,-25.5,-4.8782));
#5825=CARTESIAN_POINT('',(20.0000000000033,-25.5,-4.8782));
#5826=CARTESIAN_POINT('',(19.5500000000033,-25.5,-4.8782));
#5827=CARTESIAN_POINT('',(20.0000000000033,25.5,-4.8782));
#5828=CARTESIAN_POINT('',(20.0000000000033,-12.75,-4.8782));
#5829=CARTESIAN_POINT('',(-19.9999999999948,25.5,-4.8782));
#5830=CARTESIAN_POINT('',(-19.5499999999948,25.5,-4.8782));
#5831=CARTESIAN_POINT('',(-19.9999999999948,12.75,-4.8782));
#5832=CARTESIAN_POINT('',(7.97500000000001,20.0000006705523,-4.8782));
#5833=CARTESIAN_POINT('Origin',(10.,20.0000006705523,-4.8782));
#5834=CARTESIAN_POINT('',(-12.025,-20.0000006705523,-4.8782));
#5835=CARTESIAN_POINT('Origin',(-10.,-20.0000006705523,-4.8782));
#5836=CARTESIAN_POINT('Origin',(-13.45,20.8,-5.3782));
#5837=CARTESIAN_POINT('',(-13.45,20.7920136583212,-5.3782));
#5838=CARTESIAN_POINT('',(-13.45,20.7920136583212,-4.8782));
#5839=CARTESIAN_POINT('',(-13.45,20.7920136583212,-5.1282));
#5840=CARTESIAN_POINT('',(-13.45,20.8,-5.3782));
#5841=CARTESIAN_POINT('',(-13.45,19.7,-5.3782));
#5842=CARTESIAN_POINT('',(-13.45,20.8,-4.8782));
#5843=CARTESIAN_POINT('',(-13.45,20.8,-5.3782));
#5844=CARTESIAN_POINT('',(-13.4500000000001,10.4000000000001,-4.8782));
#5845=CARTESIAN_POINT('Origin',(-12.4999999999955,20.8,-5.3782));
#5846=CARTESIAN_POINT('',(-12.4790199457722,19.7,-5.3782));
#5847=CARTESIAN_POINT('',(-13.2928571428571,19.7,-5.3782));
#5848=CARTESIAN_POINT('',(-12.4999999999955,19.7,-5.3782));
#5849=CARTESIAN_POINT('',(-12.4999999999973,19.95,-5.3782));
#5850=CARTESIAN_POINT('Origin',(-10.9999999999973,19.95,-5.3782));
#5851=CARTESIAN_POINT('',(-12.2359207094281,20.8,-5.3782));
#5852=CARTESIAN_POINT('Origin',(-10.9999999999973,19.95,-5.3782));
#5853=CARTESIAN_POINT('',(-13.45,20.8,-5.3782));
#5854=CARTESIAN_POINT('',(-14.8428571428571,19.25,-5.3782));
#5855=CARTESIAN_POINT('Origin',(-13.2928571428571,19.25,-5.3782));
#5856=CARTESIAN_POINT('',(-14.8428571428571,-13.5517857142857,-5.3782));
#5857=CARTESIAN_POINT('',(-14.8428571428571,19.25,-5.3782));
#5858=CARTESIAN_POINT('',(-11.9464285714286,-13.5517857142857,-5.3782));
#5859=CARTESIAN_POINT('Origin',(-13.3946428571428,-13.5517857142857,-5.3782));
#5860=CARTESIAN_POINT('',(-11.9464285714286,13.5517857142857,-5.3782));
#5861=CARTESIAN_POINT('',(-11.9464285714286,-13.5517857142857,-5.3782));
#5862=CARTESIAN_POINT('',(-11.25,13.5517857142857,-5.3782));
#5863=CARTESIAN_POINT('Origin',(-11.5982142857143,13.5517857142857,-5.3782));
#5864=CARTESIAN_POINT('',(-11.25,-13.5517857142857,-5.3782));
#5865=CARTESIAN_POINT('',(-11.25,13.5517857142857,-5.3782));
#5866=CARTESIAN_POINT('',(-8.35357142857142,-13.5517857142857,-5.3782));
#5867=CARTESIAN_POINT('Origin',(-9.8017857142857,-13.5517857142857,-5.3782));
#5868=CARTESIAN_POINT('',(-8.35357142857142,13.5517857142857,-5.3782));
#5869=CARTESIAN_POINT('',(-8.35357142857142,-13.5517857142857,-5.3782));
#5870=CARTESIAN_POINT('',(-7.65714285714284,13.5517857142857,-5.3782));
#5871=CARTESIAN_POINT('Origin',(-8.00535714285713,13.5517857142857,-5.3782));
#5872=CARTESIAN_POINT('',(-7.65714285714283,-13.5517857142857,-5.3782));
#5873=CARTESIAN_POINT('',(-7.65714285714284,13.5517857142857,-5.3782));
#5874=CARTESIAN_POINT('',(-4.76071428571429,-13.5517857142857,-5.3782));
#5875=CARTESIAN_POINT('Origin',(-6.20892857142856,-13.5517857142857,-5.3782));
#5876=CARTESIAN_POINT('',(-4.76071428571429,13.5517857142857,-5.3782));
#5877=CARTESIAN_POINT('',(-4.76071428571429,-13.5517857142857,-5.3782));
#5878=CARTESIAN_POINT('',(-4.0642857142857,13.5517857142857,-5.3782));
#5879=CARTESIAN_POINT('Origin',(-4.4125,13.5517857142857,-5.3782));
#5880=CARTESIAN_POINT('',(-4.06428571428569,-13.5517857142857,-5.3782));
#5881=CARTESIAN_POINT('',(-4.0642857142857,13.5517857142857,-5.3782));
#5882=CARTESIAN_POINT('',(-1.16785714285714,-13.5517857142857,-5.3782));
#5883=CARTESIAN_POINT('Origin',(-2.61607142857141,-13.5517857142857,-5.3782));
#5884=CARTESIAN_POINT('',(-1.16785714285714,13.5517857142857,-5.3782));
#5885=CARTESIAN_POINT('',(-1.16785714285714,-13.5517857142857,-5.3782));
#5886=CARTESIAN_POINT('',(-0.471428571428566,13.5517857142857,-5.3782));
#5887=CARTESIAN_POINT('Origin',(-0.819642857142852,13.5517857142857,-5.3782));
#5888=CARTESIAN_POINT('',(-0.471428571428554,-13.5517857142857,-5.3782));
#5889=CARTESIAN_POINT('',(-0.471428571428566,13.5517857142857,-5.3782));
#5890=CARTESIAN_POINT('',(2.42500000000001,-13.5517857142857,-5.3782));
#5891=CARTESIAN_POINT('Origin',(0.97678571428573,-13.5517857142857,-5.3782));
#5892=CARTESIAN_POINT('',(2.42500000000002,13.5517857142857,-5.3782));
#5893=CARTESIAN_POINT('',(2.42500000000001,-13.5517857142857,-5.3782));
#5894=CARTESIAN_POINT('',(3.12142857142857,13.5517857142857,-5.3782));
#5895=CARTESIAN_POINT('Origin',(2.77321428571429,13.5517857142857,-5.3782));
#5896=CARTESIAN_POINT('',(3.12142857142858,-13.5517857142857,-5.3782));
#5897=CARTESIAN_POINT('',(3.12142857142857,13.5517857142857,-5.3782));
#5898=CARTESIAN_POINT('',(6.01785714285716,-13.5517857142857,-5.3782));
#5899=CARTESIAN_POINT('Origin',(4.56964285714287,-13.5517857142857,-5.3782));
#5900=CARTESIAN_POINT('',(6.01785714285716,13.5517857142857,-5.3782));
#5901=CARTESIAN_POINT('',(6.01785714285716,-13.5517857142857,-5.3782));
#5902=CARTESIAN_POINT('',(6.71428571428571,13.5517857142857,-5.3782));
#5903=CARTESIAN_POINT('Origin',(6.36607142857144,13.5517857142857,-5.3782));
#5904=CARTESIAN_POINT('',(6.71428571428572,-13.5517857142857,-5.3782));
#5905=CARTESIAN_POINT('',(6.71428571428571,13.5517857142857,-5.3782));
#5906=CARTESIAN_POINT('',(9.61071428571431,-13.5517857142857,-5.3782));
#5907=CARTESIAN_POINT('Origin',(8.16250000000001,-13.5517857142857,-5.3782));
#5908=CARTESIAN_POINT('',(9.61071428571431,13.5517857142857,-5.3782));
#5909=CARTESIAN_POINT('',(9.61071428571431,-13.5517857142857,-5.3782));
#5910=CARTESIAN_POINT('',(10.3071428571429,13.5517857142857,-5.3782));
#5911=CARTESIAN_POINT('Origin',(9.95892857142858,13.5517857142857,-5.3782));
#5912=CARTESIAN_POINT('',(10.3071428571429,-13.5517857142857,-5.3782));
#5913=CARTESIAN_POINT('',(10.3071428571429,13.5517857142857,-5.3782));
#5914=CARTESIAN_POINT('',(13.2035714285714,-13.5517857142857,-5.3782));
#5915=CARTESIAN_POINT('Origin',(11.7553571428572,-13.5517857142857,-5.3782));
#5916=CARTESIAN_POINT('',(13.2035714285714,13.5517857142857,-5.3782));
#5917=CARTESIAN_POINT('',(13.2035714285714,-13.5517857142857,-5.3782));
#5918=CARTESIAN_POINT('',(13.9,13.5517857142857,-5.3782));
#5919=CARTESIAN_POINT('Origin',(13.5517857142857,13.5517857142857,-5.3782));
#5920=CARTESIAN_POINT('',(13.9,-19.25,-5.3782));
#5921=CARTESIAN_POINT('',(13.9,13.5517857142857,-5.3782));
#5922=CARTESIAN_POINT('',(13.45,-19.7,-5.3782));
#5923=CARTESIAN_POINT('Origin',(13.45,-19.25,-5.3782));
#5924=CARTESIAN_POINT('',(12.4790199457722,-19.7,-5.3782));
#5925=CARTESIAN_POINT('',(13.45,-19.7,-5.3782));
#5926=CARTESIAN_POINT('',(12.2359207094281,-20.8,-5.3782));
#5927=CARTESIAN_POINT('Origin',(10.9999999999973,-19.95,-5.3782));
#5928=CARTESIAN_POINT('',(13.45,-20.8,-5.3782));
#5929=CARTESIAN_POINT('',(13.45,-20.8,-5.3782));
#5930=CARTESIAN_POINT('',(15.,-19.25,-5.3782));
#5931=CARTESIAN_POINT('Origin',(13.45,-19.25,-5.3782));
#5932=CARTESIAN_POINT('',(15.,13.5517857142857,-5.3782));
#5933=CARTESIAN_POINT('',(15.,13.5517857142857,-5.3782));
#5934=CARTESIAN_POINT('',(12.1035714285714,13.5517857142857,-5.3782));
#5935=CARTESIAN_POINT('Origin',(13.5517857142857,13.5517857142857,-5.3782));
#5936=CARTESIAN_POINT('',(12.1035714285714,-13.5517857142857,-5.3782));
#5937=CARTESIAN_POINT('',(12.1035714285714,-13.5517857142857,-5.3782));
#5938=CARTESIAN_POINT('',(11.4071428571429,-13.5517857142857,-5.3782));
#5939=CARTESIAN_POINT('Origin',(11.7553571428572,-13.5517857142857,-5.3782));
#5940=CARTESIAN_POINT('',(11.4071428571429,13.5517857142857,-5.3782));
#5941=CARTESIAN_POINT('',(11.4071428571429,13.5517857142857,-5.3782));
#5942=CARTESIAN_POINT('',(8.51071428571431,13.5517857142857,-5.3782));
#5943=CARTESIAN_POINT('Origin',(9.95892857142858,13.5517857142857,-5.3782));
#5944=CARTESIAN_POINT('',(8.5107142857143,-13.5517857142857,-5.3782));
#5945=CARTESIAN_POINT('',(8.5107142857143,-13.5517857142857,-5.3782));
#5946=CARTESIAN_POINT('',(7.81428571428572,-13.5517857142857,-5.3782));
#5947=CARTESIAN_POINT('Origin',(8.16250000000001,-13.5517857142857,-5.3782));
#5948=CARTESIAN_POINT('',(7.81428571428571,13.5517857142857,-5.3782));
#5949=CARTESIAN_POINT('',(7.81428571428571,13.5517857142857,-5.3782));
#5950=CARTESIAN_POINT('',(4.91785714285716,13.5517857142857,-5.3782));
#5951=CARTESIAN_POINT('Origin',(6.36607142857144,13.5517857142857,-5.3782));
#5952=CARTESIAN_POINT('',(4.91785714285716,-13.5517857142857,-5.3782));
#5953=CARTESIAN_POINT('',(4.91785714285716,-13.5517857142857,-5.3782));
#5954=CARTESIAN_POINT('',(4.22142857142858,-13.5517857142857,-5.3782));
#5955=CARTESIAN_POINT('Origin',(4.56964285714287,-13.5517857142857,-5.3782));
#5956=CARTESIAN_POINT('',(4.22142857142857,13.5517857142857,-5.3782));
#5957=CARTESIAN_POINT('',(4.22142857142857,13.5517857142857,-5.3782));
#5958=CARTESIAN_POINT('',(1.32500000000001,13.5517857142857,-5.3782));
#5959=CARTESIAN_POINT('Origin',(2.77321428571429,13.5517857142857,-5.3782));
#5960=CARTESIAN_POINT('',(1.32500000000001,-13.5517857142857,-5.3782));
#5961=CARTESIAN_POINT('',(1.32500000000001,-13.5517857142857,-5.3782));
#5962=CARTESIAN_POINT('',(0.628571428571449,-13.5517857142857,-5.3782));
#5963=CARTESIAN_POINT('Origin',(0.97678571428573,-13.5517857142857,-5.3782));
#5964=CARTESIAN_POINT('',(0.628571428571437,13.5517857142857,-5.3782));
#5965=CARTESIAN_POINT('',(0.628571428571437,13.5517857142857,-5.3782));
#5966=CARTESIAN_POINT('',(-2.26785714285714,13.5517857142857,-5.3782));
#5967=CARTESIAN_POINT('Origin',(-0.819642857142852,13.5517857142857,-5.3782));
#5968=CARTESIAN_POINT('',(-2.26785714285714,-13.5517857142857,-5.3782));
#5969=CARTESIAN_POINT('',(-2.26785714285714,-13.5517857142857,-5.3782));
#5970=CARTESIAN_POINT('',(-2.96428571428569,-13.5517857142857,-5.3782));
#5971=CARTESIAN_POINT('Origin',(-2.61607142857141,-13.5517857142857,-5.3782));
#5972=CARTESIAN_POINT('',(-2.9642857142857,13.5517857142857,-5.3782));
#5973=CARTESIAN_POINT('',(-2.9642857142857,13.5517857142857,-5.3782));
#5974=CARTESIAN_POINT('',(-5.86071428571429,13.5517857142857,-5.3782));
#5975=CARTESIAN_POINT('Origin',(-4.4125,13.5517857142857,-5.3782));
#5976=CARTESIAN_POINT('',(-5.8607142857143,-13.5517857142857,-5.3782));
#5977=CARTESIAN_POINT('',(-5.8607142857143,-13.5517857142857,-5.3782));
#5978=CARTESIAN_POINT('',(-6.55714285714283,-13.5517857142857,-5.3782));
#5979=CARTESIAN_POINT('Origin',(-6.20892857142856,-13.5517857142857,-5.3782));
#5980=CARTESIAN_POINT('',(-6.55714285714284,13.5517857142857,-5.3782));
#5981=CARTESIAN_POINT('',(-6.55714285714284,13.5517857142857,-5.3782));
#5982=CARTESIAN_POINT('',(-9.45357142857142,13.5517857142857,-5.3782));
#5983=CARTESIAN_POINT('Origin',(-8.00535714285713,13.5517857142857,-5.3782));
#5984=CARTESIAN_POINT('',(-9.45357142857143,-13.5517857142857,-5.3782));
#5985=CARTESIAN_POINT('',(-9.45357142857143,-13.5517857142857,-5.3782));
#5986=CARTESIAN_POINT('',(-10.15,-13.5517857142857,-5.3782));
#5987=CARTESIAN_POINT('Origin',(-9.8017857142857,-13.5517857142857,-5.3782));
#5988=CARTESIAN_POINT('',(-10.15,13.5517857142857,-5.3782));
#5989=CARTESIAN_POINT('',(-10.15,13.5517857142857,-5.3782));
#5990=CARTESIAN_POINT('',(-13.0464285714286,13.5517857142857,-5.3782));
#5991=CARTESIAN_POINT('Origin',(-11.5982142857143,13.5517857142857,-5.3782));
#5992=CARTESIAN_POINT('',(-13.0464285714286,-13.5517857142857,-5.3782));
#5993=CARTESIAN_POINT('',(-13.0464285714286,-13.5517857142857,-5.3782));
#5994=CARTESIAN_POINT('',(-13.7428571428571,-13.5517857142857,-5.3782));
#5995=CARTESIAN_POINT('Origin',(-13.3946428571428,-13.5517857142857,-5.3782));
#5996=CARTESIAN_POINT('',(-13.7428571428571,19.25,-5.3782));
#5997=CARTESIAN_POINT('',(-13.7428571428571,19.25,-5.3782));
#5998=CARTESIAN_POINT('Origin',(-13.2928571428571,19.25,-5.3782));
#5999=CARTESIAN_POINT('Origin',(-10.9999999999973,19.95,-8.0532));
#6000=CARTESIAN_POINT('',(-12.4999999999973,19.95,-8.0532));
#6001=CARTESIAN_POINT('Origin',(-10.9999999999973,19.95,-8.0532));
#6002=CARTESIAN_POINT('',(-12.4999999999973,19.95,-8.0532));
#6003=CARTESIAN_POINT('',(-12.4790199457722,19.7,-4.8782));
#6004=CARTESIAN_POINT('',(-12.4790199457722,19.7,-8.0532));
#6005=CARTESIAN_POINT('',(-12.2359207094281,20.8,-4.8782));
#6006=CARTESIAN_POINT('Origin',(-10.9999999999973,19.95,-4.8782));
#6007=CARTESIAN_POINT('',(-12.2359207094281,20.8,-8.0532));
#6008=CARTESIAN_POINT('Origin',(4.21662704752634E-12,1.3788921216167E-14,
-4.8782));
#6009=CARTESIAN_POINT('',(-5.49999999999648,20.8,-4.8782));
#6010=CARTESIAN_POINT('',(-13.2928571428571,19.7,-4.8782));
#6011=CARTESIAN_POINT('',(-6.24999999999556,19.7,-4.8782));
#6012=CARTESIAN_POINT('',(-13.7428571428571,19.25,-4.8782));
#6013=CARTESIAN_POINT('Origin',(-13.2928571428571,19.25,-4.8782));
#6014=CARTESIAN_POINT('',(-13.7428571428571,-13.5517857142857,-4.8782));
#6015=CARTESIAN_POINT('',(-13.7428571428571,9.62500000000001,-4.8782));
#6016=CARTESIAN_POINT('',(-13.0464285714286,-13.5517857142857,-4.8782));
#6017=CARTESIAN_POINT('Origin',(-13.3946428571428,-13.5517857142857,-4.8782));
#6018=CARTESIAN_POINT('',(-13.0464285714286,13.5517857142857,-4.8782));
#6019=CARTESIAN_POINT('',(-13.0464285714286,-6.77589285714284,-4.8782));
#6020=CARTESIAN_POINT('',(-10.15,13.5517857142857,-4.8782));
#6021=CARTESIAN_POINT('Origin',(-11.5982142857143,13.5517857142857,-4.8782));
#6022=CARTESIAN_POINT('',(-10.15,-13.5517857142857,-4.8782));
#6023=CARTESIAN_POINT('',(-10.15,6.77589285714287,-4.8782));
#6024=CARTESIAN_POINT('',(-9.45357142857143,-13.5517857142857,-4.8782));
#6025=CARTESIAN_POINT('Origin',(-9.8017857142857,-13.5517857142857,-4.8782));
#6026=CARTESIAN_POINT('',(-9.45357142857142,13.5517857142857,-4.8782));
#6027=CARTESIAN_POINT('',(-9.45357142857142,-6.77589285714285,-4.8782));
#6028=CARTESIAN_POINT('',(-6.55714285714284,13.5517857142857,-4.8782));
#6029=CARTESIAN_POINT('Origin',(-8.00535714285713,13.5517857142857,-4.8782));
#6030=CARTESIAN_POINT('',(-6.55714285714283,-13.5517857142857,-4.8782));
#6031=CARTESIAN_POINT('',(-6.55714285714284,6.77589285714287,-4.8782));
#6032=CARTESIAN_POINT('',(-5.8607142857143,-13.5517857142857,-4.8782));
#6033=CARTESIAN_POINT('Origin',(-6.20892857142856,-13.5517857142857,-4.8782));
#6034=CARTESIAN_POINT('',(-5.86071428571429,13.5517857142857,-4.8782));
#6035=CARTESIAN_POINT('',(-5.86071428571429,-6.77589285714285,-4.8782));
#6036=CARTESIAN_POINT('',(-2.9642857142857,13.5517857142857,-4.8782));
#6037=CARTESIAN_POINT('Origin',(-4.4125,13.5517857142857,-4.8782));
#6038=CARTESIAN_POINT('',(-2.96428571428569,-13.5517857142857,-4.8782));
#6039=CARTESIAN_POINT('',(-2.9642857142857,6.77589285714287,-4.8782));
#6040=CARTESIAN_POINT('',(-2.26785714285714,-13.5517857142857,-4.8782));
#6041=CARTESIAN_POINT('Origin',(-2.61607142857141,-13.5517857142857,-4.8782));
#6042=CARTESIAN_POINT('',(-2.26785714285714,13.5517857142857,-4.8782));
#6043=CARTESIAN_POINT('',(-2.26785714285714,-6.77589285714285,-4.8782));
#6044=CARTESIAN_POINT('',(0.628571428571437,13.5517857142857,-4.8782));
#6045=CARTESIAN_POINT('Origin',(-0.819642857142852,13.5517857142857,-4.8782));
#6046=CARTESIAN_POINT('',(0.628571428571449,-13.5517857142857,-4.8782));
#6047=CARTESIAN_POINT('',(0.628571428571438,6.77589285714287,-4.8782));
#6048=CARTESIAN_POINT('',(1.32500000000001,-13.5517857142857,-4.8782));
#6049=CARTESIAN_POINT('Origin',(0.97678571428573,-13.5517857142857,-4.8782));
#6050=CARTESIAN_POINT('',(1.32500000000001,13.5517857142857,-4.8782));
#6051=CARTESIAN_POINT('',(1.32500000000001,-6.77589285714285,-4.8782));
#6052=CARTESIAN_POINT('',(4.22142857142857,13.5517857142857,-4.8782));
#6053=CARTESIAN_POINT('Origin',(2.77321428571429,13.5517857142857,-4.8782));
#6054=CARTESIAN_POINT('',(4.22142857142858,-13.5517857142857,-4.8782));
#6055=CARTESIAN_POINT('',(4.22142857142857,6.77589285714287,-4.8782));
#6056=CARTESIAN_POINT('',(4.91785714285716,-13.5517857142857,-4.8782));
#6057=CARTESIAN_POINT('Origin',(4.56964285714287,-13.5517857142857,-4.8782));
#6058=CARTESIAN_POINT('',(4.91785714285716,13.5517857142857,-4.8782));
#6059=CARTESIAN_POINT('',(4.91785714285716,-6.77589285714285,-4.8782));
#6060=CARTESIAN_POINT('',(7.81428571428571,13.5517857142857,-4.8782));
#6061=CARTESIAN_POINT('Origin',(6.36607142857144,13.5517857142857,-4.8782));
#6062=CARTESIAN_POINT('',(7.81428571428572,-13.5517857142857,-4.8782));
#6063=CARTESIAN_POINT('',(7.81428571428571,6.77589285714287,-4.8782));
#6064=CARTESIAN_POINT('',(8.5107142857143,-13.5517857142857,-4.8782));
#6065=CARTESIAN_POINT('Origin',(8.16250000000001,-13.5517857142857,-4.8782));
#6066=CARTESIAN_POINT('',(8.51071428571431,13.5517857142857,-4.8782));
#6067=CARTESIAN_POINT('',(8.51071428571431,-6.77589285714285,-4.8782));
#6068=CARTESIAN_POINT('',(11.4071428571429,13.5517857142857,-4.8782));
#6069=CARTESIAN_POINT('Origin',(9.95892857142858,13.5517857142857,-4.8782));
#6070=CARTESIAN_POINT('',(11.4071428571429,-13.5517857142857,-4.8782));
#6071=CARTESIAN_POINT('',(11.4071428571429,6.77589285714287,-4.8782));
#6072=CARTESIAN_POINT('',(12.1035714285714,-13.5517857142857,-4.8782));
#6073=CARTESIAN_POINT('Origin',(11.7553571428572,-13.5517857142857,-4.8782));
#6074=CARTESIAN_POINT('',(12.1035714285714,13.5517857142857,-4.8782));
#6075=CARTESIAN_POINT('',(12.1035714285714,-6.77589285714285,-4.8782));
#6076=CARTESIAN_POINT('',(15.,13.5517857142857,-4.8782));
#6077=CARTESIAN_POINT('Origin',(13.5517857142857,13.5517857142857,-4.8782));
#6078=CARTESIAN_POINT('',(15.,-19.25,-4.8782));
#6079=CARTESIAN_POINT('',(15.,6.77589285714287,-4.8782));
#6080=CARTESIAN_POINT('',(13.45,-20.8,-4.8782));
#6081=CARTESIAN_POINT('Origin',(13.45,-19.25,-4.8782));
#6082=CARTESIAN_POINT('',(12.2359207094281,-20.8,-4.8782));
#6083=CARTESIAN_POINT('',(5.5000000000007,-20.8,-4.8782));
#6084=CARTESIAN_POINT('',(9.49999999999728,-19.95,-4.8782));
#6085=CARTESIAN_POINT('Origin',(10.9999999999973,-19.95,-4.8782));
#6086=CARTESIAN_POINT('',(12.4790199457722,-19.7,-4.8782));
#6087=CARTESIAN_POINT('Origin',(10.9999999999973,-19.95,-4.8782));
#6088=CARTESIAN_POINT('',(13.45,-19.7,-4.8782));
#6089=CARTESIAN_POINT('',(6.72500000000211,-19.7,-4.8782));
#6090=CARTESIAN_POINT('',(13.9,-19.25,-4.8782));
#6091=CARTESIAN_POINT('Origin',(13.45,-19.25,-4.8782));
#6092=CARTESIAN_POINT('',(13.9,13.5517857142857,-4.8782));
#6093=CARTESIAN_POINT('',(13.9,6.77589285714287,-4.8782));
#6094=CARTESIAN_POINT('',(13.2035714285714,13.5517857142857,-4.8782));
#6095=CARTESIAN_POINT('Origin',(13.5517857142857,13.5517857142857,-4.8782));
#6096=CARTESIAN_POINT('',(13.2035714285714,-13.5517857142857,-4.8782));
#6097=CARTESIAN_POINT('',(13.2035714285714,-6.77589285714285,-4.8782));
#6098=CARTESIAN_POINT('',(10.3071428571429,-13.5517857142857,-4.8782));
#6099=CARTESIAN_POINT('Origin',(11.7553571428572,-13.5517857142857,-4.8782));
#6100=CARTESIAN_POINT('',(10.3071428571429,13.5517857142857,-4.8782));
#6101=CARTESIAN_POINT('',(10.3071428571429,6.77589285714287,-4.8782));
#6102=CARTESIAN_POINT('',(9.61071428571431,13.5517857142857,-4.8782));
#6103=CARTESIAN_POINT('Origin',(9.95892857142858,13.5517857142857,-4.8782));
#6104=CARTESIAN_POINT('',(9.61071428571431,-13.5517857142857,-4.8782));
#6105=CARTESIAN_POINT('',(9.61071428571431,-6.77589285714285,-4.8782));
#6106=CARTESIAN_POINT('',(6.71428571428572,-13.5517857142857,-4.8782));
#6107=CARTESIAN_POINT('Origin',(8.16250000000001,-13.5517857142857,-4.8782));
#6108=CARTESIAN_POINT('',(6.71428571428571,13.5517857142857,-4.8782));
#6109=CARTESIAN_POINT('',(6.71428571428571,6.77589285714287,-4.8782));
#6110=CARTESIAN_POINT('',(6.01785714285716,13.5517857142857,-4.8782));
#6111=CARTESIAN_POINT('Origin',(6.36607142857144,13.5517857142857,-4.8782));
#6112=CARTESIAN_POINT('',(6.01785714285716,-13.5517857142857,-4.8782));
#6113=CARTESIAN_POINT('',(6.01785714285716,-6.77589285714285,-4.8782));
#6114=CARTESIAN_POINT('',(3.12142857142858,-13.5517857142857,-4.8782));
#6115=CARTESIAN_POINT('Origin',(4.56964285714287,-13.5517857142857,-4.8782));
#6116=CARTESIAN_POINT('',(3.12142857142857,13.5517857142857,-4.8782));
#6117=CARTESIAN_POINT('',(3.12142857142857,6.77589285714287,-4.8782));
#6118=CARTESIAN_POINT('',(2.42500000000002,13.5517857142857,-4.8782));
#6119=CARTESIAN_POINT('Origin',(2.77321428571429,13.5517857142857,-4.8782));
#6120=CARTESIAN_POINT('',(2.42500000000001,-13.5517857142857,-4.8782));
#6121=CARTESIAN_POINT('',(2.42500000000001,-6.77589285714285,-4.8782));
#6122=CARTESIAN_POINT('',(-0.471428571428554,-13.5517857142857,-4.8782));
#6123=CARTESIAN_POINT('Origin',(0.97678571428573,-13.5517857142857,-4.8782));
#6124=CARTESIAN_POINT('',(-0.471428571428566,13.5517857142857,-4.8782));
#6125=CARTESIAN_POINT('',(-0.471428571428562,6.77589285714287,-4.8782));
#6126=CARTESIAN_POINT('',(-1.16785714285714,13.5517857142857,-4.8782));
#6127=CARTESIAN_POINT('Origin',(-0.819642857142852,13.5517857142857,-4.8782));
#6128=CARTESIAN_POINT('',(-1.16785714285714,-13.5517857142857,-4.8782));
#6129=CARTESIAN_POINT('',(-1.16785714285714,-6.77589285714285,-4.8782));
#6130=CARTESIAN_POINT('',(-4.06428571428569,-13.5517857142857,-4.8782));
#6131=CARTESIAN_POINT('Origin',(-2.61607142857141,-13.5517857142857,-4.8782));
#6132=CARTESIAN_POINT('',(-4.0642857142857,13.5517857142857,-4.8782));
#6133=CARTESIAN_POINT('',(-4.0642857142857,6.77589285714287,-4.8782));
#6134=CARTESIAN_POINT('',(-4.76071428571429,13.5517857142857,-4.8782));
#6135=CARTESIAN_POINT('Origin',(-4.4125,13.5517857142857,-4.8782));
#6136=CARTESIAN_POINT('',(-4.76071428571429,-13.5517857142857,-4.8782));
#6137=CARTESIAN_POINT('',(-4.76071428571429,-6.77589285714285,-4.8782));
#6138=CARTESIAN_POINT('',(-7.65714285714283,-13.5517857142857,-4.8782));
#6139=CARTESIAN_POINT('Origin',(-6.20892857142856,-13.5517857142857,-4.8782));
#6140=CARTESIAN_POINT('',(-7.65714285714284,13.5517857142857,-4.8782));
#6141=CARTESIAN_POINT('',(-7.65714285714284,6.77589285714287,-4.8782));
#6142=CARTESIAN_POINT('',(-8.35357142857142,13.5517857142857,-4.8782));
#6143=CARTESIAN_POINT('Origin',(-8.00535714285713,13.5517857142857,-4.8782));
#6144=CARTESIAN_POINT('',(-8.35357142857142,-13.5517857142857,-4.8782));
#6145=CARTESIAN_POINT('',(-8.35357142857142,-6.77589285714285,-4.8782));
#6146=CARTESIAN_POINT('',(-11.25,-13.5517857142857,-4.8782));
#6147=CARTESIAN_POINT('Origin',(-9.8017857142857,-13.5517857142857,-4.8782));
#6148=CARTESIAN_POINT('',(-11.25,13.5517857142857,-4.8782));
#6149=CARTESIAN_POINT('',(-11.25,6.77589285714287,-4.8782));
#6150=CARTESIAN_POINT('',(-11.9464285714286,13.5517857142857,-4.8782));
#6151=CARTESIAN_POINT('Origin',(-11.5982142857143,13.5517857142857,-4.8782));
#6152=CARTESIAN_POINT('',(-11.9464285714286,-13.5517857142857,-4.8782));
#6153=CARTESIAN_POINT('',(-11.9464285714286,-6.77589285714285,-4.8782));
#6154=CARTESIAN_POINT('',(-14.8428571428571,-13.5517857142857,-4.8782));
#6155=CARTESIAN_POINT('Origin',(-13.3946428571428,-13.5517857142857,-4.8782));
#6156=CARTESIAN_POINT('',(-14.8428571428571,19.25,-4.8782));
#6157=CARTESIAN_POINT('',(-14.8428571428571,9.62500000000001,-4.8782));
#6158=CARTESIAN_POINT('Origin',(-13.2928571428571,19.25,-4.8782));
#6159=CARTESIAN_POINT('Origin',(-10.1999999999945,19.95,-6.7182));
#6160=CARTESIAN_POINT('',(-10.1999999999945,22.,-8.0532));
#6161=CARTESIAN_POINT('',(-10.1999999999945,17.9,-8.0532));
#6162=CARTESIAN_POINT('Origin',(-10.1999999999945,19.95,-8.0532));
#6163=CARTESIAN_POINT('',(-10.1999999999945,22.,-6.7182));
#6164=CARTESIAN_POINT('',(-10.1999999999945,22.,-6.7182));
#6165=CARTESIAN_POINT('',(-10.1999999999945,17.9,-6.7182));
#6166=CARTESIAN_POINT('Origin',(-10.1999999999945,19.95,-6.7182));
#6167=CARTESIAN_POINT('',(-10.1999999999945,17.9,-6.7182));
#6168=CARTESIAN_POINT('Origin',(-11.8,17.9,-6.7182));
#6169=CARTESIAN_POINT('',(-11.8,17.9,-8.0532));
#6170=CARTESIAN_POINT('',(-5.89999999999789,17.9,-8.0532));
#6171=CARTESIAN_POINT('',(-11.8,17.9,-6.7182));
#6172=CARTESIAN_POINT('',(-10.5999999999973,17.9,-6.7182));
#6173=CARTESIAN_POINT('',(-11.8,17.9,-6.7182));
#6174=CARTESIAN_POINT('Origin',(-10.2,15.4,-6.7182));
#6175=CARTESIAN_POINT('',(-11.8,15.4,-8.0532));
#6176=CARTESIAN_POINT('',(-10.2,15.4,-8.0532));
#6177=CARTESIAN_POINT('',(-5.09999999999789,15.4,-8.0532));
#6178=CARTESIAN_POINT('',(-11.8,15.4,-6.7182));
#6179=CARTESIAN_POINT('',(-11.8,15.4,-6.7182));
#6180=CARTESIAN_POINT('',(-10.2,15.4,-6.7182));
#6181=CARTESIAN_POINT('',(-11.8,15.4,-6.7182));
#6182=CARTESIAN_POINT('',(-10.2,15.4,-6.7182));
#6183=CARTESIAN_POINT('Origin',(-10.2,19.95,-6.7182));
#6184=CARTESIAN_POINT('',(-10.2,24.5,-8.0532));
#6185=CARTESIAN_POINT('Origin',(-10.2,19.95,-8.0532));
#6186=CARTESIAN_POINT('',(-10.2,24.5,-6.7182));
#6187=CARTESIAN_POINT('Origin',(-10.2,19.95,-6.7182));
#6188=CARTESIAN_POINT('',(-10.2,24.5,-6.7182));
#6189=CARTESIAN_POINT('Origin',(-11.8,19.95,-6.7182));
#6190=CARTESIAN_POINT('',(-11.8,22.,-8.0532));
#6191=CARTESIAN_POINT('Origin',(-11.8,19.95,-8.0532));
#6192=CARTESIAN_POINT('',(-11.8,22.,-6.7182));
#6193=CARTESIAN_POINT('Origin',(-11.8,19.95,-6.7182));
#6194=CARTESIAN_POINT('',(-11.8,22.,-6.7182));
#6195=CARTESIAN_POINT('Origin',(-10.1999999999945,22.,-6.7182));
#6196=CARTESIAN_POINT('',(-5.09999999999516,22.,-8.0532));
#6197=CARTESIAN_POINT('',(-11.4,22.,-6.7182));
#6198=CARTESIAN_POINT('Origin',(-11.8,24.5,-6.7182));
#6199=CARTESIAN_POINT('',(-11.8,24.5,-8.0532));
#6200=CARTESIAN_POINT('',(-5.89999999999789,24.5,-8.0532));
#6201=CARTESIAN_POINT('',(-11.8,24.5,-6.7182));
#6202=CARTESIAN_POINT('',(-10.2,24.5,-6.7182));
#6203=CARTESIAN_POINT('',(-11.8,24.5,-6.7182));
#6204=CARTESIAN_POINT('Origin',(-11.8,19.95,-6.7182));
#6205=CARTESIAN_POINT('Origin',(-11.8,19.95,-8.0532));
#6206=CARTESIAN_POINT('Origin',(-11.8,19.95,-6.7182));
#6207=CARTESIAN_POINT('Origin',(-11.,19.95,-6.7182));
#6208=CARTESIAN_POINT('Origin',(10.1999999999945,-19.95,-6.7182));
#6209=CARTESIAN_POINT('',(10.1999999999945,-22.,-8.0532));
#6210=CARTESIAN_POINT('',(10.1999999999945,-17.9,-8.0532));
#6211=CARTESIAN_POINT('Origin',(10.1999999999945,-19.95,-8.0532));
#6212=CARTESIAN_POINT('',(10.1999999999945,-22.,-6.7182));
#6213=CARTESIAN_POINT('',(10.1999999999945,-22.,-6.7182));
#6214=CARTESIAN_POINT('',(10.1999999999945,-17.9,-6.7182));
#6215=CARTESIAN_POINT('Origin',(10.1999999999945,-19.95,-6.7182));
#6216=CARTESIAN_POINT('',(10.1999999999945,-17.9,-6.7182));
#6217=CARTESIAN_POINT('Origin',(11.8,-17.9,-6.7182));
#6218=CARTESIAN_POINT('',(11.8,-17.9,-8.0532));
#6219=CARTESIAN_POINT('',(5.90000000000211,-17.9,-8.0532));
#6220=CARTESIAN_POINT('',(11.8,-17.9,-6.7182));
#6221=CARTESIAN_POINT('',(10.5999999999973,-17.9,-6.7182));
#6222=CARTESIAN_POINT('',(11.8,-17.9,-6.7182));
#6223=CARTESIAN_POINT('Origin',(11.8,-24.5,-6.7182));
#6224=CARTESIAN_POINT('',(10.2,-24.5,-8.0532));
#6225=CARTESIAN_POINT('',(11.8,-24.5,-8.0532));
#6226=CARTESIAN_POINT('',(5.90000000000211,-24.5,-8.0532));
#6227=CARTESIAN_POINT('',(10.2,-24.5,-6.7182));
#6228=CARTESIAN_POINT('',(10.2,-24.5,-6.7182));
#6229=CARTESIAN_POINT('',(11.8,-24.5,-6.7182));
#6230=CARTESIAN_POINT('',(10.2,-24.5,-6.7182));
#6231=CARTESIAN_POINT('',(11.8,-24.5,-6.7182));
#6232=CARTESIAN_POINT('Origin',(11.8,-19.95,-6.7182));
#6233=CARTESIAN_POINT('',(11.8,-15.3999999999999,-8.0532));
#6234=CARTESIAN_POINT('Origin',(11.8,-19.95,-8.0532));
#6235=CARTESIAN_POINT('',(11.8,-15.3999999999999,-6.7182));
#6236=CARTESIAN_POINT('Origin',(11.8,-19.95,-6.7182));
#6237=CARTESIAN_POINT('',(11.8,-15.3999999999999,-6.7182));
#6238=CARTESIAN_POINT('Origin',(11.8,-19.95,-6.7182));
#6239=CARTESIAN_POINT('',(11.8,-22.,-8.0532));
#6240=CARTESIAN_POINT('Origin',(11.8,-19.95,-8.0532));
#6241=CARTESIAN_POINT('',(11.8,-22.,-6.7182));
#6242=CARTESIAN_POINT('Origin',(11.8,-19.95,-6.7182));
#6243=CARTESIAN_POINT('',(11.8,-22.,-6.7182));
#6244=CARTESIAN_POINT('Origin',(10.1999999999945,-22.,-6.7182));
#6245=CARTESIAN_POINT('',(5.09999999999938,-22.,-8.0532));
#6246=CARTESIAN_POINT('',(11.4,-22.,-6.7182));
#6247=CARTESIAN_POINT('Origin',(10.2,-15.4,-6.7182));
#6248=CARTESIAN_POINT('',(10.2,-15.4,-8.0532));
#6249=CARTESIAN_POINT('',(5.10000000000211,-15.4,-8.0532));
#6250=CARTESIAN_POINT('',(10.2,-15.4,-6.7182));
#6251=CARTESIAN_POINT('',(11.8,-15.4,-6.7182));
#6252=CARTESIAN_POINT('',(10.2,-15.4,-6.7182));
#6253=CARTESIAN_POINT('Origin',(10.2,-19.95,-6.7182));
#6254=CARTESIAN_POINT('Origin',(10.2,-19.95,-8.0532));
#6255=CARTESIAN_POINT('Origin',(10.2,-19.95,-6.7182));
#6256=CARTESIAN_POINT('Origin',(11.0000000000001,-19.95,-6.7182));
#6257=CARTESIAN_POINT('Origin',(4.21662704752634E-12,1.42026285615117E-14,
-8.0532));
#6258=CARTESIAN_POINT('',(20.0000000000033,14.25,-8.0532));
#6259=CARTESIAN_POINT('',(-19.9999999999948,14.25,-8.0532));
#6260=CARTESIAN_POINT('',(9.77499999999953,14.25,-8.0532));
#6261=CARTESIAN_POINT('',(-19.9999999999948,25.5,-8.0532));
#6262=CARTESIAN_POINT('',(-19.9999999999948,12.75,-8.0532));
#6263=CARTESIAN_POINT('',(20.0000000000033,25.5,-8.0532));
#6264=CARTESIAN_POINT('',(-19.5499999999948,25.5,-8.0532));
#6265=CARTESIAN_POINT('',(20.0000000000033,-12.75,-8.0532));
#6266=CARTESIAN_POINT('',(7.97500000000001,20.0000006705523,-8.0532));
#6267=CARTESIAN_POINT('Origin',(10.,20.0000006705523,-8.0532));
#6268=CARTESIAN_POINT('Origin',(4.21662704752634E-12,1.42026285615117E-14,
-8.0532));
#6269=CARTESIAN_POINT('',(-19.9999999999948,-14.25,-8.0532));
#6270=CARTESIAN_POINT('',(20.0000000000033,-14.25,-8.0532));
#6271=CARTESIAN_POINT('',(-9.7749999999953,-14.25,-8.0532));
#6272=CARTESIAN_POINT('',(20.0000000000033,-25.5,-8.0532));
#6273=CARTESIAN_POINT('',(20.0000000000033,-12.75,-8.0532));
#6274=CARTESIAN_POINT('',(-19.9999999999948,-25.5,-8.0532));
#6275=CARTESIAN_POINT('',(19.5500000000033,-25.5,-8.0532));
#6276=CARTESIAN_POINT('',(-19.9999999999948,12.75,-8.0532));
#6277=CARTESIAN_POINT('',(-12.025,-20.0000006705523,-8.0532));
#6278=CARTESIAN_POINT('Origin',(-10.,-20.0000006705523,-8.0532));
#6279=CARTESIAN_POINT('Origin',(10.9999999999973,-19.95,-8.0532));
#6280=CARTESIAN_POINT('',(9.49999999999727,-19.95,-8.0532));
#6281=CARTESIAN_POINT('Origin',(10.9999999999973,-19.95,-8.0532));
#6282=CARTESIAN_POINT('',(9.49999999999728,-19.95,-8.0532));
#6283=CARTESIAN_POINT('',(12.2359207094281,-20.8,-8.0532));
#6284=CARTESIAN_POINT('',(12.4790199457722,-19.7,-8.0532));
#6285=CARTESIAN_POINT('Origin',(13.45,-19.7,-4.8782));
#6286=CARTESIAN_POINT('',(13.45,-19.7,-4.8782));
#6287=CARTESIAN_POINT('Origin',(-19.5499999999948,13.456,-8.0532));
#6288=CARTESIAN_POINT('',(-19.9999999999948,13.456,-8.0532));
#6289=CARTESIAN_POINT('',(20.0000000000033,13.456,-8.0532));
#6290=CARTESIAN_POINT('',(-9.7749999999953,13.456,-8.0532));
#6291=CARTESIAN_POINT('',(-19.9999999999948,13.456,-6.0532));
#6292=CARTESIAN_POINT('',(-19.9999999999948,13.456,-8.0532));
#6293=CARTESIAN_POINT('',(20.0000000000033,13.456,-6.0532));
#6294=CARTESIAN_POINT('',(19.5499999999948,13.456,-6.0532));
#6295=CARTESIAN_POINT('',(20.0000000000033,13.456,-8.0532));
#6296=CARTESIAN_POINT('Origin',(19.5499999999948,14.25,-8.0532));
#6297=CARTESIAN_POINT('',(20.0000000000033,14.25,-6.0532));
#6298=CARTESIAN_POINT('',(20.0000000000033,14.25,-8.0532));
#6299=CARTESIAN_POINT('',(-19.9999999999948,14.25,-6.0532));
#6300=CARTESIAN_POINT('',(-19.5499999999948,14.25,-6.0532));
#6301=CARTESIAN_POINT('',(-19.9999999999948,14.25,-8.0532));
#6302=CARTESIAN_POINT('Origin',(7.43033412575755E-15,13.853,-6.0532));
#6303=CARTESIAN_POINT('',(20.0000000000033,-5.82349999999999,-6.0532));
#6304=CARTESIAN_POINT('',(-19.9999999999948,19.6765,-6.0532));
#6305=CARTESIAN_POINT('Origin',(4.21662704752634E-12,1.42026285615117E-14,
-8.0532));
#6306=CARTESIAN_POINT('Origin',(4.21662704752634E-12,1.42026285615117E-14,
-8.0532));
#6307=CARTESIAN_POINT('',(20.0000000000033,12.1187692307692,-8.0532));
#6308=CARTESIAN_POINT('',(20.0000000000033,-12.75,-8.0532));
#6309=CARTESIAN_POINT('',(-19.9999999999948,12.1187692307692,-8.0532));
#6310=CARTESIAN_POINT('',(9.77499999999953,12.1187692307692,-8.0532));
#6311=CARTESIAN_POINT('',(-19.9999999999948,12.75,-8.0532));
#6312=CARTESIAN_POINT('Origin',(-19.5499999999948,11.3247692307692,-8.0532));
#6313=CARTESIAN_POINT('',(-19.9999999999948,11.3247692307692,-8.0532));
#6314=CARTESIAN_POINT('',(20.0000000000033,11.3247692307692,-8.0532));
#6315=CARTESIAN_POINT('',(-9.7749999999953,11.3247692307692,-8.0532));
#6316=CARTESIAN_POINT('',(-19.9999999999948,11.3247692307692,-6.0532));
#6317=CARTESIAN_POINT('',(-19.9999999999948,11.3247692307692,-8.0532));
#6318=CARTESIAN_POINT('',(20.0000000000033,11.3247692307692,-6.0532));
#6319=CARTESIAN_POINT('',(19.5499999999948,11.3247692307692,-6.0532));
#6320=CARTESIAN_POINT('',(20.0000000000033,11.3247692307692,-8.0532));
#6321=CARTESIAN_POINT('Origin',(19.5499999999948,12.1187692307692,-8.0532));
#6322=CARTESIAN_POINT('',(20.0000000000033,12.1187692307692,-6.0532));
#6323=CARTESIAN_POINT('',(20.0000000000033,12.1187692307692,-8.0532));
#6324=CARTESIAN_POINT('',(-19.9999999999948,12.1187692307692,-6.0532));
#6325=CARTESIAN_POINT('',(-19.5499999999948,12.1187692307692,-6.0532));
#6326=CARTESIAN_POINT('',(-19.9999999999948,12.1187692307692,-8.0532));
#6327=CARTESIAN_POINT('Origin',(7.31202705221807E-15,11.7217692307692,-6.0532));
#6328=CARTESIAN_POINT('',(20.0000000000033,-6.88911538461537,-6.0532));
#6329=CARTESIAN_POINT('',(-19.9999999999948,18.6108846153846,-6.0532));
#6330=CARTESIAN_POINT('Origin',(4.21662704752634E-12,1.42026285615117E-14,
-8.0532));
#6331=CARTESIAN_POINT('',(20.0000000000033,9.98753846153847,-8.0532));
#6332=CARTESIAN_POINT('',(20.0000000000033,-12.75,-8.0532));
#6333=CARTESIAN_POINT('',(-19.9999999999948,9.98753846153848,-8.0532));
#6334=CARTESIAN_POINT('',(9.77499999999953,9.98753846153848,-8.0532));
#6335=CARTESIAN_POINT('',(-19.9999999999948,12.75,-8.0532));
#6336=CARTESIAN_POINT('Origin',(-19.5499999999948,9.19353846153847,-8.0532));
#6337=CARTESIAN_POINT('',(-19.9999999999948,9.19353846153847,-8.0532));
#6338=CARTESIAN_POINT('',(20.0000000000033,9.19353846153848,-8.0532));
#6339=CARTESIAN_POINT('',(-9.7749999999953,9.19353846153847,-8.0532));
#6340=CARTESIAN_POINT('',(-19.9999999999948,9.19353846153847,-6.0532));
#6341=CARTESIAN_POINT('',(-19.9999999999948,9.19353846153847,-8.0532));
#6342=CARTESIAN_POINT('',(20.0000000000033,9.19353846153847,-6.0532));
#6343=CARTESIAN_POINT('',(19.5499999999948,9.19353846153847,-6.0532));
#6344=CARTESIAN_POINT('',(20.0000000000033,9.19353846153848,-8.0532));
#6345=CARTESIAN_POINT('Origin',(19.5499999999948,9.98753846153847,-8.0532));
#6346=CARTESIAN_POINT('',(20.0000000000033,9.98753846153847,-6.0532));
#6347=CARTESIAN_POINT('',(20.0000000000033,9.98753846153847,-8.0532));
#6348=CARTESIAN_POINT('',(-19.9999999999948,9.98753846153848,-6.0532));
#6349=CARTESIAN_POINT('',(-19.5499999999948,9.98753846153848,-6.0532));
#6350=CARTESIAN_POINT('',(-19.9999999999948,9.98753846153848,-8.0532));
#6351=CARTESIAN_POINT('Origin',(7.19371997867859E-15,9.59053846153847,-6.0532));
#6352=CARTESIAN_POINT('',(20.0000000000033,-7.95473076923076,-6.0532));
#6353=CARTESIAN_POINT('',(-19.9999999999948,17.5452692307692,-6.0532));
#6354=CARTESIAN_POINT('Origin',(4.21662704752634E-12,1.42026285615117E-14,
-8.0532));
#6355=CARTESIAN_POINT('',(20.0000000000033,7.85630769230771,-8.0532));
#6356=CARTESIAN_POINT('',(20.0000000000033,-12.75,-8.0532));
#6357=CARTESIAN_POINT('',(-19.9999999999948,7.85630769230771,-8.0532));
#6358=CARTESIAN_POINT('',(9.77499999999953,7.85630769230771,-8.0532));
#6359=CARTESIAN_POINT('',(-19.9999999999948,12.75,-8.0532));
#6360=CARTESIAN_POINT('Origin',(-19.5499999999948,7.06230769230771,-8.0532));
#6361=CARTESIAN_POINT('',(-19.9999999999948,7.06230769230771,-8.0532));
#6362=CARTESIAN_POINT('',(20.0000000000033,7.06230769230771,-8.0532));
#6363=CARTESIAN_POINT('',(-9.7749999999953,7.06230769230771,-8.0532));
#6364=CARTESIAN_POINT('',(-19.9999999999948,7.0623076923077,-6.0532));
#6365=CARTESIAN_POINT('',(-19.9999999999948,7.06230769230771,-8.0532));
#6366=CARTESIAN_POINT('',(20.0000000000033,7.06230769230771,-6.0532));
#6367=CARTESIAN_POINT('',(19.5499999999948,7.06230769230771,-6.0532));
#6368=CARTESIAN_POINT('',(20.0000000000033,7.06230769230771,-8.0532));
#6369=CARTESIAN_POINT('Origin',(19.5499999999948,7.85630769230771,-8.0532));
#6370=CARTESIAN_POINT('',(20.0000000000033,7.85630769230771,-6.0532));
#6371=CARTESIAN_POINT('',(20.0000000000033,7.85630769230771,-8.0532));
#6372=CARTESIAN_POINT('',(-19.9999999999948,7.85630769230771,-6.0532));
#6373=CARTESIAN_POINT('',(-19.5499999999948,7.85630769230771,-6.0532));
#6374=CARTESIAN_POINT('',(-19.9999999999948,7.85630769230771,-8.0532));
#6375=CARTESIAN_POINT('Origin',(7.07541290513912E-15,7.45930769230771,-6.0532));
#6376=CARTESIAN_POINT('',(20.0000000000033,-9.02034615384614,-6.0532));
#6377=CARTESIAN_POINT('',(-19.9999999999948,16.4796538461539,-6.0532));
#6378=CARTESIAN_POINT('Origin',(4.21662704752634E-12,1.42026285615117E-14,
-8.0532));
#6379=CARTESIAN_POINT('',(20.0000000000033,5.72507692307694,-8.0532));
#6380=CARTESIAN_POINT('',(20.0000000000033,-12.75,-8.0532));
#6381=CARTESIAN_POINT('',(-19.9999999999948,5.72507692307694,-8.0532));
#6382=CARTESIAN_POINT('',(9.77499999999953,5.72507692307694,-8.0532));
#6383=CARTESIAN_POINT('',(-19.9999999999948,12.75,-8.0532));
#6384=CARTESIAN_POINT('Origin',(-19.5499999999948,4.93107692307693,-8.0532));
#6385=CARTESIAN_POINT('',(-19.9999999999948,4.93107692307693,-8.0532));
#6386=CARTESIAN_POINT('',(20.0000000000033,4.93107692307694,-8.0532));
#6387=CARTESIAN_POINT('',(-9.7749999999953,4.93107692307694,-8.0532));
#6388=CARTESIAN_POINT('',(-19.9999999999948,4.93107692307693,-6.0532));
#6389=CARTESIAN_POINT('',(-19.9999999999948,4.93107692307693,-8.0532));
#6390=CARTESIAN_POINT('',(20.0000000000033,4.93107692307694,-6.0532));
#6391=CARTESIAN_POINT('',(19.5499999999948,4.93107692307694,-6.0532));
#6392=CARTESIAN_POINT('',(20.0000000000033,4.93107692307694,-8.0532));
#6393=CARTESIAN_POINT('Origin',(19.5499999999948,5.72507692307694,-8.0532));
#6394=CARTESIAN_POINT('',(20.0000000000033,5.72507692307694,-6.0532));
#6395=CARTESIAN_POINT('',(20.0000000000033,5.72507692307694,-8.0532));
#6396=CARTESIAN_POINT('',(-19.9999999999948,5.72507692307694,-6.0532));
#6397=CARTESIAN_POINT('',(-19.5499999999948,5.72507692307694,-6.0532));
#6398=CARTESIAN_POINT('',(-19.9999999999948,5.72507692307694,-8.0532));
#6399=CARTESIAN_POINT('Origin',(6.95710583159964E-15,5.32807692307694,-6.0532));
#6400=CARTESIAN_POINT('',(20.0000000000033,-10.0859615384615,-6.0532));
#6401=CARTESIAN_POINT('',(-19.9999999999948,15.4140384615385,-6.0532));
#6402=CARTESIAN_POINT('Origin',(4.21662704752634E-12,1.42026285615117E-14,
-8.0532));
#6403=CARTESIAN_POINT('',(20.0000000000033,3.59384615384617,-8.0532));
#6404=CARTESIAN_POINT('',(20.0000000000033,-12.75,-8.0532));
#6405=CARTESIAN_POINT('',(-19.9999999999948,3.59384615384617,-8.0532));
#6406=CARTESIAN_POINT('',(9.77499999999953,3.59384615384617,-8.0532));
#6407=CARTESIAN_POINT('',(-19.9999999999948,12.75,-8.0532));
#6408=CARTESIAN_POINT('Origin',(-19.5499999999948,2.79984615384617,-8.0532));
#6409=CARTESIAN_POINT('',(-19.9999999999948,2.79984615384617,-8.0532));
#6410=CARTESIAN_POINT('',(20.0000000000033,2.79984615384617,-8.0532));
#6411=CARTESIAN_POINT('',(-9.7749999999953,2.79984615384617,-8.0532));
#6412=CARTESIAN_POINT('',(-19.9999999999948,2.79984615384617,-6.0532));
#6413=CARTESIAN_POINT('',(-19.9999999999948,2.79984615384617,-8.0532));
#6414=CARTESIAN_POINT('',(20.0000000000033,2.79984615384617,-6.0532));
#6415=CARTESIAN_POINT('',(19.5499999999948,2.79984615384617,-6.0532));
#6416=CARTESIAN_POINT('',(20.0000000000033,2.79984615384617,-8.0532));
#6417=CARTESIAN_POINT('Origin',(19.5499999999948,3.59384615384617,-8.0532));
#6418=CARTESIAN_POINT('',(20.0000000000033,3.59384615384617,-6.0532));
#6419=CARTESIAN_POINT('',(20.0000000000033,3.59384615384617,-8.0532));
#6420=CARTESIAN_POINT('',(-19.9999999999948,3.59384615384617,-6.0532));
#6421=CARTESIAN_POINT('',(-19.5499999999948,3.59384615384617,-6.0532));
#6422=CARTESIAN_POINT('',(-19.9999999999948,3.59384615384617,-8.0532));
#6423=CARTESIAN_POINT('Origin',(6.83879875806016E-15,3.19684615384617,-6.0532));
#6424=CARTESIAN_POINT('',(20.0000000000033,-11.1515769230769,-6.0532));
#6425=CARTESIAN_POINT('',(-19.9999999999948,14.3484230769231,-6.0532));
#6426=CARTESIAN_POINT('Origin',(4.21662704752634E-12,1.42026285615117E-14,
-8.0532));
#6427=CARTESIAN_POINT('',(20.0000000000033,1.4626153846154,-8.0532));
#6428=CARTESIAN_POINT('',(20.0000000000033,-12.75,-8.0532));
#6429=CARTESIAN_POINT('',(-19.9999999999948,1.4626153846154,-8.0532));
#6430=CARTESIAN_POINT('',(9.77499999999953,1.4626153846154,-8.0532));
#6431=CARTESIAN_POINT('',(-19.9999999999948,12.75,-8.0532));
#6432=CARTESIAN_POINT('Origin',(-19.5499999999948,0.668615384615396,-8.0532));
#6433=CARTESIAN_POINT('',(-19.9999999999948,0.668615384615395,-8.0532));
#6434=CARTESIAN_POINT('',(20.0000000000033,0.668615384615399,-8.0532));
#6435=CARTESIAN_POINT('',(-9.7749999999953,0.668615384615397,-8.0532));
#6436=CARTESIAN_POINT('',(-19.9999999999948,0.668615384615395,-6.0532));
#6437=CARTESIAN_POINT('',(-19.9999999999948,0.668615384615396,-8.0532));
#6438=CARTESIAN_POINT('',(20.0000000000033,0.668615384615399,-6.0532));
#6439=CARTESIAN_POINT('',(19.5499999999948,0.668615384615398,-6.0532));
#6440=CARTESIAN_POINT('',(20.0000000000033,0.668615384615398,-8.0532));
#6441=CARTESIAN_POINT('Origin',(19.5499999999948,1.4626153846154,-8.0532));
#6442=CARTESIAN_POINT('',(20.0000000000033,1.4626153846154,-6.0532));
#6443=CARTESIAN_POINT('',(20.0000000000033,1.4626153846154,-8.0532));
#6444=CARTESIAN_POINT('',(-19.9999999999948,1.4626153846154,-6.0532));
#6445=CARTESIAN_POINT('',(-19.5499999999948,1.4626153846154,-6.0532));
#6446=CARTESIAN_POINT('',(-19.9999999999948,1.4626153846154,-8.0532));
#6447=CARTESIAN_POINT('Origin',(6.72049168452068E-15,1.0656153846154,-6.0532));
#6448=CARTESIAN_POINT('',(20.0000000000033,-12.2171923076923,-6.0532));
#6449=CARTESIAN_POINT('',(-19.9999999999948,13.2828076923077,-6.0532));
#6450=CARTESIAN_POINT('Origin',(4.21662704752634E-12,1.42026285615117E-14,
-8.0532));
#6451=CARTESIAN_POINT('',(20.0000000000033,-0.668615384615371,-8.0532));
#6452=CARTESIAN_POINT('',(20.0000000000033,-12.75,-8.0532));
#6453=CARTESIAN_POINT('',(-19.9999999999948,-0.668615384615369,-8.0532));
#6454=CARTESIAN_POINT('',(9.77499999999953,-0.668615384615372,-8.0532));
#6455=CARTESIAN_POINT('',(-19.9999999999948,12.75,-8.0532));
#6456=CARTESIAN_POINT('Origin',(-19.5499999999948,-1.46261538461537,-8.0532));
#6457=CARTESIAN_POINT('',(-19.9999999999948,-1.46261538461537,-8.0532));
#6458=CARTESIAN_POINT('',(20.0000000000033,-1.46261538461537,-8.0532));
#6459=CARTESIAN_POINT('',(-9.7749999999953,-1.46261538461537,-8.0532));
#6460=CARTESIAN_POINT('',(-19.9999999999948,-1.46261538461537,-6.0532));
#6461=CARTESIAN_POINT('',(-19.9999999999948,-1.46261538461537,-8.0532));
#6462=CARTESIAN_POINT('',(20.0000000000033,-1.46261538461537,-6.0532));
#6463=CARTESIAN_POINT('',(19.5499999999948,-1.46261538461537,-6.0532));
#6464=CARTESIAN_POINT('',(20.0000000000033,-1.46261538461537,-8.0532));
#6465=CARTESIAN_POINT('Origin',(19.5499999999948,-0.668615384615372,-8.0532));
#6466=CARTESIAN_POINT('',(20.0000000000033,-0.668615384615371,-6.0532));
#6467=CARTESIAN_POINT('',(20.0000000000033,-0.668615384615372,-8.0532));
#6468=CARTESIAN_POINT('',(-19.9999999999948,-0.668615384615369,-6.0532));
#6469=CARTESIAN_POINT('',(-19.5499999999948,-0.66861538461537,-6.0532));
#6470=CARTESIAN_POINT('',(-19.9999999999948,-0.66861538461537,-8.0532));
#6471=CARTESIAN_POINT('Origin',(6.6021846109812E-15,-1.06561538461537,-6.0532));
#6472=CARTESIAN_POINT('',(20.0000000000033,-13.2828076923077,-6.0532));
#6473=CARTESIAN_POINT('',(-19.9999999999948,12.2171923076923,-6.0532));
#6474=CARTESIAN_POINT('Origin',(4.21662704752634E-12,1.42026285615117E-14,
-8.0532));
#6475=CARTESIAN_POINT('',(20.0000000000033,-2.79984615384614,-8.0532));
#6476=CARTESIAN_POINT('',(20.0000000000033,-12.75,-8.0532));
#6477=CARTESIAN_POINT('',(-19.9999999999948,-2.79984615384614,-8.0532));
#6478=CARTESIAN_POINT('',(9.77499999999953,-2.79984615384614,-8.0532));
#6479=CARTESIAN_POINT('',(-19.9999999999948,12.75,-8.0532));
#6480=CARTESIAN_POINT('Origin',(-19.5499999999948,-3.59384615384614,-8.0532));
#6481=CARTESIAN_POINT('',(-19.9999999999948,-3.59384615384614,-8.0532));
#6482=CARTESIAN_POINT('',(20.0000000000033,-3.59384615384614,-8.0532));
#6483=CARTESIAN_POINT('',(-9.7749999999953,-3.59384615384614,-8.0532));
#6484=CARTESIAN_POINT('',(-19.9999999999948,-3.59384615384614,-6.0532));
#6485=CARTESIAN_POINT('',(-19.9999999999948,-3.59384615384614,-8.0532));
#6486=CARTESIAN_POINT('',(20.0000000000033,-3.59384615384614,-6.0532));
#6487=CARTESIAN_POINT('',(19.5499999999948,-3.59384615384614,-6.0532));
#6488=CARTESIAN_POINT('',(20.0000000000033,-3.59384615384614,-8.0532));
#6489=CARTESIAN_POINT('Origin',(19.5499999999948,-2.79984615384614,-8.0532));
#6490=CARTESIAN_POINT('',(20.0000000000033,-2.79984615384614,-6.0532));
#6491=CARTESIAN_POINT('',(20.0000000000033,-2.79984615384614,-8.0532));
#6492=CARTESIAN_POINT('',(-19.9999999999948,-2.79984615384614,-6.0532));
#6493=CARTESIAN_POINT('',(-19.5499999999948,-2.79984615384614,-6.0532));
#6494=CARTESIAN_POINT('',(-19.9999999999948,-2.79984615384614,-8.0532));
#6495=CARTESIAN_POINT('Origin',(6.48387753744172E-15,-3.19684615384614,
-6.0532));
#6496=CARTESIAN_POINT('',(20.0000000000033,-14.3484230769231,-6.0532));
#6497=CARTESIAN_POINT('',(-19.9999999999948,11.1515769230769,-6.0532));
#6498=CARTESIAN_POINT('Origin',(4.21662704752634E-12,1.42026285615117E-14,
-8.0532));
#6499=CARTESIAN_POINT('',(20.0000000000033,-4.93107692307691,-8.0532));
#6500=CARTESIAN_POINT('',(20.0000000000033,-12.75,-8.0532));
#6501=CARTESIAN_POINT('',(-19.9999999999948,-4.93107692307691,-8.0532));
#6502=CARTESIAN_POINT('',(9.77499999999953,-4.93107692307691,-8.0532));
#6503=CARTESIAN_POINT('',(-19.9999999999948,12.75,-8.0532));
#6504=CARTESIAN_POINT('Origin',(-19.5499999999948,-5.72507692307691,-8.0532));
#6505=CARTESIAN_POINT('',(-19.9999999999948,-5.72507692307691,-8.0532));
#6506=CARTESIAN_POINT('',(20.0000000000033,-5.72507692307691,-8.0532));
#6507=CARTESIAN_POINT('',(-9.7749999999953,-5.72507692307691,-8.0532));
#6508=CARTESIAN_POINT('',(-19.9999999999948,-5.72507692307691,-6.0532));
#6509=CARTESIAN_POINT('',(-19.9999999999948,-5.72507692307691,-8.0532));
#6510=CARTESIAN_POINT('',(20.0000000000033,-5.72507692307691,-6.0532));
#6511=CARTESIAN_POINT('',(19.5499999999948,-5.72507692307691,-6.0532));
#6512=CARTESIAN_POINT('',(20.0000000000033,-5.72507692307691,-8.0532));
#6513=CARTESIAN_POINT('Origin',(19.5499999999948,-4.93107692307691,-8.0532));
#6514=CARTESIAN_POINT('',(20.0000000000033,-4.93107692307691,-6.0532));
#6515=CARTESIAN_POINT('',(20.0000000000033,-4.93107692307691,-8.0532));
#6516=CARTESIAN_POINT('',(-19.9999999999948,-4.93107692307691,-6.0532));
#6517=CARTESIAN_POINT('',(-19.5499999999948,-4.93107692307691,-6.0532));
#6518=CARTESIAN_POINT('',(-19.9999999999948,-4.93107692307691,-8.0532));
#6519=CARTESIAN_POINT('Origin',(6.36557046390224E-15,-5.32807692307691,
-6.0532));
#6520=CARTESIAN_POINT('',(20.0000000000033,-15.4140384615384,-6.0532));
#6521=CARTESIAN_POINT('',(-19.9999999999948,10.0859615384616,-6.0532));
#6522=CARTESIAN_POINT('Origin',(4.21662704752634E-12,1.42026285615117E-14,
-8.0532));
#6523=CARTESIAN_POINT('',(20.0000000000033,-7.06230769230768,-8.0532));
#6524=CARTESIAN_POINT('',(20.0000000000033,-12.75,-8.0532));
#6525=CARTESIAN_POINT('',(-19.9999999999948,-7.06230769230768,-8.0532));
#6526=CARTESIAN_POINT('',(9.77499999999953,-7.06230769230768,-8.0532));
#6527=CARTESIAN_POINT('',(-19.9999999999948,12.75,-8.0532));
#6528=CARTESIAN_POINT('Origin',(-19.5499999999948,-7.85630769230768,-8.0532));
#6529=CARTESIAN_POINT('',(-19.9999999999948,-7.85630769230768,-8.0532));
#6530=CARTESIAN_POINT('',(20.0000000000033,-7.85630769230768,-8.0532));
#6531=CARTESIAN_POINT('',(-9.7749999999953,-7.85630769230768,-8.0532));
#6532=CARTESIAN_POINT('',(-19.9999999999948,-7.85630769230768,-6.0532));
#6533=CARTESIAN_POINT('',(-19.9999999999948,-7.85630769230768,-8.0532));
#6534=CARTESIAN_POINT('',(20.0000000000033,-7.85630769230768,-6.0532));
#6535=CARTESIAN_POINT('',(19.5499999999948,-7.85630769230768,-6.0532));
#6536=CARTESIAN_POINT('',(20.0000000000033,-7.85630769230768,-8.0532));
#6537=CARTESIAN_POINT('Origin',(19.5499999999948,-7.06230769230768,-8.0532));
#6538=CARTESIAN_POINT('',(20.0000000000033,-7.06230769230768,-6.0532));
#6539=CARTESIAN_POINT('',(20.0000000000033,-7.06230769230768,-8.0532));
#6540=CARTESIAN_POINT('',(-19.9999999999948,-7.06230769230768,-6.0532));
#6541=CARTESIAN_POINT('',(-19.5499999999948,-7.06230769230768,-6.0532));
#6542=CARTESIAN_POINT('',(-19.9999999999948,-7.06230769230768,-8.0532));
#6543=CARTESIAN_POINT('Origin',(6.24726339036276E-15,-7.45930769230768,
-6.0532));
#6544=CARTESIAN_POINT('',(20.0000000000033,-16.4796538461538,-6.0532));
#6545=CARTESIAN_POINT('',(-19.9999999999948,9.02034615384617,-6.0532));
#6546=CARTESIAN_POINT('Origin',(4.21662704752634E-12,1.42026285615117E-14,
-8.0532));
#6547=CARTESIAN_POINT('',(20.0000000000033,-9.19353846153845,-8.0532));
#6548=CARTESIAN_POINT('',(20.0000000000033,-12.75,-8.0532));
#6549=CARTESIAN_POINT('',(-19.9999999999948,-9.19353846153845,-8.0532));
#6550=CARTESIAN_POINT('',(9.77499999999953,-9.19353846153845,-8.0532));
#6551=CARTESIAN_POINT('',(-19.9999999999948,12.75,-8.0532));
#6552=CARTESIAN_POINT('Origin',(-19.5499999999948,-9.98753846153845,-8.0532));
#6553=CARTESIAN_POINT('',(-19.9999999999948,-9.98753846153845,-8.0532));
#6554=CARTESIAN_POINT('',(20.0000000000033,-9.98753846153845,-8.0532));
#6555=CARTESIAN_POINT('',(-9.7749999999953,-9.98753846153845,-8.0532));
#6556=CARTESIAN_POINT('',(-19.9999999999948,-9.98753846153845,-6.0532));
#6557=CARTESIAN_POINT('',(-19.9999999999948,-9.98753846153845,-8.0532));
#6558=CARTESIAN_POINT('',(20.0000000000033,-9.98753846153845,-6.0532));
#6559=CARTESIAN_POINT('',(19.5499999999948,-9.98753846153845,-6.0532));
#6560=CARTESIAN_POINT('',(20.0000000000033,-9.98753846153845,-8.0532));
#6561=CARTESIAN_POINT('Origin',(19.5499999999948,-9.19353846153845,-8.0532));
#6562=CARTESIAN_POINT('',(20.0000000000033,-9.19353846153845,-6.0532));
#6563=CARTESIAN_POINT('',(20.0000000000033,-9.19353846153845,-8.0532));
#6564=CARTESIAN_POINT('',(-19.9999999999948,-9.19353846153845,-6.0532));
#6565=CARTESIAN_POINT('',(-19.5499999999948,-9.19353846153845,-6.0532));
#6566=CARTESIAN_POINT('',(-19.9999999999948,-9.19353846153845,-8.0532));
#6567=CARTESIAN_POINT('Origin',(6.12895631682328E-15,-9.59053846153845,
-6.0532));
#6568=CARTESIAN_POINT('',(20.0000000000033,-17.5452692307692,-6.0532));
#6569=CARTESIAN_POINT('',(-19.9999999999948,7.95473076923078,-6.0532));
#6570=CARTESIAN_POINT('Origin',(4.21662704752634E-12,1.42026285615117E-14,
-8.0532));
#6571=CARTESIAN_POINT('',(20.0000000000033,-11.3247692307692,-8.0532));
#6572=CARTESIAN_POINT('',(20.0000000000033,-12.75,-8.0532));
#6573=CARTESIAN_POINT('',(-19.9999999999948,-11.3247692307692,-8.0532));
#6574=CARTESIAN_POINT('',(9.77499999999952,-11.3247692307692,-8.0532));
#6575=CARTESIAN_POINT('',(-19.9999999999948,12.75,-8.0532));
#6576=CARTESIAN_POINT('Origin',(-19.5499999999948,-12.1187692307692,-8.0532));
#6577=CARTESIAN_POINT('',(-19.9999999999948,-12.1187692307692,-8.0532));
#6578=CARTESIAN_POINT('',(20.0000000000033,-12.1187692307692,-8.0532));
#6579=CARTESIAN_POINT('',(-9.7749999999953,-12.1187692307692,-8.0532));
#6580=CARTESIAN_POINT('',(-19.9999999999948,-12.1187692307692,-6.0532));
#6581=CARTESIAN_POINT('',(-19.9999999999948,-12.1187692307692,-8.0532));
#6582=CARTESIAN_POINT('',(20.0000000000033,-12.1187692307692,-6.0532));
#6583=CARTESIAN_POINT('',(19.5499999999948,-12.1187692307692,-6.0532));
#6584=CARTESIAN_POINT('',(20.0000000000033,-12.1187692307692,-8.0532));
#6585=CARTESIAN_POINT('Origin',(19.5499999999948,-11.3247692307692,-8.0532));
#6586=CARTESIAN_POINT('',(20.0000000000033,-11.3247692307692,-6.0532));
#6587=CARTESIAN_POINT('',(20.0000000000033,-11.3247692307692,-8.0532));
#6588=CARTESIAN_POINT('',(-19.9999999999948,-11.3247692307692,-6.0532));
#6589=CARTESIAN_POINT('',(-19.5499999999948,-11.3247692307692,-6.0532));
#6590=CARTESIAN_POINT('',(-19.9999999999948,-11.3247692307692,-8.0532));
#6591=CARTESIAN_POINT('Origin',(6.0106492432838E-15,-11.7217692307692,-6.0532));
#6592=CARTESIAN_POINT('',(20.0000000000033,-18.6108846153846,-6.0532));
#6593=CARTESIAN_POINT('',(-19.9999999999948,6.8891153846154,-6.0532));
#6594=CARTESIAN_POINT('Origin',(4.21662704752634E-12,1.42026285615117E-14,
-8.0532));
#6595=CARTESIAN_POINT('',(20.0000000000033,-13.456,-8.0532));
#6596=CARTESIAN_POINT('',(20.0000000000033,-12.75,-8.0532));
#6597=CARTESIAN_POINT('',(-19.9999999999948,-13.456,-8.0532));
#6598=CARTESIAN_POINT('',(9.77499999999952,-13.456,-8.0532));
#6599=CARTESIAN_POINT('',(-19.9999999999948,12.75,-8.0532));
#6600=CARTESIAN_POINT('Origin',(-19.5499999999948,-14.25,-8.0532));
#6601=CARTESIAN_POINT('',(-19.9999999999948,-14.25,-6.0532));
#6602=CARTESIAN_POINT('',(-19.9999999999948,-14.25,-8.0532));
#6603=CARTESIAN_POINT('',(20.0000000000033,-14.25,-6.0532));
#6604=CARTESIAN_POINT('',(19.5499999999948,-14.25,-6.0532));
#6605=CARTESIAN_POINT('',(20.0000000000033,-14.25,-8.0532));
#6606=CARTESIAN_POINT('Origin',(19.5499999999948,-13.456,-8.0532));
#6607=CARTESIAN_POINT('',(20.0000000000033,-13.456,-6.0532));
#6608=CARTESIAN_POINT('',(20.0000000000033,-13.456,-8.0532));
#6609=CARTESIAN_POINT('',(-19.9999999999948,-13.456,-6.0532));
#6610=CARTESIAN_POINT('',(-19.5499999999948,-13.456,-6.0532));
#6611=CARTESIAN_POINT('',(-19.9999999999948,-13.456,-8.0532));
#6612=CARTESIAN_POINT('Origin',(5.89234216974433E-15,-13.853,-6.0532));
#6613=CARTESIAN_POINT('',(20.0000000000033,-19.6765,-6.0532));
#6614=CARTESIAN_POINT('',(-19.9999999999948,5.82350000000001,-6.0532));
#6615=CARTESIAN_POINT('Origin',(4.21662704752634E-12,1.42026285615117E-14,
-8.0532));
#6616=CARTESIAN_POINT('Origin',(-12.4999999999955,19.7,-5.3782));
#6617=CARTESIAN_POINT('',(-13.2928571428571,19.7,-5.3782));
#6618=CARTESIAN_POINT('Origin',(13.45,-20.8,-5.3782));
#6619=CARTESIAN_POINT('',(13.45,-20.8,-5.3782));
#6620=CARTESIAN_POINT('Origin',(13.45,-19.25,-5.1282));
#6621=CARTESIAN_POINT('',(13.9,-19.25,-4.8782));
#6622=CARTESIAN_POINT('Origin',(13.45,-19.25,-5.1282));
#6623=CARTESIAN_POINT('',(15.,-19.25,-5.3782));
#6624=CARTESIAN_POINT('Origin',(13.9,13.5517857142857,-4.8782));
#6625=CARTESIAN_POINT('',(13.9,13.5517857142857,-4.8782));
#6626=CARTESIAN_POINT('Origin',(15.,13.5517857142857,-5.3782));
#6627=CARTESIAN_POINT('',(15.,13.5517857142857,-5.3782));
#6628=CARTESIAN_POINT('Origin',(13.5517857142857,13.5517857142857,-5.1282));
#6629=CARTESIAN_POINT('',(13.2035714285714,13.5517857142857,-4.8782));
#6630=CARTESIAN_POINT('Origin',(13.5517857142857,13.5517857142857,-5.1282));
#6631=CARTESIAN_POINT('',(12.1035714285714,13.5517857142857,-5.3782));
#6632=CARTESIAN_POINT('Origin',(13.2035714285714,-13.5517857142857,-4.8782));
#6633=CARTESIAN_POINT('',(13.2035714285714,-13.5517857142857,-4.8782));
#6634=CARTESIAN_POINT('Origin',(12.1035714285714,-13.5517857142857,-5.3782));
#6635=CARTESIAN_POINT('',(12.1035714285714,-13.5517857142857,-5.3782));
#6636=CARTESIAN_POINT('Origin',(11.7553571428572,-13.5517857142857,-5.1282));
#6637=CARTESIAN_POINT('',(10.3071428571429,-13.5517857142857,-4.8782));
#6638=CARTESIAN_POINT('Origin',(11.7553571428572,-13.5517857142857,-5.1282));
#6639=CARTESIAN_POINT('',(11.4071428571429,-13.5517857142857,-5.3782));
#6640=CARTESIAN_POINT('Origin',(10.3071428571429,13.5517857142857,-4.8782));
#6641=CARTESIAN_POINT('',(10.3071428571429,13.5517857142857,-4.8782));
#6642=CARTESIAN_POINT('Origin',(11.4071428571429,13.5517857142857,-5.3782));
#6643=CARTESIAN_POINT('',(11.4071428571429,13.5517857142857,-5.3782));
#6644=CARTESIAN_POINT('Origin',(9.95892857142858,13.5517857142857,-5.1282));
#6645=CARTESIAN_POINT('',(9.61071428571431,13.5517857142857,-4.8782));
#6646=CARTESIAN_POINT('Origin',(9.95892857142858,13.5517857142857,-5.1282));
#6647=CARTESIAN_POINT('',(8.51071428571431,13.5517857142857,-5.3782));
#6648=CARTESIAN_POINT('Origin',(9.61071428571431,-13.5517857142857,-4.8782));
#6649=CARTESIAN_POINT('',(9.61071428571431,-13.5517857142857,-4.8782));
#6650=CARTESIAN_POINT('Origin',(8.5107142857143,-13.5517857142857,-5.3782));
#6651=CARTESIAN_POINT('',(8.5107142857143,-13.5517857142857,-5.3782));
#6652=CARTESIAN_POINT('Origin',(8.16250000000001,-13.5517857142857,-5.1282));
#6653=CARTESIAN_POINT('',(6.71428571428572,-13.5517857142857,-4.8782));
#6654=CARTESIAN_POINT('Origin',(8.16250000000001,-13.5517857142857,-5.1282));
#6655=CARTESIAN_POINT('',(7.81428571428572,-13.5517857142857,-5.3782));
#6656=CARTESIAN_POINT('Origin',(6.71428571428571,13.5517857142857,-4.8782));
#6657=CARTESIAN_POINT('',(6.71428571428571,13.5517857142857,-4.8782));
#6658=CARTESIAN_POINT('Origin',(7.81428571428571,13.5517857142857,-5.3782));
#6659=CARTESIAN_POINT('',(7.81428571428571,13.5517857142857,-5.3782));
#6660=CARTESIAN_POINT('Origin',(6.36607142857144,13.5517857142857,-5.1282));
#6661=CARTESIAN_POINT('',(6.01785714285716,13.5517857142857,-4.8782));
#6662=CARTESIAN_POINT('Origin',(6.36607142857144,13.5517857142857,-5.1282));
#6663=CARTESIAN_POINT('',(4.91785714285716,13.5517857142857,-5.3782));
#6664=CARTESIAN_POINT('Origin',(6.01785714285716,-13.5517857142857,-4.8782));
#6665=CARTESIAN_POINT('',(6.01785714285716,-13.5517857142857,-4.8782));
#6666=CARTESIAN_POINT('Origin',(4.91785714285716,-13.5517857142857,-5.3782));
#6667=CARTESIAN_POINT('',(4.91785714285716,-13.5517857142857,-5.3782));
#6668=CARTESIAN_POINT('Origin',(4.56964285714287,-13.5517857142857,-5.1282));
#6669=CARTESIAN_POINT('',(3.12142857142858,-13.5517857142857,-4.8782));
#6670=CARTESIAN_POINT('Origin',(4.56964285714287,-13.5517857142857,-5.1282));
#6671=CARTESIAN_POINT('',(4.22142857142858,-13.5517857142857,-5.3782));
#6672=CARTESIAN_POINT('Origin',(3.12142857142857,13.5517857142857,-4.8782));
#6673=CARTESIAN_POINT('',(3.12142857142857,13.5517857142857,-4.8782));
#6674=CARTESIAN_POINT('Origin',(4.22142857142857,13.5517857142857,-5.3782));
#6675=CARTESIAN_POINT('',(4.22142857142857,13.5517857142857,-5.3782));
#6676=CARTESIAN_POINT('Origin',(2.77321428571429,13.5517857142857,-5.1282));
#6677=CARTESIAN_POINT('',(2.42500000000001,13.5517857142857,-4.8782));
#6678=CARTESIAN_POINT('Origin',(2.77321428571429,13.5517857142857,-5.1282));
#6679=CARTESIAN_POINT('',(1.32500000000001,13.5517857142857,-5.3782));
#6680=CARTESIAN_POINT('Origin',(2.42500000000001,-13.5517857142857,-4.8782));
#6681=CARTESIAN_POINT('',(2.42500000000001,-13.5517857142857,-4.8782));
#6682=CARTESIAN_POINT('Origin',(1.32500000000001,-13.5517857142857,-5.3782));
#6683=CARTESIAN_POINT('',(1.32500000000001,-13.5517857142857,-5.3782));
#6684=CARTESIAN_POINT('Origin',(0.97678571428573,-13.5517857142857,-5.1282));
#6685=CARTESIAN_POINT('',(-0.471428571428553,-13.5517857142857,-4.8782));
#6686=CARTESIAN_POINT('Origin',(0.97678571428573,-13.5517857142857,-5.1282));
#6687=CARTESIAN_POINT('',(0.628571428571447,-13.5517857142857,-5.3782));
#6688=CARTESIAN_POINT('Origin',(-0.471428571428565,13.5517857142857,-4.8782));
#6689=CARTESIAN_POINT('',(-0.471428571428565,13.5517857142857,-4.8782));
#6690=CARTESIAN_POINT('Origin',(0.628571428571435,13.5517857142857,-5.3782));
#6691=CARTESIAN_POINT('',(0.628571428571435,13.5517857142857,-5.3782));
#6692=CARTESIAN_POINT('Origin',(-0.819642857142852,13.5517857142857,-5.1282));
#6693=CARTESIAN_POINT('',(-1.16785714285714,13.5517857142857,-4.8782));
#6694=CARTESIAN_POINT('Origin',(-0.819642857142852,13.5517857142857,-5.1282));
#6695=CARTESIAN_POINT('',(-2.26785714285714,13.5517857142857,-5.3782));
#6696=CARTESIAN_POINT('Origin',(-1.16785714285714,-13.5517857142857,-4.8782));
#6697=CARTESIAN_POINT('',(-1.16785714285714,-13.5517857142857,-4.8782));
#6698=CARTESIAN_POINT('Origin',(-2.26785714285714,-13.5517857142857,-5.3782));
#6699=CARTESIAN_POINT('',(-2.26785714285714,-13.5517857142857,-5.3782));
#6700=CARTESIAN_POINT('Origin',(-2.61607142857141,-13.5517857142857,-5.1282));
#6701=CARTESIAN_POINT('',(-4.06428571428569,-13.5517857142857,-4.8782));
#6702=CARTESIAN_POINT('Origin',(-2.61607142857141,-13.5517857142857,-5.1282));
#6703=CARTESIAN_POINT('',(-2.96428571428569,-13.5517857142857,-5.3782));
#6704=CARTESIAN_POINT('Origin',(-4.0642857142857,13.5517857142857,-4.8782));
#6705=CARTESIAN_POINT('',(-4.0642857142857,13.5517857142857,-4.8782));
#6706=CARTESIAN_POINT('Origin',(-2.9642857142857,13.5517857142857,-5.3782));
#6707=CARTESIAN_POINT('',(-2.9642857142857,13.5517857142857,-5.3782));
#6708=CARTESIAN_POINT('Origin',(-4.4125,13.5517857142857,-5.1282));
#6709=CARTESIAN_POINT('',(-4.76071428571429,13.5517857142857,-4.8782));
#6710=CARTESIAN_POINT('Origin',(-4.4125,13.5517857142857,-5.1282));
#6711=CARTESIAN_POINT('',(-5.86071428571429,13.5517857142857,-5.3782));
#6712=CARTESIAN_POINT('Origin',(-4.76071428571429,-13.5517857142857,-4.8782));
#6713=CARTESIAN_POINT('',(-4.76071428571429,-13.5517857142857,-4.8782));
#6714=CARTESIAN_POINT('Origin',(-5.86071428571429,-13.5517857142857,-5.3782));
#6715=CARTESIAN_POINT('',(-5.86071428571429,-13.5517857142857,-5.3782));
#6716=CARTESIAN_POINT('Origin',(-6.20892857142856,-13.5517857142857,-5.1282));
#6717=CARTESIAN_POINT('',(-7.65714285714283,-13.5517857142857,-4.8782));
#6718=CARTESIAN_POINT('Origin',(-6.20892857142856,-13.5517857142857,-5.1282));
#6719=CARTESIAN_POINT('',(-6.55714285714283,-13.5517857142857,-5.3782));
#6720=CARTESIAN_POINT('Origin',(-7.65714285714284,13.5517857142857,-4.8782));
#6721=CARTESIAN_POINT('',(-7.65714285714284,13.5517857142857,-4.8782));
#6722=CARTESIAN_POINT('Origin',(-6.55714285714284,13.5517857142857,-5.3782));
#6723=CARTESIAN_POINT('',(-6.55714285714284,13.5517857142857,-5.3782));
#6724=CARTESIAN_POINT('Origin',(-8.00535714285713,13.5517857142857,-5.1282));
#6725=CARTESIAN_POINT('',(-8.35357142857142,13.5517857142857,-4.8782));
#6726=CARTESIAN_POINT('Origin',(-8.00535714285713,13.5517857142857,-5.1282));
#6727=CARTESIAN_POINT('',(-9.45357142857142,13.5517857142857,-5.3782));
#6728=CARTESIAN_POINT('Origin',(-8.35357142857142,-13.5517857142857,-4.8782));
#6729=CARTESIAN_POINT('',(-8.35357142857142,-13.5517857142857,-4.8782));
#6730=CARTESIAN_POINT('Origin',(-9.45357142857142,-13.5517857142857,-5.3782));
#6731=CARTESIAN_POINT('',(-9.45357142857142,-13.5517857142857,-5.3782));
#6732=CARTESIAN_POINT('Origin',(-9.8017857142857,-13.5517857142857,-5.1282));
#6733=CARTESIAN_POINT('',(-11.25,-13.5517857142857,-4.8782));
#6734=CARTESIAN_POINT('Origin',(-9.8017857142857,-13.5517857142857,-5.1282));
#6735=CARTESIAN_POINT('',(-10.15,-13.5517857142857,-5.3782));
#6736=CARTESIAN_POINT('Origin',(-11.25,13.5517857142857,-4.8782));
#6737=CARTESIAN_POINT('',(-11.25,13.5517857142857,-4.8782));
#6738=CARTESIAN_POINT('Origin',(-10.15,13.5517857142857,-5.3782));
#6739=CARTESIAN_POINT('',(-10.15,13.5517857142857,-5.3782));
#6740=CARTESIAN_POINT('Origin',(-11.5982142857143,13.5517857142857,-5.1282));
#6741=CARTESIAN_POINT('',(-11.9464285714286,13.5517857142857,-4.8782));
#6742=CARTESIAN_POINT('Origin',(-11.5982142857143,13.5517857142857,-5.1282));
#6743=CARTESIAN_POINT('',(-13.0464285714286,13.5517857142857,-5.3782));
#6744=CARTESIAN_POINT('Origin',(-11.9464285714286,-13.5517857142857,-4.8782));
#6745=CARTESIAN_POINT('',(-11.9464285714286,-13.5517857142857,-4.8782));
#6746=CARTESIAN_POINT('Origin',(-13.0464285714286,-13.5517857142857,-5.3782));
#6747=CARTESIAN_POINT('',(-13.0464285714286,-13.5517857142857,-5.3782));
#6748=CARTESIAN_POINT('Origin',(-13.3946428571428,-13.5517857142857,-5.1282));
#6749=CARTESIAN_POINT('',(-14.8428571428571,-13.5517857142857,-4.8782));
#6750=CARTESIAN_POINT('Origin',(-13.3946428571428,-13.5517857142857,-5.1282));
#6751=CARTESIAN_POINT('',(-13.7428571428571,-13.5517857142857,-5.3782));
#6752=CARTESIAN_POINT('Origin',(-14.8428571428571,19.25,-4.8782));
#6753=CARTESIAN_POINT('',(-14.8428571428571,19.25,-4.8782));
#6754=CARTESIAN_POINT('Origin',(-13.7428571428571,19.25,-5.3782));
#6755=CARTESIAN_POINT('',(-13.7428571428571,19.25,-5.3782));
#6756=CARTESIAN_POINT('Origin',(-13.2928571428571,19.25,-5.1282));
#6757=CARTESIAN_POINT('Origin',(-13.2928571428571,19.25,-5.1282));
#6758=CARTESIAN_POINT('Origin',(-12.4999999999955,20.8,-4.8782));
#6759=CARTESIAN_POINT('Origin',(20.0000000000033,-25.5,-8.0532));
#6760=CARTESIAN_POINT('',(20.0000000000033,25.5,-8.0532));
#6761=CARTESIAN_POINT('',(20.0000000000033,-25.5,-8.0532));
#6762=CARTESIAN_POINT('Origin',(10.,20.0000006705523,-8.0532));
#6763=CARTESIAN_POINT('',(7.97500000000001,20.0000006705523,-8.0532));
#6764=CARTESIAN_POINT('Origin',(-10.,-20.0000006705523,-8.0532));
#6765=CARTESIAN_POINT('',(-12.025,-20.0000006705523,-8.0532));
#6766=CARTESIAN_POINT('Origin',(-19.9999999999948,25.5,-8.0532));
#6767=CARTESIAN_POINT('',(-19.9999999999948,-25.5,-8.0532));
#6768=CARTESIAN_POINT('',(-19.9999999999948,25.5,-8.0532));
#6769=CARTESIAN_POINT('Origin',(19.5500000000033,25.5,-8.0532));
#6770=CARTESIAN_POINT('Origin',(-19.5499999999948,-25.5,-8.0532));
#6771=UNCERTAINTY_MEASURE_WITH_UNIT(LENGTH_MEASURE(0.01),#6775,
'DISTANCE_ACCURACY_VALUE',
'Maximum model space distance between geometric entities at asserted c
onnectivities');
#6772=UNCERTAINTY_MEASURE_WITH_UNIT(LENGTH_MEASURE(0.01),#6775,
'DISTANCE_ACCURACY_VALUE',
'Maximum model space distance between geometric entities at asserted c
onnectivities');
#6773=(
GEOMETRIC_REPRESENTATION_CONTEXT(3)
GLOBAL_UNCERTAINTY_ASSIGNED_CONTEXT((#6771))
GLOBAL_UNIT_ASSIGNED_CONTEXT((#6775,#6777,#6778))
REPRESENTATION_CONTEXT('','3D')
);
#6774=(
GEOMETRIC_REPRESENTATION_CONTEXT(3)
GLOBAL_UNCERTAINTY_ASSIGNED_CONTEXT((#6772))
GLOBAL_UNIT_ASSIGNED_CONTEXT((#6775,#6777,#6778))
REPRESENTATION_CONTEXT('','3D')
);
#6775=(
LENGTH_UNIT()
NAMED_UNIT(*)
SI_UNIT(.MILLI.,.METRE.)
);
#6776=(
LENGTH_UNIT()
NAMED_UNIT(*)
SI_UNIT($,.METRE.)
);
#6777=(
NAMED_UNIT(*)
PLANE_ANGLE_UNIT()
SI_UNIT($,.RADIAN.)
);
#6778=(
NAMED_UNIT(*)
SI_UNIT($,.STERADIAN.)
SOLID_ANGLE_UNIT()
);
#6779=SHAPE_DEFINITION_REPRESENTATION(#6780,#6781);
#6780=PRODUCT_DEFINITION_SHAPE('',$,#6783);
#6781=SHAPE_REPRESENTATION('',(#4063),#6773);
#6782=PRODUCT_DEFINITION_CONTEXT('part definition',#6787,'design');
#6783=PRODUCT_DEFINITION('Flow plate final 2025',
'Flow plate final 2025 v2',#6784,#6782);
#6784=PRODUCT_DEFINITION_FORMATION('',$,#6789);
#6785=PRODUCT_RELATED_PRODUCT_CATEGORY('Flow plate final 2025 v2',
'Flow plate final 2025 v2',(#6789));
#6786=APPLICATION_PROTOCOL_DEFINITION('international standard',
'automotive_design',2009,#6787);
#6787=APPLICATION_CONTEXT(
'Core Data for Automotive Mechanical Design Process');
#6788=PRODUCT_CONTEXT('part definition',#6787,'mechanical');
#6789=PRODUCT('Flow plate final 2025','Flow plate final 2025 v2',$,(#6788));
#6790=PRESENTATION_STYLE_ASSIGNMENT((#6791));
#6791=SURFACE_STYLE_USAGE(.BOTH.,#6792);
#6792=SURFACE_SIDE_STYLE('',(#6793));
#6793=SURFACE_STYLE_FILL_AREA(#6794);
#6794=FILL_AREA_STYLE('Acier - Satin\X\E9',(#6795));
#6795=FILL_AREA_STYLE_COLOUR('Acier - Satin\X\E9',#6796);
#6796=COLOUR_RGB('Acier - Satin\X\E9',0.627450980392157,0.627450980392157,
0.627450980392157);
ENDSEC;
END-ISO-10303-21;
