ISO-10303-21;
HEADER;
/* Generated by software containing ST-Developer
 * from STEP Tools, Inc. (www.steptools.com) 
 */

FILE_DESCRIPTION(
/* description */ (''),
/* implementation_level */ '2;1');

FILE_NAME(
/* name */ 'Main gasket.step',
/* time_stamp */ '2025-12-17T17:08:42-05:00',
/* author */ (''),
/* organization */ (''),
/* preprocessor_version */ 'ST-DEVELOPER v20.1',
/* originating_system */ 'Autodesk Translation Framework v14.21.0.0',
/* authorisation */ '');

FILE_SCHEMA (('AUTOMOTIVE_DESIGN { 1 0 10303 214 3 1 1 }','PROCESS_PLANNING_SCHEMA'));
ENDSEC;

DATA;
#10=MECHANICAL_DESIGN_GEOMETRIC_PRESENTATION_REPRESENTATION('',(#13),#2823);
#11=SHAPE_REPRESENTATION_RELATIONSHIP('SRR','None',#2830,#12);
#12=ADVANCED_BREP_SHAPE_REPRESENTATION('',(#14),#2822);
#13=STYLED_ITEM('',(#2839),#14);
#14=MANIFOLD_SOLID_BREP('Corps1',#1611);
#15=FACE_BOUND('',#284,.T.);
#16=FACE_BOUND('',#285,.T.);
#17=FACE_BOUND('',#286,.T.);
#18=FACE_BOUND('',#287,.T.);
#19=FACE_BOUND('',#288,.T.);
#20=FACE_BOUND('',#306,.T.);
#21=FACE_BOUND('',#307,.T.);
#22=FACE_BOUND('',#308,.T.);
#23=FACE_BOUND('',#309,.T.);
#24=FACE_BOUND('',#310,.T.);
#25=CIRCLE('',#1627,3.70000000000001);
#26=CIRCLE('',#1628,3.70000000000001);
#27=CIRCLE('',#1630,2.5);
#28=CIRCLE('',#1631,2.5);
#29=CIRCLE('',#1634,3.50000000000002);
#30=CIRCLE('',#1635,3.50000000000002);
#31=CIRCLE('',#1637,4.12257622358242);
#32=CIRCLE('',#1638,4.12257622358242);
#33=CIRCLE('',#1640,2.49759723461437);
#34=CIRCLE('',#1641,2.49759723461437);
#35=CIRCLE('',#1644,1.90000000000001);
#36=CIRCLE('',#1645,5.49999999999999);
#37=CIRCLE('',#1646,5.49999999999999);
#38=CIRCLE('',#1647,21.5271739129706);
#39=CIRCLE('',#1648,16.5031815614089);
#40=CIRCLE('',#1649,5.50000000000156);
#41=CIRCLE('',#1650,1.);
#42=CIRCLE('',#1651,4.225);
#43=CIRCLE('',#1652,1.);
#44=CIRCLE('',#1653,1.90000000000001);
#45=CIRCLE('',#1654,5.49999999999999);
#46=CIRCLE('',#1655,5.49999999999999);
#47=CIRCLE('',#1656,21.5271739129706);
#48=CIRCLE('',#1657,16.5031815614089);
#49=CIRCLE('',#1658,5.50000000000157);
#50=CIRCLE('',#1659,1.);
#51=CIRCLE('',#1660,4.225);
#52=CIRCLE('',#1661,1.);
#53=CIRCLE('',#1662,5.50000000000157);
#54=CIRCLE('',#1663,6.22908049339814);
#55=CIRCLE('',#1664,2.425);
#56=CIRCLE('',#1665,2.425);
#57=CIRCLE('',#1666,5.50000000000156);
#58=CIRCLE('',#1667,6.22908049339814);
#59=CIRCLE('',#1668,1.5);
#60=CIRCLE('',#1669,1.5);
#61=CIRCLE('',#1670,2.);
#62=CIRCLE('',#1671,1.8);
#63=CIRCLE('',#1672,3.00060185214622);
#64=CIRCLE('',#1673,2.01854823523281);
#65=CIRCLE('',#1674,1.5);
#66=CIRCLE('',#1675,1.5);
#67=CIRCLE('',#1676,2.);
#68=CIRCLE('',#1677,1.8);
#69=CIRCLE('',#1678,3.00060185214622);
#70=CIRCLE('',#1679,2.01854823523281);
#71=CIRCLE('',#1680,8.02908049339814);
#72=CIRCLE('',#1681,3.70000000000157);
#73=CIRCLE('',#1682,18.3031815614089);
#74=CIRCLE('',#1683,23.3271739129706);
#75=CIRCLE('',#1684,1.79999999998008);
#76=CIRCLE('',#1685,2.49759723461437);
#77=CIRCLE('',#1686,4.12257622358242);
#78=CIRCLE('',#1687,3.50000000000002);
#79=CIRCLE('',#1688,2.5);
#80=CIRCLE('',#1689,3.70000000000001);
#81=CIRCLE('',#1690,8.02908049339814);
#82=CIRCLE('',#1691,3.70000000000157);
#83=CIRCLE('',#1692,18.3031815614089);
#84=CIRCLE('',#1693,23.3271739129706);
#85=CIRCLE('',#1694,1.80000000000143);
#86=CIRCLE('',#1697,3.70000000000001);
#87=CIRCLE('',#1699,2.5);
#88=CIRCLE('',#1702,3.50000000000002);
#89=CIRCLE('',#1704,4.12257622358242);
#90=CIRCLE('',#1706,2.49759723461437);
#91=CIRCLE('',#1709,1.79999999998008);
#92=CIRCLE('',#1711,1.);
#93=CIRCLE('',#1713,4.225);
#94=CIRCLE('',#1715,1.);
#95=CIRCLE('',#1717,1.);
#96=CIRCLE('',#1719,4.225);
#97=CIRCLE('',#1721,1.);
#98=CIRCLE('',#1723,2.425);
#99=CIRCLE('',#1725,5.50000000000157);
#100=CIRCLE('',#1726,16.5031815614089);
#101=CIRCLE('',#1727,21.5271739129706);
#102=CIRCLE('',#1728,5.49999999999999);
#103=CIRCLE('',#1729,5.49999999999999);
#104=CIRCLE('',#1730,1.90000000000001);
#105=CIRCLE('',#1731,5.50000000000156);
#106=CIRCLE('',#1732,16.5031815614089);
#107=CIRCLE('',#1733,21.5271739129706);
#108=CIRCLE('',#1734,5.49999999999999);
#109=CIRCLE('',#1735,5.49999999999999);
#110=CIRCLE('',#1736,1.90000000000001);
#111=CIRCLE('',#1737,1.80000000000143);
#112=CIRCLE('',#1738,23.3271739129706);
#113=CIRCLE('',#1739,18.3031815614089);
#114=CIRCLE('',#1740,3.70000000000157);
#115=CIRCLE('',#1741,8.02908049339814);
#116=CIRCLE('',#1742,23.3271739129706);
#117=CIRCLE('',#1743,18.3031815614089);
#118=CIRCLE('',#1744,3.70000000000157);
#119=CIRCLE('',#1745,8.02908049339814);
#120=CIRCLE('',#1746,6.22908049339814);
#121=CIRCLE('',#1747,5.50000000000157);
#122=CIRCLE('',#1748,1.5);
#123=CIRCLE('',#1749,2.01854823523281);
#124=CIRCLE('',#1750,3.00060185214622);
#125=CIRCLE('',#1751,1.8);
#126=CIRCLE('',#1752,2.);
#127=CIRCLE('',#1753,1.5);
#128=CIRCLE('',#1754,1.5);
#129=CIRCLE('',#1755,2.01854823523281);
#130=CIRCLE('',#1756,3.00060185214622);
#131=CIRCLE('',#1757,1.8);
#132=CIRCLE('',#1758,2.);
#133=CIRCLE('',#1759,1.5);
#134=CIRCLE('',#1760,6.22908049339814);
#135=CIRCLE('',#1761,5.50000000000156);
#136=CIRCLE('',#1762,2.425);
#137=CYLINDRICAL_SURFACE('',#1626,3.70000000000001);
#138=CYLINDRICAL_SURFACE('',#1629,2.5);
#139=CYLINDRICAL_SURFACE('',#1633,3.50000000000002);
#140=CYLINDRICAL_SURFACE('',#1636,4.12257622358242);
#141=CYLINDRICAL_SURFACE('',#1639,2.49759723461437);
#142=CYLINDRICAL_SURFACE('',#1696,3.70000000000001);
#143=CYLINDRICAL_SURFACE('',#1698,2.5);
#144=CYLINDRICAL_SURFACE('',#1701,3.50000000000002);
#145=CYLINDRICAL_SURFACE('',#1703,4.12257622358242);
#146=CYLINDRICAL_SURFACE('',#1705,2.49759723461437);
#147=CYLINDRICAL_SURFACE('',#1708,1.79999999998008);
#148=CYLINDRICAL_SURFACE('',#1710,1.);
#149=CYLINDRICAL_SURFACE('',#1712,4.225);
#150=CYLINDRICAL_SURFACE('',#1714,1.);
#151=CYLINDRICAL_SURFACE('',#1716,1.);
#152=CYLINDRICAL_SURFACE('',#1718,4.225);
#153=CYLINDRICAL_SURFACE('',#1720,1.);
#154=CYLINDRICAL_SURFACE('',#1722,2.425);
#155=CYLINDRICAL_SURFACE('',#1763,5.50000000000157);
#156=CYLINDRICAL_SURFACE('',#1764,5.50000000000157);
#157=CYLINDRICAL_SURFACE('',#1766,2.425);
#158=CYLINDRICAL_SURFACE('',#1768,5.50000000000156);
#159=CYLINDRICAL_SURFACE('',#1769,5.50000000000156);
#160=CYLINDRICAL_SURFACE('',#1770,3.70000000000157);
#161=CYLINDRICAL_SURFACE('',#1771,1.5);
#162=CYLINDRICAL_SURFACE('',#1773,2.01854823523281);
#163=CYLINDRICAL_SURFACE('',#1774,3.00060185214622);
#164=CYLINDRICAL_SURFACE('',#1775,1.8);
#165=CYLINDRICAL_SURFACE('',#1777,2.);
#166=CYLINDRICAL_SURFACE('',#1779,1.5);
#167=CYLINDRICAL_SURFACE('',#1781,1.5);
#168=CYLINDRICAL_SURFACE('',#1783,2.01854823523281);
#169=CYLINDRICAL_SURFACE('',#1784,3.00060185214622);
#170=CYLINDRICAL_SURFACE('',#1785,1.8);
#171=CYLINDRICAL_SURFACE('',#1787,2.);
#172=CYLINDRICAL_SURFACE('',#1789,1.5);
#173=CYLINDRICAL_SURFACE('',#1791,1.80000000000143);
#174=CYLINDRICAL_SURFACE('',#1792,23.3271739129706);
#175=CYLINDRICAL_SURFACE('',#1794,18.3031815614089);
#176=CYLINDRICAL_SURFACE('',#1795,8.02908049339814);
#177=CYLINDRICAL_SURFACE('',#1796,23.3271739129706);
#178=CYLINDRICAL_SURFACE('',#1798,18.3031815614089);
#179=CYLINDRICAL_SURFACE('',#1799,3.70000000000157);
#180=CYLINDRICAL_SURFACE('',#1800,8.02908049339814);
#181=CYLINDRICAL_SURFACE('',#1801,16.5031815614089);
#182=CYLINDRICAL_SURFACE('',#1803,21.5271739129706);
#183=CYLINDRICAL_SURFACE('',#1804,5.49999999999999);
#184=CYLINDRICAL_SURFACE('',#1806,5.49999999999999);
#185=CYLINDRICAL_SURFACE('',#1807,1.90000000000001);
#186=CYLINDRICAL_SURFACE('',#1809,6.22908049339814);
#187=CYLINDRICAL_SURFACE('',#1810,16.5031815614089);
#188=CYLINDRICAL_SURFACE('',#1812,21.5271739129706);
#189=CYLINDRICAL_SURFACE('',#1813,5.49999999999999);
#190=CYLINDRICAL_SURFACE('',#1815,5.49999999999999);
#191=CYLINDRICAL_SURFACE('',#1816,1.90000000000001);
#192=CYLINDRICAL_SURFACE('',#1818,6.22908049339814);
#193=FACE_OUTER_BOUND('',#275,.T.);
#194=FACE_OUTER_BOUND('',#276,.T.);
#195=FACE_OUTER_BOUND('',#277,.T.);
#196=FACE_OUTER_BOUND('',#278,.T.);
#197=FACE_OUTER_BOUND('',#279,.T.);
#198=FACE_OUTER_BOUND('',#280,.T.);
#199=FACE_OUTER_BOUND('',#281,.T.);
#200=FACE_OUTER_BOUND('',#282,.T.);
#201=FACE_OUTER_BOUND('',#283,.T.);
#202=FACE_OUTER_BOUND('',#289,.T.);
#203=FACE_OUTER_BOUND('',#290,.T.);
#204=FACE_OUTER_BOUND('',#291,.T.);
#205=FACE_OUTER_BOUND('',#292,.T.);
#206=FACE_OUTER_BOUND('',#293,.T.);
#207=FACE_OUTER_BOUND('',#294,.T.);
#208=FACE_OUTER_BOUND('',#295,.T.);
#209=FACE_OUTER_BOUND('',#296,.T.);
#210=FACE_OUTER_BOUND('',#297,.T.);
#211=FACE_OUTER_BOUND('',#298,.T.);
#212=FACE_OUTER_BOUND('',#299,.T.);
#213=FACE_OUTER_BOUND('',#300,.T.);
#214=FACE_OUTER_BOUND('',#301,.T.);
#215=FACE_OUTER_BOUND('',#302,.T.);
#216=FACE_OUTER_BOUND('',#303,.T.);
#217=FACE_OUTER_BOUND('',#304,.T.);
#218=FACE_OUTER_BOUND('',#305,.T.);
#219=FACE_OUTER_BOUND('',#311,.T.);
#220=FACE_OUTER_BOUND('',#312,.T.);
#221=FACE_OUTER_BOUND('',#313,.T.);
#222=FACE_OUTER_BOUND('',#314,.T.);
#223=FACE_OUTER_BOUND('',#315,.T.);
#224=FACE_OUTER_BOUND('',#316,.T.);
#225=FACE_OUTER_BOUND('',#317,.T.);
#226=FACE_OUTER_BOUND('',#318,.T.);
#227=FACE_OUTER_BOUND('',#319,.T.);
#228=FACE_OUTER_BOUND('',#320,.T.);
#229=FACE_OUTER_BOUND('',#321,.T.);
#230=FACE_OUTER_BOUND('',#322,.T.);
#231=FACE_OUTER_BOUND('',#323,.T.);
#232=FACE_OUTER_BOUND('',#324,.T.);
#233=FACE_OUTER_BOUND('',#325,.T.);
#234=FACE_OUTER_BOUND('',#326,.T.);
#235=FACE_OUTER_BOUND('',#327,.T.);
#236=FACE_OUTER_BOUND('',#328,.T.);
#237=FACE_OUTER_BOUND('',#329,.T.);
#238=FACE_OUTER_BOUND('',#330,.T.);
#239=FACE_OUTER_BOUND('',#331,.T.);
#240=FACE_OUTER_BOUND('',#332,.T.);
#241=FACE_OUTER_BOUND('',#333,.T.);
#242=FACE_OUTER_BOUND('',#334,.T.);
#243=FACE_OUTER_BOUND('',#335,.T.);
#244=FACE_OUTER_BOUND('',#336,.T.);
#245=FACE_OUTER_BOUND('',#337,.T.);
#246=FACE_OUTER_BOUND('',#338,.T.);
#247=FACE_OUTER_BOUND('',#339,.T.);
#248=FACE_OUTER_BOUND('',#340,.T.);
#249=FACE_OUTER_BOUND('',#341,.T.);
#250=FACE_OUTER_BOUND('',#342,.T.);
#251=FACE_OUTER_BOUND('',#343,.T.);
#252=FACE_OUTER_BOUND('',#344,.T.);
#253=FACE_OUTER_BOUND('',#345,.T.);
#254=FACE_OUTER_BOUND('',#346,.T.);
#255=FACE_OUTER_BOUND('',#347,.T.);
#256=FACE_OUTER_BOUND('',#348,.T.);
#257=FACE_OUTER_BOUND('',#349,.T.);
#258=FACE_OUTER_BOUND('',#350,.T.);
#259=FACE_OUTER_BOUND('',#351,.T.);
#260=FACE_OUTER_BOUND('',#352,.T.);
#261=FACE_OUTER_BOUND('',#353,.T.);
#262=FACE_OUTER_BOUND('',#354,.T.);
#263=FACE_OUTER_BOUND('',#355,.T.);
#264=FACE_OUTER_BOUND('',#356,.T.);
#265=FACE_OUTER_BOUND('',#357,.T.);
#266=FACE_OUTER_BOUND('',#358,.T.);
#267=FACE_OUTER_BOUND('',#359,.T.);
#268=FACE_OUTER_BOUND('',#360,.T.);
#269=FACE_OUTER_BOUND('',#361,.T.);
#270=FACE_OUTER_BOUND('',#362,.T.);
#271=FACE_OUTER_BOUND('',#363,.T.);
#272=FACE_OUTER_BOUND('',#364,.T.);
#273=FACE_OUTER_BOUND('',#365,.T.);
#274=FACE_OUTER_BOUND('',#366,.T.);
#275=EDGE_LOOP('',(#1023,#1024,#1025,#1026));
#276=EDGE_LOOP('',(#1027,#1028,#1029,#1030));
#277=EDGE_LOOP('',(#1031,#1032,#1033,#1034));
#278=EDGE_LOOP('',(#1035,#1036,#1037,#1038));
#279=EDGE_LOOP('',(#1039,#1040,#1041,#1042));
#280=EDGE_LOOP('',(#1043,#1044,#1045,#1046));
#281=EDGE_LOOP('',(#1047,#1048,#1049,#1050));
#282=EDGE_LOOP('',(#1051,#1052,#1053,#1054));
#283=EDGE_LOOP('',(#1055,#1056,#1057,#1058,#1059,#1060,#1061,#1062,#1063,
#1064,#1065,#1066,#1067,#1068,#1069,#1070,#1071,#1072,#1073,#1074,#1075,
#1076,#1077,#1078));
#284=EDGE_LOOP('',(#1079,#1080,#1081,#1082));
#285=EDGE_LOOP('',(#1083,#1084,#1085,#1086));
#286=EDGE_LOOP('',(#1087,#1088,#1089,#1090,#1091,#1092,#1093,#1094,#1095,
#1096));
#287=EDGE_LOOP('',(#1097,#1098,#1099,#1100,#1101,#1102,#1103,#1104,#1105,
#1106));
#288=EDGE_LOOP('',(#1107,#1108,#1109,#1110,#1111,#1112,#1113,#1114,#1115,
#1116,#1117,#1118,#1119,#1120,#1121,#1122,#1123,#1124,#1125,#1126,#1127,
#1128,#1129,#1130,#1131,#1132,#1133,#1134));
#289=EDGE_LOOP('',(#1135,#1136,#1137,#1138));
#290=EDGE_LOOP('',(#1139,#1140,#1141,#1142));
#291=EDGE_LOOP('',(#1143,#1144,#1145,#1146));
#292=EDGE_LOOP('',(#1147,#1148,#1149,#1150));
#293=EDGE_LOOP('',(#1151,#1152,#1153,#1154));
#294=EDGE_LOOP('',(#1155,#1156,#1157,#1158));
#295=EDGE_LOOP('',(#1159,#1160,#1161,#1162));
#296=EDGE_LOOP('',(#1163,#1164,#1165,#1166));
#297=EDGE_LOOP('',(#1167,#1168,#1169,#1170));
#298=EDGE_LOOP('',(#1171,#1172,#1173,#1174));
#299=EDGE_LOOP('',(#1175,#1176,#1177,#1178));
#300=EDGE_LOOP('',(#1179,#1180,#1181,#1182));
#301=EDGE_LOOP('',(#1183,#1184,#1185,#1186));
#302=EDGE_LOOP('',(#1187,#1188,#1189,#1190));
#303=EDGE_LOOP('',(#1191,#1192,#1193,#1194));
#304=EDGE_LOOP('',(#1195,#1196,#1197,#1198));
#305=EDGE_LOOP('',(#1199,#1200,#1201,#1202,#1203,#1204,#1205,#1206,#1207,
#1208,#1209,#1210,#1211,#1212,#1213,#1214,#1215,#1216,#1217,#1218,#1219,
#1220,#1221,#1222));
#306=EDGE_LOOP('',(#1223,#1224,#1225,#1226,#1227,#1228,#1229,#1230,#1231,
#1232,#1233,#1234,#1235,#1236,#1237,#1238,#1239,#1240,#1241,#1242,#1243,
#1244,#1245,#1246,#1247,#1248,#1249,#1250));
#307=EDGE_LOOP('',(#1251,#1252,#1253,#1254));
#308=EDGE_LOOP('',(#1255,#1256,#1257,#1258,#1259,#1260,#1261,#1262,#1263,
#1264));
#309=EDGE_LOOP('',(#1265,#1266,#1267,#1268,#1269,#1270,#1271,#1272,#1273,
#1274));
#310=EDGE_LOOP('',(#1275,#1276,#1277,#1278));
#311=EDGE_LOOP('',(#1279,#1280,#1281,#1282));
#312=EDGE_LOOP('',(#1283,#1284,#1285,#1286));
#313=EDGE_LOOP('',(#1287,#1288,#1289,#1290));
#314=EDGE_LOOP('',(#1291,#1292,#1293,#1294));
#315=EDGE_LOOP('',(#1295,#1296,#1297,#1298));
#316=EDGE_LOOP('',(#1299,#1300,#1301,#1302));
#317=EDGE_LOOP('',(#1303,#1304,#1305,#1306));
#318=EDGE_LOOP('',(#1307,#1308,#1309,#1310));
#319=EDGE_LOOP('',(#1311,#1312,#1313,#1314));
#320=EDGE_LOOP('',(#1315,#1316,#1317,#1318));
#321=EDGE_LOOP('',(#1319,#1320,#1321,#1322));
#322=EDGE_LOOP('',(#1323,#1324,#1325,#1326));
#323=EDGE_LOOP('',(#1327,#1328,#1329,#1330));
#324=EDGE_LOOP('',(#1331,#1332,#1333,#1334));
#325=EDGE_LOOP('',(#1335,#1336,#1337,#1338));
#326=EDGE_LOOP('',(#1339,#1340,#1341,#1342));
#327=EDGE_LOOP('',(#1343,#1344,#1345,#1346));
#328=EDGE_LOOP('',(#1347,#1348,#1349,#1350));
#329=EDGE_LOOP('',(#1351,#1352,#1353,#1354));
#330=EDGE_LOOP('',(#1355,#1356,#1357,#1358));
#331=EDGE_LOOP('',(#1359,#1360,#1361,#1362));
#332=EDGE_LOOP('',(#1363,#1364,#1365,#1366));
#333=EDGE_LOOP('',(#1367,#1368,#1369,#1370));
#334=EDGE_LOOP('',(#1371,#1372,#1373,#1374));
#335=EDGE_LOOP('',(#1375,#1376,#1377,#1378));
#336=EDGE_LOOP('',(#1379,#1380,#1381,#1382));
#337=EDGE_LOOP('',(#1383,#1384,#1385,#1386));
#338=EDGE_LOOP('',(#1387,#1388,#1389,#1390));
#339=EDGE_LOOP('',(#1391,#1392,#1393,#1394));
#340=EDGE_LOOP('',(#1395,#1396,#1397,#1398));
#341=EDGE_LOOP('',(#1399,#1400,#1401,#1402));
#342=EDGE_LOOP('',(#1403,#1404,#1405,#1406));
#343=EDGE_LOOP('',(#1407,#1408,#1409,#1410));
#344=EDGE_LOOP('',(#1411,#1412,#1413,#1414));
#345=EDGE_LOOP('',(#1415,#1416,#1417,#1418));
#346=EDGE_LOOP('',(#1419,#1420,#1421,#1422));
#347=EDGE_LOOP('',(#1423,#1424,#1425,#1426));
#348=EDGE_LOOP('',(#1427,#1428,#1429,#1430));
#349=EDGE_LOOP('',(#1431,#1432,#1433,#1434));
#350=EDGE_LOOP('',(#1435,#1436,#1437,#1438));
#351=EDGE_LOOP('',(#1439,#1440,#1441,#1442));
#352=EDGE_LOOP('',(#1443,#1444,#1445,#1446));
#353=EDGE_LOOP('',(#1447,#1448,#1449,#1450));
#354=EDGE_LOOP('',(#1451,#1452,#1453,#1454));
#355=EDGE_LOOP('',(#1455,#1456,#1457,#1458));
#356=EDGE_LOOP('',(#1459,#1460,#1461,#1462));
#357=EDGE_LOOP('',(#1463,#1464,#1465,#1466));
#358=EDGE_LOOP('',(#1467,#1468,#1469,#1470));
#359=EDGE_LOOP('',(#1471,#1472,#1473,#1474));
#360=EDGE_LOOP('',(#1475,#1476,#1477,#1478));
#361=EDGE_LOOP('',(#1479,#1480,#1481,#1482));
#362=EDGE_LOOP('',(#1483,#1484,#1485,#1486));
#363=EDGE_LOOP('',(#1487,#1488,#1489,#1490));
#364=EDGE_LOOP('',(#1491,#1492,#1493,#1494));
#365=EDGE_LOOP('',(#1495,#1496,#1497,#1498));
#366=EDGE_LOOP('',(#1499,#1500,#1501,#1502));
#367=LINE('',#2341,#495);
#368=LINE('',#2343,#496);
#369=LINE('',#2345,#497);
#370=LINE('',#2346,#498);
#371=LINE('',#2352,#499);
#372=LINE('',#2355,#500);
#373=LINE('',#2361,#501);
#374=LINE('',#2364,#502);
#375=LINE('',#2366,#503);
#376=LINE('',#2367,#504);
#377=LINE('',#2376,#505);
#378=LINE('',#2382,#506);
#379=LINE('',#2385,#507);
#380=LINE('',#2387,#508);
#381=LINE('',#2388,#509);
#382=LINE('',#2392,#510);
#383=LINE('',#2398,#511);
#384=LINE('',#2404,#512);
#385=LINE('',#2416,#513);
#386=LINE('',#2422,#514);
#387=LINE('',#2428,#515);
#388=LINE('',#2444,#516);
#389=LINE('',#2453,#517);
#390=LINE('',#2458,#518);
#391=LINE('',#2462,#519);
#392=LINE('',#2466,#520);
#393=LINE('',#2473,#521);
#394=LINE('',#2478,#522);
#395=LINE('',#2482,#523);
#396=LINE('',#2486,#524);
#397=LINE('',#2493,#525);
#398=LINE('',#2501,#526);
#399=LINE('',#2511,#527);
#400=LINE('',#2515,#528);
#401=LINE('',#2521,#529);
#402=LINE('',#2529,#530);
#403=LINE('',#2536,#531);
#404=LINE('',#2537,#532);
#405=LINE('',#2538,#533);
#406=LINE('',#2543,#534);
#407=LINE('',#2544,#535);
#408=LINE('',#2548,#536);
#409=LINE('',#2551,#537);
#410=LINE('',#2552,#538);
#411=LINE('',#2558,#539);
#412=LINE('',#2562,#540);
#413=LINE('',#2565,#541);
#414=LINE('',#2566,#542);
#415=LINE('',#2569,#543);
#416=LINE('',#2573,#544);
#417=LINE('',#2576,#545);
#418=LINE('',#2579,#546);
#419=LINE('',#2584,#547);
#420=LINE('',#2589,#548);
#421=LINE('',#2590,#549);
#422=LINE('',#2594,#550);
#423=LINE('',#2598,#551);
#424=LINE('',#2601,#552);
#425=LINE('',#2603,#553);
#426=LINE('',#2611,#554);
#427=LINE('',#2617,#555);
#428=LINE('',#2622,#556);
#429=LINE('',#2628,#557);
#430=LINE('',#2634,#558);
#431=LINE('',#2639,#559);
#432=LINE('',#2645,#560);
#433=LINE('',#2654,#561);
#434=LINE('',#2661,#562);
#435=LINE('',#2669,#563);
#436=LINE('',#2677,#564);
#437=LINE('',#2681,#565);
#438=LINE('',#2684,#566);
#439=LINE('',#2689,#567);
#440=LINE('',#2697,#568);
#441=LINE('',#2701,#569);
#442=LINE('',#2704,#570);
#443=LINE('',#2707,#571);
#444=LINE('',#2714,#572);
#445=LINE('',#2716,#573);
#446=LINE('',#2718,#574);
#447=LINE('',#2720,#575);
#448=LINE('',#2721,#576);
#449=LINE('',#2723,#577);
#450=LINE('',#2725,#578);
#451=LINE('',#2727,#579);
#452=LINE('',#2729,#580);
#453=LINE('',#2730,#581);
#454=LINE('',#2732,#582);
#455=LINE('',#2733,#583);
#456=LINE('',#2735,#584);
#457=LINE('',#2737,#585);
#458=LINE('',#2739,#586);
#459=LINE('',#2741,#587);
#460=LINE('',#2743,#588);
#461=LINE('',#2745,#589);
#462=LINE('',#2747,#590);
#463=LINE('',#2749,#591);
#464=LINE('',#2752,#592);
#465=LINE('',#2753,#593);
#466=LINE('',#2755,#594);
#467=LINE('',#2757,#595);
#468=LINE('',#2759,#596);
#469=LINE('',#2761,#597);
#470=LINE('',#2763,#598);
#471=LINE('',#2765,#599);
#472=LINE('',#2767,#600);
#473=LINE('',#2769,#601);
#474=LINE('',#2772,#602);
#475=LINE('',#2774,#603);
#476=LINE('',#2776,#604);
#477=LINE('',#2780,#605);
#478=LINE('',#2782,#606);
#479=LINE('',#2784,#607);
#480=LINE('',#2786,#608);
#481=LINE('',#2789,#609);
#482=LINE('',#2791,#610);
#483=LINE('',#2793,#611);
#484=LINE('',#2795,#612);
#485=LINE('',#2797,#613);
#486=LINE('',#2799,#614);
#487=LINE('',#2801,#615);
#488=LINE('',#2805,#616);
#489=LINE('',#2807,#617);
#490=LINE('',#2809,#618);
#491=LINE('',#2811,#619);
#492=LINE('',#2813,#620);
#493=LINE('',#2815,#621);
#494=LINE('',#2818,#622);
#495=VECTOR('',#1823,10.);
#496=VECTOR('',#1824,10.);
#497=VECTOR('',#1825,10.);
#498=VECTOR('',#1826,10.);
#499=VECTOR('',#1831,10.);
#500=VECTOR('',#1834,10.);
#501=VECTOR('',#1841,10.);
#502=VECTOR('',#1844,10.);
#503=VECTOR('',#1845,10.);
#504=VECTOR('',#1846,10.);
#505=VECTOR('',#1859,10.);
#506=VECTOR('',#1866,10.);
#507=VECTOR('',#1869,10.);
#508=VECTOR('',#1870,10.);
#509=VECTOR('',#1871,10.);
#510=VECTOR('',#1874,10.);
#511=VECTOR('',#1879,10.);
#512=VECTOR('',#1884,10.);
#513=VECTOR('',#1895,10.);
#514=VECTOR('',#1900,10.);
#515=VECTOR('',#1905,10.);
#516=VECTOR('',#1920,10.);
#517=VECTOR('',#1929,10.);
#518=VECTOR('',#1932,10.);
#519=VECTOR('',#1935,10.);
#520=VECTOR('',#1938,10.);
#521=VECTOR('',#1945,10.);
#522=VECTOR('',#1948,10.);
#523=VECTOR('',#1951,10.);
#524=VECTOR('',#1954,10.);
#525=VECTOR('',#1961,10.);
#526=VECTOR('',#1968,10.);
#527=VECTOR('',#1977,10.);
#528=VECTOR('',#1980,10.);
#529=VECTOR('',#1985,10.);
#530=VECTOR('',#1992,10.);
#531=VECTOR('',#1999,10.);
#532=VECTOR('',#2000,10.);
#533=VECTOR('',#2001,10.);
#534=VECTOR('',#2006,10.);
#535=VECTOR('',#2007,10.);
#536=VECTOR('',#2012,10.);
#537=VECTOR('',#2015,10.);
#538=VECTOR('',#2016,10.);
#539=VECTOR('',#2025,10.);
#540=VECTOR('',#2030,10.);
#541=VECTOR('',#2033,10.);
#542=VECTOR('',#2034,10.);
#543=VECTOR('',#2037,10.);
#544=VECTOR('',#2042,10.);
#545=VECTOR('',#2045,10.);
#546=VECTOR('',#2048,10.);
#547=VECTOR('',#2055,10.);
#548=VECTOR('',#2060,10.);
#549=VECTOR('',#2061,10.);
#550=VECTOR('',#2066,10.);
#551=VECTOR('',#2071,10.);
#552=VECTOR('',#2074,10.);
#553=VECTOR('',#2075,10.);
#554=VECTOR('',#2084,10.);
#555=VECTOR('',#2089,10.);
#556=VECTOR('',#2094,10.);
#557=VECTOR('',#2099,10.);
#558=VECTOR('',#2104,10.);
#559=VECTOR('',#2109,10.);
#560=VECTOR('',#2114,10.);
#561=VECTOR('',#2123,10.);
#562=VECTOR('',#2130,10.);
#563=VECTOR('',#2137,10.);
#564=VECTOR('',#2144,10.);
#565=VECTOR('',#2147,10.);
#566=VECTOR('',#2150,10.);
#567=VECTOR('',#2153,10.);
#568=VECTOR('',#2160,10.);
#569=VECTOR('',#2163,10.);
#570=VECTOR('',#2166,10.);
#571=VECTOR('',#2167,10.);
#572=VECTOR('',#2176,10.);
#573=VECTOR('',#2179,10.);
#574=VECTOR('',#2182,10.);
#575=VECTOR('',#2185,10.);
#576=VECTOR('',#2186,10.);
#577=VECTOR('',#2189,10.);
#578=VECTOR('',#2192,10.);
#579=VECTOR('',#2195,10.);
#580=VECTOR('',#2198,10.);
#581=VECTOR('',#2199,10.);
#582=VECTOR('',#2202,10.);
#583=VECTOR('',#2203,10.);
#584=VECTOR('',#2206,10.);
#585=VECTOR('',#2209,10.);
#586=VECTOR('',#2212,10.);
#587=VECTOR('',#2215,10.);
#588=VECTOR('',#2218,10.);
#589=VECTOR('',#2221,10.);
#590=VECTOR('',#2224,10.);
#591=VECTOR('',#2227,10.);
#592=VECTOR('',#2232,10.);
#593=VECTOR('',#2233,10.);
#594=VECTOR('',#2236,10.);
#595=VECTOR('',#2239,10.);
#596=VECTOR('',#2242,10.);
#597=VECTOR('',#2245,10.);
#598=VECTOR('',#2248,10.);
#599=VECTOR('',#2251,10.);
#600=VECTOR('',#2254,10.);
#601=VECTOR('',#2257,10.);
#602=VECTOR('',#2262,10.);
#603=VECTOR('',#2265,10.);
#604=VECTOR('',#2268,10.);
#605=VECTOR('',#2275,10.);
#606=VECTOR('',#2278,10.);
#607=VECTOR('',#2281,10.);
#608=VECTOR('',#2284,10.);
#609=VECTOR('',#2289,10.);
#610=VECTOR('',#2292,10.);
#611=VECTOR('',#2295,10.);
#612=VECTOR('',#2298,10.);
#613=VECTOR('',#2301,10.);
#614=VECTOR('',#2304,10.);
#615=VECTOR('',#2307,10.);
#616=VECTOR('',#2314,10.);
#617=VECTOR('',#2317,10.);
#618=VECTOR('',#2320,10.);
#619=VECTOR('',#2323,10.);
#620=VECTOR('',#2326,10.);
#621=VECTOR('',#2329,10.);
#622=VECTOR('',#2334,10.);
#623=VERTEX_POINT('',#2339);
#624=VERTEX_POINT('',#2340);
#625=VERTEX_POINT('',#2342);
#626=VERTEX_POINT('',#2344);
#627=VERTEX_POINT('',#2348);
#628=VERTEX_POINT('',#2349);
#629=VERTEX_POINT('',#2351);
#630=VERTEX_POINT('',#2353);
#631=VERTEX_POINT('',#2357);
#632=VERTEX_POINT('',#2359);
#633=VERTEX_POINT('',#2363);
#634=VERTEX_POINT('',#2365);
#635=VERTEX_POINT('',#2372);
#636=VERTEX_POINT('',#2374);
#637=VERTEX_POINT('',#2378);
#638=VERTEX_POINT('',#2380);
#639=VERTEX_POINT('',#2384);
#640=VERTEX_POINT('',#2386);
#641=VERTEX_POINT('',#2390);
#642=VERTEX_POINT('',#2391);
#643=VERTEX_POINT('',#2393);
#644=VERTEX_POINT('',#2395);
#645=VERTEX_POINT('',#2397);
#646=VERTEX_POINT('',#2399);
#647=VERTEX_POINT('',#2401);
#648=VERTEX_POINT('',#2403);
#649=VERTEX_POINT('',#2405);
#650=VERTEX_POINT('',#2407);
#651=VERTEX_POINT('',#2409);
#652=VERTEX_POINT('',#2411);
#653=VERTEX_POINT('',#2413);
#654=VERTEX_POINT('',#2415);
#655=VERTEX_POINT('',#2417);
#656=VERTEX_POINT('',#2419);
#657=VERTEX_POINT('',#2421);
#658=VERTEX_POINT('',#2423);
#659=VERTEX_POINT('',#2425);
#660=VERTEX_POINT('',#2427);
#661=VERTEX_POINT('',#2429);
#662=VERTEX_POINT('',#2431);
#663=VERTEX_POINT('',#2433);
#664=VERTEX_POINT('',#2435);
#665=VERTEX_POINT('',#2438);
#666=VERTEX_POINT('',#2439);
#667=VERTEX_POINT('',#2441);
#668=VERTEX_POINT('',#2443);
#669=VERTEX_POINT('',#2446);
#670=VERTEX_POINT('',#2447);
#671=VERTEX_POINT('',#2449);
#672=VERTEX_POINT('',#2451);
#673=VERTEX_POINT('',#2454);
#674=VERTEX_POINT('',#2455);
#675=VERTEX_POINT('',#2457);
#676=VERTEX_POINT('',#2459);
#677=VERTEX_POINT('',#2461);
#678=VERTEX_POINT('',#2463);
#679=VERTEX_POINT('',#2465);
#680=VERTEX_POINT('',#2467);
#681=VERTEX_POINT('',#2469);
#682=VERTEX_POINT('',#2471);
#683=VERTEX_POINT('',#2474);
#684=VERTEX_POINT('',#2475);
#685=VERTEX_POINT('',#2477);
#686=VERTEX_POINT('',#2479);
#687=VERTEX_POINT('',#2481);
#688=VERTEX_POINT('',#2483);
#689=VERTEX_POINT('',#2485);
#690=VERTEX_POINT('',#2487);
#691=VERTEX_POINT('',#2489);
#692=VERTEX_POINT('',#2491);
#693=VERTEX_POINT('',#2494);
#694=VERTEX_POINT('',#2496);
#695=VERTEX_POINT('',#2498);
#696=VERTEX_POINT('',#2500);
#697=VERTEX_POINT('',#2502);
#698=VERTEX_POINT('',#2504);
#699=VERTEX_POINT('',#2506);
#700=VERTEX_POINT('',#2508);
#701=VERTEX_POINT('',#2510);
#702=VERTEX_POINT('',#2512);
#703=VERTEX_POINT('',#2514);
#704=VERTEX_POINT('',#2516);
#705=VERTEX_POINT('',#2518);
#706=VERTEX_POINT('',#2520);
#707=VERTEX_POINT('',#2522);
#708=VERTEX_POINT('',#2524);
#709=VERTEX_POINT('',#2526);
#710=VERTEX_POINT('',#2528);
#711=VERTEX_POINT('',#2530);
#712=VERTEX_POINT('',#2534);
#713=VERTEX_POINT('',#2535);
#714=VERTEX_POINT('',#2540);
#715=VERTEX_POINT('',#2541);
#716=VERTEX_POINT('',#2546);
#717=VERTEX_POINT('',#2550);
#718=VERTEX_POINT('',#2556);
#719=VERTEX_POINT('',#2560);
#720=VERTEX_POINT('',#2564);
#721=VERTEX_POINT('',#2568);
#722=VERTEX_POINT('',#2572);
#723=VERTEX_POINT('',#2574);
#724=VERTEX_POINT('',#2578);
#725=VERTEX_POINT('',#2582);
#726=VERTEX_POINT('',#2586);
#727=VERTEX_POINT('',#2587);
#728=VERTEX_POINT('',#2592);
#729=VERTEX_POINT('',#2596);
#730=VERTEX_POINT('',#2600);
#731=VERTEX_POINT('',#2602);
#732=VERTEX_POINT('',#2606);
#733=VERTEX_POINT('',#2608);
#734=VERTEX_POINT('',#2610);
#735=VERTEX_POINT('',#2612);
#736=VERTEX_POINT('',#2614);
#737=VERTEX_POINT('',#2616);
#738=VERTEX_POINT('',#2618);
#739=VERTEX_POINT('',#2620);
#740=VERTEX_POINT('',#2623);
#741=VERTEX_POINT('',#2625);
#742=VERTEX_POINT('',#2627);
#743=VERTEX_POINT('',#2629);
#744=VERTEX_POINT('',#2631);
#745=VERTEX_POINT('',#2633);
#746=VERTEX_POINT('',#2635);
#747=VERTEX_POINT('',#2637);
#748=VERTEX_POINT('',#2640);
#749=VERTEX_POINT('',#2642);
#750=VERTEX_POINT('',#2644);
#751=VERTEX_POINT('',#2646);
#752=VERTEX_POINT('',#2648);
#753=VERTEX_POINT('',#2651);
#754=VERTEX_POINT('',#2653);
#755=VERTEX_POINT('',#2655);
#756=VERTEX_POINT('',#2657);
#757=VERTEX_POINT('',#2660);
#758=VERTEX_POINT('',#2662);
#759=VERTEX_POINT('',#2665);
#760=VERTEX_POINT('',#2666);
#761=VERTEX_POINT('',#2668);
#762=VERTEX_POINT('',#2670);
#763=VERTEX_POINT('',#2672);
#764=VERTEX_POINT('',#2674);
#765=VERTEX_POINT('',#2676);
#766=VERTEX_POINT('',#2678);
#767=VERTEX_POINT('',#2680);
#768=VERTEX_POINT('',#2682);
#769=VERTEX_POINT('',#2685);
#770=VERTEX_POINT('',#2686);
#771=VERTEX_POINT('',#2688);
#772=VERTEX_POINT('',#2690);
#773=VERTEX_POINT('',#2692);
#774=VERTEX_POINT('',#2694);
#775=VERTEX_POINT('',#2696);
#776=VERTEX_POINT('',#2698);
#777=VERTEX_POINT('',#2700);
#778=VERTEX_POINT('',#2702);
#779=VERTEX_POINT('',#2705);
#780=VERTEX_POINT('',#2706);
#781=VERTEX_POINT('',#2708);
#782=VERTEX_POINT('',#2710);
#783=EDGE_CURVE('',#623,#624,#367,.T.);
#784=EDGE_CURVE('',#625,#624,#368,.T.);
#785=EDGE_CURVE('',#626,#625,#369,.T.);
#786=EDGE_CURVE('',#626,#623,#370,.T.);
#787=EDGE_CURVE('',#627,#628,#25,.T.);
#788=EDGE_CURVE('',#627,#629,#371,.T.);
#789=EDGE_CURVE('',#630,#629,#26,.T.);
#790=EDGE_CURVE('',#630,#628,#372,.T.);
#791=EDGE_CURVE('',#628,#631,#27,.T.);
#792=EDGE_CURVE('',#632,#630,#28,.T.);
#793=EDGE_CURVE('',#632,#631,#373,.T.);
#794=EDGE_CURVE('',#631,#633,#374,.T.);
#795=EDGE_CURVE('',#634,#632,#375,.T.);
#796=EDGE_CURVE('',#634,#633,#376,.T.);
#797=EDGE_CURVE('',#633,#624,#29,.T.);
#798=EDGE_CURVE('',#625,#634,#30,.T.);
#799=EDGE_CURVE('',#623,#635,#31,.T.);
#800=EDGE_CURVE('',#636,#626,#32,.T.);
#801=EDGE_CURVE('',#636,#635,#377,.T.);
#802=EDGE_CURVE('',#635,#637,#33,.T.);
#803=EDGE_CURVE('',#638,#636,#34,.T.);
#804=EDGE_CURVE('',#638,#637,#378,.T.);
#805=EDGE_CURVE('',#627,#639,#379,.F.);
#806=EDGE_CURVE('',#639,#640,#380,.T.);
#807=EDGE_CURVE('',#629,#640,#381,.F.);
#808=EDGE_CURVE('',#641,#642,#382,.F.);
#809=EDGE_CURVE('',#642,#643,#35,.F.);
#810=EDGE_CURVE('',#643,#644,#36,.F.);
#811=EDGE_CURVE('',#644,#645,#383,.F.);
#812=EDGE_CURVE('',#645,#646,#37,.F.);
#813=EDGE_CURVE('',#646,#647,#38,.F.);
#814=EDGE_CURVE('',#647,#648,#384,.F.);
#815=EDGE_CURVE('',#648,#649,#39,.F.);
#816=EDGE_CURVE('',#649,#650,#40,.F.);
#817=EDGE_CURVE('',#651,#650,#41,.T.);
#818=EDGE_CURVE('',#652,#651,#42,.T.);
#819=EDGE_CURVE('',#653,#652,#43,.T.);
#820=EDGE_CURVE('',#653,#654,#385,.F.);
#821=EDGE_CURVE('',#654,#655,#44,.F.);
#822=EDGE_CURVE('',#655,#656,#45,.F.);
#823=EDGE_CURVE('',#656,#657,#386,.F.);
#824=EDGE_CURVE('',#657,#658,#46,.F.);
#825=EDGE_CURVE('',#658,#659,#47,.F.);
#826=EDGE_CURVE('',#659,#660,#387,.F.);
#827=EDGE_CURVE('',#660,#661,#48,.F.);
#828=EDGE_CURVE('',#661,#662,#49,.F.);
#829=EDGE_CURVE('',#663,#662,#50,.T.);
#830=EDGE_CURVE('',#664,#663,#51,.T.);
#831=EDGE_CURVE('',#641,#664,#52,.T.);
#832=EDGE_CURVE('',#665,#666,#53,.F.);
#833=EDGE_CURVE('',#666,#667,#54,.F.);
#834=EDGE_CURVE('',#667,#668,#388,.F.);
#835=EDGE_CURVE('',#665,#668,#55,.T.);
#836=EDGE_CURVE('',#669,#670,#56,.T.);
#837=EDGE_CURVE('',#669,#671,#57,.F.);
#838=EDGE_CURVE('',#671,#672,#58,.F.);
#839=EDGE_CURVE('',#672,#670,#389,.F.);
#840=EDGE_CURVE('',#673,#674,#59,.T.);
#841=EDGE_CURVE('',#674,#675,#390,.T.);
#842=EDGE_CURVE('',#675,#676,#60,.T.);
#843=EDGE_CURVE('',#676,#677,#391,.T.);
#844=EDGE_CURVE('',#677,#678,#61,.T.);
#845=EDGE_CURVE('',#678,#679,#392,.T.);
#846=EDGE_CURVE('',#679,#680,#62,.T.);
#847=EDGE_CURVE('',#680,#681,#63,.T.);
#848=EDGE_CURVE('',#681,#682,#64,.T.);
#849=EDGE_CURVE('',#682,#673,#393,.T.);
#850=EDGE_CURVE('',#683,#684,#65,.T.);
#851=EDGE_CURVE('',#684,#685,#394,.T.);
#852=EDGE_CURVE('',#685,#686,#66,.T.);
#853=EDGE_CURVE('',#686,#687,#395,.T.);
#854=EDGE_CURVE('',#687,#688,#67,.T.);
#855=EDGE_CURVE('',#688,#689,#396,.T.);
#856=EDGE_CURVE('',#689,#690,#68,.T.);
#857=EDGE_CURVE('',#690,#691,#69,.T.);
#858=EDGE_CURVE('',#691,#692,#70,.T.);
#859=EDGE_CURVE('',#692,#683,#397,.T.);
#860=EDGE_CURVE('',#640,#693,#71,.F.);
#861=EDGE_CURVE('',#693,#694,#72,.F.);
#862=EDGE_CURVE('',#694,#695,#73,.F.);
#863=EDGE_CURVE('',#695,#696,#398,.F.);
#864=EDGE_CURVE('',#696,#697,#74,.F.);
#865=EDGE_CURVE('',#697,#698,#75,.F.);
#866=EDGE_CURVE('',#698,#699,#76,.T.);
#867=EDGE_CURVE('',#699,#700,#77,.T.);
#868=EDGE_CURVE('',#700,#701,#399,.T.);
#869=EDGE_CURVE('',#701,#702,#78,.T.);
#870=EDGE_CURVE('',#702,#703,#400,.T.);
#871=EDGE_CURVE('',#703,#704,#79,.T.);
#872=EDGE_CURVE('',#704,#705,#80,.T.);
#873=EDGE_CURVE('',#705,#706,#401,.F.);
#874=EDGE_CURVE('',#706,#707,#81,.F.);
#875=EDGE_CURVE('',#707,#708,#82,.F.);
#876=EDGE_CURVE('',#708,#709,#83,.F.);
#877=EDGE_CURVE('',#709,#710,#402,.F.);
#878=EDGE_CURVE('',#710,#711,#84,.F.);
#879=EDGE_CURVE('',#711,#638,#85,.F.);
#880=EDGE_CURVE('',#712,#713,#403,.T.);
#881=EDGE_CURVE('',#701,#713,#404,.T.);
#882=EDGE_CURVE('',#700,#712,#405,.T.);
#883=EDGE_CURVE('',#714,#715,#86,.T.);
#884=EDGE_CURVE('',#714,#705,#406,.T.);
#885=EDGE_CURVE('',#704,#715,#407,.T.);
#886=EDGE_CURVE('',#715,#716,#87,.T.);
#887=EDGE_CURVE('',#703,#716,#408,.T.);
#888=EDGE_CURVE('',#716,#717,#409,.T.);
#889=EDGE_CURVE('',#702,#717,#410,.T.);
#890=EDGE_CURVE('',#717,#713,#88,.T.);
#891=EDGE_CURVE('',#712,#718,#89,.T.);
#892=EDGE_CURVE('',#699,#718,#411,.T.);
#893=EDGE_CURVE('',#718,#719,#90,.T.);
#894=EDGE_CURVE('',#698,#719,#412,.T.);
#895=EDGE_CURVE('',#714,#720,#413,.F.);
#896=EDGE_CURVE('',#720,#706,#414,.T.);
#897=EDGE_CURVE('',#721,#697,#415,.T.);
#898=EDGE_CURVE('',#721,#719,#91,.F.);
#899=EDGE_CURVE('',#652,#722,#416,.T.);
#900=EDGE_CURVE('',#722,#723,#92,.T.);
#901=EDGE_CURVE('',#723,#653,#417,.T.);
#902=EDGE_CURVE('',#724,#651,#418,.T.);
#903=EDGE_CURVE('',#724,#722,#93,.T.);
#904=EDGE_CURVE('',#725,#724,#94,.T.);
#905=EDGE_CURVE('',#650,#725,#419,.T.);
#906=EDGE_CURVE('',#726,#727,#95,.T.);
#907=EDGE_CURVE('',#727,#663,#420,.T.);
#908=EDGE_CURVE('',#662,#726,#421,.T.);
#909=EDGE_CURVE('',#727,#728,#96,.T.);
#910=EDGE_CURVE('',#664,#728,#422,.T.);
#911=EDGE_CURVE('',#728,#729,#97,.T.);
#912=EDGE_CURVE('',#729,#641,#423,.T.);
#913=EDGE_CURVE('',#665,#730,#424,.T.);
#914=EDGE_CURVE('',#731,#668,#425,.T.);
#915=EDGE_CURVE('',#731,#730,#98,.T.);
#916=EDGE_CURVE('',#732,#726,#99,.F.);
#917=EDGE_CURVE('',#732,#733,#100,.T.);
#918=EDGE_CURVE('',#734,#733,#426,.F.);
#919=EDGE_CURVE('',#734,#735,#101,.T.);
#920=EDGE_CURVE('',#736,#735,#102,.F.);
#921=EDGE_CURVE('',#737,#736,#427,.F.);
#922=EDGE_CURVE('',#738,#737,#103,.F.);
#923=EDGE_CURVE('',#738,#739,#104,.T.);
#924=EDGE_CURVE('',#723,#739,#428,.F.);
#925=EDGE_CURVE('',#740,#725,#105,.F.);
#926=EDGE_CURVE('',#740,#741,#106,.T.);
#927=EDGE_CURVE('',#742,#741,#429,.F.);
#928=EDGE_CURVE('',#742,#743,#107,.T.);
#929=EDGE_CURVE('',#744,#743,#108,.F.);
#930=EDGE_CURVE('',#745,#744,#430,.F.);
#931=EDGE_CURVE('',#746,#745,#109,.F.);
#932=EDGE_CURVE('',#746,#747,#110,.T.);
#933=EDGE_CURVE('',#729,#747,#431,.F.);
#934=EDGE_CURVE('',#748,#637,#111,.F.);
#935=EDGE_CURVE('',#749,#748,#112,.F.);
#936=EDGE_CURVE('',#750,#749,#432,.F.);
#937=EDGE_CURVE('',#751,#750,#113,.F.);
#938=EDGE_CURVE('',#752,#751,#114,.F.);
#939=EDGE_CURVE('',#720,#752,#115,.F.);
#940=EDGE_CURVE('',#753,#721,#116,.F.);
#941=EDGE_CURVE('',#754,#753,#433,.F.);
#942=EDGE_CURVE('',#755,#754,#117,.F.);
#943=EDGE_CURVE('',#756,#755,#118,.F.);
#944=EDGE_CURVE('',#639,#756,#119,.F.);
#945=EDGE_CURVE('',#757,#731,#434,.F.);
#946=EDGE_CURVE('',#757,#758,#120,.T.);
#947=EDGE_CURVE('',#730,#758,#121,.F.);
#948=EDGE_CURVE('',#759,#760,#122,.T.);
#949=EDGE_CURVE('',#760,#761,#435,.T.);
#950=EDGE_CURVE('',#761,#762,#123,.T.);
#951=EDGE_CURVE('',#762,#763,#124,.T.);
#952=EDGE_CURVE('',#763,#764,#125,.T.);
#953=EDGE_CURVE('',#764,#765,#436,.T.);
#954=EDGE_CURVE('',#765,#766,#126,.T.);
#955=EDGE_CURVE('',#766,#767,#437,.T.);
#956=EDGE_CURVE('',#767,#768,#127,.T.);
#957=EDGE_CURVE('',#768,#759,#438,.T.);
#958=EDGE_CURVE('',#769,#770,#128,.T.);
#959=EDGE_CURVE('',#770,#771,#439,.T.);
#960=EDGE_CURVE('',#771,#772,#129,.T.);
#961=EDGE_CURVE('',#772,#773,#130,.T.);
#962=EDGE_CURVE('',#773,#774,#131,.T.);
#963=EDGE_CURVE('',#774,#775,#440,.T.);
#964=EDGE_CURVE('',#775,#776,#132,.T.);
#965=EDGE_CURVE('',#776,#777,#441,.T.);
#966=EDGE_CURVE('',#777,#778,#133,.T.);
#967=EDGE_CURVE('',#778,#769,#442,.T.);
#968=EDGE_CURVE('',#779,#780,#443,.F.);
#969=EDGE_CURVE('',#779,#781,#134,.T.);
#970=EDGE_CURVE('',#782,#781,#135,.F.);
#971=EDGE_CURVE('',#780,#782,#136,.T.);
#972=EDGE_CURVE('',#758,#666,#444,.T.);
#973=EDGE_CURVE('',#732,#661,#445,.T.);
#974=EDGE_CURVE('',#757,#667,#446,.T.);
#975=EDGE_CURVE('',#780,#670,#447,.T.);
#976=EDGE_CURVE('',#669,#782,#448,.T.);
#977=EDGE_CURVE('',#739,#654,#449,.T.);
#978=EDGE_CURVE('',#740,#649,#450,.T.);
#979=EDGE_CURVE('',#781,#671,#451,.T.);
#980=EDGE_CURVE('',#751,#708,#452,.T.);
#981=EDGE_CURVE('',#752,#707,#453,.T.);
#982=EDGE_CURVE('',#674,#759,#454,.T.);
#983=EDGE_CURVE('',#673,#760,#455,.T.);
#984=EDGE_CURVE('',#682,#761,#456,.T.);
#985=EDGE_CURVE('',#681,#762,#457,.T.);
#986=EDGE_CURVE('',#680,#763,#458,.T.);
#987=EDGE_CURVE('',#679,#764,#459,.T.);
#988=EDGE_CURVE('',#678,#765,#460,.T.);
#989=EDGE_CURVE('',#677,#766,#461,.T.);
#990=EDGE_CURVE('',#676,#767,#462,.T.);
#991=EDGE_CURVE('',#675,#768,#463,.T.);
#992=EDGE_CURVE('',#684,#769,#464,.T.);
#993=EDGE_CURVE('',#683,#770,#465,.T.);
#994=EDGE_CURVE('',#692,#771,#466,.T.);
#995=EDGE_CURVE('',#691,#772,#467,.T.);
#996=EDGE_CURVE('',#690,#773,#468,.T.);
#997=EDGE_CURVE('',#689,#774,#469,.T.);
#998=EDGE_CURVE('',#688,#775,#470,.T.);
#999=EDGE_CURVE('',#687,#776,#471,.T.);
#1000=EDGE_CURVE('',#686,#777,#472,.T.);
#1001=EDGE_CURVE('',#685,#778,#473,.T.);
#1002=EDGE_CURVE('',#748,#711,#474,.T.);
#1003=EDGE_CURVE('',#749,#710,#475,.T.);
#1004=EDGE_CURVE('',#750,#709,#476,.T.);
#1005=EDGE_CURVE('',#753,#696,#477,.T.);
#1006=EDGE_CURVE('',#754,#695,#478,.T.);
#1007=EDGE_CURVE('',#755,#694,#479,.T.);
#1008=EDGE_CURVE('',#756,#693,#480,.T.);
#1009=EDGE_CURVE('',#741,#648,#481,.T.);
#1010=EDGE_CURVE('',#742,#647,#482,.T.);
#1011=EDGE_CURVE('',#743,#646,#483,.T.);
#1012=EDGE_CURVE('',#744,#645,#484,.T.);
#1013=EDGE_CURVE('',#745,#644,#485,.T.);
#1014=EDGE_CURVE('',#746,#643,#486,.T.);
#1015=EDGE_CURVE('',#747,#642,#487,.T.);
#1016=EDGE_CURVE('',#733,#660,#488,.T.);
#1017=EDGE_CURVE('',#734,#659,#489,.T.);
#1018=EDGE_CURVE('',#735,#658,#490,.T.);
#1019=EDGE_CURVE('',#736,#657,#491,.T.);
#1020=EDGE_CURVE('',#737,#656,#492,.T.);
#1021=EDGE_CURVE('',#738,#655,#493,.T.);
#1022=EDGE_CURVE('',#779,#672,#494,.T.);
#1023=ORIENTED_EDGE('',*,*,#783,.T.);
#1024=ORIENTED_EDGE('',*,*,#784,.F.);
#1025=ORIENTED_EDGE('',*,*,#785,.F.);
#1026=ORIENTED_EDGE('',*,*,#786,.T.);
#1027=ORIENTED_EDGE('',*,*,#787,.F.);
#1028=ORIENTED_EDGE('',*,*,#788,.T.);
#1029=ORIENTED_EDGE('',*,*,#789,.F.);
#1030=ORIENTED_EDGE('',*,*,#790,.T.);
#1031=ORIENTED_EDGE('',*,*,#791,.F.);
#1032=ORIENTED_EDGE('',*,*,#790,.F.);
#1033=ORIENTED_EDGE('',*,*,#792,.F.);
#1034=ORIENTED_EDGE('',*,*,#793,.T.);
#1035=ORIENTED_EDGE('',*,*,#794,.F.);
#1036=ORIENTED_EDGE('',*,*,#793,.F.);
#1037=ORIENTED_EDGE('',*,*,#795,.F.);
#1038=ORIENTED_EDGE('',*,*,#796,.T.);
#1039=ORIENTED_EDGE('',*,*,#797,.F.);
#1040=ORIENTED_EDGE('',*,*,#796,.F.);
#1041=ORIENTED_EDGE('',*,*,#798,.F.);
#1042=ORIENTED_EDGE('',*,*,#784,.T.);
#1043=ORIENTED_EDGE('',*,*,#799,.F.);
#1044=ORIENTED_EDGE('',*,*,#786,.F.);
#1045=ORIENTED_EDGE('',*,*,#800,.F.);
#1046=ORIENTED_EDGE('',*,*,#801,.T.);
#1047=ORIENTED_EDGE('',*,*,#802,.F.);
#1048=ORIENTED_EDGE('',*,*,#801,.F.);
#1049=ORIENTED_EDGE('',*,*,#803,.F.);
#1050=ORIENTED_EDGE('',*,*,#804,.T.);
#1051=ORIENTED_EDGE('',*,*,#788,.F.);
#1052=ORIENTED_EDGE('',*,*,#805,.T.);
#1053=ORIENTED_EDGE('',*,*,#806,.T.);
#1054=ORIENTED_EDGE('',*,*,#807,.F.);
#1055=ORIENTED_EDGE('',*,*,#808,.T.);
#1056=ORIENTED_EDGE('',*,*,#809,.T.);
#1057=ORIENTED_EDGE('',*,*,#810,.T.);
#1058=ORIENTED_EDGE('',*,*,#811,.T.);
#1059=ORIENTED_EDGE('',*,*,#812,.T.);
#1060=ORIENTED_EDGE('',*,*,#813,.T.);
#1061=ORIENTED_EDGE('',*,*,#814,.T.);
#1062=ORIENTED_EDGE('',*,*,#815,.T.);
#1063=ORIENTED_EDGE('',*,*,#816,.T.);
#1064=ORIENTED_EDGE('',*,*,#817,.F.);
#1065=ORIENTED_EDGE('',*,*,#818,.F.);
#1066=ORIENTED_EDGE('',*,*,#819,.F.);
#1067=ORIENTED_EDGE('',*,*,#820,.T.);
#1068=ORIENTED_EDGE('',*,*,#821,.T.);
#1069=ORIENTED_EDGE('',*,*,#822,.T.);
#1070=ORIENTED_EDGE('',*,*,#823,.T.);
#1071=ORIENTED_EDGE('',*,*,#824,.T.);
#1072=ORIENTED_EDGE('',*,*,#825,.T.);
#1073=ORIENTED_EDGE('',*,*,#826,.T.);
#1074=ORIENTED_EDGE('',*,*,#827,.T.);
#1075=ORIENTED_EDGE('',*,*,#828,.T.);
#1076=ORIENTED_EDGE('',*,*,#829,.F.);
#1077=ORIENTED_EDGE('',*,*,#830,.F.);
#1078=ORIENTED_EDGE('',*,*,#831,.F.);
#1079=ORIENTED_EDGE('',*,*,#832,.T.);
#1080=ORIENTED_EDGE('',*,*,#833,.T.);
#1081=ORIENTED_EDGE('',*,*,#834,.T.);
#1082=ORIENTED_EDGE('',*,*,#835,.F.);
#1083=ORIENTED_EDGE('',*,*,#836,.F.);
#1084=ORIENTED_EDGE('',*,*,#837,.T.);
#1085=ORIENTED_EDGE('',*,*,#838,.T.);
#1086=ORIENTED_EDGE('',*,*,#839,.T.);
#1087=ORIENTED_EDGE('',*,*,#840,.T.);
#1088=ORIENTED_EDGE('',*,*,#841,.T.);
#1089=ORIENTED_EDGE('',*,*,#842,.T.);
#1090=ORIENTED_EDGE('',*,*,#843,.T.);
#1091=ORIENTED_EDGE('',*,*,#844,.T.);
#1092=ORIENTED_EDGE('',*,*,#845,.T.);
#1093=ORIENTED_EDGE('',*,*,#846,.T.);
#1094=ORIENTED_EDGE('',*,*,#847,.T.);
#1095=ORIENTED_EDGE('',*,*,#848,.T.);
#1096=ORIENTED_EDGE('',*,*,#849,.T.);
#1097=ORIENTED_EDGE('',*,*,#850,.T.);
#1098=ORIENTED_EDGE('',*,*,#851,.T.);
#1099=ORIENTED_EDGE('',*,*,#852,.T.);
#1100=ORIENTED_EDGE('',*,*,#853,.T.);
#1101=ORIENTED_EDGE('',*,*,#854,.T.);
#1102=ORIENTED_EDGE('',*,*,#855,.T.);
#1103=ORIENTED_EDGE('',*,*,#856,.T.);
#1104=ORIENTED_EDGE('',*,*,#857,.T.);
#1105=ORIENTED_EDGE('',*,*,#858,.T.);
#1106=ORIENTED_EDGE('',*,*,#859,.T.);
#1107=ORIENTED_EDGE('',*,*,#798,.T.);
#1108=ORIENTED_EDGE('',*,*,#795,.T.);
#1109=ORIENTED_EDGE('',*,*,#792,.T.);
#1110=ORIENTED_EDGE('',*,*,#789,.T.);
#1111=ORIENTED_EDGE('',*,*,#807,.T.);
#1112=ORIENTED_EDGE('',*,*,#860,.T.);
#1113=ORIENTED_EDGE('',*,*,#861,.T.);
#1114=ORIENTED_EDGE('',*,*,#862,.T.);
#1115=ORIENTED_EDGE('',*,*,#863,.T.);
#1116=ORIENTED_EDGE('',*,*,#864,.T.);
#1117=ORIENTED_EDGE('',*,*,#865,.T.);
#1118=ORIENTED_EDGE('',*,*,#866,.T.);
#1119=ORIENTED_EDGE('',*,*,#867,.T.);
#1120=ORIENTED_EDGE('',*,*,#868,.T.);
#1121=ORIENTED_EDGE('',*,*,#869,.T.);
#1122=ORIENTED_EDGE('',*,*,#870,.T.);
#1123=ORIENTED_EDGE('',*,*,#871,.T.);
#1124=ORIENTED_EDGE('',*,*,#872,.T.);
#1125=ORIENTED_EDGE('',*,*,#873,.T.);
#1126=ORIENTED_EDGE('',*,*,#874,.T.);
#1127=ORIENTED_EDGE('',*,*,#875,.T.);
#1128=ORIENTED_EDGE('',*,*,#876,.T.);
#1129=ORIENTED_EDGE('',*,*,#877,.T.);
#1130=ORIENTED_EDGE('',*,*,#878,.T.);
#1131=ORIENTED_EDGE('',*,*,#879,.T.);
#1132=ORIENTED_EDGE('',*,*,#803,.T.);
#1133=ORIENTED_EDGE('',*,*,#800,.T.);
#1134=ORIENTED_EDGE('',*,*,#785,.T.);
#1135=ORIENTED_EDGE('',*,*,#880,.T.);
#1136=ORIENTED_EDGE('',*,*,#881,.F.);
#1137=ORIENTED_EDGE('',*,*,#868,.F.);
#1138=ORIENTED_EDGE('',*,*,#882,.T.);
#1139=ORIENTED_EDGE('',*,*,#883,.F.);
#1140=ORIENTED_EDGE('',*,*,#884,.T.);
#1141=ORIENTED_EDGE('',*,*,#872,.F.);
#1142=ORIENTED_EDGE('',*,*,#885,.T.);
#1143=ORIENTED_EDGE('',*,*,#886,.F.);
#1144=ORIENTED_EDGE('',*,*,#885,.F.);
#1145=ORIENTED_EDGE('',*,*,#871,.F.);
#1146=ORIENTED_EDGE('',*,*,#887,.T.);
#1147=ORIENTED_EDGE('',*,*,#888,.F.);
#1148=ORIENTED_EDGE('',*,*,#887,.F.);
#1149=ORIENTED_EDGE('',*,*,#870,.F.);
#1150=ORIENTED_EDGE('',*,*,#889,.T.);
#1151=ORIENTED_EDGE('',*,*,#890,.F.);
#1152=ORIENTED_EDGE('',*,*,#889,.F.);
#1153=ORIENTED_EDGE('',*,*,#869,.F.);
#1154=ORIENTED_EDGE('',*,*,#881,.T.);
#1155=ORIENTED_EDGE('',*,*,#891,.F.);
#1156=ORIENTED_EDGE('',*,*,#882,.F.);
#1157=ORIENTED_EDGE('',*,*,#867,.F.);
#1158=ORIENTED_EDGE('',*,*,#892,.T.);
#1159=ORIENTED_EDGE('',*,*,#893,.F.);
#1160=ORIENTED_EDGE('',*,*,#892,.F.);
#1161=ORIENTED_EDGE('',*,*,#866,.F.);
#1162=ORIENTED_EDGE('',*,*,#894,.T.);
#1163=ORIENTED_EDGE('',*,*,#884,.F.);
#1164=ORIENTED_EDGE('',*,*,#895,.T.);
#1165=ORIENTED_EDGE('',*,*,#896,.T.);
#1166=ORIENTED_EDGE('',*,*,#873,.F.);
#1167=ORIENTED_EDGE('',*,*,#894,.F.);
#1168=ORIENTED_EDGE('',*,*,#865,.F.);
#1169=ORIENTED_EDGE('',*,*,#897,.F.);
#1170=ORIENTED_EDGE('',*,*,#898,.T.);
#1171=ORIENTED_EDGE('',*,*,#819,.T.);
#1172=ORIENTED_EDGE('',*,*,#899,.T.);
#1173=ORIENTED_EDGE('',*,*,#900,.T.);
#1174=ORIENTED_EDGE('',*,*,#901,.T.);
#1175=ORIENTED_EDGE('',*,*,#899,.F.);
#1176=ORIENTED_EDGE('',*,*,#818,.T.);
#1177=ORIENTED_EDGE('',*,*,#902,.F.);
#1178=ORIENTED_EDGE('',*,*,#903,.T.);
#1179=ORIENTED_EDGE('',*,*,#904,.T.);
#1180=ORIENTED_EDGE('',*,*,#902,.T.);
#1181=ORIENTED_EDGE('',*,*,#817,.T.);
#1182=ORIENTED_EDGE('',*,*,#905,.T.);
#1183=ORIENTED_EDGE('',*,*,#906,.T.);
#1184=ORIENTED_EDGE('',*,*,#907,.T.);
#1185=ORIENTED_EDGE('',*,*,#829,.T.);
#1186=ORIENTED_EDGE('',*,*,#908,.T.);
#1187=ORIENTED_EDGE('',*,*,#907,.F.);
#1188=ORIENTED_EDGE('',*,*,#909,.T.);
#1189=ORIENTED_EDGE('',*,*,#910,.F.);
#1190=ORIENTED_EDGE('',*,*,#830,.T.);
#1191=ORIENTED_EDGE('',*,*,#831,.T.);
#1192=ORIENTED_EDGE('',*,*,#910,.T.);
#1193=ORIENTED_EDGE('',*,*,#911,.T.);
#1194=ORIENTED_EDGE('',*,*,#912,.T.);
#1195=ORIENTED_EDGE('',*,*,#913,.F.);
#1196=ORIENTED_EDGE('',*,*,#835,.T.);
#1197=ORIENTED_EDGE('',*,*,#914,.F.);
#1198=ORIENTED_EDGE('',*,*,#915,.T.);
#1199=ORIENTED_EDGE('',*,*,#916,.F.);
#1200=ORIENTED_EDGE('',*,*,#917,.T.);
#1201=ORIENTED_EDGE('',*,*,#918,.F.);
#1202=ORIENTED_EDGE('',*,*,#919,.T.);
#1203=ORIENTED_EDGE('',*,*,#920,.F.);
#1204=ORIENTED_EDGE('',*,*,#921,.F.);
#1205=ORIENTED_EDGE('',*,*,#922,.F.);
#1206=ORIENTED_EDGE('',*,*,#923,.T.);
#1207=ORIENTED_EDGE('',*,*,#924,.F.);
#1208=ORIENTED_EDGE('',*,*,#900,.F.);
#1209=ORIENTED_EDGE('',*,*,#903,.F.);
#1210=ORIENTED_EDGE('',*,*,#904,.F.);
#1211=ORIENTED_EDGE('',*,*,#925,.F.);
#1212=ORIENTED_EDGE('',*,*,#926,.T.);
#1213=ORIENTED_EDGE('',*,*,#927,.F.);
#1214=ORIENTED_EDGE('',*,*,#928,.T.);
#1215=ORIENTED_EDGE('',*,*,#929,.F.);
#1216=ORIENTED_EDGE('',*,*,#930,.F.);
#1217=ORIENTED_EDGE('',*,*,#931,.F.);
#1218=ORIENTED_EDGE('',*,*,#932,.T.);
#1219=ORIENTED_EDGE('',*,*,#933,.F.);
#1220=ORIENTED_EDGE('',*,*,#911,.F.);
#1221=ORIENTED_EDGE('',*,*,#909,.F.);
#1222=ORIENTED_EDGE('',*,*,#906,.F.);
#1223=ORIENTED_EDGE('',*,*,#797,.T.);
#1224=ORIENTED_EDGE('',*,*,#783,.F.);
#1225=ORIENTED_EDGE('',*,*,#799,.T.);
#1226=ORIENTED_EDGE('',*,*,#802,.T.);
#1227=ORIENTED_EDGE('',*,*,#934,.F.);
#1228=ORIENTED_EDGE('',*,*,#935,.F.);
#1229=ORIENTED_EDGE('',*,*,#936,.F.);
#1230=ORIENTED_EDGE('',*,*,#937,.F.);
#1231=ORIENTED_EDGE('',*,*,#938,.F.);
#1232=ORIENTED_EDGE('',*,*,#939,.F.);
#1233=ORIENTED_EDGE('',*,*,#895,.F.);
#1234=ORIENTED_EDGE('',*,*,#883,.T.);
#1235=ORIENTED_EDGE('',*,*,#886,.T.);
#1236=ORIENTED_EDGE('',*,*,#888,.T.);
#1237=ORIENTED_EDGE('',*,*,#890,.T.);
#1238=ORIENTED_EDGE('',*,*,#880,.F.);
#1239=ORIENTED_EDGE('',*,*,#891,.T.);
#1240=ORIENTED_EDGE('',*,*,#893,.T.);
#1241=ORIENTED_EDGE('',*,*,#898,.F.);
#1242=ORIENTED_EDGE('',*,*,#940,.F.);
#1243=ORIENTED_EDGE('',*,*,#941,.F.);
#1244=ORIENTED_EDGE('',*,*,#942,.F.);
#1245=ORIENTED_EDGE('',*,*,#943,.F.);
#1246=ORIENTED_EDGE('',*,*,#944,.F.);
#1247=ORIENTED_EDGE('',*,*,#805,.F.);
#1248=ORIENTED_EDGE('',*,*,#787,.T.);
#1249=ORIENTED_EDGE('',*,*,#791,.T.);
#1250=ORIENTED_EDGE('',*,*,#794,.T.);
#1251=ORIENTED_EDGE('',*,*,#915,.F.);
#1252=ORIENTED_EDGE('',*,*,#945,.F.);
#1253=ORIENTED_EDGE('',*,*,#946,.T.);
#1254=ORIENTED_EDGE('',*,*,#947,.F.);
#1255=ORIENTED_EDGE('',*,*,#948,.T.);
#1256=ORIENTED_EDGE('',*,*,#949,.T.);
#1257=ORIENTED_EDGE('',*,*,#950,.T.);
#1258=ORIENTED_EDGE('',*,*,#951,.T.);
#1259=ORIENTED_EDGE('',*,*,#952,.T.);
#1260=ORIENTED_EDGE('',*,*,#953,.T.);
#1261=ORIENTED_EDGE('',*,*,#954,.T.);
#1262=ORIENTED_EDGE('',*,*,#955,.T.);
#1263=ORIENTED_EDGE('',*,*,#956,.T.);
#1264=ORIENTED_EDGE('',*,*,#957,.T.);
#1265=ORIENTED_EDGE('',*,*,#958,.T.);
#1266=ORIENTED_EDGE('',*,*,#959,.T.);
#1267=ORIENTED_EDGE('',*,*,#960,.T.);
#1268=ORIENTED_EDGE('',*,*,#961,.T.);
#1269=ORIENTED_EDGE('',*,*,#962,.T.);
#1270=ORIENTED_EDGE('',*,*,#963,.T.);
#1271=ORIENTED_EDGE('',*,*,#964,.T.);
#1272=ORIENTED_EDGE('',*,*,#965,.T.);
#1273=ORIENTED_EDGE('',*,*,#966,.T.);
#1274=ORIENTED_EDGE('',*,*,#967,.T.);
#1275=ORIENTED_EDGE('',*,*,#968,.F.);
#1276=ORIENTED_EDGE('',*,*,#969,.T.);
#1277=ORIENTED_EDGE('',*,*,#970,.F.);
#1278=ORIENTED_EDGE('',*,*,#971,.F.);
#1279=ORIENTED_EDGE('',*,*,#913,.T.);
#1280=ORIENTED_EDGE('',*,*,#947,.T.);
#1281=ORIENTED_EDGE('',*,*,#972,.T.);
#1282=ORIENTED_EDGE('',*,*,#832,.F.);
#1283=ORIENTED_EDGE('',*,*,#908,.F.);
#1284=ORIENTED_EDGE('',*,*,#828,.F.);
#1285=ORIENTED_EDGE('',*,*,#973,.F.);
#1286=ORIENTED_EDGE('',*,*,#916,.T.);
#1287=ORIENTED_EDGE('',*,*,#914,.T.);
#1288=ORIENTED_EDGE('',*,*,#834,.F.);
#1289=ORIENTED_EDGE('',*,*,#974,.F.);
#1290=ORIENTED_EDGE('',*,*,#945,.T.);
#1291=ORIENTED_EDGE('',*,*,#975,.F.);
#1292=ORIENTED_EDGE('',*,*,#971,.T.);
#1293=ORIENTED_EDGE('',*,*,#976,.F.);
#1294=ORIENTED_EDGE('',*,*,#836,.T.);
#1295=ORIENTED_EDGE('',*,*,#901,.F.);
#1296=ORIENTED_EDGE('',*,*,#924,.T.);
#1297=ORIENTED_EDGE('',*,*,#977,.T.);
#1298=ORIENTED_EDGE('',*,*,#820,.F.);
#1299=ORIENTED_EDGE('',*,*,#905,.F.);
#1300=ORIENTED_EDGE('',*,*,#816,.F.);
#1301=ORIENTED_EDGE('',*,*,#978,.F.);
#1302=ORIENTED_EDGE('',*,*,#925,.T.);
#1303=ORIENTED_EDGE('',*,*,#976,.T.);
#1304=ORIENTED_EDGE('',*,*,#970,.T.);
#1305=ORIENTED_EDGE('',*,*,#979,.T.);
#1306=ORIENTED_EDGE('',*,*,#837,.F.);
#1307=ORIENTED_EDGE('',*,*,#938,.T.);
#1308=ORIENTED_EDGE('',*,*,#980,.T.);
#1309=ORIENTED_EDGE('',*,*,#875,.F.);
#1310=ORIENTED_EDGE('',*,*,#981,.F.);
#1311=ORIENTED_EDGE('',*,*,#948,.F.);
#1312=ORIENTED_EDGE('',*,*,#982,.F.);
#1313=ORIENTED_EDGE('',*,*,#840,.F.);
#1314=ORIENTED_EDGE('',*,*,#983,.T.);
#1315=ORIENTED_EDGE('',*,*,#949,.F.);
#1316=ORIENTED_EDGE('',*,*,#983,.F.);
#1317=ORIENTED_EDGE('',*,*,#849,.F.);
#1318=ORIENTED_EDGE('',*,*,#984,.T.);
#1319=ORIENTED_EDGE('',*,*,#950,.F.);
#1320=ORIENTED_EDGE('',*,*,#984,.F.);
#1321=ORIENTED_EDGE('',*,*,#848,.F.);
#1322=ORIENTED_EDGE('',*,*,#985,.T.);
#1323=ORIENTED_EDGE('',*,*,#951,.F.);
#1324=ORIENTED_EDGE('',*,*,#985,.F.);
#1325=ORIENTED_EDGE('',*,*,#847,.F.);
#1326=ORIENTED_EDGE('',*,*,#986,.T.);
#1327=ORIENTED_EDGE('',*,*,#952,.F.);
#1328=ORIENTED_EDGE('',*,*,#986,.F.);
#1329=ORIENTED_EDGE('',*,*,#846,.F.);
#1330=ORIENTED_EDGE('',*,*,#987,.T.);
#1331=ORIENTED_EDGE('',*,*,#953,.F.);
#1332=ORIENTED_EDGE('',*,*,#987,.F.);
#1333=ORIENTED_EDGE('',*,*,#845,.F.);
#1334=ORIENTED_EDGE('',*,*,#988,.T.);
#1335=ORIENTED_EDGE('',*,*,#954,.F.);
#1336=ORIENTED_EDGE('',*,*,#988,.F.);
#1337=ORIENTED_EDGE('',*,*,#844,.F.);
#1338=ORIENTED_EDGE('',*,*,#989,.T.);
#1339=ORIENTED_EDGE('',*,*,#955,.F.);
#1340=ORIENTED_EDGE('',*,*,#989,.F.);
#1341=ORIENTED_EDGE('',*,*,#843,.F.);
#1342=ORIENTED_EDGE('',*,*,#990,.T.);
#1343=ORIENTED_EDGE('',*,*,#956,.F.);
#1344=ORIENTED_EDGE('',*,*,#990,.F.);
#1345=ORIENTED_EDGE('',*,*,#842,.F.);
#1346=ORIENTED_EDGE('',*,*,#991,.T.);
#1347=ORIENTED_EDGE('',*,*,#957,.F.);
#1348=ORIENTED_EDGE('',*,*,#991,.F.);
#1349=ORIENTED_EDGE('',*,*,#841,.F.);
#1350=ORIENTED_EDGE('',*,*,#982,.T.);
#1351=ORIENTED_EDGE('',*,*,#958,.F.);
#1352=ORIENTED_EDGE('',*,*,#992,.F.);
#1353=ORIENTED_EDGE('',*,*,#850,.F.);
#1354=ORIENTED_EDGE('',*,*,#993,.T.);
#1355=ORIENTED_EDGE('',*,*,#959,.F.);
#1356=ORIENTED_EDGE('',*,*,#993,.F.);
#1357=ORIENTED_EDGE('',*,*,#859,.F.);
#1358=ORIENTED_EDGE('',*,*,#994,.T.);
#1359=ORIENTED_EDGE('',*,*,#960,.F.);
#1360=ORIENTED_EDGE('',*,*,#994,.F.);
#1361=ORIENTED_EDGE('',*,*,#858,.F.);
#1362=ORIENTED_EDGE('',*,*,#995,.T.);
#1363=ORIENTED_EDGE('',*,*,#961,.F.);
#1364=ORIENTED_EDGE('',*,*,#995,.F.);
#1365=ORIENTED_EDGE('',*,*,#857,.F.);
#1366=ORIENTED_EDGE('',*,*,#996,.T.);
#1367=ORIENTED_EDGE('',*,*,#962,.F.);
#1368=ORIENTED_EDGE('',*,*,#996,.F.);
#1369=ORIENTED_EDGE('',*,*,#856,.F.);
#1370=ORIENTED_EDGE('',*,*,#997,.T.);
#1371=ORIENTED_EDGE('',*,*,#963,.F.);
#1372=ORIENTED_EDGE('',*,*,#997,.F.);
#1373=ORIENTED_EDGE('',*,*,#855,.F.);
#1374=ORIENTED_EDGE('',*,*,#998,.T.);
#1375=ORIENTED_EDGE('',*,*,#964,.F.);
#1376=ORIENTED_EDGE('',*,*,#998,.F.);
#1377=ORIENTED_EDGE('',*,*,#854,.F.);
#1378=ORIENTED_EDGE('',*,*,#999,.T.);
#1379=ORIENTED_EDGE('',*,*,#965,.F.);
#1380=ORIENTED_EDGE('',*,*,#999,.F.);
#1381=ORIENTED_EDGE('',*,*,#853,.F.);
#1382=ORIENTED_EDGE('',*,*,#1000,.T.);
#1383=ORIENTED_EDGE('',*,*,#966,.F.);
#1384=ORIENTED_EDGE('',*,*,#1000,.F.);
#1385=ORIENTED_EDGE('',*,*,#852,.F.);
#1386=ORIENTED_EDGE('',*,*,#1001,.T.);
#1387=ORIENTED_EDGE('',*,*,#967,.F.);
#1388=ORIENTED_EDGE('',*,*,#1001,.F.);
#1389=ORIENTED_EDGE('',*,*,#851,.F.);
#1390=ORIENTED_EDGE('',*,*,#992,.T.);
#1391=ORIENTED_EDGE('',*,*,#804,.F.);
#1392=ORIENTED_EDGE('',*,*,#879,.F.);
#1393=ORIENTED_EDGE('',*,*,#1002,.F.);
#1394=ORIENTED_EDGE('',*,*,#934,.T.);
#1395=ORIENTED_EDGE('',*,*,#935,.T.);
#1396=ORIENTED_EDGE('',*,*,#1002,.T.);
#1397=ORIENTED_EDGE('',*,*,#878,.F.);
#1398=ORIENTED_EDGE('',*,*,#1003,.F.);
#1399=ORIENTED_EDGE('',*,*,#936,.T.);
#1400=ORIENTED_EDGE('',*,*,#1003,.T.);
#1401=ORIENTED_EDGE('',*,*,#877,.F.);
#1402=ORIENTED_EDGE('',*,*,#1004,.F.);
#1403=ORIENTED_EDGE('',*,*,#937,.T.);
#1404=ORIENTED_EDGE('',*,*,#1004,.T.);
#1405=ORIENTED_EDGE('',*,*,#876,.F.);
#1406=ORIENTED_EDGE('',*,*,#980,.F.);
#1407=ORIENTED_EDGE('',*,*,#939,.T.);
#1408=ORIENTED_EDGE('',*,*,#981,.T.);
#1409=ORIENTED_EDGE('',*,*,#874,.F.);
#1410=ORIENTED_EDGE('',*,*,#896,.F.);
#1411=ORIENTED_EDGE('',*,*,#940,.T.);
#1412=ORIENTED_EDGE('',*,*,#897,.T.);
#1413=ORIENTED_EDGE('',*,*,#864,.F.);
#1414=ORIENTED_EDGE('',*,*,#1005,.F.);
#1415=ORIENTED_EDGE('',*,*,#941,.T.);
#1416=ORIENTED_EDGE('',*,*,#1005,.T.);
#1417=ORIENTED_EDGE('',*,*,#863,.F.);
#1418=ORIENTED_EDGE('',*,*,#1006,.F.);
#1419=ORIENTED_EDGE('',*,*,#942,.T.);
#1420=ORIENTED_EDGE('',*,*,#1006,.T.);
#1421=ORIENTED_EDGE('',*,*,#862,.F.);
#1422=ORIENTED_EDGE('',*,*,#1007,.F.);
#1423=ORIENTED_EDGE('',*,*,#943,.T.);
#1424=ORIENTED_EDGE('',*,*,#1007,.T.);
#1425=ORIENTED_EDGE('',*,*,#861,.F.);
#1426=ORIENTED_EDGE('',*,*,#1008,.F.);
#1427=ORIENTED_EDGE('',*,*,#944,.T.);
#1428=ORIENTED_EDGE('',*,*,#1008,.T.);
#1429=ORIENTED_EDGE('',*,*,#860,.F.);
#1430=ORIENTED_EDGE('',*,*,#806,.F.);
#1431=ORIENTED_EDGE('',*,*,#926,.F.);
#1432=ORIENTED_EDGE('',*,*,#978,.T.);
#1433=ORIENTED_EDGE('',*,*,#815,.F.);
#1434=ORIENTED_EDGE('',*,*,#1009,.F.);
#1435=ORIENTED_EDGE('',*,*,#927,.T.);
#1436=ORIENTED_EDGE('',*,*,#1009,.T.);
#1437=ORIENTED_EDGE('',*,*,#814,.F.);
#1438=ORIENTED_EDGE('',*,*,#1010,.F.);
#1439=ORIENTED_EDGE('',*,*,#928,.F.);
#1440=ORIENTED_EDGE('',*,*,#1010,.T.);
#1441=ORIENTED_EDGE('',*,*,#813,.F.);
#1442=ORIENTED_EDGE('',*,*,#1011,.F.);
#1443=ORIENTED_EDGE('',*,*,#929,.T.);
#1444=ORIENTED_EDGE('',*,*,#1011,.T.);
#1445=ORIENTED_EDGE('',*,*,#812,.F.);
#1446=ORIENTED_EDGE('',*,*,#1012,.F.);
#1447=ORIENTED_EDGE('',*,*,#930,.T.);
#1448=ORIENTED_EDGE('',*,*,#1012,.T.);
#1449=ORIENTED_EDGE('',*,*,#811,.F.);
#1450=ORIENTED_EDGE('',*,*,#1013,.F.);
#1451=ORIENTED_EDGE('',*,*,#931,.T.);
#1452=ORIENTED_EDGE('',*,*,#1013,.T.);
#1453=ORIENTED_EDGE('',*,*,#810,.F.);
#1454=ORIENTED_EDGE('',*,*,#1014,.F.);
#1455=ORIENTED_EDGE('',*,*,#932,.F.);
#1456=ORIENTED_EDGE('',*,*,#1014,.T.);
#1457=ORIENTED_EDGE('',*,*,#809,.F.);
#1458=ORIENTED_EDGE('',*,*,#1015,.F.);
#1459=ORIENTED_EDGE('',*,*,#912,.F.);
#1460=ORIENTED_EDGE('',*,*,#933,.T.);
#1461=ORIENTED_EDGE('',*,*,#1015,.T.);
#1462=ORIENTED_EDGE('',*,*,#808,.F.);
#1463=ORIENTED_EDGE('',*,*,#946,.F.);
#1464=ORIENTED_EDGE('',*,*,#974,.T.);
#1465=ORIENTED_EDGE('',*,*,#833,.F.);
#1466=ORIENTED_EDGE('',*,*,#972,.F.);
#1467=ORIENTED_EDGE('',*,*,#917,.F.);
#1468=ORIENTED_EDGE('',*,*,#973,.T.);
#1469=ORIENTED_EDGE('',*,*,#827,.F.);
#1470=ORIENTED_EDGE('',*,*,#1016,.F.);
#1471=ORIENTED_EDGE('',*,*,#918,.T.);
#1472=ORIENTED_EDGE('',*,*,#1016,.T.);
#1473=ORIENTED_EDGE('',*,*,#826,.F.);
#1474=ORIENTED_EDGE('',*,*,#1017,.F.);
#1475=ORIENTED_EDGE('',*,*,#919,.F.);
#1476=ORIENTED_EDGE('',*,*,#1017,.T.);
#1477=ORIENTED_EDGE('',*,*,#825,.F.);
#1478=ORIENTED_EDGE('',*,*,#1018,.F.);
#1479=ORIENTED_EDGE('',*,*,#920,.T.);
#1480=ORIENTED_EDGE('',*,*,#1018,.T.);
#1481=ORIENTED_EDGE('',*,*,#824,.F.);
#1482=ORIENTED_EDGE('',*,*,#1019,.F.);
#1483=ORIENTED_EDGE('',*,*,#921,.T.);
#1484=ORIENTED_EDGE('',*,*,#1019,.T.);
#1485=ORIENTED_EDGE('',*,*,#823,.F.);
#1486=ORIENTED_EDGE('',*,*,#1020,.F.);
#1487=ORIENTED_EDGE('',*,*,#922,.T.);
#1488=ORIENTED_EDGE('',*,*,#1020,.T.);
#1489=ORIENTED_EDGE('',*,*,#822,.F.);
#1490=ORIENTED_EDGE('',*,*,#1021,.F.);
#1491=ORIENTED_EDGE('',*,*,#923,.F.);
#1492=ORIENTED_EDGE('',*,*,#1021,.T.);
#1493=ORIENTED_EDGE('',*,*,#821,.F.);
#1494=ORIENTED_EDGE('',*,*,#977,.F.);
#1495=ORIENTED_EDGE('',*,*,#975,.T.);
#1496=ORIENTED_EDGE('',*,*,#839,.F.);
#1497=ORIENTED_EDGE('',*,*,#1022,.F.);
#1498=ORIENTED_EDGE('',*,*,#968,.T.);
#1499=ORIENTED_EDGE('',*,*,#969,.F.);
#1500=ORIENTED_EDGE('',*,*,#1022,.T.);
#1501=ORIENTED_EDGE('',*,*,#838,.F.);
#1502=ORIENTED_EDGE('',*,*,#979,.F.);
#1503=PLANE('',#1625);
#1504=PLANE('',#1632);
#1505=PLANE('',#1642);
#1506=PLANE('',#1643);
#1507=PLANE('',#1695);
#1508=PLANE('',#1700);
#1509=PLANE('',#1707);
#1510=PLANE('',#1724);
#1511=PLANE('',#1765);
#1512=PLANE('',#1767);
#1513=PLANE('',#1772);
#1514=PLANE('',#1776);
#1515=PLANE('',#1778);
#1516=PLANE('',#1780);
#1517=PLANE('',#1782);
#1518=PLANE('',#1786);
#1519=PLANE('',#1788);
#1520=PLANE('',#1790);
#1521=PLANE('',#1793);
#1522=PLANE('',#1797);
#1523=PLANE('',#1802);
#1524=PLANE('',#1805);
#1525=PLANE('',#1808);
#1526=PLANE('',#1811);
#1527=PLANE('',#1814);
#1528=PLANE('',#1817);
#1529=ADVANCED_FACE('',(#193),#1503,.T.);
#1530=ADVANCED_FACE('',(#194),#137,.T.);
#1531=ADVANCED_FACE('',(#195),#138,.F.);
#1532=ADVANCED_FACE('',(#196),#1504,.F.);
#1533=ADVANCED_FACE('',(#197),#139,.T.);
#1534=ADVANCED_FACE('',(#198),#140,.T.);
#1535=ADVANCED_FACE('',(#199),#141,.F.);
#1536=ADVANCED_FACE('',(#200),#1505,.T.);
#1537=ADVANCED_FACE('',(#201,#15,#16,#17,#18,#19),#1506,.T.);
#1538=ADVANCED_FACE('',(#202),#1507,.T.);
#1539=ADVANCED_FACE('',(#203),#142,.T.);
#1540=ADVANCED_FACE('',(#204),#143,.F.);
#1541=ADVANCED_FACE('',(#205),#1508,.F.);
#1542=ADVANCED_FACE('',(#206),#144,.T.);
#1543=ADVANCED_FACE('',(#207),#145,.T.);
#1544=ADVANCED_FACE('',(#208),#146,.F.);
#1545=ADVANCED_FACE('',(#209),#1509,.T.);
#1546=ADVANCED_FACE('',(#210),#147,.F.);
#1547=ADVANCED_FACE('',(#211),#148,.F.);
#1548=ADVANCED_FACE('',(#212),#149,.T.);
#1549=ADVANCED_FACE('',(#213),#150,.F.);
#1550=ADVANCED_FACE('',(#214),#151,.F.);
#1551=ADVANCED_FACE('',(#215),#152,.T.);
#1552=ADVANCED_FACE('',(#216),#153,.F.);
#1553=ADVANCED_FACE('',(#217),#154,.F.);
#1554=ADVANCED_FACE('',(#218,#20,#21,#22,#23,#24),#1510,.F.);
#1555=ADVANCED_FACE('',(#219),#155,.T.);
#1556=ADVANCED_FACE('',(#220),#156,.T.);
#1557=ADVANCED_FACE('',(#221),#1511,.T.);
#1558=ADVANCED_FACE('',(#222),#157,.F.);
#1559=ADVANCED_FACE('',(#223),#1512,.T.);
#1560=ADVANCED_FACE('',(#224),#158,.T.);
#1561=ADVANCED_FACE('',(#225),#159,.T.);
#1562=ADVANCED_FACE('',(#226),#160,.F.);
#1563=ADVANCED_FACE('',(#227),#161,.F.);
#1564=ADVANCED_FACE('',(#228),#1513,.F.);
#1565=ADVANCED_FACE('',(#229),#162,.F.);
#1566=ADVANCED_FACE('',(#230),#163,.T.);
#1567=ADVANCED_FACE('',(#231),#164,.F.);
#1568=ADVANCED_FACE('',(#232),#1514,.F.);
#1569=ADVANCED_FACE('',(#233),#165,.F.);
#1570=ADVANCED_FACE('',(#234),#1515,.F.);
#1571=ADVANCED_FACE('',(#235),#166,.F.);
#1572=ADVANCED_FACE('',(#236),#1516,.F.);
#1573=ADVANCED_FACE('',(#237),#167,.F.);
#1574=ADVANCED_FACE('',(#238),#1517,.F.);
#1575=ADVANCED_FACE('',(#239),#168,.F.);
#1576=ADVANCED_FACE('',(#240),#169,.T.);
#1577=ADVANCED_FACE('',(#241),#170,.F.);
#1578=ADVANCED_FACE('',(#242),#1518,.F.);
#1579=ADVANCED_FACE('',(#243),#171,.F.);
#1580=ADVANCED_FACE('',(#244),#1519,.F.);
#1581=ADVANCED_FACE('',(#245),#172,.F.);
#1582=ADVANCED_FACE('',(#246),#1520,.F.);
#1583=ADVANCED_FACE('',(#247),#173,.F.);
#1584=ADVANCED_FACE('',(#248),#174,.T.);
#1585=ADVANCED_FACE('',(#249),#1521,.T.);
#1586=ADVANCED_FACE('',(#250),#175,.T.);
#1587=ADVANCED_FACE('',(#251),#176,.T.);
#1588=ADVANCED_FACE('',(#252),#177,.T.);
#1589=ADVANCED_FACE('',(#253),#1522,.T.);
#1590=ADVANCED_FACE('',(#254),#178,.T.);
#1591=ADVANCED_FACE('',(#255),#179,.F.);
#1592=ADVANCED_FACE('',(#256),#180,.T.);
#1593=ADVANCED_FACE('',(#257),#181,.F.);
#1594=ADVANCED_FACE('',(#258),#1523,.T.);
#1595=ADVANCED_FACE('',(#259),#182,.F.);
#1596=ADVANCED_FACE('',(#260),#183,.T.);
#1597=ADVANCED_FACE('',(#261),#1524,.T.);
#1598=ADVANCED_FACE('',(#262),#184,.T.);
#1599=ADVANCED_FACE('',(#263),#185,.F.);
#1600=ADVANCED_FACE('',(#264),#1525,.T.);
#1601=ADVANCED_FACE('',(#265),#186,.F.);
#1602=ADVANCED_FACE('',(#266),#187,.F.);
#1603=ADVANCED_FACE('',(#267),#1526,.T.);
#1604=ADVANCED_FACE('',(#268),#188,.F.);
#1605=ADVANCED_FACE('',(#269),#189,.T.);
#1606=ADVANCED_FACE('',(#270),#1527,.T.);
#1607=ADVANCED_FACE('',(#271),#190,.T.);
#1608=ADVANCED_FACE('',(#272),#191,.F.);
#1609=ADVANCED_FACE('',(#273),#1528,.T.);
#1610=ADVANCED_FACE('',(#274),#192,.F.);
#1611=CLOSED_SHELL('',(#1529,#1530,#1531,#1532,#1533,#1534,#1535,#1536,
#1537,#1538,#1539,#1540,#1541,#1542,#1543,#1544,#1545,#1546,#1547,#1548,
#1549,#1550,#1551,#1552,#1553,#1554,#1555,#1556,#1557,#1558,#1559,#1560,
#1561,#1562,#1563,#1564,#1565,#1566,#1567,#1568,#1569,#1570,#1571,#1572,
#1573,#1574,#1575,#1576,#1577,#1578,#1579,#1580,#1581,#1582,#1583,#1584,
#1585,#1586,#1587,#1588,#1589,#1590,#1591,#1592,#1593,#1594,#1595,#1596,
#1597,#1598,#1599,#1600,#1601,#1602,#1603,#1604,#1605,#1606,#1607,#1608,
#1609,#1610));
#1612=DERIVED_UNIT_ELEMENT(#1614,1.);
#1613=DERIVED_UNIT_ELEMENT(#2825,-3.);
#1614=(
MASS_UNIT()
NAMED_UNIT(*)
SI_UNIT(.KILO.,.GRAM.)
);
#1615=DERIVED_UNIT((#1612,#1613));
#1616=MEASURE_REPRESENTATION_ITEM('density measure',
POSITIVE_RATIO_MEASURE(7850.),#1615);
#1617=PROPERTY_DEFINITION_REPRESENTATION(#1622,#1619);
#1618=PROPERTY_DEFINITION_REPRESENTATION(#1623,#1620);
#1619=REPRESENTATION('material name',(#1621),#2822);
#1620=REPRESENTATION('density',(#1616),#2822);
#1621=DESCRIPTIVE_REPRESENTATION_ITEM('Acier','Acier');
#1622=PROPERTY_DEFINITION('material property','material name',#2832);
#1623=PROPERTY_DEFINITION('material property','density of part',#2832);
#1624=AXIS2_PLACEMENT_3D('',#2337,#1819,#1820);
#1625=AXIS2_PLACEMENT_3D('',#2338,#1821,#1822);
#1626=AXIS2_PLACEMENT_3D('',#2347,#1827,#1828);
#1627=AXIS2_PLACEMENT_3D('',#2350,#1829,#1830);
#1628=AXIS2_PLACEMENT_3D('',#2354,#1832,#1833);
#1629=AXIS2_PLACEMENT_3D('',#2356,#1835,#1836);
#1630=AXIS2_PLACEMENT_3D('',#2358,#1837,#1838);
#1631=AXIS2_PLACEMENT_3D('',#2360,#1839,#1840);
#1632=AXIS2_PLACEMENT_3D('',#2362,#1842,#1843);
#1633=AXIS2_PLACEMENT_3D('',#2368,#1847,#1848);
#1634=AXIS2_PLACEMENT_3D('',#2369,#1849,#1850);
#1635=AXIS2_PLACEMENT_3D('',#2370,#1851,#1852);
#1636=AXIS2_PLACEMENT_3D('',#2371,#1853,#1854);
#1637=AXIS2_PLACEMENT_3D('',#2373,#1855,#1856);
#1638=AXIS2_PLACEMENT_3D('',#2375,#1857,#1858);
#1639=AXIS2_PLACEMENT_3D('',#2377,#1860,#1861);
#1640=AXIS2_PLACEMENT_3D('',#2379,#1862,#1863);
#1641=AXIS2_PLACEMENT_3D('',#2381,#1864,#1865);
#1642=AXIS2_PLACEMENT_3D('',#2383,#1867,#1868);
#1643=AXIS2_PLACEMENT_3D('',#2389,#1872,#1873);
#1644=AXIS2_PLACEMENT_3D('',#2394,#1875,#1876);
#1645=AXIS2_PLACEMENT_3D('',#2396,#1877,#1878);
#1646=AXIS2_PLACEMENT_3D('',#2400,#1880,#1881);
#1647=AXIS2_PLACEMENT_3D('',#2402,#1882,#1883);
#1648=AXIS2_PLACEMENT_3D('',#2406,#1885,#1886);
#1649=AXIS2_PLACEMENT_3D('',#2408,#1887,#1888);
#1650=AXIS2_PLACEMENT_3D('',#2410,#1889,#1890);
#1651=AXIS2_PLACEMENT_3D('',#2412,#1891,#1892);
#1652=AXIS2_PLACEMENT_3D('',#2414,#1893,#1894);
#1653=AXIS2_PLACEMENT_3D('',#2418,#1896,#1897);
#1654=AXIS2_PLACEMENT_3D('',#2420,#1898,#1899);
#1655=AXIS2_PLACEMENT_3D('',#2424,#1901,#1902);
#1656=AXIS2_PLACEMENT_3D('',#2426,#1903,#1904);
#1657=AXIS2_PLACEMENT_3D('',#2430,#1906,#1907);
#1658=AXIS2_PLACEMENT_3D('',#2432,#1908,#1909);
#1659=AXIS2_PLACEMENT_3D('',#2434,#1910,#1911);
#1660=AXIS2_PLACEMENT_3D('',#2436,#1912,#1913);
#1661=AXIS2_PLACEMENT_3D('',#2437,#1914,#1915);
#1662=AXIS2_PLACEMENT_3D('',#2440,#1916,#1917);
#1663=AXIS2_PLACEMENT_3D('',#2442,#1918,#1919);
#1664=AXIS2_PLACEMENT_3D('',#2445,#1921,#1922);
#1665=AXIS2_PLACEMENT_3D('',#2448,#1923,#1924);
#1666=AXIS2_PLACEMENT_3D('',#2450,#1925,#1926);
#1667=AXIS2_PLACEMENT_3D('',#2452,#1927,#1928);
#1668=AXIS2_PLACEMENT_3D('',#2456,#1930,#1931);
#1669=AXIS2_PLACEMENT_3D('',#2460,#1933,#1934);
#1670=AXIS2_PLACEMENT_3D('',#2464,#1936,#1937);
#1671=AXIS2_PLACEMENT_3D('',#2468,#1939,#1940);
#1672=AXIS2_PLACEMENT_3D('',#2470,#1941,#1942);
#1673=AXIS2_PLACEMENT_3D('',#2472,#1943,#1944);
#1674=AXIS2_PLACEMENT_3D('',#2476,#1946,#1947);
#1675=AXIS2_PLACEMENT_3D('',#2480,#1949,#1950);
#1676=AXIS2_PLACEMENT_3D('',#2484,#1952,#1953);
#1677=AXIS2_PLACEMENT_3D('',#2488,#1955,#1956);
#1678=AXIS2_PLACEMENT_3D('',#2490,#1957,#1958);
#1679=AXIS2_PLACEMENT_3D('',#2492,#1959,#1960);
#1680=AXIS2_PLACEMENT_3D('',#2495,#1962,#1963);
#1681=AXIS2_PLACEMENT_3D('',#2497,#1964,#1965);
#1682=AXIS2_PLACEMENT_3D('',#2499,#1966,#1967);
#1683=AXIS2_PLACEMENT_3D('',#2503,#1969,#1970);
#1684=AXIS2_PLACEMENT_3D('',#2505,#1971,#1972);
#1685=AXIS2_PLACEMENT_3D('',#2507,#1973,#1974);
#1686=AXIS2_PLACEMENT_3D('',#2509,#1975,#1976);
#1687=AXIS2_PLACEMENT_3D('',#2513,#1978,#1979);
#1688=AXIS2_PLACEMENT_3D('',#2517,#1981,#1982);
#1689=AXIS2_PLACEMENT_3D('',#2519,#1983,#1984);
#1690=AXIS2_PLACEMENT_3D('',#2523,#1986,#1987);
#1691=AXIS2_PLACEMENT_3D('',#2525,#1988,#1989);
#1692=AXIS2_PLACEMENT_3D('',#2527,#1990,#1991);
#1693=AXIS2_PLACEMENT_3D('',#2531,#1993,#1994);
#1694=AXIS2_PLACEMENT_3D('',#2532,#1995,#1996);
#1695=AXIS2_PLACEMENT_3D('',#2533,#1997,#1998);
#1696=AXIS2_PLACEMENT_3D('',#2539,#2002,#2003);
#1697=AXIS2_PLACEMENT_3D('',#2542,#2004,#2005);
#1698=AXIS2_PLACEMENT_3D('',#2545,#2008,#2009);
#1699=AXIS2_PLACEMENT_3D('',#2547,#2010,#2011);
#1700=AXIS2_PLACEMENT_3D('',#2549,#2013,#2014);
#1701=AXIS2_PLACEMENT_3D('',#2553,#2017,#2018);
#1702=AXIS2_PLACEMENT_3D('',#2554,#2019,#2020);
#1703=AXIS2_PLACEMENT_3D('',#2555,#2021,#2022);
#1704=AXIS2_PLACEMENT_3D('',#2557,#2023,#2024);
#1705=AXIS2_PLACEMENT_3D('',#2559,#2026,#2027);
#1706=AXIS2_PLACEMENT_3D('',#2561,#2028,#2029);
#1707=AXIS2_PLACEMENT_3D('',#2563,#2031,#2032);
#1708=AXIS2_PLACEMENT_3D('',#2567,#2035,#2036);
#1709=AXIS2_PLACEMENT_3D('',#2570,#2038,#2039);
#1710=AXIS2_PLACEMENT_3D('',#2571,#2040,#2041);
#1711=AXIS2_PLACEMENT_3D('',#2575,#2043,#2044);
#1712=AXIS2_PLACEMENT_3D('',#2577,#2046,#2047);
#1713=AXIS2_PLACEMENT_3D('',#2580,#2049,#2050);
#1714=AXIS2_PLACEMENT_3D('',#2581,#2051,#2052);
#1715=AXIS2_PLACEMENT_3D('',#2583,#2053,#2054);
#1716=AXIS2_PLACEMENT_3D('',#2585,#2056,#2057);
#1717=AXIS2_PLACEMENT_3D('',#2588,#2058,#2059);
#1718=AXIS2_PLACEMENT_3D('',#2591,#2062,#2063);
#1719=AXIS2_PLACEMENT_3D('',#2593,#2064,#2065);
#1720=AXIS2_PLACEMENT_3D('',#2595,#2067,#2068);
#1721=AXIS2_PLACEMENT_3D('',#2597,#2069,#2070);
#1722=AXIS2_PLACEMENT_3D('',#2599,#2072,#2073);
#1723=AXIS2_PLACEMENT_3D('',#2604,#2076,#2077);
#1724=AXIS2_PLACEMENT_3D('',#2605,#2078,#2079);
#1725=AXIS2_PLACEMENT_3D('',#2607,#2080,#2081);
#1726=AXIS2_PLACEMENT_3D('',#2609,#2082,#2083);
#1727=AXIS2_PLACEMENT_3D('',#2613,#2085,#2086);
#1728=AXIS2_PLACEMENT_3D('',#2615,#2087,#2088);
#1729=AXIS2_PLACEMENT_3D('',#2619,#2090,#2091);
#1730=AXIS2_PLACEMENT_3D('',#2621,#2092,#2093);
#1731=AXIS2_PLACEMENT_3D('',#2624,#2095,#2096);
#1732=AXIS2_PLACEMENT_3D('',#2626,#2097,#2098);
#1733=AXIS2_PLACEMENT_3D('',#2630,#2100,#2101);
#1734=AXIS2_PLACEMENT_3D('',#2632,#2102,#2103);
#1735=AXIS2_PLACEMENT_3D('',#2636,#2105,#2106);
#1736=AXIS2_PLACEMENT_3D('',#2638,#2107,#2108);
#1737=AXIS2_PLACEMENT_3D('',#2641,#2110,#2111);
#1738=AXIS2_PLACEMENT_3D('',#2643,#2112,#2113);
#1739=AXIS2_PLACEMENT_3D('',#2647,#2115,#2116);
#1740=AXIS2_PLACEMENT_3D('',#2649,#2117,#2118);
#1741=AXIS2_PLACEMENT_3D('',#2650,#2119,#2120);
#1742=AXIS2_PLACEMENT_3D('',#2652,#2121,#2122);
#1743=AXIS2_PLACEMENT_3D('',#2656,#2124,#2125);
#1744=AXIS2_PLACEMENT_3D('',#2658,#2126,#2127);
#1745=AXIS2_PLACEMENT_3D('',#2659,#2128,#2129);
#1746=AXIS2_PLACEMENT_3D('',#2663,#2131,#2132);
#1747=AXIS2_PLACEMENT_3D('',#2664,#2133,#2134);
#1748=AXIS2_PLACEMENT_3D('',#2667,#2135,#2136);
#1749=AXIS2_PLACEMENT_3D('',#2671,#2138,#2139);
#1750=AXIS2_PLACEMENT_3D('',#2673,#2140,#2141);
#1751=AXIS2_PLACEMENT_3D('',#2675,#2142,#2143);
#1752=AXIS2_PLACEMENT_3D('',#2679,#2145,#2146);
#1753=AXIS2_PLACEMENT_3D('',#2683,#2148,#2149);
#1754=AXIS2_PLACEMENT_3D('',#2687,#2151,#2152);
#1755=AXIS2_PLACEMENT_3D('',#2691,#2154,#2155);
#1756=AXIS2_PLACEMENT_3D('',#2693,#2156,#2157);
#1757=AXIS2_PLACEMENT_3D('',#2695,#2158,#2159);
#1758=AXIS2_PLACEMENT_3D('',#2699,#2161,#2162);
#1759=AXIS2_PLACEMENT_3D('',#2703,#2164,#2165);
#1760=AXIS2_PLACEMENT_3D('',#2709,#2168,#2169);
#1761=AXIS2_PLACEMENT_3D('',#2711,#2170,#2171);
#1762=AXIS2_PLACEMENT_3D('',#2712,#2172,#2173);
#1763=AXIS2_PLACEMENT_3D('',#2713,#2174,#2175);
#1764=AXIS2_PLACEMENT_3D('',#2715,#2177,#2178);
#1765=AXIS2_PLACEMENT_3D('',#2717,#2180,#2181);
#1766=AXIS2_PLACEMENT_3D('',#2719,#2183,#2184);
#1767=AXIS2_PLACEMENT_3D('',#2722,#2187,#2188);
#1768=AXIS2_PLACEMENT_3D('',#2724,#2190,#2191);
#1769=AXIS2_PLACEMENT_3D('',#2726,#2193,#2194);
#1770=AXIS2_PLACEMENT_3D('',#2728,#2196,#2197);
#1771=AXIS2_PLACEMENT_3D('',#2731,#2200,#2201);
#1772=AXIS2_PLACEMENT_3D('',#2734,#2204,#2205);
#1773=AXIS2_PLACEMENT_3D('',#2736,#2207,#2208);
#1774=AXIS2_PLACEMENT_3D('',#2738,#2210,#2211);
#1775=AXIS2_PLACEMENT_3D('',#2740,#2213,#2214);
#1776=AXIS2_PLACEMENT_3D('',#2742,#2216,#2217);
#1777=AXIS2_PLACEMENT_3D('',#2744,#2219,#2220);
#1778=AXIS2_PLACEMENT_3D('',#2746,#2222,#2223);
#1779=AXIS2_PLACEMENT_3D('',#2748,#2225,#2226);
#1780=AXIS2_PLACEMENT_3D('',#2750,#2228,#2229);
#1781=AXIS2_PLACEMENT_3D('',#2751,#2230,#2231);
#1782=AXIS2_PLACEMENT_3D('',#2754,#2234,#2235);
#1783=AXIS2_PLACEMENT_3D('',#2756,#2237,#2238);
#1784=AXIS2_PLACEMENT_3D('',#2758,#2240,#2241);
#1785=AXIS2_PLACEMENT_3D('',#2760,#2243,#2244);
#1786=AXIS2_PLACEMENT_3D('',#2762,#2246,#2247);
#1787=AXIS2_PLACEMENT_3D('',#2764,#2249,#2250);
#1788=AXIS2_PLACEMENT_3D('',#2766,#2252,#2253);
#1789=AXIS2_PLACEMENT_3D('',#2768,#2255,#2256);
#1790=AXIS2_PLACEMENT_3D('',#2770,#2258,#2259);
#1791=AXIS2_PLACEMENT_3D('',#2771,#2260,#2261);
#1792=AXIS2_PLACEMENT_3D('',#2773,#2263,#2264);
#1793=AXIS2_PLACEMENT_3D('',#2775,#2266,#2267);
#1794=AXIS2_PLACEMENT_3D('',#2777,#2269,#2270);
#1795=AXIS2_PLACEMENT_3D('',#2778,#2271,#2272);
#1796=AXIS2_PLACEMENT_3D('',#2779,#2273,#2274);
#1797=AXIS2_PLACEMENT_3D('',#2781,#2276,#2277);
#1798=AXIS2_PLACEMENT_3D('',#2783,#2279,#2280);
#1799=AXIS2_PLACEMENT_3D('',#2785,#2282,#2283);
#1800=AXIS2_PLACEMENT_3D('',#2787,#2285,#2286);
#1801=AXIS2_PLACEMENT_3D('',#2788,#2287,#2288);
#1802=AXIS2_PLACEMENT_3D('',#2790,#2290,#2291);
#1803=AXIS2_PLACEMENT_3D('',#2792,#2293,#2294);
#1804=AXIS2_PLACEMENT_3D('',#2794,#2296,#2297);
#1805=AXIS2_PLACEMENT_3D('',#2796,#2299,#2300);
#1806=AXIS2_PLACEMENT_3D('',#2798,#2302,#2303);
#1807=AXIS2_PLACEMENT_3D('',#2800,#2305,#2306);
#1808=AXIS2_PLACEMENT_3D('',#2802,#2308,#2309);
#1809=AXIS2_PLACEMENT_3D('',#2803,#2310,#2311);
#1810=AXIS2_PLACEMENT_3D('',#2804,#2312,#2313);
#1811=AXIS2_PLACEMENT_3D('',#2806,#2315,#2316);
#1812=AXIS2_PLACEMENT_3D('',#2808,#2318,#2319);
#1813=AXIS2_PLACEMENT_3D('',#2810,#2321,#2322);
#1814=AXIS2_PLACEMENT_3D('',#2812,#2324,#2325);
#1815=AXIS2_PLACEMENT_3D('',#2814,#2327,#2328);
#1816=AXIS2_PLACEMENT_3D('',#2816,#2330,#2331);
#1817=AXIS2_PLACEMENT_3D('',#2817,#2332,#2333);
#1818=AXIS2_PLACEMENT_3D('',#2819,#2335,#2336);
#1819=DIRECTION('axis',(0.,0.,1.));
#1820=DIRECTION('refdir',(1.,0.,0.));
#1821=DIRECTION('center_axis',(1.22464679914735E-16,1.,0.));
#1822=DIRECTION('ref_axis',(1.,-1.22464679914735E-16,0.));
#1823=DIRECTION('',(-1.,1.22464679914735E-16,0.));
#1824=DIRECTION('',(0.,0.,-1.));
#1825=DIRECTION('',(-1.,1.22464679914735E-16,0.));
#1826=DIRECTION('',(0.,0.,-1.));
#1827=DIRECTION('center_axis',(0.,0.,-1.));
#1828=DIRECTION('ref_axis',(0.724010433702182,0.689789019838949,0.));
#1829=DIRECTION('center_axis',(0.,0.,-1.));
#1830=DIRECTION('ref_axis',(0.724010433702182,0.689789019838949,0.));
#1831=DIRECTION('',(0.,0.,1.));
#1832=DIRECTION('center_axis',(0.,0.,1.));
#1833=DIRECTION('ref_axis',(0.724010433702182,0.689789019838949,0.));
#1834=DIRECTION('',(0.,0.,-1.));
#1835=DIRECTION('center_axis',(0.,0.,-1.));
#1836=DIRECTION('ref_axis',(-0.724010433702181,-0.68978901983895,0.));
#1837=DIRECTION('center_axis',(0.,0.,1.));
#1838=DIRECTION('ref_axis',(-0.724010433702181,-0.68978901983895,0.));
#1839=DIRECTION('center_axis',(0.,0.,-1.));
#1840=DIRECTION('ref_axis',(-0.724010433702181,-0.68978901983895,0.));
#1841=DIRECTION('',(0.,0.,-1.));
#1842=DIRECTION('center_axis',(0.421611304858749,-0.906776658067081,0.));
#1843=DIRECTION('ref_axis',(-0.906776658067081,-0.421611304858749,0.));
#1844=DIRECTION('',(0.906776658067081,0.421611304858749,0.));
#1845=DIRECTION('',(-0.906776658067081,-0.421611304858749,0.));
#1846=DIRECTION('',(0.,0.,-1.));
#1847=DIRECTION('center_axis',(0.,0.,-1.));
#1848=DIRECTION('ref_axis',(7.10100940612996E-15,1.,0.));
#1849=DIRECTION('center_axis',(0.,0.,-1.));
#1850=DIRECTION('ref_axis',(7.10100940612996E-15,1.,0.));
#1851=DIRECTION('center_axis',(0.,0.,1.));
#1852=DIRECTION('ref_axis',(7.10100940612996E-15,1.,0.));
#1853=DIRECTION('center_axis',(0.,0.,-1.));
#1854=DIRECTION('ref_axis',(0.545930733182872,0.837830313707025,0.));
#1855=DIRECTION('center_axis',(0.,0.,-1.));
#1856=DIRECTION('ref_axis',(0.545930733182872,0.837830313707025,0.));
#1857=DIRECTION('center_axis',(0.,0.,1.));
#1858=DIRECTION('ref_axis',(0.545930733182872,0.837830313707025,0.));
#1859=DIRECTION('',(0.,0.,-1.));
#1860=DIRECTION('center_axis',(0.,0.,-1.));
#1861=DIRECTION('ref_axis',(-0.545930733182986,-0.83783031370695,0.));
#1862=DIRECTION('center_axis',(0.,0.,1.));
#1863=DIRECTION('ref_axis',(-0.545930733182986,-0.83783031370695,0.));
#1864=DIRECTION('center_axis',(0.,0.,-1.));
#1865=DIRECTION('ref_axis',(-0.545930733182986,-0.83783031370695,0.));
#1866=DIRECTION('',(0.,0.,-1.));
#1867=DIRECTION('center_axis',(2.65622736697711E-16,1.,0.));
#1868=DIRECTION('ref_axis',(-1.,2.65622736697711E-16,0.));
#1869=DIRECTION('',(1.,-2.65622736697711E-16,0.));
#1870=DIRECTION('',(0.,0.,1.));
#1871=DIRECTION('',(1.,-2.65622736697711E-16,0.));
#1872=DIRECTION('center_axis',(0.,0.,1.));
#1873=DIRECTION('ref_axis',(1.,0.,0.));
#1874=DIRECTION('',(-1.,5.31245473395423E-16,0.));
#1875=DIRECTION('center_axis',(0.,0.,1.));
#1876=DIRECTION('ref_axis',(0.999634703184158,0.027027027027027,0.));
#1877=DIRECTION('center_axis',(0.,0.,-1.));
#1878=DIRECTION('ref_axis',(-0.999634703184158,-0.027027027027027,0.));
#1879=DIRECTION('',(-1.,6.48305415839199E-16,0.));
#1880=DIRECTION('center_axis',(0.,0.,-1.));
#1881=DIRECTION('ref_axis',(-2.96059473233376E-15,-1.,0.));
#1882=DIRECTION('center_axis',(0.,0.,1.));
#1883=DIRECTION('ref_axis',(-1.,-1.28137682746054E-15,0.));
#1884=DIRECTION('',(2.8865798640253E-14,-1.,0.));
#1885=DIRECTION('center_axis',(0.,0.,1.));
#1886=DIRECTION('ref_axis',(-0.952279628422496,0.305226979953465,0.));
#1887=DIRECTION('center_axis',(0.,0.,-1.));
#1888=DIRECTION('ref_axis',(0.952279628422683,-0.305226979952883,0.));
#1889=DIRECTION('center_axis',(0.,0.,1.));
#1890=DIRECTION('ref_axis',(-0.78045668428425,-0.625209855933217,0.));
#1891=DIRECTION('center_axis',(0.,0.,-1.));
#1892=DIRECTION('ref_axis',(1.,0.,0.));
#1893=DIRECTION('center_axis',(0.,0.,1.));
#1894=DIRECTION('ref_axis',(0.76558766061213,-0.643331589398847,0.));
#1895=DIRECTION('',(1.,-5.31245473395423E-16,0.));
#1896=DIRECTION('center_axis',(0.,0.,1.));
#1897=DIRECTION('ref_axis',(-0.999634703184158,-0.027027027027027,0.));
#1898=DIRECTION('center_axis',(0.,0.,-1.));
#1899=DIRECTION('ref_axis',(0.999634703184158,0.027027027027027,0.));
#1900=DIRECTION('',(1.,0.,0.));
#1901=DIRECTION('center_axis',(0.,0.,-1.));
#1902=DIRECTION('ref_axis',(3.94745964311168E-15,1.,0.));
#1903=DIRECTION('center_axis',(0.,0.,1.));
#1904=DIRECTION('ref_axis',(1.,9.85674482661953E-16,0.));
#1905=DIRECTION('',(-2.89826642217925E-14,1.,0.));
#1906=DIRECTION('center_axis',(0.,0.,1.));
#1907=DIRECTION('ref_axis',(0.952279628422496,-0.305226979953465,0.));
#1908=DIRECTION('center_axis',(0.,0.,-1.));
#1909=DIRECTION('ref_axis',(-0.952279628422683,0.305226979952882,0.));
#1910=DIRECTION('center_axis',(0.,0.,1.));
#1911=DIRECTION('ref_axis',(0.780456684284248,0.625209855933219,0.));
#1912=DIRECTION('center_axis',(0.,0.,-1.));
#1913=DIRECTION('ref_axis',(-1.,1.22464679914735E-16,0.));
#1914=DIRECTION('center_axis',(0.,0.,1.));
#1915=DIRECTION('ref_axis',(-0.765587660612131,0.643331589398845,0.));
#1916=DIRECTION('center_axis',(0.,0.,-1.));
#1917=DIRECTION('ref_axis',(-0.952279628422683,0.305226979952882,0.));
#1918=DIRECTION('center_axis',(0.,0.,1.));
#1919=DIRECTION('ref_axis',(1.53577349932547E-16,1.,0.));
#1920=DIRECTION('',(-1.,5.31245473395423E-16,0.));
#1921=DIRECTION('center_axis',(0.,0.,1.));
#1922=DIRECTION('ref_axis',(-1.,1.22464679914735E-16,0.));
#1923=DIRECTION('center_axis',(0.,0.,1.));
#1924=DIRECTION('ref_axis',(1.,0.,0.));
#1925=DIRECTION('center_axis',(0.,0.,-1.));
#1926=DIRECTION('ref_axis',(0.952279628422683,-0.305226979952883,0.));
#1927=DIRECTION('center_axis',(0.,0.,1.));
#1928=DIRECTION('ref_axis',(-3.07154699865094E-16,-1.,0.));
#1929=DIRECTION('',(1.,-5.31245473395423E-16,0.));
#1930=DIRECTION('center_axis',(0.,0.,-1.));
#1931=DIRECTION('ref_axis',(-1.,1.22464679914735E-16,0.));
#1932=DIRECTION('',(1.22464679914735E-16,1.,0.));
#1933=DIRECTION('center_axis',(0.,0.,-1.));
#1934=DIRECTION('ref_axis',(-0.42161130485875,0.90677665806708,0.));
#1935=DIRECTION('',(0.90677665806708,0.42161130485875,0.));
#1936=DIRECTION('center_axis',(0.,0.,-1.));
#1937=DIRECTION('ref_axis',(1.22464679914735E-16,1.,0.));
#1938=DIRECTION('',(1.,-1.22464679914735E-16,0.));
#1939=DIRECTION('center_axis',(0.,0.,-1.));
#1940=DIRECTION('ref_axis',(0.544547585153962,0.838729949091475,0.));
#1941=DIRECTION('center_axis',(0.,0.,1.));
#1942=DIRECTION('ref_axis',(-0.544547585153964,-0.838729949091474,0.));
#1943=DIRECTION('center_axis',(0.,0.,-1.));
#1944=DIRECTION('ref_axis',(-1.22464679914735E-16,-1.,0.));
#1945=DIRECTION('',(-1.,1.22464679914735E-16,0.));
#1946=DIRECTION('center_axis',(0.,0.,-1.));
#1947=DIRECTION('ref_axis',(1.,0.,0.));
#1948=DIRECTION('',(0.,-1.,0.));
#1949=DIRECTION('center_axis',(0.,0.,-1.));
#1950=DIRECTION('ref_axis',(0.42161130485875,-0.90677665806708,0.));
#1951=DIRECTION('',(-0.90677665806708,-0.42161130485875,0.));
#1952=DIRECTION('center_axis',(0.,0.,-1.));
#1953=DIRECTION('ref_axis',(0.,-1.,0.));
#1954=DIRECTION('',(-1.,0.,0.));
#1955=DIRECTION('center_axis',(0.,0.,-1.));
#1956=DIRECTION('ref_axis',(-0.544547585153962,-0.838729949091475,0.));
#1957=DIRECTION('center_axis',(0.,0.,1.));
#1958=DIRECTION('ref_axis',(0.544547585153964,0.838729949091474,0.));
#1959=DIRECTION('center_axis',(0.,0.,-1.));
#1960=DIRECTION('ref_axis',(0.,1.,0.));
#1961=DIRECTION('',(1.,0.,0.));
#1962=DIRECTION('center_axis',(0.,0.,-1.));
#1963=DIRECTION('ref_axis',(0.,1.,0.));
#1964=DIRECTION('center_axis',(0.,0.,1.));
#1965=DIRECTION('ref_axis',(-0.952279628422634,0.305226979953035,0.));
#1966=DIRECTION('center_axis',(0.,0.,-1.));
#1967=DIRECTION('ref_axis',(0.952279628422519,-0.305226979953393,0.));
#1968=DIRECTION('',(2.86320674771761E-14,-1.,0.));
#1969=DIRECTION('center_axis',(0.,0.,-1.));
#1970=DIRECTION('ref_axis',(1.,1.1043710584222E-15,0.));
#1971=DIRECTION('center_axis',(0.,0.,1.));
#1972=DIRECTION('ref_axis',(0.623345336118796,0.781946668219096,0.));
#1973=DIRECTION('center_axis',(0.,0.,-1.));
#1974=DIRECTION('ref_axis',(0.545930733182986,0.83783031370695,0.));
#1975=DIRECTION('center_axis',(0.,0.,1.));
#1976=DIRECTION('ref_axis',(-0.545930733182872,-0.837830313707025,0.));
#1977=DIRECTION('',(1.,0.,0.));
#1978=DIRECTION('center_axis',(0.,0.,1.));
#1979=DIRECTION('ref_axis',(-6.97854472621522E-15,-1.,0.));
#1980=DIRECTION('',(0.906776658067081,0.421611304858749,0.));
#1981=DIRECTION('center_axis',(0.,0.,-1.));
#1982=DIRECTION('ref_axis',(0.724010433702181,0.68978901983895,0.));
#1983=DIRECTION('center_axis',(0.,0.,1.));
#1984=DIRECTION('ref_axis',(-0.724010433702182,-0.689789019838949,0.));
#1985=DIRECTION('',(-1.,2.65622736697711E-16,0.));
#1986=DIRECTION('center_axis',(0.,0.,-1.));
#1987=DIRECTION('ref_axis',(-1.25746166370928E-16,-1.,0.));
#1988=DIRECTION('center_axis',(0.,0.,1.));
#1989=DIRECTION('ref_axis',(0.952279628422634,-0.305226979953036,0.));
#1990=DIRECTION('center_axis',(0.,0.,-1.));
#1991=DIRECTION('ref_axis',(-0.952279628422519,0.305226979953393,0.));
#1992=DIRECTION('',(-2.89826642217946E-14,1.,0.));
#1993=DIRECTION('center_axis',(0.,0.,-1.));
#1994=DIRECTION('ref_axis',(-1.,-1.1043710584222E-15,0.));
#1995=DIRECTION('center_axis',(0.,0.,1.));
#1996=DIRECTION('ref_axis',(-0.623345336105487,-0.781946668229706,0.));
#1997=DIRECTION('center_axis',(0.,-1.,0.));
#1998=DIRECTION('ref_axis',(-1.,0.,0.));
#1999=DIRECTION('',(1.,0.,0.));
#2000=DIRECTION('',(0.,0.,-1.));
#2001=DIRECTION('',(0.,0.,-1.));
#2002=DIRECTION('center_axis',(0.,0.,-1.));
#2003=DIRECTION('ref_axis',(-0.724010433702182,-0.689789019838949,0.));
#2004=DIRECTION('center_axis',(0.,0.,-1.));
#2005=DIRECTION('ref_axis',(-0.724010433702182,-0.689789019838949,0.));
#2006=DIRECTION('',(0.,0.,1.));
#2007=DIRECTION('',(0.,0.,-1.));
#2008=DIRECTION('center_axis',(0.,0.,-1.));
#2009=DIRECTION('ref_axis',(0.724010433702181,0.68978901983895,0.));
#2010=DIRECTION('center_axis',(0.,0.,1.));
#2011=DIRECTION('ref_axis',(0.724010433702181,0.68978901983895,0.));
#2012=DIRECTION('',(0.,0.,-1.));
#2013=DIRECTION('center_axis',(-0.421611304858749,0.906776658067081,0.));
#2014=DIRECTION('ref_axis',(0.906776658067081,0.421611304858749,0.));
#2015=DIRECTION('',(-0.906776658067081,-0.421611304858749,0.));
#2016=DIRECTION('',(0.,0.,-1.));
#2017=DIRECTION('center_axis',(0.,0.,-1.));
#2018=DIRECTION('ref_axis',(-6.97854472621522E-15,-1.,0.));
#2019=DIRECTION('center_axis',(0.,0.,-1.));
#2020=DIRECTION('ref_axis',(-6.97854472621522E-15,-1.,0.));
#2021=DIRECTION('center_axis',(0.,0.,-1.));
#2022=DIRECTION('ref_axis',(-0.545930733182872,-0.837830313707025,0.));
#2023=DIRECTION('center_axis',(0.,0.,-1.));
#2024=DIRECTION('ref_axis',(-0.545930733182872,-0.837830313707025,0.));
#2025=DIRECTION('',(0.,0.,-1.));
#2026=DIRECTION('center_axis',(0.,0.,-1.));
#2027=DIRECTION('ref_axis',(0.545930733182986,0.83783031370695,0.));
#2028=DIRECTION('center_axis',(0.,0.,1.));
#2029=DIRECTION('ref_axis',(0.545930733182986,0.83783031370695,0.));
#2030=DIRECTION('',(0.,0.,-1.));
#2031=DIRECTION('center_axis',(-2.65622736697711E-16,-1.,0.));
#2032=DIRECTION('ref_axis',(1.,-2.65622736697711E-16,0.));
#2033=DIRECTION('',(-1.,2.65622736697711E-16,0.));
#2034=DIRECTION('',(0.,0.,1.));
#2035=DIRECTION('center_axis',(0.,0.,1.));
#2036=DIRECTION('ref_axis',(0.623345336118796,0.781946668219096,0.));
#2037=DIRECTION('',(0.,0.,1.));
#2038=DIRECTION('center_axis',(0.,0.,1.));
#2039=DIRECTION('ref_axis',(0.623345336118796,0.781946668219096,0.));
#2040=DIRECTION('center_axis',(0.,0.,-1.));
#2041=DIRECTION('ref_axis',(0.76558766061213,-0.643331589398847,0.));
#2042=DIRECTION('',(0.,0.,-1.));
#2043=DIRECTION('center_axis',(0.,0.,-1.));
#2044=DIRECTION('ref_axis',(0.76558766061213,-0.643331589398847,0.));
#2045=DIRECTION('',(0.,0.,1.));
#2046=DIRECTION('center_axis',(0.,0.,1.));
#2047=DIRECTION('ref_axis',(-0.0908751010951818,0.995862297710352,0.));
#2048=DIRECTION('',(0.,0.,1.));
#2049=DIRECTION('center_axis',(0.,0.,1.));
#2050=DIRECTION('ref_axis',(1.,0.,0.));
#2051=DIRECTION('center_axis',(0.,0.,1.));
#2052=DIRECTION('ref_axis',(-0.78045668428425,-0.625209855933217,0.));
#2053=DIRECTION('center_axis',(0.,0.,-1.));
#2054=DIRECTION('ref_axis',(-0.78045668428425,-0.625209855933217,0.));
#2055=DIRECTION('',(0.,0.,-1.));
#2056=DIRECTION('center_axis',(0.,0.,1.));
#2057=DIRECTION('ref_axis',(0.780456684284248,0.625209855933219,0.));
#2058=DIRECTION('center_axis',(0.,0.,-1.));
#2059=DIRECTION('ref_axis',(0.780456684284248,0.625209855933219,0.));
#2060=DIRECTION('',(0.,0.,1.));
#2061=DIRECTION('',(0.,0.,-1.));
#2062=DIRECTION('center_axis',(0.,0.,1.));
#2063=DIRECTION('ref_axis',(0.0908751010951821,-0.995862297710351,0.));
#2064=DIRECTION('center_axis',(0.,0.,1.));
#2065=DIRECTION('ref_axis',(-1.,1.22464679914735E-16,0.));
#2066=DIRECTION('',(0.,0.,-1.));
#2067=DIRECTION('center_axis',(0.,0.,-1.));
#2068=DIRECTION('ref_axis',(-0.765587660612131,0.643331589398845,0.));
#2069=DIRECTION('center_axis',(0.,0.,-1.));
#2070=DIRECTION('ref_axis',(-0.765587660612131,0.643331589398845,0.));
#2071=DIRECTION('',(0.,0.,1.));
#2072=DIRECTION('center_axis',(0.,0.,1.));
#2073=DIRECTION('ref_axis',(0.234303911832256,-0.972163400308869,0.));
#2074=DIRECTION('',(0.,0.,-1.));
#2075=DIRECTION('',(0.,0.,1.));
#2076=DIRECTION('center_axis',(0.,0.,-1.));
#2077=DIRECTION('ref_axis',(-1.,1.22464679914735E-16,0.));
#2078=DIRECTION('center_axis',(0.,0.,1.));
#2079=DIRECTION('ref_axis',(1.,0.,0.));
#2080=DIRECTION('center_axis',(0.,0.,-1.));
#2081=DIRECTION('ref_axis',(-0.952279628422683,0.305226979952882,0.));
#2082=DIRECTION('center_axis',(0.,0.,1.));
#2083=DIRECTION('ref_axis',(0.952279628422496,-0.305226979953465,0.));
#2084=DIRECTION('',(-2.89826642217925E-14,1.,0.));
#2085=DIRECTION('center_axis',(0.,0.,1.));
#2086=DIRECTION('ref_axis',(1.,9.85674482661953E-16,0.));
#2087=DIRECTION('center_axis',(0.,0.,-1.));
#2088=DIRECTION('ref_axis',(3.94745964311168E-15,1.,0.));
#2089=DIRECTION('',(1.,0.,0.));
#2090=DIRECTION('center_axis',(0.,0.,-1.));
#2091=DIRECTION('ref_axis',(0.999634703184158,0.027027027027027,0.));
#2092=DIRECTION('center_axis',(0.,0.,1.));
#2093=DIRECTION('ref_axis',(-0.999634703184158,-0.027027027027027,0.));
#2094=DIRECTION('',(1.,-5.31245473395423E-16,0.));
#2095=DIRECTION('center_axis',(0.,0.,-1.));
#2096=DIRECTION('ref_axis',(0.952279628422683,-0.305226979952883,0.));
#2097=DIRECTION('center_axis',(0.,0.,1.));
#2098=DIRECTION('ref_axis',(-0.952279628422496,0.305226979953465,0.));
#2099=DIRECTION('',(2.8865798640253E-14,-1.,0.));
#2100=DIRECTION('center_axis',(0.,0.,1.));
#2101=DIRECTION('ref_axis',(-1.,-1.28137682746054E-15,0.));
#2102=DIRECTION('center_axis',(0.,0.,-1.));
#2103=DIRECTION('ref_axis',(-2.96059473233376E-15,-1.,0.));
#2104=DIRECTION('',(-1.,6.48305415839199E-16,0.));
#2105=DIRECTION('center_axis',(0.,0.,-1.));
#2106=DIRECTION('ref_axis',(-0.999634703184158,-0.027027027027027,0.));
#2107=DIRECTION('center_axis',(0.,0.,1.));
#2108=DIRECTION('ref_axis',(0.999634703184158,0.027027027027027,0.));
#2109=DIRECTION('',(-1.,5.31245473395423E-16,0.));
#2110=DIRECTION('center_axis',(0.,0.,1.));
#2111=DIRECTION('ref_axis',(-0.623345336105487,-0.781946668229706,0.));
#2112=DIRECTION('center_axis',(0.,0.,-1.));
#2113=DIRECTION('ref_axis',(-1.,-1.1043710584222E-15,0.));
#2114=DIRECTION('',(-2.89826642217946E-14,1.,0.));
#2115=DIRECTION('center_axis',(0.,0.,-1.));
#2116=DIRECTION('ref_axis',(-0.952279628422519,0.305226979953393,0.));
#2117=DIRECTION('center_axis',(0.,0.,1.));
#2118=DIRECTION('ref_axis',(0.952279628422634,-0.305226979953036,0.));
#2119=DIRECTION('center_axis',(0.,0.,-1.));
#2120=DIRECTION('ref_axis',(-1.25746166370928E-16,-1.,0.));
#2121=DIRECTION('center_axis',(0.,0.,-1.));
#2122=DIRECTION('ref_axis',(1.,1.1043710584222E-15,0.));
#2123=DIRECTION('',(2.86320674771761E-14,-1.,0.));
#2124=DIRECTION('center_axis',(0.,0.,-1.));
#2125=DIRECTION('ref_axis',(0.952279628422519,-0.305226979953393,0.));
#2126=DIRECTION('center_axis',(0.,0.,1.));
#2127=DIRECTION('ref_axis',(-0.952279628422634,0.305226979953035,0.));
#2128=DIRECTION('center_axis',(0.,0.,-1.));
#2129=DIRECTION('ref_axis',(0.,1.,0.));
#2130=DIRECTION('',(-1.,5.31245473395423E-16,0.));
#2131=DIRECTION('center_axis',(0.,0.,1.));
#2132=DIRECTION('ref_axis',(1.53577349932547E-16,1.,0.));
#2133=DIRECTION('center_axis',(0.,0.,-1.));
#2134=DIRECTION('ref_axis',(-0.952279628422683,0.305226979952882,0.));
#2135=DIRECTION('center_axis',(0.,0.,1.));
#2136=DIRECTION('ref_axis',(-1.,1.22464679914735E-16,0.));
#2137=DIRECTION('',(1.,-1.22464679914735E-16,0.));
#2138=DIRECTION('center_axis',(0.,0.,1.));
#2139=DIRECTION('ref_axis',(-1.22464679914735E-16,-1.,0.));
#2140=DIRECTION('center_axis',(0.,0.,-1.));
#2141=DIRECTION('ref_axis',(-0.544547585153964,-0.838729949091474,0.));
#2142=DIRECTION('center_axis',(0.,0.,1.));
#2143=DIRECTION('ref_axis',(0.544547585153962,0.838729949091475,0.));
#2144=DIRECTION('',(-1.,1.22464679914735E-16,0.));
#2145=DIRECTION('center_axis',(0.,0.,1.));
#2146=DIRECTION('ref_axis',(1.22464679914735E-16,1.,0.));
#2147=DIRECTION('',(-0.90677665806708,-0.42161130485875,0.));
#2148=DIRECTION('center_axis',(0.,0.,1.));
#2149=DIRECTION('ref_axis',(-0.42161130485875,0.90677665806708,0.));
#2150=DIRECTION('',(-1.22464679914735E-16,-1.,0.));
#2151=DIRECTION('center_axis',(0.,0.,1.));
#2152=DIRECTION('ref_axis',(1.,0.,0.));
#2153=DIRECTION('',(-1.,0.,0.));
#2154=DIRECTION('center_axis',(0.,0.,1.));
#2155=DIRECTION('ref_axis',(0.,1.,0.));
#2156=DIRECTION('center_axis',(0.,0.,-1.));
#2157=DIRECTION('ref_axis',(0.544547585153964,0.838729949091474,0.));
#2158=DIRECTION('center_axis',(0.,0.,1.));
#2159=DIRECTION('ref_axis',(-0.544547585153962,-0.838729949091475,0.));
#2160=DIRECTION('',(1.,0.,0.));
#2161=DIRECTION('center_axis',(0.,0.,1.));
#2162=DIRECTION('ref_axis',(0.,-1.,0.));
#2163=DIRECTION('',(0.90677665806708,0.42161130485875,0.));
#2164=DIRECTION('center_axis',(0.,0.,1.));
#2165=DIRECTION('ref_axis',(0.42161130485875,-0.90677665806708,0.));
#2166=DIRECTION('',(0.,1.,0.));
#2167=DIRECTION('',(1.,-5.31245473395423E-16,0.));
#2168=DIRECTION('center_axis',(0.,0.,1.));
#2169=DIRECTION('ref_axis',(-3.07154699865094E-16,-1.,0.));
#2170=DIRECTION('center_axis',(0.,0.,-1.));
#2171=DIRECTION('ref_axis',(0.952279628422683,-0.305226979952883,0.));
#2172=DIRECTION('center_axis',(0.,0.,-1.));
#2173=DIRECTION('ref_axis',(1.,0.,0.));
#2174=DIRECTION('center_axis',(0.,0.,1.));
#2175=DIRECTION('ref_axis',(-0.952279628422683,0.305226979952882,0.));
#2176=DIRECTION('',(0.,0.,1.));
#2177=DIRECTION('center_axis',(0.,0.,1.));
#2178=DIRECTION('ref_axis',(-0.952279628422683,0.305226979952882,0.));
#2179=DIRECTION('',(0.,0.,1.));
#2180=DIRECTION('center_axis',(-5.31245473395423E-16,-1.,0.));
#2181=DIRECTION('ref_axis',(1.,-5.31245473395423E-16,0.));
#2182=DIRECTION('',(0.,0.,1.));
#2183=DIRECTION('center_axis',(0.,0.,1.));
#2184=DIRECTION('ref_axis',(-0.234303911832253,0.97216340030887,0.));
#2185=DIRECTION('',(0.,0.,1.));
#2186=DIRECTION('',(0.,0.,-1.));
#2187=DIRECTION('center_axis',(5.31245473395423E-16,1.,0.));
#2188=DIRECTION('ref_axis',(-1.,5.31245473395423E-16,0.));
#2189=DIRECTION('',(0.,0.,1.));
#2190=DIRECTION('center_axis',(0.,0.,1.));
#2191=DIRECTION('ref_axis',(0.952279628422683,-0.305226979952883,0.));
#2192=DIRECTION('',(0.,0.,1.));
#2193=DIRECTION('center_axis',(0.,0.,1.));
#2194=DIRECTION('ref_axis',(0.952279628422683,-0.305226979952883,0.));
#2195=DIRECTION('',(0.,0.,1.));
#2196=DIRECTION('center_axis',(0.,0.,1.));
#2197=DIRECTION('ref_axis',(0.952279628422634,-0.305226979953036,0.));
#2198=DIRECTION('',(0.,0.,1.));
#2199=DIRECTION('',(0.,0.,1.));
#2200=DIRECTION('center_axis',(0.,0.,-1.));
#2201=DIRECTION('ref_axis',(-1.,1.22464679914735E-16,0.));
#2202=DIRECTION('',(0.,0.,-1.));
#2203=DIRECTION('',(0.,0.,-1.));
#2204=DIRECTION('center_axis',(-1.22464679914735E-16,-1.,0.));
#2205=DIRECTION('ref_axis',(-1.,1.22464679914735E-16,0.));
#2206=DIRECTION('',(0.,0.,-1.));
#2207=DIRECTION('center_axis',(0.,0.,-1.));
#2208=DIRECTION('ref_axis',(-1.22464679914735E-16,-1.,0.));
#2209=DIRECTION('',(0.,0.,-1.));
#2210=DIRECTION('center_axis',(0.,0.,-1.));
#2211=DIRECTION('ref_axis',(-0.544547585153964,-0.838729949091474,0.));
#2212=DIRECTION('',(0.,0.,-1.));
#2213=DIRECTION('center_axis',(0.,0.,-1.));
#2214=DIRECTION('ref_axis',(0.544547585153962,0.838729949091475,0.));
#2215=DIRECTION('',(0.,0.,-1.));
#2216=DIRECTION('center_axis',(1.22464679914735E-16,1.,0.));
#2217=DIRECTION('ref_axis',(1.,-1.22464679914735E-16,0.));
#2218=DIRECTION('',(0.,0.,-1.));
#2219=DIRECTION('center_axis',(0.,0.,-1.));
#2220=DIRECTION('ref_axis',(1.22464679914735E-16,1.,0.));
#2221=DIRECTION('',(0.,0.,-1.));
#2222=DIRECTION('center_axis',(-0.42161130485875,0.90677665806708,0.));
#2223=DIRECTION('ref_axis',(0.90677665806708,0.42161130485875,0.));
#2224=DIRECTION('',(0.,0.,-1.));
#2225=DIRECTION('center_axis',(0.,0.,-1.));
#2226=DIRECTION('ref_axis',(-0.42161130485875,0.90677665806708,0.));
#2227=DIRECTION('',(0.,0.,-1.));
#2228=DIRECTION('center_axis',(-1.,1.22464679914735E-16,0.));
#2229=DIRECTION('ref_axis',(1.22464679914735E-16,1.,0.));
#2230=DIRECTION('center_axis',(0.,0.,-1.));
#2231=DIRECTION('ref_axis',(1.,0.,0.));
#2232=DIRECTION('',(0.,0.,-1.));
#2233=DIRECTION('',(0.,0.,-1.));
#2234=DIRECTION('center_axis',(0.,1.,0.));
#2235=DIRECTION('ref_axis',(1.,0.,0.));
#2236=DIRECTION('',(0.,0.,-1.));
#2237=DIRECTION('center_axis',(0.,0.,-1.));
#2238=DIRECTION('ref_axis',(0.,1.,0.));
#2239=DIRECTION('',(0.,0.,-1.));
#2240=DIRECTION('center_axis',(0.,0.,-1.));
#2241=DIRECTION('ref_axis',(0.544547585153964,0.838729949091474,0.));
#2242=DIRECTION('',(0.,0.,-1.));
#2243=DIRECTION('center_axis',(0.,0.,-1.));
#2244=DIRECTION('ref_axis',(-0.544547585153962,-0.838729949091475,0.));
#2245=DIRECTION('',(0.,0.,-1.));
#2246=DIRECTION('center_axis',(0.,-1.,0.));
#2247=DIRECTION('ref_axis',(-1.,0.,0.));
#2248=DIRECTION('',(0.,0.,-1.));
#2249=DIRECTION('center_axis',(0.,0.,-1.));
#2250=DIRECTION('ref_axis',(0.,-1.,0.));
#2251=DIRECTION('',(0.,0.,-1.));
#2252=DIRECTION('center_axis',(0.42161130485875,-0.90677665806708,0.));
#2253=DIRECTION('ref_axis',(-0.90677665806708,-0.42161130485875,0.));
#2254=DIRECTION('',(0.,0.,-1.));
#2255=DIRECTION('center_axis',(0.,0.,-1.));
#2256=DIRECTION('ref_axis',(0.42161130485875,-0.90677665806708,0.));
#2257=DIRECTION('',(0.,0.,-1.));
#2258=DIRECTION('center_axis',(1.,0.,0.));
#2259=DIRECTION('ref_axis',(0.,-1.,0.));
#2260=DIRECTION('center_axis',(0.,0.,1.));
#2261=DIRECTION('ref_axis',(-0.623345336105487,-0.781946668229706,0.));
#2262=DIRECTION('',(0.,0.,1.));
#2263=DIRECTION('center_axis',(0.,0.,1.));
#2264=DIRECTION('ref_axis',(-1.,-1.1043710584222E-15,0.));
#2265=DIRECTION('',(0.,0.,1.));
#2266=DIRECTION('center_axis',(-1.,-2.89826642217946E-14,0.));
#2267=DIRECTION('ref_axis',(2.89826642217946E-14,-1.,0.));
#2268=DIRECTION('',(0.,0.,1.));
#2269=DIRECTION('center_axis',(0.,0.,1.));
#2270=DIRECTION('ref_axis',(-0.952279628422519,0.305226979953393,0.));
#2271=DIRECTION('center_axis',(0.,0.,1.));
#2272=DIRECTION('ref_axis',(-1.25746166370928E-16,-1.,0.));
#2273=DIRECTION('center_axis',(0.,0.,1.));
#2274=DIRECTION('ref_axis',(1.,1.1043710584222E-15,0.));
#2275=DIRECTION('',(0.,0.,1.));
#2276=DIRECTION('center_axis',(1.,2.86320674771761E-14,0.));
#2277=DIRECTION('ref_axis',(-2.86320674771761E-14,1.,0.));
#2278=DIRECTION('',(0.,0.,1.));
#2279=DIRECTION('center_axis',(0.,0.,1.));
#2280=DIRECTION('ref_axis',(0.952279628422519,-0.305226979953393,0.));
#2281=DIRECTION('',(0.,0.,1.));
#2282=DIRECTION('center_axis',(0.,0.,1.));
#2283=DIRECTION('ref_axis',(-0.952279628422634,0.305226979953035,0.));
#2284=DIRECTION('',(0.,0.,1.));
#2285=DIRECTION('center_axis',(0.,0.,1.));
#2286=DIRECTION('ref_axis',(0.,1.,0.));
#2287=DIRECTION('center_axis',(0.,0.,1.));
#2288=DIRECTION('ref_axis',(-0.952279628422496,0.305226979953465,0.));
#2289=DIRECTION('',(0.,0.,1.));
#2290=DIRECTION('center_axis',(1.,2.8865798640253E-14,0.));
#2291=DIRECTION('ref_axis',(-2.8865798640253E-14,1.,0.));
#2292=DIRECTION('',(0.,0.,1.));
#2293=DIRECTION('center_axis',(0.,0.,1.));
#2294=DIRECTION('ref_axis',(-1.,-1.28137682746054E-15,0.));
#2295=DIRECTION('',(0.,0.,1.));
#2296=DIRECTION('center_axis',(0.,0.,1.));
#2297=DIRECTION('ref_axis',(-2.96059473233376E-15,-1.,0.));
#2298=DIRECTION('',(0.,0.,1.));
#2299=DIRECTION('center_axis',(-6.48305415839199E-16,-1.,0.));
#2300=DIRECTION('ref_axis',(1.,-6.48305415839199E-16,0.));
#2301=DIRECTION('',(0.,0.,1.));
#2302=DIRECTION('center_axis',(0.,0.,1.));
#2303=DIRECTION('ref_axis',(-0.999634703184158,-0.027027027027027,0.));
#2304=DIRECTION('',(0.,0.,1.));
#2305=DIRECTION('center_axis',(0.,0.,1.));
#2306=DIRECTION('ref_axis',(0.999634703184158,0.027027027027027,0.));
#2307=DIRECTION('',(0.,0.,1.));
#2308=DIRECTION('center_axis',(-5.31245473395423E-16,-1.,0.));
#2309=DIRECTION('ref_axis',(1.,-5.31245473395423E-16,0.));
#2310=DIRECTION('center_axis',(0.,0.,1.));
#2311=DIRECTION('ref_axis',(1.53577349932547E-16,1.,0.));
#2312=DIRECTION('center_axis',(0.,0.,1.));
#2313=DIRECTION('ref_axis',(0.952279628422496,-0.305226979953465,0.));
#2314=DIRECTION('',(0.,0.,1.));
#2315=DIRECTION('center_axis',(-1.,-2.89826642217925E-14,0.));
#2316=DIRECTION('ref_axis',(2.89826642217925E-14,-1.,0.));
#2317=DIRECTION('',(0.,0.,1.));
#2318=DIRECTION('center_axis',(0.,0.,1.));
#2319=DIRECTION('ref_axis',(1.,9.85674482661953E-16,0.));
#2320=DIRECTION('',(0.,0.,1.));
#2321=DIRECTION('center_axis',(0.,0.,1.));
#2322=DIRECTION('ref_axis',(3.94745964311168E-15,1.,0.));
#2323=DIRECTION('',(0.,0.,1.));
#2324=DIRECTION('center_axis',(0.,1.,0.));
#2325=DIRECTION('ref_axis',(-1.,0.,0.));
#2326=DIRECTION('',(0.,0.,1.));
#2327=DIRECTION('center_axis',(0.,0.,1.));
#2328=DIRECTION('ref_axis',(0.999634703184158,0.027027027027027,0.));
#2329=DIRECTION('',(0.,0.,1.));
#2330=DIRECTION('center_axis',(0.,0.,1.));
#2331=DIRECTION('ref_axis',(-0.999634703184158,-0.027027027027027,0.));
#2332=DIRECTION('center_axis',(5.31245473395423E-16,1.,0.));
#2333=DIRECTION('ref_axis',(-1.,5.31245473395423E-16,0.));
#2334=DIRECTION('',(0.,0.,1.));
#2335=DIRECTION('center_axis',(0.,0.,1.));
#2336=DIRECTION('ref_axis',(-3.07154699865094E-16,-1.,0.));
#2337=CARTESIAN_POINT('',(0.,0.,0.));
#2338=CARTESIAN_POINT('Origin',(10.1999997273088,-16.,3.81));
#2339=CARTESIAN_POINT('',(11.1999997273088,-15.9999999999999,3.429));
#2340=CARTESIAN_POINT('',(10.1999997273088,-16.,3.429));
#2341=CARTESIAN_POINT('',(10.4859878297596,-16.,3.429));
#2342=CARTESIAN_POINT('',(10.1999997273088,-16.,3.81));
#2343=CARTESIAN_POINT('',(10.1999997273088,-16.,3.81));
#2344=CARTESIAN_POINT('',(11.1999997273088,-15.9999999999999,3.81));
#2345=CARTESIAN_POINT('',(11.1999997273088,-16.,3.81));
#2346=CARTESIAN_POINT('',(11.1999997273088,-15.9999999999999,3.81));
#2347=CARTESIAN_POINT('Origin',(-0.397296803562787,-20.,3.81));
#2348=CARTESIAN_POINT('',(-0.397296803562788,-16.3,3.429));
#2349=CARTESIAN_POINT('',(2.28154180113529,-17.4477806265959,3.429));
#2350=CARTESIAN_POINT('Origin',(-0.397296803562787,-20.,3.429));
#2351=CARTESIAN_POINT('',(-0.397296803562788,-16.3,3.81));
#2352=CARTESIAN_POINT('',(-0.397296803562786,-16.3,3.81));
#2353=CARTESIAN_POINT('',(2.28154180113529,-17.4477806265959,3.81));
#2354=CARTESIAN_POINT('Origin',(-0.397296803562787,-20.,3.81));
#2355=CARTESIAN_POINT('',(2.28154180113529,-17.4477806265959,3.81));
#2356=CARTESIAN_POINT('Origin',(4.09156788539075,-15.7233080769985,3.81));
#2357=CARTESIAN_POINT('',(5.14559614753762,-17.9902497221662,3.429));
#2358=CARTESIAN_POINT('Origin',(4.09156788539075,-15.7233080769985,3.429));
#2359=CARTESIAN_POINT('',(5.14559614753762,-17.9902497221662,3.81));
#2360=CARTESIAN_POINT('Origin',(4.09156788539075,-15.7233080769985,3.81));
#2361=CARTESIAN_POINT('',(5.14559614753762,-17.9902497221662,3.81));
#2362=CARTESIAN_POINT('Origin',(8.72436016030312,-16.3262816967652,3.81));
#2363=CARTESIAN_POINT('',(8.72436016030312,-16.3262816967652,3.429));
#2364=CARTESIAN_POINT('',(8.25841242129983,-16.5429269230064,3.429));
#2365=CARTESIAN_POINT('',(8.72436016030312,-16.3262816967652,3.81));
#2366=CARTESIAN_POINT('',(8.25841242129983,-16.5429269230064,3.81));
#2367=CARTESIAN_POINT('',(8.72436016030312,-16.3262816967652,3.81));
#2368=CARTESIAN_POINT('Origin',(10.1999997273088,-19.5,3.81));
#2369=CARTESIAN_POINT('Origin',(10.1999997273088,-19.5,3.429));
#2370=CARTESIAN_POINT('Origin',(10.1999997273088,-19.5,3.81));
#2371=CARTESIAN_POINT('Origin',(11.1999997273088,-20.1225762235824,3.81));
#2372=CARTESIAN_POINT('',(13.4506407876514,-16.6685568928972,3.429));
#2373=CARTESIAN_POINT('Origin',(11.1999997273088,-20.1225762235824,3.429));
#2374=CARTESIAN_POINT('',(13.4506407876514,-16.6685568928972,3.81));
#2375=CARTESIAN_POINT('Origin',(11.1999997273088,-20.1225762235824,3.81));
#2376=CARTESIAN_POINT('',(13.4506407876514,-16.6685568928972,3.81));
#2377=CARTESIAN_POINT('Origin',(14.8141558771402,-14.5759942183066,3.81));
#2378=CARTESIAN_POINT('',(14.8141558629637,-17.073591452921,3.429));
#2379=CARTESIAN_POINT('Origin',(14.8141558771402,-14.5759942183066,3.429));
#2380=CARTESIAN_POINT('',(14.8141558629637,-17.073591452921,3.81));
#2381=CARTESIAN_POINT('Origin',(14.8141558771402,-14.5759942183066,3.81));
#2382=CARTESIAN_POINT('',(14.8141558629637,-17.073591452921,3.81));
#2383=CARTESIAN_POINT('Origin',(12.6027031964372,-16.3,3.429));
#2384=CARTESIAN_POINT('',(-8.75669433426915,-16.3,3.429));
#2385=CARTESIAN_POINT('',(6.3013515982186,-16.3,3.429));
#2386=CARTESIAN_POINT('',(-8.75669433426915,-16.3,3.81));
#2387=CARTESIAN_POINT('',(-8.75669433426915,-16.3,3.429));
#2388=CARTESIAN_POINT('',(6.3013515982186,-16.3,3.81));
#2389=CARTESIAN_POINT('Origin',(-2.22044604925031E-15,0.,3.81));
#2390=CARTESIAN_POINT('',(-4.85309570780597,-18.1,3.81));
#2391=CARTESIAN_POINT('',(-0.397296803562793,-18.1,3.81));
#2392=CARTESIAN_POINT('',(-4.37834716713458,-18.1,3.81));
#2393=CARTESIAN_POINT('',(1.50200913248712,-19.9486486486486,3.81));
#2394=CARTESIAN_POINT('Origin',(-0.397296803562788,-20.,3.81));
#2395=CARTESIAN_POINT('',(6.99999999999998,-25.3,3.81));
#2396=CARTESIAN_POINT('Origin',(6.99999999999999,-19.8,3.81));
#2397=CARTESIAN_POINT('',(13.8500000000032,-25.3,3.81));
#2398=CARTESIAN_POINT('',(3.49999999999998,-25.3,3.81));
#2399=CARTESIAN_POINT('',(19.11597627187,-18.2127086265793,3.81));
#2400=CARTESIAN_POINT('Origin',(13.8500000000032,-19.8,3.81));
#2401=CARTESIAN_POINT('',(18.2,-12.,3.81));
#2402=CARTESIAN_POINT('Origin',(39.7271739129706,-12.,3.81));
#2403=CARTESIAN_POINT('',(18.1999999999995,7.0000000000007,3.81));
#2404=CARTESIAN_POINT('',(18.1999999999998,-5.99999999999973,3.81));
#2405=CARTESIAN_POINT('',(18.9875379563211,12.0372162676131,3.81));
#2406=CARTESIAN_POINT('Origin',(34.7031815614083,6.99999999999999,3.81));
#2407=CARTESIAN_POINT('',(14.9979022561131,19.0725251171264,3.81));
#2408=CARTESIAN_POINT('Origin',(13.7499999999948,13.7159646573544,3.81));
#2409=CARTESIAN_POINT('',(14.2248330825064,20.0375562954255,3.81));
#2410=CARTESIAN_POINT('Origin',(15.2247935754073,20.046445200721,3.81));
#2411=CARTESIAN_POINT('',(5.83814916085746,19.2722489321631,3.81));
#2412=CARTESIAN_POINT('Origin',(10.,20.0000006705523,3.81));
#2413=CARTESIAN_POINT('',(4.85309570780597,18.1,3.81));
#2414=CARTESIAN_POINT('Origin',(4.85309570780597,19.1,3.81));
#2415=CARTESIAN_POINT('',(0.39729680356279,18.1,3.81));
#2416=CARTESIAN_POINT('',(4.37834716713458,18.1,3.81));
#2417=CARTESIAN_POINT('',(-1.50200913248713,19.9486486486486,3.81));
#2418=CARTESIAN_POINT('Origin',(0.397296803562786,20.,3.81));
#2419=CARTESIAN_POINT('',(-6.99999999999998,25.3,3.81));
#2420=CARTESIAN_POINT('Origin',(-6.99999999999999,19.8,3.81));
#2421=CARTESIAN_POINT('',(-13.8500000000032,25.3,3.81));
#2422=CARTESIAN_POINT('',(-3.49999999999999,25.3,3.81));
#2423=CARTESIAN_POINT('',(-19.11597627187,18.2127086265793,3.81));
#2424=CARTESIAN_POINT('Origin',(-13.8500000000033,19.8,3.81));
#2425=CARTESIAN_POINT('',(-18.2,12.,3.81));
#2426=CARTESIAN_POINT('Origin',(-39.7271739129706,12.,3.81));
#2427=CARTESIAN_POINT('',(-18.1999999999995,-7.00000000000069,3.81));
#2428=CARTESIAN_POINT('',(-18.1999999999998,5.99999999999973,3.81));
#2429=CARTESIAN_POINT('',(-18.9875379563209,-12.0372162676125,3.81));
#2430=CARTESIAN_POINT('Origin',(-34.7031815614083,-6.99999999999999,3.81));
#2431=CARTESIAN_POINT('',(-14.9979022561131,-19.0725251171264,3.81));
#2432=CARTESIAN_POINT('Origin',(-13.7499999999948,-13.7159646573544,3.81));
#2433=CARTESIAN_POINT('',(-14.2248330825064,-20.0375562954255,3.81));
#2434=CARTESIAN_POINT('Origin',(-15.2247935754073,-20.046445200721,3.81));
#2435=CARTESIAN_POINT('',(-5.83814916085746,-19.2722489321631,3.81));
#2436=CARTESIAN_POINT('Origin',(-10.,-20.0000006705523,3.81));
#2437=CARTESIAN_POINT('Origin',(-4.85309570780597,-19.1,3.81));
#2438=CARTESIAN_POINT('',(-12.2069811831508,-18.9950832325413,3.81));
#2439=CARTESIAN_POINT('',(-11.4085392881391,-18.6926665506622,3.81));
#2440=CARTESIAN_POINT('Origin',(-13.7499999999948,-13.7159646573544,3.81));
#2441=CARTESIAN_POINT('',(-8.75669433426915,-18.1,3.81));
#2442=CARTESIAN_POINT('Origin',(-8.75669433426915,-24.3290804933981,3.81));
#2443=CARTESIAN_POINT('',(-8.49314152890827,-18.1,3.81));
#2444=CARTESIAN_POINT('',(-4.37834716713458,-18.1,3.81));
#2445=CARTESIAN_POINT('Origin',(-10.,-20.0000006705523,3.81));
#2446=CARTESIAN_POINT('',(12.2069811831507,18.9950832325412,3.81));
#2447=CARTESIAN_POINT('',(8.49314152890826,18.1,3.81));
#2448=CARTESIAN_POINT('Origin',(10.,20.0000006705523,3.81));
#2449=CARTESIAN_POINT('',(11.4085392881389,18.6926665506621,3.81));
#2450=CARTESIAN_POINT('Origin',(13.7499999999948,13.7159646573544,3.81));
#2451=CARTESIAN_POINT('',(8.75669433426914,18.1,3.81));
#2452=CARTESIAN_POINT('Origin',(8.75669433426915,24.3290804933981,3.81));
#2453=CARTESIAN_POINT('',(4.37834716713458,18.1,3.81));
#2454=CARTESIAN_POINT('',(7.50855467455542,-21.9,3.81));
#2455=CARTESIAN_POINT('',(6.00855467455542,-20.4,3.81));
#2456=CARTESIAN_POINT('Origin',(7.50855467455542,-20.4,3.81));
#2457=CARTESIAN_POINT('',(6.00855467455542,-20.2,3.81));
#2458=CARTESIAN_POINT('',(6.00855467455542,-10.2,3.81));
#2459=CARTESIAN_POINT('',(6.87613771726729,-18.8398350128994,3.81));
#2460=CARTESIAN_POINT('Origin',(7.50855467455542,-20.2,3.81));
#2461=CARTESIAN_POINT('',(9.35677711759125,-17.6864466838658,3.81));
#2462=CARTESIAN_POINT('',(7.65050967842599,-18.4797860746238,3.81));
#2463=CARTESIAN_POINT('',(10.1999997273087,-17.5,3.81));
#2464=CARTESIAN_POINT('Origin',(10.1999997273087,-19.5,3.81));
#2465=CARTESIAN_POINT('',(12.1999997273088,-17.5,3.81));
#2466=CARTESIAN_POINT('',(5.09999986365437,-17.5,3.81));
#2467=CARTESIAN_POINT('',(13.1801853805859,-17.7902860916353,3.81));
#2468=CARTESIAN_POINT('Origin',(12.1999997273087,-19.3,3.81));
#2469=CARTESIAN_POINT('',(13.6245643315071,-18.0283116636125,3.81));
#2470=CARTESIAN_POINT('Origin',(14.8141558731806,-15.273591452941,3.81));
#2471=CARTESIAN_POINT('',(12.8243089076243,-21.9,3.81));
#2472=CARTESIAN_POINT('Origin',(12.8243089076243,-19.8814517647672,3.81));
#2473=CARTESIAN_POINT('',(6.41215445381216,-21.9,3.81));
#2474=CARTESIAN_POINT('',(-7.50855467455542,21.9,3.81));
#2475=CARTESIAN_POINT('',(-6.00855467455542,20.4,3.81));
#2476=CARTESIAN_POINT('Origin',(-7.50855467455542,20.4,3.81));
#2477=CARTESIAN_POINT('',(-6.00855467455542,20.2,3.81));
#2478=CARTESIAN_POINT('',(-6.00855467455542,10.2,3.81));
#2479=CARTESIAN_POINT('',(-6.8761377172673,18.8398350128994,3.81));
#2480=CARTESIAN_POINT('Origin',(-7.50855467455542,20.2,3.81));
#2481=CARTESIAN_POINT('',(-9.35677711759125,17.6864466838658,3.81));
#2482=CARTESIAN_POINT('',(-7.65050967842599,18.4797860746238,3.81));
#2483=CARTESIAN_POINT('',(-10.1999997273088,17.5,3.81));
#2484=CARTESIAN_POINT('Origin',(-10.1999997273088,19.5,3.81));
#2485=CARTESIAN_POINT('',(-12.1999997273088,17.5,3.81));
#2486=CARTESIAN_POINT('',(-5.09999986365438,17.5,3.81));
#2487=CARTESIAN_POINT('',(-13.1801853805859,17.7902860916353,3.81));
#2488=CARTESIAN_POINT('Origin',(-12.1999997273088,19.3,3.81));
#2489=CARTESIAN_POINT('',(-13.6245643315072,18.0283116636125,3.81));
#2490=CARTESIAN_POINT('Origin',(-14.8141558731806,15.273591452941,3.81));
#2491=CARTESIAN_POINT('',(-12.8243089076243,21.9,3.81));
#2492=CARTESIAN_POINT('Origin',(-12.8243089076243,19.8814517647672,3.81));
#2493=CARTESIAN_POINT('',(-6.41215445381216,21.9,3.81));
#2494=CARTESIAN_POINT('',(-12.1748355211104,-17.0639277492168,3.81));
#2495=CARTESIAN_POINT('Origin',(-8.75669433426915,-24.3290804933981,3.81));
#2496=CARTESIAN_POINT('',(-17.27343462516,-12.5866248315274,3.81));
#2497=CARTESIAN_POINT('Origin',(-13.7499999999948,-13.7159646573544,3.81));
#2498=CARTESIAN_POINT('',(-16.3999999999995,-6.99999999999932,3.81));
#2499=CARTESIAN_POINT('Origin',(-34.7031815614083,-6.99999999999999,3.81));
#2500=CARTESIAN_POINT('',(-16.4,12.,3.81));
#2501=CARTESIAN_POINT('',(-16.3999999999996,-3.49999999999989,3.81));
#2502=CARTESIAN_POINT('',(-16.5988146902238,15.0390857884503,3.81));
#2503=CARTESIAN_POINT('Origin',(-39.7271739129706,12.,3.81));
#2504=CARTESIAN_POINT('',(-14.8141558629637,17.073591452921,3.81));
#2505=CARTESIAN_POINT('Origin',(-14.8141558731806,15.2735914529409,3.81));
#2506=CARTESIAN_POINT('',(-13.4506407876514,16.6685568928972,3.81));
#2507=CARTESIAN_POINT('Origin',(-14.8141558771402,14.5759942183066,3.81));
#2508=CARTESIAN_POINT('',(-11.1999997273088,15.9999999999999,3.81));
#2509=CARTESIAN_POINT('Origin',(-11.1999997273088,20.1225762235824,3.81));
#2510=CARTESIAN_POINT('',(-10.1999997273088,16.,3.81));
#2511=CARTESIAN_POINT('',(-11.1999997273088,16.,3.81));
#2512=CARTESIAN_POINT('',(-8.72436016030312,16.3262816967652,3.81));
#2513=CARTESIAN_POINT('Origin',(-10.1999997273088,19.5,3.81));
#2514=CARTESIAN_POINT('',(-5.14559614753762,17.9902497221662,3.81));
#2515=CARTESIAN_POINT('',(-8.25841242129983,16.5429269230064,3.81));
#2516=CARTESIAN_POINT('',(-2.28154180113529,17.4477806265959,3.81));
#2517=CARTESIAN_POINT('Origin',(-4.09156788539075,15.7233080769985,3.81));
#2518=CARTESIAN_POINT('',(0.397296803562786,16.3,3.81));
#2519=CARTESIAN_POINT('Origin',(0.397296803562785,20.,3.81));
#2520=CARTESIAN_POINT('',(8.75669433426915,16.3,3.81));
#2521=CARTESIAN_POINT('',(-6.3013515982186,16.3,3.81));
#2522=CARTESIAN_POINT('',(12.1748355211101,17.0639277492166,3.81));
#2523=CARTESIAN_POINT('Origin',(8.75669433426915,24.3290804933981,3.81));
#2524=CARTESIAN_POINT('',(17.2734346251601,12.5866248315277,3.81));
#2525=CARTESIAN_POINT('Origin',(13.7499999999948,13.7159646573544,3.81));
#2526=CARTESIAN_POINT('',(16.3999999999995,6.9999999999993,3.81));
#2527=CARTESIAN_POINT('Origin',(34.7031815614083,6.99999999999999,3.81));
#2528=CARTESIAN_POINT('',(16.4,-12.,3.81));
#2529=CARTESIAN_POINT('',(16.3999999999995,3.49999999999989,3.81));
#2530=CARTESIAN_POINT('',(16.598814690245,-15.0390857884475,3.81));
#2531=CARTESIAN_POINT('Origin',(39.7271739129706,-12.,3.81));
#2532=CARTESIAN_POINT('Origin',(14.8141558731806,-15.273591452941,3.81));
#2533=CARTESIAN_POINT('Origin',(-10.1999997273088,16.,3.81));
#2534=CARTESIAN_POINT('',(-11.1999997273088,15.9999999999999,3.429));
#2535=CARTESIAN_POINT('',(-10.1999997273088,16.,3.429));
#2536=CARTESIAN_POINT('',(-10.4859878297596,16.,3.429));
#2537=CARTESIAN_POINT('',(-10.1999997273088,16.,3.81));
#2538=CARTESIAN_POINT('',(-11.1999997273088,15.9999999999999,3.81));
#2539=CARTESIAN_POINT('Origin',(0.397296803562785,20.,3.81));
#2540=CARTESIAN_POINT('',(0.397296803562786,16.3,3.429));
#2541=CARTESIAN_POINT('',(-2.28154180113529,17.4477806265959,3.429));
#2542=CARTESIAN_POINT('Origin',(0.397296803562785,20.,3.429));
#2543=CARTESIAN_POINT('',(0.397296803562784,16.3,3.81));
#2544=CARTESIAN_POINT('',(-2.28154180113529,17.4477806265959,3.81));
#2545=CARTESIAN_POINT('Origin',(-4.09156788539075,15.7233080769985,3.81));
#2546=CARTESIAN_POINT('',(-5.14559614753762,17.9902497221662,3.429));
#2547=CARTESIAN_POINT('Origin',(-4.09156788539075,15.7233080769985,3.429));
#2548=CARTESIAN_POINT('',(-5.14559614753762,17.9902497221662,3.81));
#2549=CARTESIAN_POINT('Origin',(-8.72436016030312,16.3262816967652,3.81));
#2550=CARTESIAN_POINT('',(-8.72436016030312,16.3262816967652,3.429));
#2551=CARTESIAN_POINT('',(-8.25841242129983,16.5429269230064,3.429));
#2552=CARTESIAN_POINT('',(-8.72436016030312,16.3262816967652,3.81));
#2553=CARTESIAN_POINT('Origin',(-10.1999997273088,19.5,3.81));
#2554=CARTESIAN_POINT('Origin',(-10.1999997273088,19.5,3.429));
#2555=CARTESIAN_POINT('Origin',(-11.1999997273088,20.1225762235824,3.81));
#2556=CARTESIAN_POINT('',(-13.4506407876514,16.6685568928972,3.429));
#2557=CARTESIAN_POINT('Origin',(-11.1999997273088,20.1225762235824,3.429));
#2558=CARTESIAN_POINT('',(-13.4506407876514,16.6685568928972,3.81));
#2559=CARTESIAN_POINT('Origin',(-14.8141558771402,14.5759942183066,3.81));
#2560=CARTESIAN_POINT('',(-14.8141558629637,17.073591452921,3.429));
#2561=CARTESIAN_POINT('Origin',(-14.8141558771402,14.5759942183066,3.429));
#2562=CARTESIAN_POINT('',(-14.8141558629637,17.073591452921,3.81));
#2563=CARTESIAN_POINT('Origin',(-12.6027031964372,16.3,3.429));
#2564=CARTESIAN_POINT('',(8.75669433426915,16.3,3.429));
#2565=CARTESIAN_POINT('',(-6.3013515982186,16.3,3.429));
#2566=CARTESIAN_POINT('',(8.75669433426915,16.3,3.429));
#2567=CARTESIAN_POINT('Origin',(-14.8141558731806,15.2735914529409,3.429));
#2568=CARTESIAN_POINT('',(-16.5988146902238,15.0390857884503,3.429));
#2569=CARTESIAN_POINT('',(-16.5988146902238,15.0390857884503,3.429));
#2570=CARTESIAN_POINT('Origin',(-14.8141558731806,15.2735914529409,3.429));
#2571=CARTESIAN_POINT('Origin',(4.85309570780597,19.1,3.429));
#2572=CARTESIAN_POINT('',(5.83814916085746,19.2722489321631,3.429));
#2573=CARTESIAN_POINT('',(5.83814916085746,19.2722489321631,3.429));
#2574=CARTESIAN_POINT('',(4.85309570780597,18.1,3.429));
#2575=CARTESIAN_POINT('Origin',(4.85309570780597,19.1,3.429));
#2576=CARTESIAN_POINT('',(4.85309570780597,18.1,3.429));
#2577=CARTESIAN_POINT('Origin',(10.,20.0000006705523,3.429));
#2578=CARTESIAN_POINT('',(14.2248330825064,20.0375562954255,3.429));
#2579=CARTESIAN_POINT('',(14.2248330825064,20.0375562954255,3.429));
#2580=CARTESIAN_POINT('Origin',(10.,20.0000006705523,3.429));
#2581=CARTESIAN_POINT('Origin',(15.2247935754073,20.046445200721,3.429));
#2582=CARTESIAN_POINT('',(14.9979022561131,19.0725251171264,3.429));
#2583=CARTESIAN_POINT('Origin',(15.2247935754073,20.046445200721,3.429));
#2584=CARTESIAN_POINT('',(14.9979022561131,19.0725251171264,3.429));
#2585=CARTESIAN_POINT('Origin',(-15.2247935754073,-20.046445200721,3.429));
#2586=CARTESIAN_POINT('',(-14.9979022561131,-19.0725251171264,3.429));
#2587=CARTESIAN_POINT('',(-14.2248330825064,-20.0375562954255,3.429));
#2588=CARTESIAN_POINT('Origin',(-15.2247935754073,-20.046445200721,3.429));
#2589=CARTESIAN_POINT('',(-14.2248330825064,-20.0375562954255,3.429));
#2590=CARTESIAN_POINT('',(-14.9979022561131,-19.0725251171264,3.429));
#2591=CARTESIAN_POINT('Origin',(-10.,-20.0000006705523,3.429));
#2592=CARTESIAN_POINT('',(-5.83814916085746,-19.2722489321631,3.429));
#2593=CARTESIAN_POINT('Origin',(-10.,-20.0000006705523,3.429));
#2594=CARTESIAN_POINT('',(-5.83814916085746,-19.2722489321631,3.429));
#2595=CARTESIAN_POINT('Origin',(-4.85309570780597,-19.1,3.429));
#2596=CARTESIAN_POINT('',(-4.85309570780597,-18.1,3.429));
#2597=CARTESIAN_POINT('Origin',(-4.85309570780597,-19.1,3.429));
#2598=CARTESIAN_POINT('',(-4.85309570780597,-18.1,3.429));
#2599=CARTESIAN_POINT('Origin',(-10.,-20.0000006705523,3.429));
#2600=CARTESIAN_POINT('',(-12.2069811831507,-18.9950832325412,3.429));
#2601=CARTESIAN_POINT('',(-12.2069811831507,-18.9950832325412,3.429));
#2602=CARTESIAN_POINT('',(-8.49314152890827,-18.1,3.429));
#2603=CARTESIAN_POINT('',(-8.49314152890827,-18.1,3.429));
#2604=CARTESIAN_POINT('Origin',(-10.,-20.0000006705523,3.429));
#2605=CARTESIAN_POINT('Origin',(-2.22044604925031E-15,0.,3.429));
#2606=CARTESIAN_POINT('',(-18.9875379563209,-12.0372162676125,3.429));
#2607=CARTESIAN_POINT('Origin',(-13.7499999999948,-13.7159646573544,3.429));
#2608=CARTESIAN_POINT('',(-18.1999999999995,-7.00000000000069,3.429));
#2609=CARTESIAN_POINT('Origin',(-34.7031815614083,-6.99999999999999,3.429));
#2610=CARTESIAN_POINT('',(-18.2,12.,3.429));
#2611=CARTESIAN_POINT('',(-18.1999999999998,5.99999999999973,3.429));
#2612=CARTESIAN_POINT('',(-19.11597627187,18.2127086265793,3.429));
#2613=CARTESIAN_POINT('Origin',(-39.7271739129706,12.,3.429));
#2614=CARTESIAN_POINT('',(-13.8500000000032,25.3,3.429));
#2615=CARTESIAN_POINT('Origin',(-13.8500000000033,19.8,3.429));
#2616=CARTESIAN_POINT('',(-6.99999999999998,25.3,3.429));
#2617=CARTESIAN_POINT('',(-3.49999999999999,25.3,3.429));
#2618=CARTESIAN_POINT('',(-1.50200913248713,19.9486486486486,3.429));
#2619=CARTESIAN_POINT('Origin',(-6.99999999999999,19.8,3.429));
#2620=CARTESIAN_POINT('',(0.39729680356279,18.1,3.429));
#2621=CARTESIAN_POINT('Origin',(0.397296803562786,20.,3.429));
#2622=CARTESIAN_POINT('',(4.37834716713458,18.1,3.429));
#2623=CARTESIAN_POINT('',(18.9875379563211,12.0372162676131,3.429));
#2624=CARTESIAN_POINT('Origin',(13.7499999999948,13.7159646573544,3.429));
#2625=CARTESIAN_POINT('',(18.1999999999995,7.0000000000007,3.429));
#2626=CARTESIAN_POINT('Origin',(34.7031815614083,6.99999999999999,3.429));
#2627=CARTESIAN_POINT('',(18.2,-12.,3.429));
#2628=CARTESIAN_POINT('',(18.1999999999998,-5.99999999999973,3.429));
#2629=CARTESIAN_POINT('',(19.11597627187,-18.2127086265793,3.429));
#2630=CARTESIAN_POINT('Origin',(39.7271739129706,-12.,3.429));
#2631=CARTESIAN_POINT('',(13.8500000000032,-25.3,3.429));
#2632=CARTESIAN_POINT('Origin',(13.8500000000032,-19.8,3.429));
#2633=CARTESIAN_POINT('',(6.99999999999998,-25.3,3.429));
#2634=CARTESIAN_POINT('',(3.49999999999998,-25.3,3.429));
#2635=CARTESIAN_POINT('',(1.50200913248712,-19.9486486486486,3.429));
#2636=CARTESIAN_POINT('Origin',(6.99999999999999,-19.8,3.429));
#2637=CARTESIAN_POINT('',(-0.397296803562793,-18.1,3.429));
#2638=CARTESIAN_POINT('Origin',(-0.397296803562788,-20.,3.429));
#2639=CARTESIAN_POINT('',(-4.37834716713458,-18.1,3.429));
#2640=CARTESIAN_POINT('',(16.598814690245,-15.0390857884475,3.429));
#2641=CARTESIAN_POINT('Origin',(14.8141558731806,-15.273591452941,3.429));
#2642=CARTESIAN_POINT('',(16.4,-12.,3.429));
#2643=CARTESIAN_POINT('Origin',(39.7271739129706,-12.,3.429));
#2644=CARTESIAN_POINT('',(16.3999999999995,6.9999999999993,3.429));
#2645=CARTESIAN_POINT('',(16.3999999999995,3.49999999999989,3.429));
#2646=CARTESIAN_POINT('',(17.2734346251601,12.5866248315277,3.429));
#2647=CARTESIAN_POINT('Origin',(34.7031815614083,6.99999999999999,3.429));
#2648=CARTESIAN_POINT('',(12.1748355211101,17.0639277492166,3.429));
#2649=CARTESIAN_POINT('Origin',(13.7499999999948,13.7159646573544,3.429));
#2650=CARTESIAN_POINT('Origin',(8.75669433426915,24.3290804933981,3.429));
#2651=CARTESIAN_POINT('',(-16.4,12.,3.429));
#2652=CARTESIAN_POINT('Origin',(-39.7271739129706,12.,3.429));
#2653=CARTESIAN_POINT('',(-16.3999999999995,-6.99999999999932,3.429));
#2654=CARTESIAN_POINT('',(-16.3999999999996,-3.49999999999989,3.429));
#2655=CARTESIAN_POINT('',(-17.27343462516,-12.5866248315274,3.429));
#2656=CARTESIAN_POINT('Origin',(-34.7031815614083,-6.99999999999999,3.429));
#2657=CARTESIAN_POINT('',(-12.1748355211104,-17.0639277492168,3.429));
#2658=CARTESIAN_POINT('Origin',(-13.7499999999948,-13.7159646573544,3.429));
#2659=CARTESIAN_POINT('Origin',(-8.75669433426915,-24.3290804933981,3.429));
#2660=CARTESIAN_POINT('',(-8.75669433426915,-18.1,3.429));
#2661=CARTESIAN_POINT('',(-4.37834716713458,-18.1,3.429));
#2662=CARTESIAN_POINT('',(-11.4085392881391,-18.6926665506622,3.429));
#2663=CARTESIAN_POINT('Origin',(-8.75669433426915,-24.3290804933981,3.429));
#2664=CARTESIAN_POINT('Origin',(-13.7499999999948,-13.7159646573544,3.429));
#2665=CARTESIAN_POINT('',(6.00855467455542,-20.4,3.429));
#2666=CARTESIAN_POINT('',(7.50855467455542,-21.9,3.429));
#2667=CARTESIAN_POINT('Origin',(7.50855467455542,-20.4,3.429));
#2668=CARTESIAN_POINT('',(12.8243089076243,-21.9,3.429));
#2669=CARTESIAN_POINT('',(6.41215445381216,-21.9,3.429));
#2670=CARTESIAN_POINT('',(13.6245643315071,-18.0283116636125,3.429));
#2671=CARTESIAN_POINT('Origin',(12.8243089076243,-19.8814517647672,3.429));
#2672=CARTESIAN_POINT('',(13.1801853805859,-17.7902860916353,3.429));
#2673=CARTESIAN_POINT('Origin',(14.8141558731806,-15.273591452941,3.429));
#2674=CARTESIAN_POINT('',(12.1999997273088,-17.5,3.429));
#2675=CARTESIAN_POINT('Origin',(12.1999997273087,-19.3,3.429));
#2676=CARTESIAN_POINT('',(10.1999997273087,-17.5,3.429));
#2677=CARTESIAN_POINT('',(5.09999986365437,-17.5,3.429));
#2678=CARTESIAN_POINT('',(9.35677711759125,-17.6864466838658,3.429));
#2679=CARTESIAN_POINT('Origin',(10.1999997273087,-19.5,3.429));
#2680=CARTESIAN_POINT('',(6.87613771726729,-18.8398350128994,3.429));
#2681=CARTESIAN_POINT('',(7.65050967842599,-18.4797860746238,3.429));
#2682=CARTESIAN_POINT('',(6.00855467455542,-20.2,3.429));
#2683=CARTESIAN_POINT('Origin',(7.50855467455542,-20.2,3.429));
#2684=CARTESIAN_POINT('',(6.00855467455542,-10.2,3.429));
#2685=CARTESIAN_POINT('',(-6.00855467455542,20.4,3.429));
#2686=CARTESIAN_POINT('',(-7.50855467455542,21.9,3.429));
#2687=CARTESIAN_POINT('Origin',(-7.50855467455542,20.4,3.429));
#2688=CARTESIAN_POINT('',(-12.8243089076243,21.9,3.429));
#2689=CARTESIAN_POINT('',(-6.41215445381216,21.9,3.429));
#2690=CARTESIAN_POINT('',(-13.6245643315072,18.0283116636125,3.429));
#2691=CARTESIAN_POINT('Origin',(-12.8243089076243,19.8814517647672,3.429));
#2692=CARTESIAN_POINT('',(-13.1801853805859,17.7902860916353,3.429));
#2693=CARTESIAN_POINT('Origin',(-14.8141558731806,15.273591452941,3.429));
#2694=CARTESIAN_POINT('',(-12.1999997273088,17.5,3.429));
#2695=CARTESIAN_POINT('Origin',(-12.1999997273088,19.3,3.429));
#2696=CARTESIAN_POINT('',(-10.1999997273088,17.5,3.429));
#2697=CARTESIAN_POINT('',(-5.09999986365438,17.5,3.429));
#2698=CARTESIAN_POINT('',(-9.35677711759125,17.6864466838658,3.429));
#2699=CARTESIAN_POINT('Origin',(-10.1999997273088,19.5,3.429));
#2700=CARTESIAN_POINT('',(-6.8761377172673,18.8398350128994,3.429));
#2701=CARTESIAN_POINT('',(-7.65050967842599,18.4797860746238,3.429));
#2702=CARTESIAN_POINT('',(-6.00855467455542,20.2,3.429));
#2703=CARTESIAN_POINT('Origin',(-7.50855467455542,20.2,3.429));
#2704=CARTESIAN_POINT('',(-6.00855467455542,10.2,3.429));
#2705=CARTESIAN_POINT('',(8.75669433426914,18.1,3.429));
#2706=CARTESIAN_POINT('',(8.49314152890826,18.1,3.429));
#2707=CARTESIAN_POINT('',(4.37834716713458,18.1,3.429));
#2708=CARTESIAN_POINT('',(11.4085392881389,18.6926665506621,3.429));
#2709=CARTESIAN_POINT('Origin',(8.75669433426915,24.3290804933981,3.429));
#2710=CARTESIAN_POINT('',(12.2069811831507,18.9950832325412,3.429));
#2711=CARTESIAN_POINT('Origin',(13.7499999999948,13.7159646573544,3.429));
#2712=CARTESIAN_POINT('Origin',(10.,20.0000006705523,3.429));
#2713=CARTESIAN_POINT('Origin',(-13.7499999999948,-13.7159646573544,3.429));
#2714=CARTESIAN_POINT('',(-11.4085392881391,-18.6926665506622,3.429));
#2715=CARTESIAN_POINT('Origin',(-13.7499999999948,-13.7159646573544,3.429));
#2716=CARTESIAN_POINT('',(-18.9875379563209,-12.0372162676125,3.429));
#2717=CARTESIAN_POINT('Origin',(-8.75669433426915,-18.1,3.429));
#2718=CARTESIAN_POINT('',(-8.75669433426915,-18.1,3.429));
#2719=CARTESIAN_POINT('Origin',(10.,20.0000006705523,3.429));
#2720=CARTESIAN_POINT('',(8.49314152890826,18.1,3.429));
#2721=CARTESIAN_POINT('',(12.2069811831507,18.9950832325412,3.429));
#2722=CARTESIAN_POINT('Origin',(8.75669433426914,18.1,3.429));
#2723=CARTESIAN_POINT('',(0.39729680356279,18.1,3.429));
#2724=CARTESIAN_POINT('Origin',(13.7499999999948,13.7159646573544,3.429));
#2725=CARTESIAN_POINT('',(18.9875379563211,12.0372162676131,3.429));
#2726=CARTESIAN_POINT('Origin',(13.7499999999948,13.7159646573544,3.429));
#2727=CARTESIAN_POINT('',(11.4085392881389,18.6926665506621,3.429));
#2728=CARTESIAN_POINT('Origin',(13.7499999999948,13.7159646573544,3.429));
#2729=CARTESIAN_POINT('',(17.2734346251601,12.5866248315277,3.429));
#2730=CARTESIAN_POINT('',(12.1748355211101,17.0639277492166,3.429));
#2731=CARTESIAN_POINT('Origin',(7.50855467455542,-20.4,3.81));
#2732=CARTESIAN_POINT('',(6.00855467455542,-20.4,3.81));
#2733=CARTESIAN_POINT('',(7.50855467455542,-21.9,3.81));
#2734=CARTESIAN_POINT('Origin',(12.8243089076243,-21.9,3.81));
#2735=CARTESIAN_POINT('',(12.8243089076243,-21.9,3.81));
#2736=CARTESIAN_POINT('Origin',(12.8243089076243,-19.8814517647672,3.81));
#2737=CARTESIAN_POINT('',(13.6245643315071,-18.0283116636125,3.81));
#2738=CARTESIAN_POINT('Origin',(14.8141558731806,-15.273591452941,3.81));
#2739=CARTESIAN_POINT('',(13.1801853805859,-17.7902860916353,3.81));
#2740=CARTESIAN_POINT('Origin',(12.1999997273087,-19.3,3.81));
#2741=CARTESIAN_POINT('',(12.1999997273088,-17.5,3.81));
#2742=CARTESIAN_POINT('Origin',(10.1999997273087,-17.5,3.81));
#2743=CARTESIAN_POINT('',(10.1999997273087,-17.5,3.81));
#2744=CARTESIAN_POINT('Origin',(10.1999997273087,-19.5,3.81));
#2745=CARTESIAN_POINT('',(9.35677711759125,-17.6864466838658,3.81));
#2746=CARTESIAN_POINT('Origin',(6.87613771726729,-18.8398350128994,3.81));
#2747=CARTESIAN_POINT('',(6.87613771726729,-18.8398350128994,3.81));
#2748=CARTESIAN_POINT('Origin',(7.50855467455542,-20.2,3.81));
#2749=CARTESIAN_POINT('',(6.00855467455542,-20.2,3.81));
#2750=CARTESIAN_POINT('Origin',(6.00855467455542,-20.4,3.81));
#2751=CARTESIAN_POINT('Origin',(-7.50855467455542,20.4,3.81));
#2752=CARTESIAN_POINT('',(-6.00855467455542,20.4,3.81));
#2753=CARTESIAN_POINT('',(-7.50855467455542,21.9,3.81));
#2754=CARTESIAN_POINT('Origin',(-12.8243089076243,21.9,3.81));
#2755=CARTESIAN_POINT('',(-12.8243089076243,21.9,3.81));
#2756=CARTESIAN_POINT('Origin',(-12.8243089076243,19.8814517647672,3.81));
#2757=CARTESIAN_POINT('',(-13.6245643315072,18.0283116636125,3.81));
#2758=CARTESIAN_POINT('Origin',(-14.8141558731806,15.273591452941,3.81));
#2759=CARTESIAN_POINT('',(-13.1801853805859,17.7902860916353,3.81));
#2760=CARTESIAN_POINT('Origin',(-12.1999997273088,19.3,3.81));
#2761=CARTESIAN_POINT('',(-12.1999997273088,17.5,3.81));
#2762=CARTESIAN_POINT('Origin',(-10.1999997273088,17.5,3.81));
#2763=CARTESIAN_POINT('',(-10.1999997273088,17.5,3.81));
#2764=CARTESIAN_POINT('Origin',(-10.1999997273088,19.5,3.81));
#2765=CARTESIAN_POINT('',(-9.35677711759125,17.6864466838658,3.81));
#2766=CARTESIAN_POINT('Origin',(-6.8761377172673,18.8398350128994,3.81));
#2767=CARTESIAN_POINT('',(-6.8761377172673,18.8398350128994,3.81));
#2768=CARTESIAN_POINT('Origin',(-7.50855467455542,20.2,3.81));
#2769=CARTESIAN_POINT('',(-6.00855467455542,20.2,3.81));
#2770=CARTESIAN_POINT('Origin',(-6.00855467455542,20.4,3.81));
#2771=CARTESIAN_POINT('Origin',(14.8141558731806,-15.273591452941,3.429));
#2772=CARTESIAN_POINT('',(16.598814690245,-15.0390857884475,3.429));
#2773=CARTESIAN_POINT('Origin',(39.7271739129706,-12.,3.429));
#2774=CARTESIAN_POINT('',(16.4,-12.,3.429));
#2775=CARTESIAN_POINT('Origin',(16.3999999999994,6.9999999999993,3.429));
#2776=CARTESIAN_POINT('',(16.3999999999995,6.9999999999993,3.429));
#2777=CARTESIAN_POINT('Origin',(34.7031815614083,6.99999999999999,3.429));
#2778=CARTESIAN_POINT('Origin',(8.75669433426915,24.3290804933981,3.429));
#2779=CARTESIAN_POINT('Origin',(-39.7271739129706,12.,3.429));
#2780=CARTESIAN_POINT('',(-16.4,12.,3.429));
#2781=CARTESIAN_POINT('Origin',(-16.3999999999995,-6.99999999999932,3.429));
#2782=CARTESIAN_POINT('',(-16.3999999999995,-6.99999999999932,3.429));
#2783=CARTESIAN_POINT('Origin',(-34.7031815614083,-6.99999999999999,3.429));
#2784=CARTESIAN_POINT('',(-17.27343462516,-12.5866248315274,3.429));
#2785=CARTESIAN_POINT('Origin',(-13.7499999999948,-13.7159646573544,3.429));
#2786=CARTESIAN_POINT('',(-12.1748355211104,-17.0639277492168,3.429));
#2787=CARTESIAN_POINT('Origin',(-8.75669433426915,-24.3290804933981,3.429));
#2788=CARTESIAN_POINT('Origin',(34.7031815614083,6.99999999999999,3.429));
#2789=CARTESIAN_POINT('',(18.1999999999995,7.0000000000007,3.429));
#2790=CARTESIAN_POINT('Origin',(18.2,-12.,3.429));
#2791=CARTESIAN_POINT('',(18.2,-12.,3.429));
#2792=CARTESIAN_POINT('Origin',(39.7271739129706,-12.,3.429));
#2793=CARTESIAN_POINT('',(19.11597627187,-18.2127086265793,3.429));
#2794=CARTESIAN_POINT('Origin',(13.8500000000032,-19.8,3.429));
#2795=CARTESIAN_POINT('',(13.8500000000032,-25.3,3.429));
#2796=CARTESIAN_POINT('Origin',(6.99999999999998,-25.3,3.429));
#2797=CARTESIAN_POINT('',(6.99999999999998,-25.3,3.429));
#2798=CARTESIAN_POINT('Origin',(6.99999999999999,-19.8,3.429));
#2799=CARTESIAN_POINT('',(1.50200913248712,-19.9486486486486,3.429));
#2800=CARTESIAN_POINT('Origin',(-0.397296803562788,-20.,3.429));
#2801=CARTESIAN_POINT('',(-0.397296803562793,-18.1,3.429));
#2802=CARTESIAN_POINT('Origin',(-8.75669433426915,-18.1,3.429));
#2803=CARTESIAN_POINT('Origin',(-8.75669433426915,-24.3290804933981,3.429));
#2804=CARTESIAN_POINT('Origin',(-34.7031815614083,-6.99999999999999,3.429));
#2805=CARTESIAN_POINT('',(-18.1999999999995,-7.00000000000069,3.429));
#2806=CARTESIAN_POINT('Origin',(-18.2,12.,3.429));
#2807=CARTESIAN_POINT('',(-18.2,12.,3.429));
#2808=CARTESIAN_POINT('Origin',(-39.7271739129706,12.,3.429));
#2809=CARTESIAN_POINT('',(-19.11597627187,18.2127086265793,3.429));
#2810=CARTESIAN_POINT('Origin',(-13.8500000000033,19.8,3.429));
#2811=CARTESIAN_POINT('',(-13.8500000000032,25.3,3.429));
#2812=CARTESIAN_POINT('Origin',(-6.99999999999998,25.3,3.429));
#2813=CARTESIAN_POINT('',(-6.99999999999998,25.3,3.429));
#2814=CARTESIAN_POINT('Origin',(-6.99999999999999,19.8,3.429));
#2815=CARTESIAN_POINT('',(-1.50200913248713,19.9486486486486,3.429));
#2816=CARTESIAN_POINT('Origin',(0.397296803562786,20.,3.429));
#2817=CARTESIAN_POINT('Origin',(8.75669433426914,18.1,3.429));
#2818=CARTESIAN_POINT('',(8.75669433426914,18.1,3.429));
#2819=CARTESIAN_POINT('Origin',(8.75669433426915,24.3290804933981,3.429));
#2820=UNCERTAINTY_MEASURE_WITH_UNIT(LENGTH_MEASURE(0.01),#2824,
'DISTANCE_ACCURACY_VALUE',
'Maximum model space distance between geometric entities at asserted c
onnectivities');
#2821=UNCERTAINTY_MEASURE_WITH_UNIT(LENGTH_MEASURE(0.01),#2824,
'DISTANCE_ACCURACY_VALUE',
'Maximum model space distance between geometric entities at asserted c
onnectivities');
#2822=(
GEOMETRIC_REPRESENTATION_CONTEXT(3)
GLOBAL_UNCERTAINTY_ASSIGNED_CONTEXT((#2820))
GLOBAL_UNIT_ASSIGNED_CONTEXT((#2824,#2826,#2827))
REPRESENTATION_CONTEXT('','3D')
);
#2823=(
GEOMETRIC_REPRESENTATION_CONTEXT(3)
GLOBAL_UNCERTAINTY_ASSIGNED_CONTEXT((#2821))
GLOBAL_UNIT_ASSIGNED_CONTEXT((#2824,#2826,#2827))
REPRESENTATION_CONTEXT('','3D')
);
#2824=(
LENGTH_UNIT()
NAMED_UNIT(*)
SI_UNIT(.MILLI.,.METRE.)
);
#2825=(
LENGTH_UNIT()
NAMED_UNIT(*)
SI_UNIT($,.METRE.)
);
#2826=(
NAMED_UNIT(*)
PLANE_ANGLE_UNIT()
SI_UNIT($,.RADIAN.)
);
#2827=(
NAMED_UNIT(*)
SI_UNIT($,.STERADIAN.)
SOLID_ANGLE_UNIT()
);
#2828=SHAPE_DEFINITION_REPRESENTATION(#2829,#2830);
#2829=PRODUCT_DEFINITION_SHAPE('',$,#2832);
#2830=SHAPE_REPRESENTATION('',(#1624),#2822);
#2831=PRODUCT_DEFINITION_CONTEXT('part definition',#2836,'design');
#2832=PRODUCT_DEFINITION(' gasket',' gasket v2',#2833,#2831);
#2833=PRODUCT_DEFINITION_FORMATION('',$,#2838);
#2834=PRODUCT_RELATED_PRODUCT_CATEGORY(' gasket v2',' gasket v2',(#2838));
#2835=APPLICATION_PROTOCOL_DEFINITION('international standard',
'automotive_design',2009,#2836);
#2836=APPLICATION_CONTEXT(
'Core Data for Automotive Mechanical Design Process');
#2837=PRODUCT_CONTEXT('part definition',#2836,'mechanical');
#2838=PRODUCT(' gasket',' gasket v2',$,(#2837));
#2839=PRESENTATION_STYLE_ASSIGNMENT((#2840));
#2840=SURFACE_STYLE_USAGE(.BOTH.,#2841);
#2841=SURFACE_SIDE_STYLE('',(#2842));
#2842=SURFACE_STYLE_FILL_AREA(#2843);
#2843=FILL_AREA_STYLE('Caoutchouc - Rigide',(#2844));
#2844=FILL_AREA_STYLE_COLOUR('Caoutchouc - Rigide',#2845);
#2845=COLOUR_RGB('Caoutchouc - Rigide',0.152941176470588,0.152941176470588,
0.152941176470588);
ENDSEC;
END-ISO-10303-21;
