ISO-10303-21;
HEADER;
/* Generated by software containing ST-Developer
 * from STEP Tools, Inc. (www.steptools.com) 
 */

FILE_DESCRIPTION(
/* description */ (''),
/* implementation_level */ '2;1');

FILE_NAME(
/* name */ 'nouveaux gasket qui va marcher v74.step',
/* time_stamp */ '2025-12-17T17:04:42-05:00',
/* author */ (''),
/* organization */ (''),
/* preprocessor_version */ 'ST-DEVELOPER v20.1',
/* originating_system */ 'Autodesk Translation Framework v14.21.0.0',
/* authorisation */ '');

FILE_SCHEMA (('AUTOMOTIVE_DESIGN { 1 0 10303 214 3 1 1 }'));
ENDSEC;

DATA;
#10=MECHANICAL_DESIGN_GEOMETRIC_PRESENTATION_REPRESENTATION('',(#163,#164,
#165,#166,#167,#168,#169,#170,#171,#172,#173),#18517);
#11=CONTEXT_DEPENDENT_OVER_RIDING_STYLED_ITEM('',(#18642),#18578,#173,(#47,
#37,#36));
#12=CONTEXT_DEPENDENT_OVER_RIDING_STYLED_ITEM('',(#18641),#18575,#173,(#41,
#34));
#13=CONTEXT_DEPENDENT_OVER_RIDING_STYLED_ITEM('',(#18641),#18575,#173,(#46,
#35));
#14=MAPPED_ITEM('',#15,#12054);
#15=REPRESENTATION_MAP(#12054,#18566);
#16=ITEM_DEFINED_TRANSFORMATION($,$,#11368,#11394);
#17=ITEM_DEFINED_TRANSFORMATION($,$,#11381,#11395);
#18=ITEM_DEFINED_TRANSFORMATION($,$,#11805,#12000);
#19=ITEM_DEFINED_TRANSFORMATION($,$,#11805,#12001);
#20=ITEM_DEFINED_TRANSFORMATION($,$,#12004,#12035);
#21=ITEM_DEFINED_TRANSFORMATION($,$,#12003,#12043);
#22=ITEM_DEFINED_TRANSFORMATION($,$,#12036,#12044);
#23=ITEM_DEFINED_TRANSFORMATION($,$,#12036,#12045);
#24=ITEM_DEFINED_TRANSFORMATION($,$,#11005,#12046);
#25=ITEM_DEFINED_TRANSFORMATION($,$,#11366,#12047);
#26=ITEM_DEFINED_TRANSFORMATION($,$,#11757,#12048);
#27=ITEM_DEFINED_TRANSFORMATION($,$,#11367,#12049);
#28=ITEM_DEFINED_TRANSFORMATION($,$,#11396,#12050);
#29=ITEM_DEFINED_TRANSFORMATION($,$,#11757,#12051);
#30=ITEM_DEFINED_TRANSFORMATION($,$,#11804,#12052);
#31=ITEM_DEFINED_TRANSFORMATION($,$,#12002,#12053);
#32=(
REPRESENTATION_RELATIONSHIP($,$,#18570,#18569)
REPRESENTATION_RELATIONSHIP_WITH_TRANSFORMATION(#16)
SHAPE_REPRESENTATION_RELATIONSHIP()
);
#33=(
REPRESENTATION_RELATIONSHIP($,$,#18571,#18569)
REPRESENTATION_RELATIONSHIP_WITH_TRANSFORMATION(#17)
SHAPE_REPRESENTATION_RELATIONSHIP()
);
#34=(
REPRESENTATION_RELATIONSHIP($,$,#18575,#18568)
REPRESENTATION_RELATIONSHIP_WITH_TRANSFORMATION(#18)
SHAPE_REPRESENTATION_RELATIONSHIP()
);
#35=(
REPRESENTATION_RELATIONSHIP($,$,#18575,#18574)
REPRESENTATION_RELATIONSHIP_WITH_TRANSFORMATION(#19)
SHAPE_REPRESENTATION_RELATIONSHIP()
);
#36=(
REPRESENTATION_RELATIONSHIP($,$,#18578,#18577)
REPRESENTATION_RELATIONSHIP_WITH_TRANSFORMATION(#20)
SHAPE_REPRESENTATION_RELATIONSHIP()
);
#37=(
REPRESENTATION_RELATIONSHIP($,$,#18577,#18576)
REPRESENTATION_RELATIONSHIP_WITH_TRANSFORMATION(#21)
SHAPE_REPRESENTATION_RELATIONSHIP()
);
#38=(
REPRESENTATION_RELATIONSHIP($,$,#18579,#18576)
REPRESENTATION_RELATIONSHIP_WITH_TRANSFORMATION(#22)
SHAPE_REPRESENTATION_RELATIONSHIP()
);
#39=(
REPRESENTATION_RELATIONSHIP($,$,#18579,#18576)
REPRESENTATION_RELATIONSHIP_WITH_TRANSFORMATION(#23)
SHAPE_REPRESENTATION_RELATIONSHIP()
);
#40=(
REPRESENTATION_RELATIONSHIP($,$,#18567,#18566)
REPRESENTATION_RELATIONSHIP_WITH_TRANSFORMATION(#24)
SHAPE_REPRESENTATION_RELATIONSHIP()
);
#41=(
REPRESENTATION_RELATIONSHIP($,$,#18568,#18566)
REPRESENTATION_RELATIONSHIP_WITH_TRANSFORMATION(#25)
SHAPE_REPRESENTATION_RELATIONSHIP()
);
#42=(
REPRESENTATION_RELATIONSHIP($,$,#18573,#18566)
REPRESENTATION_RELATIONSHIP_WITH_TRANSFORMATION(#26)
SHAPE_REPRESENTATION_RELATIONSHIP()
);
#43=(
REPRESENTATION_RELATIONSHIP($,$,#18569,#18566)
REPRESENTATION_RELATIONSHIP_WITH_TRANSFORMATION(#27)
SHAPE_REPRESENTATION_RELATIONSHIP()
);
#44=(
REPRESENTATION_RELATIONSHIP($,$,#18572,#18566)
REPRESENTATION_RELATIONSHIP_WITH_TRANSFORMATION(#28)
SHAPE_REPRESENTATION_RELATIONSHIP()
);
#45=(
REPRESENTATION_RELATIONSHIP($,$,#18573,#18566)
REPRESENTATION_RELATIONSHIP_WITH_TRANSFORMATION(#29)
SHAPE_REPRESENTATION_RELATIONSHIP()
);
#46=(
REPRESENTATION_RELATIONSHIP($,$,#18574,#18566)
REPRESENTATION_RELATIONSHIP_WITH_TRANSFORMATION(#30)
SHAPE_REPRESENTATION_RELATIONSHIP()
);
#47=(
REPRESENTATION_RELATIONSHIP($,$,#18576,#18566)
REPRESENTATION_RELATIONSHIP_WITH_TRANSFORMATION(#31)
SHAPE_REPRESENTATION_RELATIONSHIP()
);
#48=CONTEXT_DEPENDENT_SHAPE_REPRESENTATION(#32,#18542);
#49=CONTEXT_DEPENDENT_SHAPE_REPRESENTATION(#33,#18543);
#50=CONTEXT_DEPENDENT_SHAPE_REPRESENTATION(#34,#18548);
#51=CONTEXT_DEPENDENT_SHAPE_REPRESENTATION(#35,#18549);
#52=CONTEXT_DEPENDENT_SHAPE_REPRESENTATION(#36,#18553);
#53=CONTEXT_DEPENDENT_SHAPE_REPRESENTATION(#37,#18555);
#54=CONTEXT_DEPENDENT_SHAPE_REPRESENTATION(#38,#18556);
#55=CONTEXT_DEPENDENT_SHAPE_REPRESENTATION(#39,#18557);
#56=CONTEXT_DEPENDENT_SHAPE_REPRESENTATION(#40,#18558);
#57=CONTEXT_DEPENDENT_SHAPE_REPRESENTATION(#41,#18559);
#58=CONTEXT_DEPENDENT_SHAPE_REPRESENTATION(#42,#18560);
#59=CONTEXT_DEPENDENT_SHAPE_REPRESENTATION(#43,#18561);
#60=CONTEXT_DEPENDENT_SHAPE_REPRESENTATION(#44,#18562);
#61=CONTEXT_DEPENDENT_SHAPE_REPRESENTATION(#45,#18563);
#62=CONTEXT_DEPENDENT_SHAPE_REPRESENTATION(#46,#18564);
#63=CONTEXT_DEPENDENT_SHAPE_REPRESENTATION(#47,#18565);
#64=NEXT_ASSEMBLY_USAGE_OCCURRENCE('h2:1','h2:1','h2:1',#18584,#18585,
'h2:1');
#65=NEXT_ASSEMBLY_USAGE_OCCURRENCE('air:1','air:1','air:1',#18584,#18586,
'air:1');
#66=NEXT_ASSEMBLY_USAGE_OCCURRENCE(' gasket v2:1',' gasket v2:1',
' gasket v2:1',#18583,#18590,' gasket v2:1');
#67=NEXT_ASSEMBLY_USAGE_OCCURRENCE(' gasket v2:1',' gasket v2:1',
' gasket v2:1',#18589,#18590,' gasket v2:1');
#68=NEXT_ASSEMBLY_USAGE_OCCURRENCE('Membrane:1','Membrane:1',
'Membrane:1',#18592,#18593,'Membrane:1');
#69=NEXT_ASSEMBLY_USAGE_OCCURRENCE('Membrane qui va marcher v16:1',
'Membrane qui va marcher v16:1','Membrane qui va marcher v16:1',#18591,
#18592,'Membrane qui va marcher v16:1');
#70=NEXT_ASSEMBLY_USAGE_OCCURRENCE('\X\C9lectrode:1','\X\C9lectrode:1',
'\X\C9lectrode:1',#18591,#18594,'\X\C9lectrode:1');
#71=NEXT_ASSEMBLY_USAGE_OCCURRENCE('\X\C9lectrode:2','\X\C9lectrode:2',
'\X\C9lectrode:2',#18591,#18594,'\X\C9lectrode:2');
#72=NEXT_ASSEMBLY_USAGE_OCCURRENCE('G Param\X\E9trique v51:1',
'G Param\X\E9trique v51:1','G Param\X\E9trique v51:1',#18581,#18582,
'G Param\X\E9trique v51:1');
#73=NEXT_ASSEMBLY_USAGE_OCCURRENCE('gasket:1','gasket:1','gasket:1',#18581,
#18583,'gasket:1');
#74=NEXT_ASSEMBLY_USAGE_OCCURRENCE('PTFE film:1','PTFE film:1',
'PTFE film:1',#18581,#18588,'PTFE film:1');
#75=NEXT_ASSEMBLY_USAGE_OCCURRENCE('Shim:1','Shim:1','Shim:1',#18581,#18584,
'Shim:1');
#76=NEXT_ASSEMBLY_USAGE_OCCURRENCE('G Param\X\E9trique v51:2',
'G Param\X\E9trique v51:2','G Param\X\E9trique v51:2',#18581,#18587,
'G Param\X\E9trique v51:2');
#77=NEXT_ASSEMBLY_USAGE_OCCURRENCE('PTFE film:2','PTFE film:2',
'PTFE film:2',#18581,#18588,'PTFE film:2');
#78=NEXT_ASSEMBLY_USAGE_OCCURRENCE('gasket:4','gasket:4','gasket:4',#18581,
#18589,'gasket:4');
#79=NEXT_ASSEMBLY_USAGE_OCCURRENCE('MEA:1','MEA:1','MEA:1',#18581,#18591,
'MEA:1');
#80=DERIVED_UNIT_ELEMENT(#92,1.);
#81=DERIVED_UNIT_ELEMENT(#18519,-3.);
#82=DERIVED_UNIT_ELEMENT(#92,1.);
#83=DERIVED_UNIT_ELEMENT(#18519,-3.);
#84=DERIVED_UNIT_ELEMENT(#92,1.);
#85=DERIVED_UNIT_ELEMENT(#18519,-3.);
#86=DERIVED_UNIT_ELEMENT(#92,1.);
#87=DERIVED_UNIT_ELEMENT(#18519,-3.);
#88=DERIVED_UNIT_ELEMENT(#92,1.);
#89=DERIVED_UNIT_ELEMENT(#18519,-3.);
#90=DERIVED_UNIT_ELEMENT(#92,1.);
#91=DERIVED_UNIT_ELEMENT(#18519,-3.);
#92=(
MASS_UNIT()
NAMED_UNIT(*)
SI_UNIT(.KILO.,.GRAM.)
);
#93=DERIVED_UNIT((#80,#81));
#94=DERIVED_UNIT((#82,#83));
#95=DERIVED_UNIT((#84,#85));
#96=DERIVED_UNIT((#86,#87));
#97=DERIVED_UNIT((#88,#89));
#98=DERIVED_UNIT((#90,#91));
#99=MEASURE_REPRESENTATION_ITEM('density measure',
POSITIVE_RATIO_MEASURE(7850.),#93);
#100=MEASURE_REPRESENTATION_ITEM('density measure',
POSITIVE_RATIO_MEASURE(7850.),#94);
#101=MEASURE_REPRESENTATION_ITEM('density measure',
POSITIVE_RATIO_MEASURE(7850.),#95);
#102=MEASURE_REPRESENTATION_ITEM('density measure',
POSITIVE_RATIO_MEASURE(7850.),#96);
#103=MEASURE_REPRESENTATION_ITEM('density measure',
POSITIVE_RATIO_MEASURE(7850.),#97);
#104=MEASURE_REPRESENTATION_ITEM('density measure',
POSITIVE_RATIO_MEASURE(7850.),#98);
#105=PROPERTY_DEFINITION_REPRESENTATION(#135,#117);
#106=PROPERTY_DEFINITION_REPRESENTATION(#136,#118);
#107=PROPERTY_DEFINITION_REPRESENTATION(#137,#119);
#108=PROPERTY_DEFINITION_REPRESENTATION(#138,#120);
#109=PROPERTY_DEFINITION_REPRESENTATION(#139,#121);
#110=PROPERTY_DEFINITION_REPRESENTATION(#140,#122);
#111=PROPERTY_DEFINITION_REPRESENTATION(#141,#123);
#112=PROPERTY_DEFINITION_REPRESENTATION(#142,#124);
#113=PROPERTY_DEFINITION_REPRESENTATION(#143,#125);
#114=PROPERTY_DEFINITION_REPRESENTATION(#144,#126);
#115=PROPERTY_DEFINITION_REPRESENTATION(#145,#127);
#116=PROPERTY_DEFINITION_REPRESENTATION(#146,#128);
#117=REPRESENTATION('material name',(#129),#18507);
#118=REPRESENTATION('density',(#99),#18507);
#119=REPRESENTATION('material name',(#130),#18508);
#120=REPRESENTATION('density',(#100),#18508);
#121=REPRESENTATION('material name',(#131),#18510);
#122=REPRESENTATION('density',(#101),#18510);
#123=REPRESENTATION('material name',(#132),#18512);
#124=REPRESENTATION('density',(#102),#18512);
#125=REPRESENTATION('material name',(#133),#18515);
#126=REPRESENTATION('density',(#103),#18515);
#127=REPRESENTATION('material name',(#134),#18516);
#128=REPRESENTATION('density',(#104),#18516);
#129=DESCRIPTIVE_REPRESENTATION_ITEM('Acier','Acier');
#130=DESCRIPTIVE_REPRESENTATION_ITEM('Acier','Acier');
#131=DESCRIPTIVE_REPRESENTATION_ITEM('Acier','Acier');
#132=DESCRIPTIVE_REPRESENTATION_ITEM('Acier','Acier');
#133=DESCRIPTIVE_REPRESENTATION_ITEM('Acier','Acier');
#134=DESCRIPTIVE_REPRESENTATION_ITEM('Acier','Acier');
#135=PROPERTY_DEFINITION('material property','material name',#18585);
#136=PROPERTY_DEFINITION('material property','density of part',#18585);
#137=PROPERTY_DEFINITION('material property','material name',#18586);
#138=PROPERTY_DEFINITION('material property','density of part',#18586);
#139=PROPERTY_DEFINITION('material property','material name',#18588);
#140=PROPERTY_DEFINITION('material property','density of part',#18588);
#141=PROPERTY_DEFINITION('material property','material name',#18590);
#142=PROPERTY_DEFINITION('material property','density of part',#18590);
#143=PROPERTY_DEFINITION('material property','material name',#18593);
#144=PROPERTY_DEFINITION('material property','density of part',#18593);
#145=PROPERTY_DEFINITION('material property','material name',#18594);
#146=PROPERTY_DEFINITION('material property','density of part',#18594);
#147=SHAPE_REPRESENTATION_RELATIONSHIP('SRR','None',#18567,#155);
#148=SHAPE_REPRESENTATION_RELATIONSHIP('SRR','None',#18570,#156);
#149=SHAPE_REPRESENTATION_RELATIONSHIP('SRR','None',#18571,#157);
#150=SHAPE_REPRESENTATION_RELATIONSHIP('SRR','None',#18572,#158);
#151=SHAPE_REPRESENTATION_RELATIONSHIP('SRR','None',#18573,#159);
#152=SHAPE_REPRESENTATION_RELATIONSHIP('SRR','None',#18575,#160);
#153=SHAPE_REPRESENTATION_RELATIONSHIP('SRR','None',#18578,#161);
#154=SHAPE_REPRESENTATION_RELATIONSHIP('SRR','None',#18579,#162);
#155=ADVANCED_BREP_SHAPE_REPRESENTATION('',(#174),#18504);
#156=ADVANCED_BREP_SHAPE_REPRESENTATION('',(#175,#176),#18507);
#157=ADVANCED_BREP_SHAPE_REPRESENTATION('',(#177,#178),#18508);
#158=ADVANCED_BREP_SHAPE_REPRESENTATION('',(#179),#18509);
#159=ADVANCED_BREP_SHAPE_REPRESENTATION('',(#180),#18510);
#160=ADVANCED_BREP_SHAPE_REPRESENTATION('',(#181),#18512);
#161=ADVANCED_BREP_SHAPE_REPRESENTATION('',(#182),#18515);
#162=ADVANCED_BREP_SHAPE_REPRESENTATION('',(#183),#18516);
#163=STYLED_ITEM('',(#18640),#174);
#164=STYLED_ITEM('',(#18640),#175);
#165=STYLED_ITEM('',(#18640),#176);
#166=STYLED_ITEM('',(#18640),#177);
#167=STYLED_ITEM('',(#18640),#178);
#168=STYLED_ITEM('',(#18640),#179);
#169=STYLED_ITEM('',(#18643),#180);
#170=STYLED_ITEM('',(#18641),#181);
#171=STYLED_ITEM('',(#18642),#182);
#172=STYLED_ITEM('',(#18644),#183);
#173=STYLED_ITEM('',(#18645),#14);
#174=MANIFOLD_SOLID_BREP('Corps2',#10994);
#175=MANIFOLD_SOLID_BREP('Corps1',#10995);
#176=MANIFOLD_SOLID_BREP('Corps2',#10996);
#177=MANIFOLD_SOLID_BREP('Corps1',#10997);
#178=MANIFOLD_SOLID_BREP('Corps2',#10998);
#179=MANIFOLD_SOLID_BREP('Corps2',#10999);
#180=MANIFOLD_SOLID_BREP('Corps1',#11000);
#181=MANIFOLD_SOLID_BREP('Corps1',#11001);
#182=MANIFOLD_SOLID_BREP('Corps1',#11002);
#183=MANIFOLD_SOLID_BREP('Corps1',#11003);
#184=FACE_BOUND('',#1163,.T.);
#185=FACE_BOUND('',#1165,.T.);
#186=FACE_BOUND('',#1166,.T.);
#187=FACE_BOUND('',#1167,.T.);
#188=FACE_BOUND('',#1172,.T.);
#189=FACE_BOUND('',#1182,.T.);
#190=FACE_BOUND('',#1192,.T.);
#191=FACE_BOUND('',#1194,.T.);
#192=FACE_BOUND('',#1195,.T.);
#193=FACE_BOUND('',#1197,.T.);
#194=FACE_BOUND('',#1198,.T.);
#195=FACE_BOUND('',#1205,.T.);
#196=FACE_BOUND('',#1259,.T.);
#197=FACE_BOUND('',#1404,.T.);
#198=FACE_BOUND('',#1406,.T.);
#199=FACE_BOUND('',#1407,.T.);
#200=FACE_BOUND('',#1408,.T.);
#201=FACE_BOUND('',#1413,.T.);
#202=FACE_BOUND('',#1423,.T.);
#203=FACE_BOUND('',#1433,.T.);
#204=FACE_BOUND('',#1435,.T.);
#205=FACE_BOUND('',#1436,.T.);
#206=FACE_BOUND('',#1438,.T.);
#207=FACE_BOUND('',#1439,.T.);
#208=FACE_BOUND('',#1446,.T.);
#209=FACE_BOUND('',#1500,.T.);
#210=FACE_BOUND('',#1601,.T.);
#211=FACE_BOUND('',#1602,.T.);
#212=FACE_BOUND('',#1603,.T.);
#213=FACE_BOUND('',#1604,.T.);
#214=FACE_BOUND('',#1605,.T.);
#215=FACE_BOUND('',#1607,.T.);
#216=FACE_BOUND('',#1608,.T.);
#217=FACE_BOUND('',#1609,.T.);
#218=FACE_BOUND('',#1610,.T.);
#219=FACE_BOUND('',#1611,.T.);
#220=FACE_BOUND('',#1621,.T.);
#221=FACE_BOUND('',#1622,.T.);
#222=FACE_BOUND('',#1623,.T.);
#223=FACE_BOUND('',#1624,.T.);
#224=FACE_BOUND('',#1625,.T.);
#225=FACE_BOUND('',#1643,.T.);
#226=FACE_BOUND('',#1644,.T.);
#227=FACE_BOUND('',#1645,.T.);
#228=FACE_BOUND('',#1646,.T.);
#229=FACE_BOUND('',#1647,.T.);
#230=FACE_BOUND('',#1707,.T.);
#231=FACE_BOUND('',#1708,.T.);
#232=FACE_BOUND('',#1709,.T.);
#233=FACE_BOUND('',#1710,.T.);
#234=FACE_BOUND('',#1722,.T.);
#235=FACE_BOUND('',#1723,.T.);
#236=FACE_BOUND('',#1724,.T.);
#237=FACE_BOUND('',#1725,.T.);
#238=PLANE('',#11015);
#239=PLANE('',#11022);
#240=PLANE('',#11029);
#241=PLANE('',#11036);
#242=PLANE('',#11043);
#243=PLANE('',#11053);
#244=PLANE('',#11063);
#245=PLANE('',#11070);
#246=PLANE('',#11077);
#247=PLANE('',#11084);
#248=PLANE('',#11091);
#249=PLANE('',#11101);
#250=PLANE('',#11102);
#251=PLANE('',#11103);
#252=PLANE('',#11106);
#253=PLANE('',#11107);
#254=PLANE('',#11150);
#255=PLANE('',#11192);
#256=PLANE('',#11193);
#257=PLANE('',#11200);
#258=PLANE('',#11201);
#259=PLANE('',#11205);
#260=PLANE('',#11209);
#261=PLANE('',#11210);
#262=PLANE('',#11217);
#263=PLANE('',#11218);
#264=PLANE('',#11222);
#265=PLANE('',#11223);
#266=PLANE('',#11225);
#267=PLANE('',#11229);
#268=PLANE('',#11230);
#269=PLANE('',#11231);
#270=PLANE('',#11232);
#271=PLANE('',#11233);
#272=PLANE('',#11234);
#273=PLANE('',#11235);
#274=PLANE('',#11236);
#275=PLANE('',#11237);
#276=PLANE('',#11238);
#277=PLANE('',#11239);
#278=PLANE('',#11240);
#279=PLANE('',#11241);
#280=PLANE('',#11242);
#281=PLANE('',#11243);
#282=PLANE('',#11244);
#283=PLANE('',#11245);
#284=PLANE('',#11246);
#285=PLANE('',#11247);
#286=PLANE('',#11248);
#287=PLANE('',#11249);
#288=PLANE('',#11250);
#289=PLANE('',#11251);
#290=PLANE('',#11252);
#291=PLANE('',#11253);
#292=PLANE('',#11254);
#293=PLANE('',#11255);
#294=PLANE('',#11256);
#295=PLANE('',#11257);
#296=PLANE('',#11258);
#297=PLANE('',#11259);
#298=PLANE('',#11260);
#299=PLANE('',#11261);
#300=PLANE('',#11262);
#301=PLANE('',#11263);
#302=PLANE('',#11264);
#303=PLANE('',#11265);
#304=PLANE('',#11266);
#305=PLANE('',#11267);
#306=PLANE('',#11268);
#307=PLANE('',#11269);
#308=PLANE('',#11270);
#309=PLANE('',#11271);
#310=PLANE('',#11272);
#311=PLANE('',#11273);
#312=PLANE('',#11274);
#313=PLANE('',#11275);
#314=PLANE('',#11276);
#315=PLANE('',#11277);
#316=PLANE('',#11278);
#317=PLANE('',#11279);
#318=PLANE('',#11280);
#319=PLANE('',#11281);
#320=PLANE('',#11282);
#321=PLANE('',#11283);
#322=PLANE('',#11284);
#323=PLANE('',#11285);
#324=PLANE('',#11286);
#325=PLANE('',#11287);
#326=PLANE('',#11288);
#327=PLANE('',#11291);
#328=PLANE('',#11292);
#329=PLANE('',#11295);
#330=PLANE('',#11296);
#331=PLANE('',#11299);
#332=PLANE('',#11300);
#333=PLANE('',#11303);
#334=PLANE('',#11304);
#335=PLANE('',#11307);
#336=PLANE('',#11308);
#337=PLANE('',#11311);
#338=PLANE('',#11312);
#339=PLANE('',#11315);
#340=PLANE('',#11316);
#341=PLANE('',#11319);
#342=PLANE('',#11320);
#343=PLANE('',#11323);
#344=PLANE('',#11324);
#345=PLANE('',#11327);
#346=PLANE('',#11328);
#347=PLANE('',#11331);
#348=PLANE('',#11332);
#349=PLANE('',#11335);
#350=PLANE('',#11336);
#351=PLANE('',#11339);
#352=PLANE('',#11340);
#353=PLANE('',#11343);
#354=PLANE('',#11344);
#355=PLANE('',#11347);
#356=PLANE('',#11348);
#357=PLANE('',#11351);
#358=PLANE('',#11352);
#359=PLANE('',#11355);
#360=PLANE('',#11356);
#361=PLANE('',#11359);
#362=PLANE('',#11360);
#363=PLANE('',#11363);
#364=PLANE('',#11364);
#365=PLANE('',#11365);
#366=PLANE('',#11369);
#367=PLANE('',#11370);
#368=PLANE('',#11371);
#369=PLANE('',#11372);
#370=PLANE('',#11373);
#371=PLANE('',#11374);
#372=PLANE('',#11375);
#373=PLANE('',#11376);
#374=PLANE('',#11377);
#375=PLANE('',#11378);
#376=PLANE('',#11379);
#377=PLANE('',#11380);
#378=PLANE('',#11382);
#379=PLANE('',#11383);
#380=PLANE('',#11384);
#381=PLANE('',#11385);
#382=PLANE('',#11386);
#383=PLANE('',#11387);
#384=PLANE('',#11388);
#385=PLANE('',#11389);
#386=PLANE('',#11390);
#387=PLANE('',#11391);
#388=PLANE('',#11392);
#389=PLANE('',#11393);
#390=PLANE('',#11406);
#391=PLANE('',#11413);
#392=PLANE('',#11420);
#393=PLANE('',#11427);
#394=PLANE('',#11434);
#395=PLANE('',#11444);
#396=PLANE('',#11454);
#397=PLANE('',#11461);
#398=PLANE('',#11468);
#399=PLANE('',#11475);
#400=PLANE('',#11482);
#401=PLANE('',#11492);
#402=PLANE('',#11493);
#403=PLANE('',#11494);
#404=PLANE('',#11497);
#405=PLANE('',#11498);
#406=PLANE('',#11541);
#407=PLANE('',#11583);
#408=PLANE('',#11584);
#409=PLANE('',#11591);
#410=PLANE('',#11592);
#411=PLANE('',#11596);
#412=PLANE('',#11600);
#413=PLANE('',#11601);
#414=PLANE('',#11608);
#415=PLANE('',#11609);
#416=PLANE('',#11613);
#417=PLANE('',#11614);
#418=PLANE('',#11616);
#419=PLANE('',#11620);
#420=PLANE('',#11621);
#421=PLANE('',#11622);
#422=PLANE('',#11623);
#423=PLANE('',#11624);
#424=PLANE('',#11625);
#425=PLANE('',#11626);
#426=PLANE('',#11627);
#427=PLANE('',#11628);
#428=PLANE('',#11629);
#429=PLANE('',#11630);
#430=PLANE('',#11631);
#431=PLANE('',#11632);
#432=PLANE('',#11633);
#433=PLANE('',#11634);
#434=PLANE('',#11635);
#435=PLANE('',#11636);
#436=PLANE('',#11637);
#437=PLANE('',#11638);
#438=PLANE('',#11639);
#439=PLANE('',#11640);
#440=PLANE('',#11641);
#441=PLANE('',#11642);
#442=PLANE('',#11643);
#443=PLANE('',#11644);
#444=PLANE('',#11645);
#445=PLANE('',#11646);
#446=PLANE('',#11647);
#447=PLANE('',#11648);
#448=PLANE('',#11649);
#449=PLANE('',#11650);
#450=PLANE('',#11651);
#451=PLANE('',#11652);
#452=PLANE('',#11653);
#453=PLANE('',#11654);
#454=PLANE('',#11655);
#455=PLANE('',#11656);
#456=PLANE('',#11657);
#457=PLANE('',#11658);
#458=PLANE('',#11659);
#459=PLANE('',#11660);
#460=PLANE('',#11661);
#461=PLANE('',#11662);
#462=PLANE('',#11663);
#463=PLANE('',#11664);
#464=PLANE('',#11665);
#465=PLANE('',#11666);
#466=PLANE('',#11667);
#467=PLANE('',#11668);
#468=PLANE('',#11669);
#469=PLANE('',#11670);
#470=PLANE('',#11671);
#471=PLANE('',#11672);
#472=PLANE('',#11673);
#473=PLANE('',#11674);
#474=PLANE('',#11675);
#475=PLANE('',#11676);
#476=PLANE('',#11677);
#477=PLANE('',#11678);
#478=PLANE('',#11679);
#479=PLANE('',#11682);
#480=PLANE('',#11683);
#481=PLANE('',#11686);
#482=PLANE('',#11687);
#483=PLANE('',#11690);
#484=PLANE('',#11691);
#485=PLANE('',#11694);
#486=PLANE('',#11695);
#487=PLANE('',#11698);
#488=PLANE('',#11699);
#489=PLANE('',#11702);
#490=PLANE('',#11703);
#491=PLANE('',#11706);
#492=PLANE('',#11707);
#493=PLANE('',#11710);
#494=PLANE('',#11711);
#495=PLANE('',#11714);
#496=PLANE('',#11715);
#497=PLANE('',#11718);
#498=PLANE('',#11719);
#499=PLANE('',#11722);
#500=PLANE('',#11723);
#501=PLANE('',#11726);
#502=PLANE('',#11727);
#503=PLANE('',#11730);
#504=PLANE('',#11731);
#505=PLANE('',#11734);
#506=PLANE('',#11735);
#507=PLANE('',#11738);
#508=PLANE('',#11739);
#509=PLANE('',#11742);
#510=PLANE('',#11743);
#511=PLANE('',#11746);
#512=PLANE('',#11747);
#513=PLANE('',#11750);
#514=PLANE('',#11751);
#515=PLANE('',#11754);
#516=PLANE('',#11755);
#517=PLANE('',#11756);
#518=PLANE('',#11761);
#519=PLANE('',#11765);
#520=PLANE('',#11769);
#521=PLANE('',#11773);
#522=PLANE('',#11786);
#523=PLANE('',#11790);
#524=PLANE('',#11794);
#525=PLANE('',#11798);
#526=PLANE('',#11802);
#527=PLANE('',#11803);
#528=PLANE('',#11806);
#529=PLANE('',#11813);
#530=PLANE('',#11823);
#531=PLANE('',#11824);
#532=PLANE('',#11876);
#533=PLANE('',#11881);
#534=PLANE('',#11888);
#535=PLANE('',#11905);
#536=PLANE('',#11946);
#537=PLANE('',#11948);
#538=PLANE('',#11953);
#539=PLANE('',#11957);
#540=PLANE('',#11959);
#541=PLANE('',#11961);
#542=PLANE('',#11963);
#543=PLANE('',#11967);
#544=PLANE('',#11969);
#545=PLANE('',#11971);
#546=PLANE('',#11974);
#547=PLANE('',#11978);
#548=PLANE('',#11983);
#549=PLANE('',#11986);
#550=PLANE('',#11989);
#551=PLANE('',#11992);
#552=PLANE('',#11995);
#553=PLANE('',#11998);
#554=PLANE('',#12008);
#555=PLANE('',#12009);
#556=PLANE('',#12019);
#557=PLANE('',#12022);
#558=PLANE('',#12033);
#559=PLANE('',#12034);
#560=PLANE('',#12037);
#561=PLANE('',#12038);
#562=PLANE('',#12039);
#563=PLANE('',#12040);
#564=PLANE('',#12041);
#565=PLANE('',#12042);
#566=FACE_OUTER_BOUND('',#1122,.T.);
#567=FACE_OUTER_BOUND('',#1123,.T.);
#568=FACE_OUTER_BOUND('',#1124,.T.);
#569=FACE_OUTER_BOUND('',#1125,.T.);
#570=FACE_OUTER_BOUND('',#1126,.T.);
#571=FACE_OUTER_BOUND('',#1127,.T.);
#572=FACE_OUTER_BOUND('',#1128,.T.);
#573=FACE_OUTER_BOUND('',#1129,.T.);
#574=FACE_OUTER_BOUND('',#1130,.T.);
#575=FACE_OUTER_BOUND('',#1131,.T.);
#576=FACE_OUTER_BOUND('',#1132,.T.);
#577=FACE_OUTER_BOUND('',#1133,.T.);
#578=FACE_OUTER_BOUND('',#1134,.T.);
#579=FACE_OUTER_BOUND('',#1135,.T.);
#580=FACE_OUTER_BOUND('',#1136,.T.);
#581=FACE_OUTER_BOUND('',#1137,.T.);
#582=FACE_OUTER_BOUND('',#1138,.T.);
#583=FACE_OUTER_BOUND('',#1139,.T.);
#584=FACE_OUTER_BOUND('',#1140,.T.);
#585=FACE_OUTER_BOUND('',#1141,.T.);
#586=FACE_OUTER_BOUND('',#1142,.T.);
#587=FACE_OUTER_BOUND('',#1143,.T.);
#588=FACE_OUTER_BOUND('',#1144,.T.);
#589=FACE_OUTER_BOUND('',#1145,.T.);
#590=FACE_OUTER_BOUND('',#1146,.T.);
#591=FACE_OUTER_BOUND('',#1147,.T.);
#592=FACE_OUTER_BOUND('',#1148,.T.);
#593=FACE_OUTER_BOUND('',#1149,.T.);
#594=FACE_OUTER_BOUND('',#1150,.T.);
#595=FACE_OUTER_BOUND('',#1151,.T.);
#596=FACE_OUTER_BOUND('',#1152,.T.);
#597=FACE_OUTER_BOUND('',#1153,.T.);
#598=FACE_OUTER_BOUND('',#1154,.T.);
#599=FACE_OUTER_BOUND('',#1155,.T.);
#600=FACE_OUTER_BOUND('',#1156,.T.);
#601=FACE_OUTER_BOUND('',#1157,.T.);
#602=FACE_OUTER_BOUND('',#1158,.T.);
#603=FACE_OUTER_BOUND('',#1159,.T.);
#604=FACE_OUTER_BOUND('',#1160,.T.);
#605=FACE_OUTER_BOUND('',#1161,.T.);
#606=FACE_OUTER_BOUND('',#1162,.T.);
#607=FACE_OUTER_BOUND('',#1164,.T.);
#608=FACE_OUTER_BOUND('',#1168,.T.);
#609=FACE_OUTER_BOUND('',#1169,.T.);
#610=FACE_OUTER_BOUND('',#1170,.T.);
#611=FACE_OUTER_BOUND('',#1171,.T.);
#612=FACE_OUTER_BOUND('',#1173,.T.);
#613=FACE_OUTER_BOUND('',#1174,.T.);
#614=FACE_OUTER_BOUND('',#1175,.T.);
#615=FACE_OUTER_BOUND('',#1176,.T.);
#616=FACE_OUTER_BOUND('',#1177,.T.);
#617=FACE_OUTER_BOUND('',#1178,.T.);
#618=FACE_OUTER_BOUND('',#1179,.T.);
#619=FACE_OUTER_BOUND('',#1180,.T.);
#620=FACE_OUTER_BOUND('',#1181,.T.);
#621=FACE_OUTER_BOUND('',#1183,.T.);
#622=FACE_OUTER_BOUND('',#1184,.T.);
#623=FACE_OUTER_BOUND('',#1185,.T.);
#624=FACE_OUTER_BOUND('',#1186,.T.);
#625=FACE_OUTER_BOUND('',#1187,.T.);
#626=FACE_OUTER_BOUND('',#1188,.T.);
#627=FACE_OUTER_BOUND('',#1189,.T.);
#628=FACE_OUTER_BOUND('',#1190,.T.);
#629=FACE_OUTER_BOUND('',#1191,.T.);
#630=FACE_OUTER_BOUND('',#1193,.T.);
#631=FACE_OUTER_BOUND('',#1196,.T.);
#632=FACE_OUTER_BOUND('',#1199,.T.);
#633=FACE_OUTER_BOUND('',#1200,.T.);
#634=FACE_OUTER_BOUND('',#1201,.T.);
#635=FACE_OUTER_BOUND('',#1202,.T.);
#636=FACE_OUTER_BOUND('',#1203,.T.);
#637=FACE_OUTER_BOUND('',#1204,.T.);
#638=FACE_OUTER_BOUND('',#1206,.T.);
#639=FACE_OUTER_BOUND('',#1207,.T.);
#640=FACE_OUTER_BOUND('',#1208,.T.);
#641=FACE_OUTER_BOUND('',#1209,.T.);
#642=FACE_OUTER_BOUND('',#1210,.T.);
#643=FACE_OUTER_BOUND('',#1211,.T.);
#644=FACE_OUTER_BOUND('',#1212,.T.);
#645=FACE_OUTER_BOUND('',#1213,.T.);
#646=FACE_OUTER_BOUND('',#1214,.T.);
#647=FACE_OUTER_BOUND('',#1215,.T.);
#648=FACE_OUTER_BOUND('',#1216,.T.);
#649=FACE_OUTER_BOUND('',#1217,.T.);
#650=FACE_OUTER_BOUND('',#1218,.T.);
#651=FACE_OUTER_BOUND('',#1219,.T.);
#652=FACE_OUTER_BOUND('',#1220,.T.);
#653=FACE_OUTER_BOUND('',#1221,.T.);
#654=FACE_OUTER_BOUND('',#1222,.T.);
#655=FACE_OUTER_BOUND('',#1223,.T.);
#656=FACE_OUTER_BOUND('',#1224,.T.);
#657=FACE_OUTER_BOUND('',#1225,.T.);
#658=FACE_OUTER_BOUND('',#1226,.T.);
#659=FACE_OUTER_BOUND('',#1227,.T.);
#660=FACE_OUTER_BOUND('',#1228,.T.);
#661=FACE_OUTER_BOUND('',#1229,.T.);
#662=FACE_OUTER_BOUND('',#1230,.T.);
#663=FACE_OUTER_BOUND('',#1231,.T.);
#664=FACE_OUTER_BOUND('',#1232,.T.);
#665=FACE_OUTER_BOUND('',#1233,.T.);
#666=FACE_OUTER_BOUND('',#1234,.T.);
#667=FACE_OUTER_BOUND('',#1235,.T.);
#668=FACE_OUTER_BOUND('',#1236,.T.);
#669=FACE_OUTER_BOUND('',#1237,.T.);
#670=FACE_OUTER_BOUND('',#1238,.T.);
#671=FACE_OUTER_BOUND('',#1239,.T.);
#672=FACE_OUTER_BOUND('',#1240,.T.);
#673=FACE_OUTER_BOUND('',#1241,.T.);
#674=FACE_OUTER_BOUND('',#1242,.T.);
#675=FACE_OUTER_BOUND('',#1243,.T.);
#676=FACE_OUTER_BOUND('',#1244,.T.);
#677=FACE_OUTER_BOUND('',#1245,.T.);
#678=FACE_OUTER_BOUND('',#1246,.T.);
#679=FACE_OUTER_BOUND('',#1247,.T.);
#680=FACE_OUTER_BOUND('',#1248,.T.);
#681=FACE_OUTER_BOUND('',#1249,.T.);
#682=FACE_OUTER_BOUND('',#1250,.T.);
#683=FACE_OUTER_BOUND('',#1251,.T.);
#684=FACE_OUTER_BOUND('',#1252,.T.);
#685=FACE_OUTER_BOUND('',#1253,.T.);
#686=FACE_OUTER_BOUND('',#1254,.T.);
#687=FACE_OUTER_BOUND('',#1255,.T.);
#688=FACE_OUTER_BOUND('',#1256,.T.);
#689=FACE_OUTER_BOUND('',#1257,.T.);
#690=FACE_OUTER_BOUND('',#1258,.T.);
#691=FACE_OUTER_BOUND('',#1260,.T.);
#692=FACE_OUTER_BOUND('',#1261,.T.);
#693=FACE_OUTER_BOUND('',#1262,.T.);
#694=FACE_OUTER_BOUND('',#1263,.T.);
#695=FACE_OUTER_BOUND('',#1264,.T.);
#696=FACE_OUTER_BOUND('',#1265,.T.);
#697=FACE_OUTER_BOUND('',#1266,.T.);
#698=FACE_OUTER_BOUND('',#1267,.T.);
#699=FACE_OUTER_BOUND('',#1268,.T.);
#700=FACE_OUTER_BOUND('',#1269,.T.);
#701=FACE_OUTER_BOUND('',#1270,.T.);
#702=FACE_OUTER_BOUND('',#1271,.T.);
#703=FACE_OUTER_BOUND('',#1272,.T.);
#704=FACE_OUTER_BOUND('',#1273,.T.);
#705=FACE_OUTER_BOUND('',#1274,.T.);
#706=FACE_OUTER_BOUND('',#1275,.T.);
#707=FACE_OUTER_BOUND('',#1276,.T.);
#708=FACE_OUTER_BOUND('',#1277,.T.);
#709=FACE_OUTER_BOUND('',#1278,.T.);
#710=FACE_OUTER_BOUND('',#1279,.T.);
#711=FACE_OUTER_BOUND('',#1280,.T.);
#712=FACE_OUTER_BOUND('',#1281,.T.);
#713=FACE_OUTER_BOUND('',#1282,.T.);
#714=FACE_OUTER_BOUND('',#1283,.T.);
#715=FACE_OUTER_BOUND('',#1284,.T.);
#716=FACE_OUTER_BOUND('',#1285,.T.);
#717=FACE_OUTER_BOUND('',#1286,.T.);
#718=FACE_OUTER_BOUND('',#1287,.T.);
#719=FACE_OUTER_BOUND('',#1288,.T.);
#720=FACE_OUTER_BOUND('',#1289,.T.);
#721=FACE_OUTER_BOUND('',#1290,.T.);
#722=FACE_OUTER_BOUND('',#1291,.T.);
#723=FACE_OUTER_BOUND('',#1292,.T.);
#724=FACE_OUTER_BOUND('',#1293,.T.);
#725=FACE_OUTER_BOUND('',#1294,.T.);
#726=FACE_OUTER_BOUND('',#1295,.T.);
#727=FACE_OUTER_BOUND('',#1296,.T.);
#728=FACE_OUTER_BOUND('',#1297,.T.);
#729=FACE_OUTER_BOUND('',#1298,.T.);
#730=FACE_OUTER_BOUND('',#1299,.T.);
#731=FACE_OUTER_BOUND('',#1300,.T.);
#732=FACE_OUTER_BOUND('',#1301,.T.);
#733=FACE_OUTER_BOUND('',#1302,.T.);
#734=FACE_OUTER_BOUND('',#1303,.T.);
#735=FACE_OUTER_BOUND('',#1304,.T.);
#736=FACE_OUTER_BOUND('',#1305,.T.);
#737=FACE_OUTER_BOUND('',#1306,.T.);
#738=FACE_OUTER_BOUND('',#1307,.T.);
#739=FACE_OUTER_BOUND('',#1308,.T.);
#740=FACE_OUTER_BOUND('',#1309,.T.);
#741=FACE_OUTER_BOUND('',#1310,.T.);
#742=FACE_OUTER_BOUND('',#1311,.T.);
#743=FACE_OUTER_BOUND('',#1312,.T.);
#744=FACE_OUTER_BOUND('',#1313,.T.);
#745=FACE_OUTER_BOUND('',#1314,.T.);
#746=FACE_OUTER_BOUND('',#1315,.T.);
#747=FACE_OUTER_BOUND('',#1316,.T.);
#748=FACE_OUTER_BOUND('',#1317,.T.);
#749=FACE_OUTER_BOUND('',#1318,.T.);
#750=FACE_OUTER_BOUND('',#1319,.T.);
#751=FACE_OUTER_BOUND('',#1320,.T.);
#752=FACE_OUTER_BOUND('',#1321,.T.);
#753=FACE_OUTER_BOUND('',#1322,.T.);
#754=FACE_OUTER_BOUND('',#1323,.T.);
#755=FACE_OUTER_BOUND('',#1324,.T.);
#756=FACE_OUTER_BOUND('',#1325,.T.);
#757=FACE_OUTER_BOUND('',#1326,.T.);
#758=FACE_OUTER_BOUND('',#1327,.T.);
#759=FACE_OUTER_BOUND('',#1328,.T.);
#760=FACE_OUTER_BOUND('',#1329,.T.);
#761=FACE_OUTER_BOUND('',#1330,.T.);
#762=FACE_OUTER_BOUND('',#1331,.T.);
#763=FACE_OUTER_BOUND('',#1332,.T.);
#764=FACE_OUTER_BOUND('',#1333,.T.);
#765=FACE_OUTER_BOUND('',#1334,.T.);
#766=FACE_OUTER_BOUND('',#1335,.T.);
#767=FACE_OUTER_BOUND('',#1336,.T.);
#768=FACE_OUTER_BOUND('',#1337,.T.);
#769=FACE_OUTER_BOUND('',#1338,.T.);
#770=FACE_OUTER_BOUND('',#1339,.T.);
#771=FACE_OUTER_BOUND('',#1340,.T.);
#772=FACE_OUTER_BOUND('',#1341,.T.);
#773=FACE_OUTER_BOUND('',#1342,.T.);
#774=FACE_OUTER_BOUND('',#1343,.T.);
#775=FACE_OUTER_BOUND('',#1344,.T.);
#776=FACE_OUTER_BOUND('',#1345,.T.);
#777=FACE_OUTER_BOUND('',#1346,.T.);
#778=FACE_OUTER_BOUND('',#1347,.T.);
#779=FACE_OUTER_BOUND('',#1348,.T.);
#780=FACE_OUTER_BOUND('',#1349,.T.);
#781=FACE_OUTER_BOUND('',#1350,.T.);
#782=FACE_OUTER_BOUND('',#1351,.T.);
#783=FACE_OUTER_BOUND('',#1352,.T.);
#784=FACE_OUTER_BOUND('',#1353,.T.);
#785=FACE_OUTER_BOUND('',#1354,.T.);
#786=FACE_OUTER_BOUND('',#1355,.T.);
#787=FACE_OUTER_BOUND('',#1356,.T.);
#788=FACE_OUTER_BOUND('',#1357,.T.);
#789=FACE_OUTER_BOUND('',#1358,.T.);
#790=FACE_OUTER_BOUND('',#1359,.T.);
#791=FACE_OUTER_BOUND('',#1360,.T.);
#792=FACE_OUTER_BOUND('',#1361,.T.);
#793=FACE_OUTER_BOUND('',#1362,.T.);
#794=FACE_OUTER_BOUND('',#1363,.T.);
#795=FACE_OUTER_BOUND('',#1364,.T.);
#796=FACE_OUTER_BOUND('',#1365,.T.);
#797=FACE_OUTER_BOUND('',#1366,.T.);
#798=FACE_OUTER_BOUND('',#1367,.T.);
#799=FACE_OUTER_BOUND('',#1368,.T.);
#800=FACE_OUTER_BOUND('',#1369,.T.);
#801=FACE_OUTER_BOUND('',#1370,.T.);
#802=FACE_OUTER_BOUND('',#1371,.T.);
#803=FACE_OUTER_BOUND('',#1372,.T.);
#804=FACE_OUTER_BOUND('',#1373,.T.);
#805=FACE_OUTER_BOUND('',#1374,.T.);
#806=FACE_OUTER_BOUND('',#1375,.T.);
#807=FACE_OUTER_BOUND('',#1376,.T.);
#808=FACE_OUTER_BOUND('',#1377,.T.);
#809=FACE_OUTER_BOUND('',#1378,.T.);
#810=FACE_OUTER_BOUND('',#1379,.T.);
#811=FACE_OUTER_BOUND('',#1380,.T.);
#812=FACE_OUTER_BOUND('',#1381,.T.);
#813=FACE_OUTER_BOUND('',#1382,.T.);
#814=FACE_OUTER_BOUND('',#1383,.T.);
#815=FACE_OUTER_BOUND('',#1384,.T.);
#816=FACE_OUTER_BOUND('',#1385,.T.);
#817=FACE_OUTER_BOUND('',#1386,.T.);
#818=FACE_OUTER_BOUND('',#1387,.T.);
#819=FACE_OUTER_BOUND('',#1388,.T.);
#820=FACE_OUTER_BOUND('',#1389,.T.);
#821=FACE_OUTER_BOUND('',#1390,.T.);
#822=FACE_OUTER_BOUND('',#1391,.T.);
#823=FACE_OUTER_BOUND('',#1392,.T.);
#824=FACE_OUTER_BOUND('',#1393,.T.);
#825=FACE_OUTER_BOUND('',#1394,.T.);
#826=FACE_OUTER_BOUND('',#1395,.T.);
#827=FACE_OUTER_BOUND('',#1396,.T.);
#828=FACE_OUTER_BOUND('',#1397,.T.);
#829=FACE_OUTER_BOUND('',#1398,.T.);
#830=FACE_OUTER_BOUND('',#1399,.T.);
#831=FACE_OUTER_BOUND('',#1400,.T.);
#832=FACE_OUTER_BOUND('',#1401,.T.);
#833=FACE_OUTER_BOUND('',#1402,.T.);
#834=FACE_OUTER_BOUND('',#1403,.T.);
#835=FACE_OUTER_BOUND('',#1405,.T.);
#836=FACE_OUTER_BOUND('',#1409,.T.);
#837=FACE_OUTER_BOUND('',#1410,.T.);
#838=FACE_OUTER_BOUND('',#1411,.T.);
#839=FACE_OUTER_BOUND('',#1412,.T.);
#840=FACE_OUTER_BOUND('',#1414,.T.);
#841=FACE_OUTER_BOUND('',#1415,.T.);
#842=FACE_OUTER_BOUND('',#1416,.T.);
#843=FACE_OUTER_BOUND('',#1417,.T.);
#844=FACE_OUTER_BOUND('',#1418,.T.);
#845=FACE_OUTER_BOUND('',#1419,.T.);
#846=FACE_OUTER_BOUND('',#1420,.T.);
#847=FACE_OUTER_BOUND('',#1421,.T.);
#848=FACE_OUTER_BOUND('',#1422,.T.);
#849=FACE_OUTER_BOUND('',#1424,.T.);
#850=FACE_OUTER_BOUND('',#1425,.T.);
#851=FACE_OUTER_BOUND('',#1426,.T.);
#852=FACE_OUTER_BOUND('',#1427,.T.);
#853=FACE_OUTER_BOUND('',#1428,.T.);
#854=FACE_OUTER_BOUND('',#1429,.T.);
#855=FACE_OUTER_BOUND('',#1430,.T.);
#856=FACE_OUTER_BOUND('',#1431,.T.);
#857=FACE_OUTER_BOUND('',#1432,.T.);
#858=FACE_OUTER_BOUND('',#1434,.T.);
#859=FACE_OUTER_BOUND('',#1437,.T.);
#860=FACE_OUTER_BOUND('',#1440,.T.);
#861=FACE_OUTER_BOUND('',#1441,.T.);
#862=FACE_OUTER_BOUND('',#1442,.T.);
#863=FACE_OUTER_BOUND('',#1443,.T.);
#864=FACE_OUTER_BOUND('',#1444,.T.);
#865=FACE_OUTER_BOUND('',#1445,.T.);
#866=FACE_OUTER_BOUND('',#1447,.T.);
#867=FACE_OUTER_BOUND('',#1448,.T.);
#868=FACE_OUTER_BOUND('',#1449,.T.);
#869=FACE_OUTER_BOUND('',#1450,.T.);
#870=FACE_OUTER_BOUND('',#1451,.T.);
#871=FACE_OUTER_BOUND('',#1452,.T.);
#872=FACE_OUTER_BOUND('',#1453,.T.);
#873=FACE_OUTER_BOUND('',#1454,.T.);
#874=FACE_OUTER_BOUND('',#1455,.T.);
#875=FACE_OUTER_BOUND('',#1456,.T.);
#876=FACE_OUTER_BOUND('',#1457,.T.);
#877=FACE_OUTER_BOUND('',#1458,.T.);
#878=FACE_OUTER_BOUND('',#1459,.T.);
#879=FACE_OUTER_BOUND('',#1460,.T.);
#880=FACE_OUTER_BOUND('',#1461,.T.);
#881=FACE_OUTER_BOUND('',#1462,.T.);
#882=FACE_OUTER_BOUND('',#1463,.T.);
#883=FACE_OUTER_BOUND('',#1464,.T.);
#884=FACE_OUTER_BOUND('',#1465,.T.);
#885=FACE_OUTER_BOUND('',#1466,.T.);
#886=FACE_OUTER_BOUND('',#1467,.T.);
#887=FACE_OUTER_BOUND('',#1468,.T.);
#888=FACE_OUTER_BOUND('',#1469,.T.);
#889=FACE_OUTER_BOUND('',#1470,.T.);
#890=FACE_OUTER_BOUND('',#1471,.T.);
#891=FACE_OUTER_BOUND('',#1472,.T.);
#892=FACE_OUTER_BOUND('',#1473,.T.);
#893=FACE_OUTER_BOUND('',#1474,.T.);
#894=FACE_OUTER_BOUND('',#1475,.T.);
#895=FACE_OUTER_BOUND('',#1476,.T.);
#896=FACE_OUTER_BOUND('',#1477,.T.);
#897=FACE_OUTER_BOUND('',#1478,.T.);
#898=FACE_OUTER_BOUND('',#1479,.T.);
#899=FACE_OUTER_BOUND('',#1480,.T.);
#900=FACE_OUTER_BOUND('',#1481,.T.);
#901=FACE_OUTER_BOUND('',#1482,.T.);
#902=FACE_OUTER_BOUND('',#1483,.T.);
#903=FACE_OUTER_BOUND('',#1484,.T.);
#904=FACE_OUTER_BOUND('',#1485,.T.);
#905=FACE_OUTER_BOUND('',#1486,.T.);
#906=FACE_OUTER_BOUND('',#1487,.T.);
#907=FACE_OUTER_BOUND('',#1488,.T.);
#908=FACE_OUTER_BOUND('',#1489,.T.);
#909=FACE_OUTER_BOUND('',#1490,.T.);
#910=FACE_OUTER_BOUND('',#1491,.T.);
#911=FACE_OUTER_BOUND('',#1492,.T.);
#912=FACE_OUTER_BOUND('',#1493,.T.);
#913=FACE_OUTER_BOUND('',#1494,.T.);
#914=FACE_OUTER_BOUND('',#1495,.T.);
#915=FACE_OUTER_BOUND('',#1496,.T.);
#916=FACE_OUTER_BOUND('',#1497,.T.);
#917=FACE_OUTER_BOUND('',#1498,.T.);
#918=FACE_OUTER_BOUND('',#1499,.T.);
#919=FACE_OUTER_BOUND('',#1501,.T.);
#920=FACE_OUTER_BOUND('',#1502,.T.);
#921=FACE_OUTER_BOUND('',#1503,.T.);
#922=FACE_OUTER_BOUND('',#1504,.T.);
#923=FACE_OUTER_BOUND('',#1505,.T.);
#924=FACE_OUTER_BOUND('',#1506,.T.);
#925=FACE_OUTER_BOUND('',#1507,.T.);
#926=FACE_OUTER_BOUND('',#1508,.T.);
#927=FACE_OUTER_BOUND('',#1509,.T.);
#928=FACE_OUTER_BOUND('',#1510,.T.);
#929=FACE_OUTER_BOUND('',#1511,.T.);
#930=FACE_OUTER_BOUND('',#1512,.T.);
#931=FACE_OUTER_BOUND('',#1513,.T.);
#932=FACE_OUTER_BOUND('',#1514,.T.);
#933=FACE_OUTER_BOUND('',#1515,.T.);
#934=FACE_OUTER_BOUND('',#1516,.T.);
#935=FACE_OUTER_BOUND('',#1517,.T.);
#936=FACE_OUTER_BOUND('',#1518,.T.);
#937=FACE_OUTER_BOUND('',#1519,.T.);
#938=FACE_OUTER_BOUND('',#1520,.T.);
#939=FACE_OUTER_BOUND('',#1521,.T.);
#940=FACE_OUTER_BOUND('',#1522,.T.);
#941=FACE_OUTER_BOUND('',#1523,.T.);
#942=FACE_OUTER_BOUND('',#1524,.T.);
#943=FACE_OUTER_BOUND('',#1525,.T.);
#944=FACE_OUTER_BOUND('',#1526,.T.);
#945=FACE_OUTER_BOUND('',#1527,.T.);
#946=FACE_OUTER_BOUND('',#1528,.T.);
#947=FACE_OUTER_BOUND('',#1529,.T.);
#948=FACE_OUTER_BOUND('',#1530,.T.);
#949=FACE_OUTER_BOUND('',#1531,.T.);
#950=FACE_OUTER_BOUND('',#1532,.T.);
#951=FACE_OUTER_BOUND('',#1533,.T.);
#952=FACE_OUTER_BOUND('',#1534,.T.);
#953=FACE_OUTER_BOUND('',#1535,.T.);
#954=FACE_OUTER_BOUND('',#1536,.T.);
#955=FACE_OUTER_BOUND('',#1537,.T.);
#956=FACE_OUTER_BOUND('',#1538,.T.);
#957=FACE_OUTER_BOUND('',#1539,.T.);
#958=FACE_OUTER_BOUND('',#1540,.T.);
#959=FACE_OUTER_BOUND('',#1541,.T.);
#960=FACE_OUTER_BOUND('',#1542,.T.);
#961=FACE_OUTER_BOUND('',#1543,.T.);
#962=FACE_OUTER_BOUND('',#1544,.T.);
#963=FACE_OUTER_BOUND('',#1545,.T.);
#964=FACE_OUTER_BOUND('',#1546,.T.);
#965=FACE_OUTER_BOUND('',#1547,.T.);
#966=FACE_OUTER_BOUND('',#1548,.T.);
#967=FACE_OUTER_BOUND('',#1549,.T.);
#968=FACE_OUTER_BOUND('',#1550,.T.);
#969=FACE_OUTER_BOUND('',#1551,.T.);
#970=FACE_OUTER_BOUND('',#1552,.T.);
#971=FACE_OUTER_BOUND('',#1553,.T.);
#972=FACE_OUTER_BOUND('',#1554,.T.);
#973=FACE_OUTER_BOUND('',#1555,.T.);
#974=FACE_OUTER_BOUND('',#1556,.T.);
#975=FACE_OUTER_BOUND('',#1557,.T.);
#976=FACE_OUTER_BOUND('',#1558,.T.);
#977=FACE_OUTER_BOUND('',#1559,.T.);
#978=FACE_OUTER_BOUND('',#1560,.T.);
#979=FACE_OUTER_BOUND('',#1561,.T.);
#980=FACE_OUTER_BOUND('',#1562,.T.);
#981=FACE_OUTER_BOUND('',#1563,.T.);
#982=FACE_OUTER_BOUND('',#1564,.T.);
#983=FACE_OUTER_BOUND('',#1565,.T.);
#984=FACE_OUTER_BOUND('',#1566,.T.);
#985=FACE_OUTER_BOUND('',#1567,.T.);
#986=FACE_OUTER_BOUND('',#1568,.T.);
#987=FACE_OUTER_BOUND('',#1569,.T.);
#988=FACE_OUTER_BOUND('',#1570,.T.);
#989=FACE_OUTER_BOUND('',#1571,.T.);
#990=FACE_OUTER_BOUND('',#1572,.T.);
#991=FACE_OUTER_BOUND('',#1573,.T.);
#992=FACE_OUTER_BOUND('',#1574,.T.);
#993=FACE_OUTER_BOUND('',#1575,.T.);
#994=FACE_OUTER_BOUND('',#1576,.T.);
#995=FACE_OUTER_BOUND('',#1577,.T.);
#996=FACE_OUTER_BOUND('',#1578,.T.);
#997=FACE_OUTER_BOUND('',#1579,.T.);
#998=FACE_OUTER_BOUND('',#1580,.T.);
#999=FACE_OUTER_BOUND('',#1581,.T.);
#1000=FACE_OUTER_BOUND('',#1582,.T.);
#1001=FACE_OUTER_BOUND('',#1583,.T.);
#1002=FACE_OUTER_BOUND('',#1584,.T.);
#1003=FACE_OUTER_BOUND('',#1585,.T.);
#1004=FACE_OUTER_BOUND('',#1586,.T.);
#1005=FACE_OUTER_BOUND('',#1587,.T.);
#1006=FACE_OUTER_BOUND('',#1588,.T.);
#1007=FACE_OUTER_BOUND('',#1589,.T.);
#1008=FACE_OUTER_BOUND('',#1590,.T.);
#1009=FACE_OUTER_BOUND('',#1591,.T.);
#1010=FACE_OUTER_BOUND('',#1592,.T.);
#1011=FACE_OUTER_BOUND('',#1593,.T.);
#1012=FACE_OUTER_BOUND('',#1594,.T.);
#1013=FACE_OUTER_BOUND('',#1595,.T.);
#1014=FACE_OUTER_BOUND('',#1596,.T.);
#1015=FACE_OUTER_BOUND('',#1597,.T.);
#1016=FACE_OUTER_BOUND('',#1598,.T.);
#1017=FACE_OUTER_BOUND('',#1599,.T.);
#1018=FACE_OUTER_BOUND('',#1600,.T.);
#1019=FACE_OUTER_BOUND('',#1606,.T.);
#1020=FACE_OUTER_BOUND('',#1612,.T.);
#1021=FACE_OUTER_BOUND('',#1613,.T.);
#1022=FACE_OUTER_BOUND('',#1614,.T.);
#1023=FACE_OUTER_BOUND('',#1615,.T.);
#1024=FACE_OUTER_BOUND('',#1616,.T.);
#1025=FACE_OUTER_BOUND('',#1617,.T.);
#1026=FACE_OUTER_BOUND('',#1618,.T.);
#1027=FACE_OUTER_BOUND('',#1619,.T.);
#1028=FACE_OUTER_BOUND('',#1620,.T.);
#1029=FACE_OUTER_BOUND('',#1626,.T.);
#1030=FACE_OUTER_BOUND('',#1627,.T.);
#1031=FACE_OUTER_BOUND('',#1628,.T.);
#1032=FACE_OUTER_BOUND('',#1629,.T.);
#1033=FACE_OUTER_BOUND('',#1630,.T.);
#1034=FACE_OUTER_BOUND('',#1631,.T.);
#1035=FACE_OUTER_BOUND('',#1632,.T.);
#1036=FACE_OUTER_BOUND('',#1633,.T.);
#1037=FACE_OUTER_BOUND('',#1634,.T.);
#1038=FACE_OUTER_BOUND('',#1635,.T.);
#1039=FACE_OUTER_BOUND('',#1636,.T.);
#1040=FACE_OUTER_BOUND('',#1637,.T.);
#1041=FACE_OUTER_BOUND('',#1638,.T.);
#1042=FACE_OUTER_BOUND('',#1639,.T.);
#1043=FACE_OUTER_BOUND('',#1640,.T.);
#1044=FACE_OUTER_BOUND('',#1641,.T.);
#1045=FACE_OUTER_BOUND('',#1642,.T.);
#1046=FACE_OUTER_BOUND('',#1648,.T.);
#1047=FACE_OUTER_BOUND('',#1649,.T.);
#1048=FACE_OUTER_BOUND('',#1650,.T.);
#1049=FACE_OUTER_BOUND('',#1651,.T.);
#1050=FACE_OUTER_BOUND('',#1652,.T.);
#1051=FACE_OUTER_BOUND('',#1653,.T.);
#1052=FACE_OUTER_BOUND('',#1654,.T.);
#1053=FACE_OUTER_BOUND('',#1655,.T.);
#1054=FACE_OUTER_BOUND('',#1656,.T.);
#1055=FACE_OUTER_BOUND('',#1657,.T.);
#1056=FACE_OUTER_BOUND('',#1658,.T.);
#1057=FACE_OUTER_BOUND('',#1659,.T.);
#1058=FACE_OUTER_BOUND('',#1660,.T.);
#1059=FACE_OUTER_BOUND('',#1661,.T.);
#1060=FACE_OUTER_BOUND('',#1662,.T.);
#1061=FACE_OUTER_BOUND('',#1663,.T.);
#1062=FACE_OUTER_BOUND('',#1664,.T.);
#1063=FACE_OUTER_BOUND('',#1665,.T.);
#1064=FACE_OUTER_BOUND('',#1666,.T.);
#1065=FACE_OUTER_BOUND('',#1667,.T.);
#1066=FACE_OUTER_BOUND('',#1668,.T.);
#1067=FACE_OUTER_BOUND('',#1669,.T.);
#1068=FACE_OUTER_BOUND('',#1670,.T.);
#1069=FACE_OUTER_BOUND('',#1671,.T.);
#1070=FACE_OUTER_BOUND('',#1672,.T.);
#1071=FACE_OUTER_BOUND('',#1673,.T.);
#1072=FACE_OUTER_BOUND('',#1674,.T.);
#1073=FACE_OUTER_BOUND('',#1675,.T.);
#1074=FACE_OUTER_BOUND('',#1676,.T.);
#1075=FACE_OUTER_BOUND('',#1677,.T.);
#1076=FACE_OUTER_BOUND('',#1678,.T.);
#1077=FACE_OUTER_BOUND('',#1679,.T.);
#1078=FACE_OUTER_BOUND('',#1680,.T.);
#1079=FACE_OUTER_BOUND('',#1681,.T.);
#1080=FACE_OUTER_BOUND('',#1682,.T.);
#1081=FACE_OUTER_BOUND('',#1683,.T.);
#1082=FACE_OUTER_BOUND('',#1684,.T.);
#1083=FACE_OUTER_BOUND('',#1685,.T.);
#1084=FACE_OUTER_BOUND('',#1686,.T.);
#1085=FACE_OUTER_BOUND('',#1687,.T.);
#1086=FACE_OUTER_BOUND('',#1688,.T.);
#1087=FACE_OUTER_BOUND('',#1689,.T.);
#1088=FACE_OUTER_BOUND('',#1690,.T.);
#1089=FACE_OUTER_BOUND('',#1691,.T.);
#1090=FACE_OUTER_BOUND('',#1692,.T.);
#1091=FACE_OUTER_BOUND('',#1693,.T.);
#1092=FACE_OUTER_BOUND('',#1694,.T.);
#1093=FACE_OUTER_BOUND('',#1695,.T.);
#1094=FACE_OUTER_BOUND('',#1696,.T.);
#1095=FACE_OUTER_BOUND('',#1697,.T.);
#1096=FACE_OUTER_BOUND('',#1698,.T.);
#1097=FACE_OUTER_BOUND('',#1699,.T.);
#1098=FACE_OUTER_BOUND('',#1700,.T.);
#1099=FACE_OUTER_BOUND('',#1701,.T.);
#1100=FACE_OUTER_BOUND('',#1702,.T.);
#1101=FACE_OUTER_BOUND('',#1703,.T.);
#1102=FACE_OUTER_BOUND('',#1704,.T.);
#1103=FACE_OUTER_BOUND('',#1705,.T.);
#1104=FACE_OUTER_BOUND('',#1706,.T.);
#1105=FACE_OUTER_BOUND('',#1711,.T.);
#1106=FACE_OUTER_BOUND('',#1712,.T.);
#1107=FACE_OUTER_BOUND('',#1713,.T.);
#1108=FACE_OUTER_BOUND('',#1714,.T.);
#1109=FACE_OUTER_BOUND('',#1715,.T.);
#1110=FACE_OUTER_BOUND('',#1716,.T.);
#1111=FACE_OUTER_BOUND('',#1717,.T.);
#1112=FACE_OUTER_BOUND('',#1718,.T.);
#1113=FACE_OUTER_BOUND('',#1719,.T.);
#1114=FACE_OUTER_BOUND('',#1720,.T.);
#1115=FACE_OUTER_BOUND('',#1721,.T.);
#1116=FACE_OUTER_BOUND('',#1726,.T.);
#1117=FACE_OUTER_BOUND('',#1727,.T.);
#1118=FACE_OUTER_BOUND('',#1728,.T.);
#1119=FACE_OUTER_BOUND('',#1729,.T.);
#1120=FACE_OUTER_BOUND('',#1730,.T.);
#1121=FACE_OUTER_BOUND('',#1731,.T.);
#1122=EDGE_LOOP('',(#7054,#7055,#7056,#7057));
#1123=EDGE_LOOP('',(#7058,#7059,#7060,#7061));
#1124=EDGE_LOOP('',(#7062,#7063,#7064,#7065));
#1125=EDGE_LOOP('',(#7066,#7067,#7068,#7069));
#1126=EDGE_LOOP('',(#7070,#7071,#7072,#7073));
#1127=EDGE_LOOP('',(#7074,#7075,#7076,#7077));
#1128=EDGE_LOOP('',(#7078,#7079,#7080,#7081));
#1129=EDGE_LOOP('',(#7082,#7083,#7084,#7085));
#1130=EDGE_LOOP('',(#7086,#7087,#7088,#7089));
#1131=EDGE_LOOP('',(#7090,#7091,#7092,#7093));
#1132=EDGE_LOOP('',(#7094,#7095,#7096,#7097));
#1133=EDGE_LOOP('',(#7098,#7099,#7100,#7101));
#1134=EDGE_LOOP('',(#7102,#7103,#7104,#7105));
#1135=EDGE_LOOP('',(#7106,#7107,#7108,#7109));
#1136=EDGE_LOOP('',(#7110,#7111,#7112,#7113));
#1137=EDGE_LOOP('',(#7114,#7115,#7116,#7117));
#1138=EDGE_LOOP('',(#7118,#7119,#7120,#7121));
#1139=EDGE_LOOP('',(#7122,#7123,#7124,#7125));
#1140=EDGE_LOOP('',(#7126,#7127,#7128,#7129));
#1141=EDGE_LOOP('',(#7130,#7131,#7132,#7133));
#1142=EDGE_LOOP('',(#7134,#7135,#7136,#7137));
#1143=EDGE_LOOP('',(#7138,#7139,#7140,#7141));
#1144=EDGE_LOOP('',(#7142,#7143,#7144,#7145));
#1145=EDGE_LOOP('',(#7146,#7147,#7148,#7149));
#1146=EDGE_LOOP('',(#7150,#7151,#7152,#7153));
#1147=EDGE_LOOP('',(#7154,#7155,#7156,#7157));
#1148=EDGE_LOOP('',(#7158,#7159,#7160,#7161));
#1149=EDGE_LOOP('',(#7162,#7163,#7164,#7165));
#1150=EDGE_LOOP('',(#7166,#7167,#7168,#7169));
#1151=EDGE_LOOP('',(#7170,#7171,#7172,#7173));
#1152=EDGE_LOOP('',(#7174,#7175,#7176,#7177));
#1153=EDGE_LOOP('',(#7178,#7179,#7180,#7181));
#1154=EDGE_LOOP('',(#7182,#7183,#7184,#7185));
#1155=EDGE_LOOP('',(#7186,#7187,#7188,#7189));
#1156=EDGE_LOOP('',(#7190,#7191,#7192,#7193));
#1157=EDGE_LOOP('',(#7194,#7195,#7196,#7197));
#1158=EDGE_LOOP('',(#7198,#7199,#7200,#7201));
#1159=EDGE_LOOP('',(#7202,#7203,#7204,#7205));
#1160=EDGE_LOOP('',(#7206,#7207,#7208,#7209));
#1161=EDGE_LOOP('',(#7210,#7211,#7212,#7213));
#1162=EDGE_LOOP('',(#7214,#7215,#7216,#7217,#7218,#7219,#7220,#7221,#7222,
#7223,#7224,#7225,#7226,#7227,#7228,#7229,#7230,#7231,#7232,#7233));
#1163=EDGE_LOOP('',(#7234,#7235,#7236,#7237,#7238,#7239,#7240,#7241,#7242,
#7243,#7244,#7245,#7246,#7247,#7248,#7249,#7250,#7251,#7252,#7253));
#1164=EDGE_LOOP('',(#7254,#7255,#7256,#7257));
#1165=EDGE_LOOP('',(#7258));
#1166=EDGE_LOOP('',(#7259));
#1167=EDGE_LOOP('',(#7260,#7261,#7262,#7263,#7264,#7265,#7266,#7267,#7268,
#7269,#7270,#7271,#7272,#7273,#7274,#7275,#7276,#7277,#7278,#7279));
#1168=EDGE_LOOP('',(#7280,#7281,#7282,#7283));
#1169=EDGE_LOOP('',(#7284,#7285,#7286,#7287,#7288,#7289,#7290,#7291,#7292,
#7293,#7294,#7295,#7296,#7297,#7298,#7299,#7300,#7301,#7302,#7303,#7304,
#7305,#7306,#7307,#7308,#7309,#7310,#7311,#7312,#7313,#7314,#7315,#7316,
#7317,#7318,#7319,#7320,#7321,#7322,#7323,#7324,#7325,#7326,#7327,#7328,
#7329,#7330,#7331,#7332,#7333,#7334,#7335,#7336,#7337,#7338,#7339,#7340,
#7341,#7342,#7343,#7344,#7345,#7346,#7347,#7348,#7349,#7350,#7351,#7352,
#7353,#7354,#7355,#7356,#7357,#7358,#7359,#7360,#7361));
#1170=EDGE_LOOP('',(#7362,#7363,#7364,#7365,#7366,#7367,#7368,#7369));
#1171=EDGE_LOOP('',(#7370,#7371,#7372,#7373,#7374,#7375,#7376,#7377,#7378,
#7379,#7380,#7381,#7382,#7383,#7384,#7385,#7386,#7387,#7388,#7389));
#1172=EDGE_LOOP('',(#7390,#7391,#7392,#7393,#7394,#7395,#7396,#7397,#7398,
#7399,#7400,#7401,#7402,#7403,#7404,#7405,#7406,#7407,#7408,#7409,#7410,
#7411,#7412,#7413,#7414,#7415,#7416,#7417,#7418,#7419,#7420,#7421,#7422,
#7423,#7424,#7425,#7426,#7427,#7428,#7429,#7430,#7431,#7432,#7433,#7434,
#7435,#7436,#7437,#7438,#7439,#7440,#7441,#7442,#7443,#7444,#7445,#7446,
#7447,#7448,#7449,#7450,#7451,#7452,#7453,#7454,#7455,#7456,#7457,#7458,
#7459,#7460,#7461,#7462,#7463,#7464,#7465,#7466,#7467));
#1173=EDGE_LOOP('',(#7468,#7469,#7470,#7471));
#1174=EDGE_LOOP('',(#7472,#7473,#7474,#7475));
#1175=EDGE_LOOP('',(#7476,#7477,#7478,#7479));
#1176=EDGE_LOOP('',(#7480,#7481,#7482,#7483));
#1177=EDGE_LOOP('',(#7484,#7485,#7486,#7487));
#1178=EDGE_LOOP('',(#7488,#7489,#7490,#7491));
#1179=EDGE_LOOP('',(#7492,#7493,#7494,#7495));
#1180=EDGE_LOOP('',(#7496,#7497,#7498,#7499));
#1181=EDGE_LOOP('',(#7500,#7501,#7502,#7503));
#1182=EDGE_LOOP('',(#7504,#7505,#7506,#7507));
#1183=EDGE_LOOP('',(#7508,#7509,#7510,#7511));
#1184=EDGE_LOOP('',(#7512,#7513,#7514,#7515));
#1185=EDGE_LOOP('',(#7516,#7517,#7518,#7519));
#1186=EDGE_LOOP('',(#7520,#7521,#7522,#7523));
#1187=EDGE_LOOP('',(#7524,#7525,#7526,#7527));
#1188=EDGE_LOOP('',(#7528,#7529,#7530,#7531));
#1189=EDGE_LOOP('',(#7532,#7533,#7534,#7535));
#1190=EDGE_LOOP('',(#7536,#7537,#7538,#7539));
#1191=EDGE_LOOP('',(#7540,#7541,#7542,#7543));
#1192=EDGE_LOOP('',(#7544,#7545,#7546,#7547));
#1193=EDGE_LOOP('',(#7548,#7549,#7550,#7551));
#1194=EDGE_LOOP('',(#7552));
#1195=EDGE_LOOP('',(#7553,#7554,#7555,#7556));
#1196=EDGE_LOOP('',(#7557,#7558,#7559,#7560));
#1197=EDGE_LOOP('',(#7561));
#1198=EDGE_LOOP('',(#7562,#7563,#7564,#7565));
#1199=EDGE_LOOP('',(#7566,#7567,#7568,#7569,#7570,#7571,#7572,#7573));
#1200=EDGE_LOOP('',(#7574,#7575,#7576,#7577));
#1201=EDGE_LOOP('',(#7578,#7579,#7580,#7581));
#1202=EDGE_LOOP('',(#7582,#7583,#7584,#7585));
#1203=EDGE_LOOP('',(#7586,#7587,#7588,#7589));
#1204=EDGE_LOOP('',(#7590,#7591,#7592,#7593));
#1205=EDGE_LOOP('',(#7594));
#1206=EDGE_LOOP('',(#7595,#7596,#7597,#7598));
#1207=EDGE_LOOP('',(#7599,#7600,#7601,#7602));
#1208=EDGE_LOOP('',(#7603,#7604,#7605,#7606));
#1209=EDGE_LOOP('',(#7607,#7608,#7609,#7610));
#1210=EDGE_LOOP('',(#7611,#7612,#7613,#7614));
#1211=EDGE_LOOP('',(#7615,#7616,#7617,#7618));
#1212=EDGE_LOOP('',(#7619,#7620,#7621,#7622));
#1213=EDGE_LOOP('',(#7623,#7624,#7625,#7626));
#1214=EDGE_LOOP('',(#7627,#7628,#7629,#7630));
#1215=EDGE_LOOP('',(#7631,#7632,#7633,#7634));
#1216=EDGE_LOOP('',(#7635,#7636,#7637,#7638));
#1217=EDGE_LOOP('',(#7639,#7640,#7641,#7642));
#1218=EDGE_LOOP('',(#7643,#7644,#7645,#7646));
#1219=EDGE_LOOP('',(#7647,#7648,#7649,#7650));
#1220=EDGE_LOOP('',(#7651,#7652,#7653,#7654));
#1221=EDGE_LOOP('',(#7655,#7656,#7657,#7658));
#1222=EDGE_LOOP('',(#7659,#7660,#7661,#7662));
#1223=EDGE_LOOP('',(#7663,#7664,#7665,#7666));
#1224=EDGE_LOOP('',(#7667,#7668,#7669,#7670));
#1225=EDGE_LOOP('',(#7671,#7672,#7673,#7674));
#1226=EDGE_LOOP('',(#7675,#7676,#7677,#7678));
#1227=EDGE_LOOP('',(#7679,#7680,#7681,#7682));
#1228=EDGE_LOOP('',(#7683,#7684,#7685,#7686));
#1229=EDGE_LOOP('',(#7687,#7688,#7689,#7690));
#1230=EDGE_LOOP('',(#7691,#7692,#7693,#7694));
#1231=EDGE_LOOP('',(#7695,#7696,#7697,#7698));
#1232=EDGE_LOOP('',(#7699,#7700,#7701,#7702));
#1233=EDGE_LOOP('',(#7703,#7704,#7705,#7706));
#1234=EDGE_LOOP('',(#7707,#7708,#7709,#7710));
#1235=EDGE_LOOP('',(#7711,#7712,#7713,#7714));
#1236=EDGE_LOOP('',(#7715,#7716,#7717,#7718));
#1237=EDGE_LOOP('',(#7719,#7720,#7721,#7722));
#1238=EDGE_LOOP('',(#7723,#7724,#7725,#7726));
#1239=EDGE_LOOP('',(#7727,#7728,#7729,#7730));
#1240=EDGE_LOOP('',(#7731,#7732,#7733,#7734));
#1241=EDGE_LOOP('',(#7735,#7736,#7737,#7738));
#1242=EDGE_LOOP('',(#7739,#7740,#7741,#7742));
#1243=EDGE_LOOP('',(#7743,#7744,#7745,#7746));
#1244=EDGE_LOOP('',(#7747,#7748,#7749,#7750));
#1245=EDGE_LOOP('',(#7751,#7752,#7753,#7754));
#1246=EDGE_LOOP('',(#7755,#7756,#7757,#7758));
#1247=EDGE_LOOP('',(#7759,#7760,#7761,#7762));
#1248=EDGE_LOOP('',(#7763,#7764,#7765,#7766));
#1249=EDGE_LOOP('',(#7767,#7768,#7769,#7770));
#1250=EDGE_LOOP('',(#7771,#7772,#7773,#7774));
#1251=EDGE_LOOP('',(#7775,#7776,#7777,#7778));
#1252=EDGE_LOOP('',(#7779,#7780,#7781,#7782));
#1253=EDGE_LOOP('',(#7783,#7784,#7785,#7786));
#1254=EDGE_LOOP('',(#7787,#7788,#7789,#7790));
#1255=EDGE_LOOP('',(#7791,#7792,#7793,#7794));
#1256=EDGE_LOOP('',(#7795,#7796,#7797,#7798));
#1257=EDGE_LOOP('',(#7799,#7800,#7801,#7802));
#1258=EDGE_LOOP('',(#7803,#7804,#7805,#7806));
#1259=EDGE_LOOP('',(#7807));
#1260=EDGE_LOOP('',(#7808,#7809,#7810,#7811));
#1261=EDGE_LOOP('',(#7812,#7813,#7814,#7815));
#1262=EDGE_LOOP('',(#7816,#7817,#7818,#7819));
#1263=EDGE_LOOP('',(#7820,#7821,#7822,#7823));
#1264=EDGE_LOOP('',(#7824,#7825,#7826,#7827));
#1265=EDGE_LOOP('',(#7828,#7829,#7830,#7831));
#1266=EDGE_LOOP('',(#7832,#7833,#7834,#7835));
#1267=EDGE_LOOP('',(#7836,#7837,#7838,#7839));
#1268=EDGE_LOOP('',(#7840,#7841,#7842,#7843));
#1269=EDGE_LOOP('',(#7844,#7845,#7846,#7847));
#1270=EDGE_LOOP('',(#7848,#7849,#7850,#7851));
#1271=EDGE_LOOP('',(#7852,#7853,#7854,#7855));
#1272=EDGE_LOOP('',(#7856,#7857,#7858,#7859));
#1273=EDGE_LOOP('',(#7860,#7861,#7862,#7863));
#1274=EDGE_LOOP('',(#7864,#7865,#7866,#7867));
#1275=EDGE_LOOP('',(#7868,#7869,#7870,#7871));
#1276=EDGE_LOOP('',(#7872,#7873,#7874,#7875));
#1277=EDGE_LOOP('',(#7876,#7877,#7878,#7879));
#1278=EDGE_LOOP('',(#7880,#7881,#7882,#7883));
#1279=EDGE_LOOP('',(#7884,#7885,#7886,#7887));
#1280=EDGE_LOOP('',(#7888,#7889,#7890,#7891));
#1281=EDGE_LOOP('',(#7892,#7893,#7894,#7895));
#1282=EDGE_LOOP('',(#7896,#7897,#7898,#7899));
#1283=EDGE_LOOP('',(#7900,#7901,#7902,#7903));
#1284=EDGE_LOOP('',(#7904,#7905,#7906,#7907));
#1285=EDGE_LOOP('',(#7908,#7909,#7910,#7911));
#1286=EDGE_LOOP('',(#7912,#7913,#7914,#7915));
#1287=EDGE_LOOP('',(#7916,#7917,#7918,#7919));
#1288=EDGE_LOOP('',(#7920,#7921,#7922,#7923));
#1289=EDGE_LOOP('',(#7924,#7925,#7926,#7927));
#1290=EDGE_LOOP('',(#7928,#7929,#7930,#7931));
#1291=EDGE_LOOP('',(#7932,#7933,#7934,#7935));
#1292=EDGE_LOOP('',(#7936,#7937,#7938,#7939));
#1293=EDGE_LOOP('',(#7940,#7941,#7942,#7943));
#1294=EDGE_LOOP('',(#7944,#7945,#7946,#7947));
#1295=EDGE_LOOP('',(#7948,#7949,#7950,#7951));
#1296=EDGE_LOOP('',(#7952,#7953,#7954,#7955));
#1297=EDGE_LOOP('',(#7956,#7957,#7958,#7959));
#1298=EDGE_LOOP('',(#7960,#7961,#7962,#7963));
#1299=EDGE_LOOP('',(#7964,#7965,#7966,#7967));
#1300=EDGE_LOOP('',(#7968,#7969,#7970,#7971));
#1301=EDGE_LOOP('',(#7972,#7973,#7974,#7975));
#1302=EDGE_LOOP('',(#7976,#7977,#7978,#7979));
#1303=EDGE_LOOP('',(#7980,#7981,#7982,#7983));
#1304=EDGE_LOOP('',(#7984,#7985,#7986,#7987));
#1305=EDGE_LOOP('',(#7988,#7989,#7990,#7991));
#1306=EDGE_LOOP('',(#7992,#7993,#7994,#7995));
#1307=EDGE_LOOP('',(#7996,#7997,#7998,#7999));
#1308=EDGE_LOOP('',(#8000,#8001,#8002,#8003));
#1309=EDGE_LOOP('',(#8004,#8005,#8006,#8007));
#1310=EDGE_LOOP('',(#8008,#8009,#8010,#8011));
#1311=EDGE_LOOP('',(#8012,#8013,#8014,#8015));
#1312=EDGE_LOOP('',(#8016,#8017,#8018,#8019));
#1313=EDGE_LOOP('',(#8020,#8021,#8022,#8023));
#1314=EDGE_LOOP('',(#8024,#8025,#8026,#8027));
#1315=EDGE_LOOP('',(#8028,#8029,#8030,#8031));
#1316=EDGE_LOOP('',(#8032,#8033,#8034,#8035));
#1317=EDGE_LOOP('',(#8036,#8037,#8038,#8039));
#1318=EDGE_LOOP('',(#8040,#8041,#8042,#8043));
#1319=EDGE_LOOP('',(#8044,#8045,#8046,#8047));
#1320=EDGE_LOOP('',(#8048,#8049,#8050,#8051));
#1321=EDGE_LOOP('',(#8052,#8053,#8054,#8055));
#1322=EDGE_LOOP('',(#8056,#8057,#8058,#8059));
#1323=EDGE_LOOP('',(#8060,#8061,#8062,#8063));
#1324=EDGE_LOOP('',(#8064,#8065,#8066,#8067));
#1325=EDGE_LOOP('',(#8068,#8069,#8070,#8071));
#1326=EDGE_LOOP('',(#8072,#8073,#8074,#8075));
#1327=EDGE_LOOP('',(#8076,#8077,#8078,#8079));
#1328=EDGE_LOOP('',(#8080,#8081,#8082,#8083));
#1329=EDGE_LOOP('',(#8084,#8085,#8086,#8087));
#1330=EDGE_LOOP('',(#8088,#8089,#8090,#8091));
#1331=EDGE_LOOP('',(#8092,#8093,#8094,#8095));
#1332=EDGE_LOOP('',(#8096,#8097,#8098,#8099));
#1333=EDGE_LOOP('',(#8100,#8101,#8102,#8103,#8104,#8105,#8106,#8107,#8108,
#8109,#8110,#8111,#8112,#8113,#8114,#8115,#8116,#8117,#8118,#8119,#8120,
#8121,#8122,#8123,#8124,#8125,#8126,#8127,#8128,#8129,#8130,#8131,#8132,
#8133,#8134,#8135,#8136,#8137,#8138,#8139,#8140,#8141,#8142,#8143,#8144,
#8145,#8146,#8147,#8148,#8149,#8150,#8151,#8152,#8153,#8154,#8155,#8156,
#8157,#8158,#8159));
#1334=EDGE_LOOP('',(#8160,#8161,#8162,#8163));
#1335=EDGE_LOOP('',(#8164,#8165,#8166,#8167));
#1336=EDGE_LOOP('',(#8168,#8169,#8170,#8171,#8172,#8173,#8174,#8175,#8176,
#8177,#8178,#8179,#8180,#8181,#8182,#8183,#8184,#8185,#8186,#8187,#8188,
#8189,#8190,#8191,#8192,#8193,#8194,#8195,#8196,#8197,#8198,#8199,#8200,
#8201,#8202,#8203,#8204,#8205,#8206,#8207,#8208,#8209,#8210,#8211,#8212,
#8213,#8214,#8215,#8216,#8217,#8218,#8219,#8220,#8221,#8222,#8223,#8224,
#8225,#8226,#8227));
#1337=EDGE_LOOP('',(#8228,#8229,#8230,#8231));
#1338=EDGE_LOOP('',(#8232,#8233,#8234,#8235));
#1339=EDGE_LOOP('',(#8236,#8237,#8238,#8239));
#1340=EDGE_LOOP('',(#8240,#8241,#8242,#8243));
#1341=EDGE_LOOP('',(#8244,#8245,#8246,#8247));
#1342=EDGE_LOOP('',(#8248,#8249,#8250,#8251));
#1343=EDGE_LOOP('',(#8252,#8253,#8254,#8255));
#1344=EDGE_LOOP('',(#8256,#8257,#8258,#8259));
#1345=EDGE_LOOP('',(#8260,#8261,#8262,#8263));
#1346=EDGE_LOOP('',(#8264,#8265,#8266,#8267));
#1347=EDGE_LOOP('',(#8268,#8269,#8270,#8271));
#1348=EDGE_LOOP('',(#8272,#8273,#8274,#8275));
#1349=EDGE_LOOP('',(#8276,#8277,#8278,#8279));
#1350=EDGE_LOOP('',(#8280,#8281,#8282,#8283));
#1351=EDGE_LOOP('',(#8284,#8285,#8286,#8287));
#1352=EDGE_LOOP('',(#8288,#8289,#8290,#8291));
#1353=EDGE_LOOP('',(#8292,#8293,#8294,#8295));
#1354=EDGE_LOOP('',(#8296,#8297,#8298,#8299));
#1355=EDGE_LOOP('',(#8300,#8301,#8302,#8303));
#1356=EDGE_LOOP('',(#8304,#8305,#8306,#8307));
#1357=EDGE_LOOP('',(#8308,#8309,#8310,#8311));
#1358=EDGE_LOOP('',(#8312,#8313,#8314,#8315));
#1359=EDGE_LOOP('',(#8316,#8317,#8318,#8319));
#1360=EDGE_LOOP('',(#8320,#8321,#8322,#8323));
#1361=EDGE_LOOP('',(#8324,#8325,#8326,#8327));
#1362=EDGE_LOOP('',(#8328,#8329,#8330,#8331));
#1363=EDGE_LOOP('',(#8332,#8333,#8334,#8335));
#1364=EDGE_LOOP('',(#8336,#8337,#8338,#8339));
#1365=EDGE_LOOP('',(#8340,#8341,#8342,#8343));
#1366=EDGE_LOOP('',(#8344,#8345,#8346,#8347));
#1367=EDGE_LOOP('',(#8348,#8349,#8350,#8351));
#1368=EDGE_LOOP('',(#8352,#8353,#8354,#8355));
#1369=EDGE_LOOP('',(#8356,#8357,#8358,#8359));
#1370=EDGE_LOOP('',(#8360,#8361,#8362,#8363));
#1371=EDGE_LOOP('',(#8364,#8365,#8366,#8367));
#1372=EDGE_LOOP('',(#8368,#8369,#8370,#8371));
#1373=EDGE_LOOP('',(#8372,#8373,#8374,#8375));
#1374=EDGE_LOOP('',(#8376,#8377,#8378,#8379));
#1375=EDGE_LOOP('',(#8380,#8381,#8382,#8383));
#1376=EDGE_LOOP('',(#8384,#8385,#8386,#8387));
#1377=EDGE_LOOP('',(#8388,#8389,#8390,#8391));
#1378=EDGE_LOOP('',(#8392,#8393,#8394,#8395));
#1379=EDGE_LOOP('',(#8396,#8397,#8398,#8399));
#1380=EDGE_LOOP('',(#8400,#8401,#8402,#8403));
#1381=EDGE_LOOP('',(#8404,#8405,#8406,#8407));
#1382=EDGE_LOOP('',(#8408,#8409,#8410,#8411));
#1383=EDGE_LOOP('',(#8412,#8413,#8414,#8415));
#1384=EDGE_LOOP('',(#8416,#8417,#8418,#8419));
#1385=EDGE_LOOP('',(#8420,#8421,#8422,#8423));
#1386=EDGE_LOOP('',(#8424,#8425,#8426,#8427));
#1387=EDGE_LOOP('',(#8428,#8429,#8430,#8431));
#1388=EDGE_LOOP('',(#8432,#8433,#8434,#8435));
#1389=EDGE_LOOP('',(#8436,#8437,#8438,#8439));
#1390=EDGE_LOOP('',(#8440,#8441,#8442,#8443));
#1391=EDGE_LOOP('',(#8444,#8445,#8446,#8447));
#1392=EDGE_LOOP('',(#8448,#8449,#8450,#8451));
#1393=EDGE_LOOP('',(#8452,#8453,#8454,#8455));
#1394=EDGE_LOOP('',(#8456,#8457,#8458,#8459));
#1395=EDGE_LOOP('',(#8460,#8461,#8462,#8463));
#1396=EDGE_LOOP('',(#8464,#8465,#8466,#8467));
#1397=EDGE_LOOP('',(#8468,#8469,#8470,#8471));
#1398=EDGE_LOOP('',(#8472,#8473,#8474,#8475));
#1399=EDGE_LOOP('',(#8476,#8477,#8478,#8479));
#1400=EDGE_LOOP('',(#8480,#8481,#8482,#8483));
#1401=EDGE_LOOP('',(#8484,#8485,#8486,#8487));
#1402=EDGE_LOOP('',(#8488,#8489,#8490,#8491));
#1403=EDGE_LOOP('',(#8492,#8493,#8494,#8495,#8496,#8497,#8498,#8499,#8500,
#8501,#8502,#8503,#8504,#8505,#8506,#8507,#8508,#8509,#8510,#8511));
#1404=EDGE_LOOP('',(#8512,#8513,#8514,#8515,#8516,#8517,#8518,#8519,#8520,
#8521,#8522,#8523,#8524,#8525,#8526,#8527,#8528,#8529,#8530,#8531));
#1405=EDGE_LOOP('',(#8532,#8533,#8534,#8535));
#1406=EDGE_LOOP('',(#8536));
#1407=EDGE_LOOP('',(#8537));
#1408=EDGE_LOOP('',(#8538,#8539,#8540,#8541,#8542,#8543,#8544,#8545,#8546,
#8547,#8548,#8549,#8550,#8551,#8552,#8553,#8554,#8555,#8556,#8557));
#1409=EDGE_LOOP('',(#8558,#8559,#8560,#8561));
#1410=EDGE_LOOP('',(#8562,#8563,#8564,#8565,#8566,#8567,#8568,#8569,#8570,
#8571,#8572,#8573,#8574,#8575,#8576,#8577,#8578,#8579,#8580,#8581,#8582,
#8583,#8584,#8585,#8586,#8587,#8588,#8589,#8590,#8591,#8592,#8593,#8594,
#8595,#8596,#8597,#8598,#8599,#8600,#8601,#8602,#8603,#8604,#8605,#8606,
#8607,#8608,#8609,#8610,#8611,#8612,#8613,#8614,#8615,#8616,#8617,#8618,
#8619,#8620,#8621,#8622,#8623,#8624,#8625,#8626,#8627,#8628,#8629,#8630,
#8631,#8632,#8633,#8634,#8635,#8636,#8637,#8638,#8639));
#1411=EDGE_LOOP('',(#8640,#8641,#8642,#8643,#8644,#8645,#8646,#8647));
#1412=EDGE_LOOP('',(#8648,#8649,#8650,#8651,#8652,#8653,#8654,#8655,#8656,
#8657,#8658,#8659,#8660,#8661,#8662,#8663,#8664,#8665,#8666,#8667));
#1413=EDGE_LOOP('',(#8668,#8669,#8670,#8671,#8672,#8673,#8674,#8675,#8676,
#8677,#8678,#8679,#8680,#8681,#8682,#8683,#8684,#8685,#8686,#8687,#8688,
#8689,#8690,#8691,#8692,#8693,#8694,#8695,#8696,#8697,#8698,#8699,#8700,
#8701,#8702,#8703,#8704,#8705,#8706,#8707,#8708,#8709,#8710,#8711,#8712,
#8713,#8714,#8715,#8716,#8717,#8718,#8719,#8720,#8721,#8722,#8723,#8724,
#8725,#8726,#8727,#8728,#8729,#8730,#8731,#8732,#8733,#8734,#8735,#8736,
#8737,#8738,#8739,#8740,#8741,#8742,#8743,#8744,#8745));
#1414=EDGE_LOOP('',(#8746,#8747,#8748,#8749));
#1415=EDGE_LOOP('',(#8750,#8751,#8752,#8753));
#1416=EDGE_LOOP('',(#8754,#8755,#8756,#8757));
#1417=EDGE_LOOP('',(#8758,#8759,#8760,#8761));
#1418=EDGE_LOOP('',(#8762,#8763,#8764,#8765));
#1419=EDGE_LOOP('',(#8766,#8767,#8768,#8769));
#1420=EDGE_LOOP('',(#8770,#8771,#8772,#8773));
#1421=EDGE_LOOP('',(#8774,#8775,#8776,#8777));
#1422=EDGE_LOOP('',(#8778,#8779,#8780,#8781));
#1423=EDGE_LOOP('',(#8782,#8783,#8784,#8785));
#1424=EDGE_LOOP('',(#8786,#8787,#8788,#8789));
#1425=EDGE_LOOP('',(#8790,#8791,#8792,#8793));
#1426=EDGE_LOOP('',(#8794,#8795,#8796,#8797));
#1427=EDGE_LOOP('',(#8798,#8799,#8800,#8801));
#1428=EDGE_LOOP('',(#8802,#8803,#8804,#8805));
#1429=EDGE_LOOP('',(#8806,#8807,#8808,#8809));
#1430=EDGE_LOOP('',(#8810,#8811,#8812,#8813));
#1431=EDGE_LOOP('',(#8814,#8815,#8816,#8817));
#1432=EDGE_LOOP('',(#8818,#8819,#8820,#8821));
#1433=EDGE_LOOP('',(#8822,#8823,#8824,#8825));
#1434=EDGE_LOOP('',(#8826,#8827,#8828,#8829));
#1435=EDGE_LOOP('',(#8830));
#1436=EDGE_LOOP('',(#8831,#8832,#8833,#8834));
#1437=EDGE_LOOP('',(#8835,#8836,#8837,#8838));
#1438=EDGE_LOOP('',(#8839));
#1439=EDGE_LOOP('',(#8840,#8841,#8842,#8843));
#1440=EDGE_LOOP('',(#8844,#8845,#8846,#8847,#8848,#8849,#8850,#8851));
#1441=EDGE_LOOP('',(#8852,#8853,#8854,#8855));
#1442=EDGE_LOOP('',(#8856,#8857,#8858,#8859));
#1443=EDGE_LOOP('',(#8860,#8861,#8862,#8863));
#1444=EDGE_LOOP('',(#8864,#8865,#8866,#8867));
#1445=EDGE_LOOP('',(#8868,#8869,#8870,#8871));
#1446=EDGE_LOOP('',(#8872));
#1447=EDGE_LOOP('',(#8873,#8874,#8875,#8876));
#1448=EDGE_LOOP('',(#8877,#8878,#8879,#8880));
#1449=EDGE_LOOP('',(#8881,#8882,#8883,#8884));
#1450=EDGE_LOOP('',(#8885,#8886,#8887,#8888));
#1451=EDGE_LOOP('',(#8889,#8890,#8891,#8892));
#1452=EDGE_LOOP('',(#8893,#8894,#8895,#8896));
#1453=EDGE_LOOP('',(#8897,#8898,#8899,#8900));
#1454=EDGE_LOOP('',(#8901,#8902,#8903,#8904));
#1455=EDGE_LOOP('',(#8905,#8906,#8907,#8908));
#1456=EDGE_LOOP('',(#8909,#8910,#8911,#8912));
#1457=EDGE_LOOP('',(#8913,#8914,#8915,#8916));
#1458=EDGE_LOOP('',(#8917,#8918,#8919,#8920));
#1459=EDGE_LOOP('',(#8921,#8922,#8923,#8924));
#1460=EDGE_LOOP('',(#8925,#8926,#8927,#8928));
#1461=EDGE_LOOP('',(#8929,#8930,#8931,#8932));
#1462=EDGE_LOOP('',(#8933,#8934,#8935,#8936));
#1463=EDGE_LOOP('',(#8937,#8938,#8939,#8940));
#1464=EDGE_LOOP('',(#8941,#8942,#8943,#8944));
#1465=EDGE_LOOP('',(#8945,#8946,#8947,#8948));
#1466=EDGE_LOOP('',(#8949,#8950,#8951,#8952));
#1467=EDGE_LOOP('',(#8953,#8954,#8955,#8956));
#1468=EDGE_LOOP('',(#8957,#8958,#8959,#8960));
#1469=EDGE_LOOP('',(#8961,#8962,#8963,#8964));
#1470=EDGE_LOOP('',(#8965,#8966,#8967,#8968));
#1471=EDGE_LOOP('',(#8969,#8970,#8971,#8972));
#1472=EDGE_LOOP('',(#8973,#8974,#8975,#8976));
#1473=EDGE_LOOP('',(#8977,#8978,#8979,#8980));
#1474=EDGE_LOOP('',(#8981,#8982,#8983,#8984));
#1475=EDGE_LOOP('',(#8985,#8986,#8987,#8988));
#1476=EDGE_LOOP('',(#8989,#8990,#8991,#8992));
#1477=EDGE_LOOP('',(#8993,#8994,#8995,#8996));
#1478=EDGE_LOOP('',(#8997,#8998,#8999,#9000));
#1479=EDGE_LOOP('',(#9001,#9002,#9003,#9004));
#1480=EDGE_LOOP('',(#9005,#9006,#9007,#9008));
#1481=EDGE_LOOP('',(#9009,#9010,#9011,#9012));
#1482=EDGE_LOOP('',(#9013,#9014,#9015,#9016));
#1483=EDGE_LOOP('',(#9017,#9018,#9019,#9020));
#1484=EDGE_LOOP('',(#9021,#9022,#9023,#9024));
#1485=EDGE_LOOP('',(#9025,#9026,#9027,#9028));
#1486=EDGE_LOOP('',(#9029,#9030,#9031,#9032));
#1487=EDGE_LOOP('',(#9033,#9034,#9035,#9036));
#1488=EDGE_LOOP('',(#9037,#9038,#9039,#9040));
#1489=EDGE_LOOP('',(#9041,#9042,#9043,#9044));
#1490=EDGE_LOOP('',(#9045,#9046,#9047,#9048));
#1491=EDGE_LOOP('',(#9049,#9050,#9051,#9052));
#1492=EDGE_LOOP('',(#9053,#9054,#9055,#9056));
#1493=EDGE_LOOP('',(#9057,#9058,#9059,#9060));
#1494=EDGE_LOOP('',(#9061,#9062,#9063,#9064));
#1495=EDGE_LOOP('',(#9065,#9066,#9067,#9068));
#1496=EDGE_LOOP('',(#9069,#9070,#9071,#9072));
#1497=EDGE_LOOP('',(#9073,#9074,#9075,#9076));
#1498=EDGE_LOOP('',(#9077,#9078,#9079,#9080));
#1499=EDGE_LOOP('',(#9081,#9082,#9083,#9084));
#1500=EDGE_LOOP('',(#9085));
#1501=EDGE_LOOP('',(#9086,#9087,#9088,#9089));
#1502=EDGE_LOOP('',(#9090,#9091,#9092,#9093));
#1503=EDGE_LOOP('',(#9094,#9095,#9096,#9097));
#1504=EDGE_LOOP('',(#9098,#9099,#9100,#9101));
#1505=EDGE_LOOP('',(#9102,#9103,#9104,#9105));
#1506=EDGE_LOOP('',(#9106,#9107,#9108,#9109));
#1507=EDGE_LOOP('',(#9110,#9111,#9112,#9113));
#1508=EDGE_LOOP('',(#9114,#9115,#9116,#9117));
#1509=EDGE_LOOP('',(#9118,#9119,#9120,#9121));
#1510=EDGE_LOOP('',(#9122,#9123,#9124,#9125));
#1511=EDGE_LOOP('',(#9126,#9127,#9128,#9129));
#1512=EDGE_LOOP('',(#9130,#9131,#9132,#9133));
#1513=EDGE_LOOP('',(#9134,#9135,#9136,#9137));
#1514=EDGE_LOOP('',(#9138,#9139,#9140,#9141));
#1515=EDGE_LOOP('',(#9142,#9143,#9144,#9145));
#1516=EDGE_LOOP('',(#9146,#9147,#9148,#9149));
#1517=EDGE_LOOP('',(#9150,#9151,#9152,#9153));
#1518=EDGE_LOOP('',(#9154,#9155,#9156,#9157));
#1519=EDGE_LOOP('',(#9158,#9159,#9160,#9161));
#1520=EDGE_LOOP('',(#9162,#9163,#9164,#9165));
#1521=EDGE_LOOP('',(#9166,#9167,#9168,#9169));
#1522=EDGE_LOOP('',(#9170,#9171,#9172,#9173));
#1523=EDGE_LOOP('',(#9174,#9175,#9176,#9177));
#1524=EDGE_LOOP('',(#9178,#9179,#9180,#9181));
#1525=EDGE_LOOP('',(#9182,#9183,#9184,#9185));
#1526=EDGE_LOOP('',(#9186,#9187,#9188,#9189));
#1527=EDGE_LOOP('',(#9190,#9191,#9192,#9193));
#1528=EDGE_LOOP('',(#9194,#9195,#9196,#9197));
#1529=EDGE_LOOP('',(#9198,#9199,#9200,#9201));
#1530=EDGE_LOOP('',(#9202,#9203,#9204,#9205));
#1531=EDGE_LOOP('',(#9206,#9207,#9208,#9209));
#1532=EDGE_LOOP('',(#9210,#9211,#9212,#9213));
#1533=EDGE_LOOP('',(#9214,#9215,#9216,#9217));
#1534=EDGE_LOOP('',(#9218,#9219,#9220,#9221));
#1535=EDGE_LOOP('',(#9222,#9223,#9224,#9225));
#1536=EDGE_LOOP('',(#9226,#9227,#9228,#9229));
#1537=EDGE_LOOP('',(#9230,#9231,#9232,#9233));
#1538=EDGE_LOOP('',(#9234,#9235,#9236,#9237));
#1539=EDGE_LOOP('',(#9238,#9239,#9240,#9241));
#1540=EDGE_LOOP('',(#9242,#9243,#9244,#9245));
#1541=EDGE_LOOP('',(#9246,#9247,#9248,#9249));
#1542=EDGE_LOOP('',(#9250,#9251,#9252,#9253));
#1543=EDGE_LOOP('',(#9254,#9255,#9256,#9257));
#1544=EDGE_LOOP('',(#9258,#9259,#9260,#9261));
#1545=EDGE_LOOP('',(#9262,#9263,#9264,#9265));
#1546=EDGE_LOOP('',(#9266,#9267,#9268,#9269));
#1547=EDGE_LOOP('',(#9270,#9271,#9272,#9273));
#1548=EDGE_LOOP('',(#9274,#9275,#9276,#9277));
#1549=EDGE_LOOP('',(#9278,#9279,#9280,#9281));
#1550=EDGE_LOOP('',(#9282,#9283,#9284,#9285));
#1551=EDGE_LOOP('',(#9286,#9287,#9288,#9289));
#1552=EDGE_LOOP('',(#9290,#9291,#9292,#9293));
#1553=EDGE_LOOP('',(#9294,#9295,#9296,#9297));
#1554=EDGE_LOOP('',(#9298,#9299,#9300,#9301));
#1555=EDGE_LOOP('',(#9302,#9303,#9304,#9305));
#1556=EDGE_LOOP('',(#9306,#9307,#9308,#9309));
#1557=EDGE_LOOP('',(#9310,#9311,#9312,#9313));
#1558=EDGE_LOOP('',(#9314,#9315,#9316,#9317));
#1559=EDGE_LOOP('',(#9318,#9319,#9320,#9321));
#1560=EDGE_LOOP('',(#9322,#9323,#9324,#9325));
#1561=EDGE_LOOP('',(#9326,#9327,#9328,#9329));
#1562=EDGE_LOOP('',(#9330,#9331,#9332,#9333));
#1563=EDGE_LOOP('',(#9334,#9335,#9336,#9337));
#1564=EDGE_LOOP('',(#9338,#9339,#9340,#9341));
#1565=EDGE_LOOP('',(#9342,#9343,#9344,#9345));
#1566=EDGE_LOOP('',(#9346,#9347,#9348,#9349));
#1567=EDGE_LOOP('',(#9350,#9351,#9352,#9353));
#1568=EDGE_LOOP('',(#9354,#9355,#9356,#9357));
#1569=EDGE_LOOP('',(#9358,#9359,#9360,#9361));
#1570=EDGE_LOOP('',(#9362,#9363,#9364,#9365));
#1571=EDGE_LOOP('',(#9366,#9367,#9368,#9369));
#1572=EDGE_LOOP('',(#9370,#9371,#9372,#9373));
#1573=EDGE_LOOP('',(#9374,#9375,#9376,#9377));
#1574=EDGE_LOOP('',(#9378,#9379,#9380,#9381,#9382,#9383,#9384,#9385,#9386,
#9387,#9388,#9389,#9390,#9391,#9392,#9393,#9394,#9395,#9396,#9397,#9398,
#9399,#9400,#9401,#9402,#9403,#9404,#9405,#9406,#9407,#9408,#9409,#9410,
#9411,#9412,#9413,#9414,#9415,#9416,#9417,#9418,#9419,#9420,#9421,#9422,
#9423,#9424,#9425,#9426,#9427,#9428,#9429,#9430,#9431,#9432,#9433,#9434,
#9435,#9436,#9437));
#1575=EDGE_LOOP('',(#9438,#9439,#9440,#9441));
#1576=EDGE_LOOP('',(#9442,#9443,#9444,#9445));
#1577=EDGE_LOOP('',(#9446,#9447,#9448,#9449,#9450,#9451,#9452,#9453,#9454,
#9455,#9456,#9457,#9458,#9459,#9460,#9461,#9462,#9463,#9464,#9465,#9466,
#9467,#9468,#9469,#9470,#9471,#9472,#9473,#9474,#9475,#9476,#9477,#9478,
#9479,#9480,#9481,#9482,#9483,#9484,#9485,#9486,#9487,#9488,#9489,#9490,
#9491,#9492,#9493,#9494,#9495,#9496,#9497,#9498,#9499,#9500,#9501,#9502,
#9503,#9504,#9505));
#1578=EDGE_LOOP('',(#9506,#9507,#9508,#9509));
#1579=EDGE_LOOP('',(#9510,#9511,#9512,#9513));
#1580=EDGE_LOOP('',(#9514,#9515,#9516,#9517));
#1581=EDGE_LOOP('',(#9518,#9519,#9520,#9521));
#1582=EDGE_LOOP('',(#9522,#9523,#9524,#9525));
#1583=EDGE_LOOP('',(#9526,#9527,#9528,#9529));
#1584=EDGE_LOOP('',(#9530,#9531,#9532,#9533));
#1585=EDGE_LOOP('',(#9534,#9535,#9536,#9537));
#1586=EDGE_LOOP('',(#9538,#9539,#9540,#9541));
#1587=EDGE_LOOP('',(#9542,#9543,#9544,#9545));
#1588=EDGE_LOOP('',(#9546,#9547,#9548,#9549));
#1589=EDGE_LOOP('',(#9550,#9551,#9552,#9553));
#1590=EDGE_LOOP('',(#9554,#9555,#9556,#9557));
#1591=EDGE_LOOP('',(#9558,#9559,#9560,#9561));
#1592=EDGE_LOOP('',(#9562,#9563,#9564,#9565));
#1593=EDGE_LOOP('',(#9566,#9567,#9568,#9569));
#1594=EDGE_LOOP('',(#9570,#9571,#9572,#9573));
#1595=EDGE_LOOP('',(#9574,#9575,#9576,#9577));
#1596=EDGE_LOOP('',(#9578,#9579,#9580,#9581));
#1597=EDGE_LOOP('',(#9582,#9583,#9584,#9585));
#1598=EDGE_LOOP('',(#9586,#9587,#9588,#9589));
#1599=EDGE_LOOP('',(#9590,#9591,#9592,#9593));
#1600=EDGE_LOOP('',(#9594,#9595,#9596,#9597,#9598,#9599,#9600,#9601));
#1601=EDGE_LOOP('',(#9602,#9603,#9604,#9605,#9606,#9607,#9608,#9609));
#1602=EDGE_LOOP('',(#9610));
#1603=EDGE_LOOP('',(#9611));
#1604=EDGE_LOOP('',(#9612));
#1605=EDGE_LOOP('',(#9613));
#1606=EDGE_LOOP('',(#9614,#9615,#9616,#9617,#9618,#9619,#9620,#9621));
#1607=EDGE_LOOP('',(#9622,#9623,#9624,#9625,#9626,#9627,#9628,#9629));
#1608=EDGE_LOOP('',(#9630));
#1609=EDGE_LOOP('',(#9631));
#1610=EDGE_LOOP('',(#9632));
#1611=EDGE_LOOP('',(#9633));
#1612=EDGE_LOOP('',(#9634,#9635,#9636,#9637));
#1613=EDGE_LOOP('',(#9638,#9639,#9640,#9641));
#1614=EDGE_LOOP('',(#9642,#9643,#9644,#9645));
#1615=EDGE_LOOP('',(#9646,#9647,#9648,#9649));
#1616=EDGE_LOOP('',(#9650,#9651,#9652,#9653));
#1617=EDGE_LOOP('',(#9654,#9655,#9656,#9657));
#1618=EDGE_LOOP('',(#9658,#9659,#9660,#9661));
#1619=EDGE_LOOP('',(#9662,#9663,#9664,#9665));
#1620=EDGE_LOOP('',(#9666,#9667,#9668,#9669,#9670,#9671,#9672,#9673,#9674,
#9675,#9676,#9677,#9678,#9679,#9680,#9681,#9682,#9683,#9684,#9685,#9686,
#9687,#9688,#9689));
#1621=EDGE_LOOP('',(#9690,#9691,#9692,#9693));
#1622=EDGE_LOOP('',(#9694,#9695,#9696,#9697));
#1623=EDGE_LOOP('',(#9698,#9699,#9700,#9701,#9702,#9703,#9704,#9705,#9706,
#9707));
#1624=EDGE_LOOP('',(#9708,#9709,#9710,#9711,#9712,#9713,#9714,#9715,#9716,
#9717));
#1625=EDGE_LOOP('',(#9718,#9719,#9720,#9721,#9722,#9723,#9724,#9725,#9726,
#9727,#9728,#9729,#9730,#9731,#9732,#9733,#9734,#9735,#9736,#9737,#9738,
#9739,#9740,#9741,#9742,#9743,#9744,#9745));
#1626=EDGE_LOOP('',(#9746,#9747,#9748,#9749));
#1627=EDGE_LOOP('',(#9750,#9751,#9752,#9753));
#1628=EDGE_LOOP('',(#9754,#9755,#9756,#9757));
#1629=EDGE_LOOP('',(#9758,#9759,#9760,#9761));
#1630=EDGE_LOOP('',(#9762,#9763,#9764,#9765));
#1631=EDGE_LOOP('',(#9766,#9767,#9768,#9769));
#1632=EDGE_LOOP('',(#9770,#9771,#9772,#9773));
#1633=EDGE_LOOP('',(#9774,#9775,#9776,#9777));
#1634=EDGE_LOOP('',(#9778,#9779,#9780,#9781));
#1635=EDGE_LOOP('',(#9782,#9783,#9784,#9785));
#1636=EDGE_LOOP('',(#9786,#9787,#9788,#9789));
#1637=EDGE_LOOP('',(#9790,#9791,#9792,#9793));
#1638=EDGE_LOOP('',(#9794,#9795,#9796,#9797));
#1639=EDGE_LOOP('',(#9798,#9799,#9800,#9801));
#1640=EDGE_LOOP('',(#9802,#9803,#9804,#9805));
#1641=EDGE_LOOP('',(#9806,#9807,#9808,#9809));
#1642=EDGE_LOOP('',(#9810,#9811,#9812,#9813,#9814,#9815,#9816,#9817,#9818,
#9819,#9820,#9821,#9822,#9823,#9824,#9825,#9826,#9827,#9828,#9829,#9830,
#9831,#9832,#9833));
#1643=EDGE_LOOP('',(#9834,#9835,#9836,#9837,#9838,#9839,#9840,#9841,#9842,
#9843,#9844,#9845,#9846,#9847,#9848,#9849,#9850,#9851,#9852,#9853,#9854,
#9855,#9856,#9857,#9858,#9859,#9860,#9861));
#1644=EDGE_LOOP('',(#9862,#9863,#9864,#9865));
#1645=EDGE_LOOP('',(#9866,#9867,#9868,#9869,#9870,#9871,#9872,#9873,#9874,
#9875));
#1646=EDGE_LOOP('',(#9876,#9877,#9878,#9879,#9880,#9881,#9882,#9883,#9884,
#9885));
#1647=EDGE_LOOP('',(#9886,#9887,#9888,#9889));
#1648=EDGE_LOOP('',(#9890,#9891,#9892,#9893));
#1649=EDGE_LOOP('',(#9894,#9895,#9896,#9897));
#1650=EDGE_LOOP('',(#9898,#9899,#9900,#9901));
#1651=EDGE_LOOP('',(#9902,#9903,#9904,#9905));
#1652=EDGE_LOOP('',(#9906,#9907,#9908,#9909));
#1653=EDGE_LOOP('',(#9910,#9911,#9912,#9913));
#1654=EDGE_LOOP('',(#9914,#9915,#9916,#9917));
#1655=EDGE_LOOP('',(#9918,#9919,#9920,#9921));
#1656=EDGE_LOOP('',(#9922,#9923,#9924,#9925));
#1657=EDGE_LOOP('',(#9926,#9927,#9928,#9929));
#1658=EDGE_LOOP('',(#9930,#9931,#9932,#9933));
#1659=EDGE_LOOP('',(#9934,#9935,#9936,#9937));
#1660=EDGE_LOOP('',(#9938,#9939,#9940,#9941));
#1661=EDGE_LOOP('',(#9942,#9943,#9944,#9945));
#1662=EDGE_LOOP('',(#9946,#9947,#9948,#9949));
#1663=EDGE_LOOP('',(#9950,#9951,#9952,#9953));
#1664=EDGE_LOOP('',(#9954,#9955,#9956,#9957));
#1665=EDGE_LOOP('',(#9958,#9959,#9960,#9961));
#1666=EDGE_LOOP('',(#9962,#9963,#9964,#9965));
#1667=EDGE_LOOP('',(#9966,#9967,#9968,#9969));
#1668=EDGE_LOOP('',(#9970,#9971,#9972,#9973));
#1669=EDGE_LOOP('',(#9974,#9975,#9976,#9977));
#1670=EDGE_LOOP('',(#9978,#9979,#9980,#9981));
#1671=EDGE_LOOP('',(#9982,#9983,#9984,#9985));
#1672=EDGE_LOOP('',(#9986,#9987,#9988,#9989));
#1673=EDGE_LOOP('',(#9990,#9991,#9992,#9993));
#1674=EDGE_LOOP('',(#9994,#9995,#9996,#9997));
#1675=EDGE_LOOP('',(#9998,#9999,#10000,#10001));
#1676=EDGE_LOOP('',(#10002,#10003,#10004,#10005));
#1677=EDGE_LOOP('',(#10006,#10007,#10008,#10009));
#1678=EDGE_LOOP('',(#10010,#10011,#10012,#10013));
#1679=EDGE_LOOP('',(#10014,#10015,#10016,#10017));
#1680=EDGE_LOOP('',(#10018,#10019,#10020,#10021));
#1681=EDGE_LOOP('',(#10022,#10023,#10024,#10025));
#1682=EDGE_LOOP('',(#10026,#10027,#10028,#10029));
#1683=EDGE_LOOP('',(#10030,#10031,#10032,#10033));
#1684=EDGE_LOOP('',(#10034,#10035,#10036,#10037));
#1685=EDGE_LOOP('',(#10038,#10039,#10040,#10041));
#1686=EDGE_LOOP('',(#10042,#10043,#10044,#10045));
#1687=EDGE_LOOP('',(#10046,#10047,#10048,#10049));
#1688=EDGE_LOOP('',(#10050,#10051,#10052,#10053));
#1689=EDGE_LOOP('',(#10054,#10055,#10056,#10057));
#1690=EDGE_LOOP('',(#10058,#10059,#10060,#10061));
#1691=EDGE_LOOP('',(#10062,#10063,#10064,#10065));
#1692=EDGE_LOOP('',(#10066,#10067,#10068,#10069));
#1693=EDGE_LOOP('',(#10070,#10071,#10072,#10073));
#1694=EDGE_LOOP('',(#10074,#10075,#10076,#10077));
#1695=EDGE_LOOP('',(#10078,#10079,#10080,#10081));
#1696=EDGE_LOOP('',(#10082,#10083,#10084,#10085));
#1697=EDGE_LOOP('',(#10086,#10087,#10088,#10089));
#1698=EDGE_LOOP('',(#10090,#10091,#10092,#10093));
#1699=EDGE_LOOP('',(#10094,#10095,#10096,#10097));
#1700=EDGE_LOOP('',(#10098,#10099,#10100,#10101));
#1701=EDGE_LOOP('',(#10102,#10103,#10104,#10105));
#1702=EDGE_LOOP('',(#10106,#10107,#10108,#10109));
#1703=EDGE_LOOP('',(#10110,#10111,#10112,#10113));
#1704=EDGE_LOOP('',(#10114,#10115,#10116,#10117));
#1705=EDGE_LOOP('',(#10118,#10119,#10120,#10121));
#1706=EDGE_LOOP('',(#10122,#10123,#10124,#10125,#10126,#10127,#10128,#10129));
#1707=EDGE_LOOP('',(#10130));
#1708=EDGE_LOOP('',(#10131));
#1709=EDGE_LOOP('',(#10132));
#1710=EDGE_LOOP('',(#10133));
#1711=EDGE_LOOP('',(#10134,#10135,#10136,#10137));
#1712=EDGE_LOOP('',(#10138,#10139,#10140,#10141));
#1713=EDGE_LOOP('',(#10142,#10143,#10144,#10145));
#1714=EDGE_LOOP('',(#10146,#10147,#10148,#10149));
#1715=EDGE_LOOP('',(#10150,#10151,#10152,#10153));
#1716=EDGE_LOOP('',(#10154,#10155,#10156,#10157));
#1717=EDGE_LOOP('',(#10158,#10159,#10160,#10161));
#1718=EDGE_LOOP('',(#10162,#10163,#10164,#10165));
#1719=EDGE_LOOP('',(#10166,#10167,#10168,#10169));
#1720=EDGE_LOOP('',(#10170,#10171,#10172,#10173));
#1721=EDGE_LOOP('',(#10174,#10175,#10176,#10177,#10178,#10179,#10180,#10181));
#1722=EDGE_LOOP('',(#10182));
#1723=EDGE_LOOP('',(#10183));
#1724=EDGE_LOOP('',(#10184));
#1725=EDGE_LOOP('',(#10185));
#1726=EDGE_LOOP('',(#10186,#10187,#10188,#10189));
#1727=EDGE_LOOP('',(#10190,#10191,#10192,#10193));
#1728=EDGE_LOOP('',(#10194,#10195,#10196,#10197));
#1729=EDGE_LOOP('',(#10198,#10199,#10200,#10201));
#1730=EDGE_LOOP('',(#10202,#10203,#10204,#10205));
#1731=EDGE_LOOP('',(#10206,#10207,#10208,#10209));
#1732=LINE('',#15278,#2846);
#1733=LINE('',#15281,#2847);
#1734=LINE('',#15287,#2848);
#1735=LINE('',#15293,#2849);
#1736=LINE('',#15296,#2850);
#1737=LINE('',#15298,#2851);
#1738=LINE('',#15299,#2852);
#1739=LINE('',#15305,#2853);
#1740=LINE('',#15311,#2854);
#1741=LINE('',#15314,#2855);
#1742=LINE('',#15316,#2856);
#1743=LINE('',#15317,#2857);
#1744=LINE('',#15323,#2858);
#1745=LINE('',#15329,#2859);
#1746=LINE('',#15332,#2860);
#1747=LINE('',#15334,#2861);
#1748=LINE('',#15335,#2862);
#1749=LINE('',#15341,#2863);
#1750=LINE('',#15344,#2864);
#1751=LINE('',#15350,#2865);
#1752=LINE('',#15353,#2866);
#1753=LINE('',#15355,#2867);
#1754=LINE('',#15356,#2868);
#1755=LINE('',#15362,#2869);
#1756=LINE('',#15368,#2870);
#1757=LINE('',#15371,#2871);
#1758=LINE('',#15373,#2872);
#1759=LINE('',#15374,#2873);
#1760=LINE('',#15380,#2874);
#1761=LINE('',#15386,#2875);
#1762=LINE('',#15392,#2876);
#1763=LINE('',#15395,#2877);
#1764=LINE('',#15397,#2878);
#1765=LINE('',#15398,#2879);
#1766=LINE('',#15404,#2880);
#1767=LINE('',#15410,#2881);
#1768=LINE('',#15416,#2882);
#1769=LINE('',#15419,#2883);
#1770=LINE('',#15421,#2884);
#1771=LINE('',#15422,#2885);
#1772=LINE('',#15428,#2886);
#1773=LINE('',#15434,#2887);
#1774=LINE('',#15437,#2888);
#1775=LINE('',#15439,#2889);
#1776=LINE('',#15440,#2890);
#1777=LINE('',#15446,#2891);
#1778=LINE('',#15452,#2892);
#1779=LINE('',#15454,#2893);
#1780=LINE('',#15455,#2894);
#1781=LINE('',#15461,#2895);
#1782=LINE('',#15467,#2896);
#1783=LINE('',#15470,#2897);
#1784=LINE('',#15472,#2898);
#1785=LINE('',#15473,#2899);
#1786=LINE('',#15479,#2900);
#1787=LINE('',#15485,#2901);
#1788=LINE('',#15488,#2902);
#1789=LINE('',#15490,#2903);
#1790=LINE('',#15491,#2904);
#1791=LINE('',#15497,#2905);
#1792=LINE('',#15503,#2906);
#1793=LINE('',#15509,#2907);
#1794=LINE('',#15511,#2908);
#1795=LINE('',#15512,#2909);
#1796=LINE('',#15517,#2910);
#1797=LINE('',#15519,#2911);
#1798=LINE('',#15521,#2912);
#1799=LINE('',#15522,#2913);
#1800=LINE('',#15530,#2914);
#1801=LINE('',#15532,#2915);
#1802=LINE('',#15534,#2916);
#1803=LINE('',#15535,#2917);
#1804=LINE('',#15539,#2918);
#1805=LINE('',#15544,#2919);
#1806=LINE('',#15548,#2920);
#1807=LINE('',#15552,#2921);
#1808=LINE('',#15556,#2922);
#1809=LINE('',#15560,#2923);
#1810=LINE('',#15564,#2924);
#1811=LINE('',#15568,#2925);
#1812=LINE('',#15572,#2926);
#1813=LINE('',#15576,#2927);
#1814=LINE('',#15580,#2928);
#1815=LINE('',#15584,#2929);
#1816=LINE('',#15588,#2930);
#1817=LINE('',#15592,#2931);
#1818=LINE('',#15596,#2932);
#1819=LINE('',#15600,#2933);
#1820=LINE('',#15604,#2934);
#1821=LINE('',#15608,#2935);
#1822=LINE('',#15612,#2936);
#1823=LINE('',#15616,#2937);
#1824=LINE('',#15620,#2938);
#1825=LINE('',#15624,#2939);
#1826=LINE('',#15628,#2940);
#1827=LINE('',#15632,#2941);
#1828=LINE('',#15636,#2942);
#1829=LINE('',#15640,#2943);
#1830=LINE('',#15644,#2944);
#1831=LINE('',#15648,#2945);
#1832=LINE('',#15652,#2946);
#1833=LINE('',#15656,#2947);
#1834=LINE('',#15660,#2948);
#1835=LINE('',#15664,#2949);
#1836=LINE('',#15668,#2950);
#1837=LINE('',#15672,#2951);
#1838=LINE('',#15676,#2952);
#1839=LINE('',#15680,#2953);
#1840=LINE('',#15684,#2954);
#1841=LINE('',#15688,#2955);
#1842=LINE('',#15693,#2956);
#1843=LINE('',#15695,#2957);
#1844=LINE('',#15698,#2958);
#1845=LINE('',#15700,#2959);
#1846=LINE('',#15702,#2960);
#1847=LINE('',#15706,#2961);
#1848=LINE('',#15710,#2962);
#1849=LINE('',#15714,#2963);
#1850=LINE('',#15718,#2964);
#1851=LINE('',#15722,#2965);
#1852=LINE('',#15726,#2966);
#1853=LINE('',#15730,#2967);
#1854=LINE('',#15734,#2968);
#1855=LINE('',#15738,#2969);
#1856=LINE('',#15742,#2970);
#1857=LINE('',#15746,#2971);
#1858=LINE('',#15750,#2972);
#1859=LINE('',#15754,#2973);
#1860=LINE('',#15758,#2974);
#1861=LINE('',#15762,#2975);
#1862=LINE('',#15766,#2976);
#1863=LINE('',#15770,#2977);
#1864=LINE('',#15774,#2978);
#1865=LINE('',#15780,#2979);
#1866=LINE('',#15784,#2980);
#1867=LINE('',#15788,#2981);
#1868=LINE('',#15792,#2982);
#1869=LINE('',#15796,#2983);
#1870=LINE('',#15800,#2984);
#1871=LINE('',#15804,#2985);
#1872=LINE('',#15808,#2986);
#1873=LINE('',#15812,#2987);
#1874=LINE('',#15816,#2988);
#1875=LINE('',#15820,#2989);
#1876=LINE('',#15824,#2990);
#1877=LINE('',#15828,#2991);
#1878=LINE('',#15832,#2992);
#1879=LINE('',#15836,#2993);
#1880=LINE('',#15840,#2994);
#1881=LINE('',#15844,#2995);
#1882=LINE('',#15848,#2996);
#1883=LINE('',#15855,#2997);
#1884=LINE('',#15858,#2998);
#1885=LINE('',#15861,#2999);
#1886=LINE('',#15863,#3000);
#1887=LINE('',#15864,#3001);
#1888=LINE('',#15868,#3002);
#1889=LINE('',#15870,#3003);
#1890=LINE('',#15872,#3004);
#1891=LINE('',#15873,#3005);
#1892=LINE('',#15879,#3006);
#1893=LINE('',#15885,#3007);
#1894=LINE('',#15887,#3008);
#1895=LINE('',#15888,#3009);
#1896=LINE('',#15891,#3010);
#1897=LINE('',#15893,#3011);
#1898=LINE('',#15894,#3012);
#1899=LINE('',#15904,#3013);
#1900=LINE('',#15907,#3014);
#1901=LINE('',#15910,#3015);
#1902=LINE('',#15912,#3016);
#1903=LINE('',#15913,#3017);
#1904=LINE('',#15917,#3018);
#1905=LINE('',#15919,#3019);
#1906=LINE('',#15921,#3020);
#1907=LINE('',#15922,#3021);
#1908=LINE('',#15928,#3022);
#1909=LINE('',#15934,#3023);
#1910=LINE('',#15936,#3024);
#1911=LINE('',#15937,#3025);
#1912=LINE('',#15940,#3026);
#1913=LINE('',#15942,#3027);
#1914=LINE('',#15943,#3028);
#1915=LINE('',#15951,#3029);
#1916=LINE('',#15953,#3030);
#1917=LINE('',#15955,#3031);
#1918=LINE('',#15956,#3032);
#1919=LINE('',#15962,#3033);
#1920=LINE('',#15964,#3034);
#1921=LINE('',#15966,#3035);
#1922=LINE('',#15967,#3036);
#1923=LINE('',#15973,#3037);
#1924=LINE('',#15974,#3038);
#1925=LINE('',#15975,#3039);
#1926=LINE('',#15977,#3040);
#1927=LINE('',#15981,#3041);
#1928=LINE('',#15983,#3042);
#1929=LINE('',#15985,#3043);
#1930=LINE('',#15986,#3044);
#1931=LINE('',#15989,#3045);
#1932=LINE('',#15991,#3046);
#1933=LINE('',#15992,#3047);
#1934=LINE('',#15994,#3048);
#1935=LINE('',#15995,#3049);
#1936=LINE('',#15999,#3050);
#1937=LINE('',#16001,#3051);
#1938=LINE('',#16002,#3052);
#1939=LINE('',#16006,#3053);
#1940=LINE('',#16008,#3054);
#1941=LINE('',#16010,#3055);
#1942=LINE('',#16011,#3056);
#1943=LINE('',#16014,#3057);
#1944=LINE('',#16016,#3058);
#1945=LINE('',#16017,#3059);
#1946=LINE('',#16019,#3060);
#1947=LINE('',#16020,#3061);
#1948=LINE('',#16023,#3062);
#1949=LINE('',#16025,#3063);
#1950=LINE('',#16026,#3064);
#1951=LINE('',#16030,#3065);
#1952=LINE('',#16032,#3066);
#1953=LINE('',#16034,#3067);
#1954=LINE('',#16035,#3068);
#1955=LINE('',#16038,#3069);
#1956=LINE('',#16040,#3070);
#1957=LINE('',#16041,#3071);
#1958=LINE('',#16043,#3072);
#1959=LINE('',#16044,#3073);
#1960=LINE('',#16047,#3074);
#1961=LINE('',#16049,#3075);
#1962=LINE('',#16050,#3076);
#1963=LINE('',#16054,#3077);
#1964=LINE('',#16056,#3078);
#1965=LINE('',#16058,#3079);
#1966=LINE('',#16059,#3080);
#1967=LINE('',#16062,#3081);
#1968=LINE('',#16064,#3082);
#1969=LINE('',#16065,#3083);
#1970=LINE('',#16067,#3084);
#1971=LINE('',#16068,#3085);
#1972=LINE('',#16071,#3086);
#1973=LINE('',#16073,#3087);
#1974=LINE('',#16074,#3088);
#1975=LINE('',#16078,#3089);
#1976=LINE('',#16080,#3090);
#1977=LINE('',#16082,#3091);
#1978=LINE('',#16083,#3092);
#1979=LINE('',#16086,#3093);
#1980=LINE('',#16088,#3094);
#1981=LINE('',#16089,#3095);
#1982=LINE('',#16091,#3096);
#1983=LINE('',#16092,#3097);
#1984=LINE('',#16095,#3098);
#1985=LINE('',#16097,#3099);
#1986=LINE('',#16098,#3100);
#1987=LINE('',#16102,#3101);
#1988=LINE('',#16104,#3102);
#1989=LINE('',#16106,#3103);
#1990=LINE('',#16107,#3104);
#1991=LINE('',#16110,#3105);
#1992=LINE('',#16112,#3106);
#1993=LINE('',#16113,#3107);
#1994=LINE('',#16115,#3108);
#1995=LINE('',#16116,#3109);
#1996=LINE('',#16119,#3110);
#1997=LINE('',#16121,#3111);
#1998=LINE('',#16122,#3112);
#1999=LINE('',#16126,#3113);
#2000=LINE('',#16128,#3114);
#2001=LINE('',#16130,#3115);
#2002=LINE('',#16131,#3116);
#2003=LINE('',#16134,#3117);
#2004=LINE('',#16136,#3118);
#2005=LINE('',#16137,#3119);
#2006=LINE('',#16139,#3120);
#2007=LINE('',#16140,#3121);
#2008=LINE('',#16143,#3122);
#2009=LINE('',#16145,#3123);
#2010=LINE('',#16146,#3124);
#2011=LINE('',#16150,#3125);
#2012=LINE('',#16152,#3126);
#2013=LINE('',#16154,#3127);
#2014=LINE('',#16155,#3128);
#2015=LINE('',#16158,#3129);
#2016=LINE('',#16160,#3130);
#2017=LINE('',#16161,#3131);
#2018=LINE('',#16163,#3132);
#2019=LINE('',#16164,#3133);
#2020=LINE('',#16167,#3134);
#2021=LINE('',#16169,#3135);
#2022=LINE('',#16170,#3136);
#2023=LINE('',#16174,#3137);
#2024=LINE('',#16176,#3138);
#2025=LINE('',#16178,#3139);
#2026=LINE('',#16179,#3140);
#2027=LINE('',#16182,#3141);
#2028=LINE('',#16184,#3142);
#2029=LINE('',#16185,#3143);
#2030=LINE('',#16187,#3144);
#2031=LINE('',#16188,#3145);
#2032=LINE('',#16191,#3146);
#2033=LINE('',#16193,#3147);
#2034=LINE('',#16194,#3148);
#2035=LINE('',#16198,#3149);
#2036=LINE('',#16200,#3150);
#2037=LINE('',#16202,#3151);
#2038=LINE('',#16203,#3152);
#2039=LINE('',#16206,#3153);
#2040=LINE('',#16208,#3154);
#2041=LINE('',#16209,#3155);
#2042=LINE('',#16211,#3156);
#2043=LINE('',#16212,#3157);
#2044=LINE('',#16215,#3158);
#2045=LINE('',#16217,#3159);
#2046=LINE('',#16218,#3160);
#2047=LINE('',#16222,#3161);
#2048=LINE('',#16224,#3162);
#2049=LINE('',#16226,#3163);
#2050=LINE('',#16227,#3164);
#2051=LINE('',#16230,#3165);
#2052=LINE('',#16232,#3166);
#2053=LINE('',#16233,#3167);
#2054=LINE('',#16235,#3168);
#2055=LINE('',#16236,#3169);
#2056=LINE('',#16239,#3170);
#2057=LINE('',#16241,#3171);
#2058=LINE('',#16242,#3172);
#2059=LINE('',#16246,#3173);
#2060=LINE('',#16248,#3174);
#2061=LINE('',#16250,#3175);
#2062=LINE('',#16251,#3176);
#2063=LINE('',#16254,#3177);
#2064=LINE('',#16256,#3178);
#2065=LINE('',#16257,#3179);
#2066=LINE('',#16259,#3180);
#2067=LINE('',#16260,#3181);
#2068=LINE('',#16263,#3182);
#2069=LINE('',#16265,#3183);
#2070=LINE('',#16266,#3184);
#2071=LINE('',#16270,#3185);
#2072=LINE('',#16272,#3186);
#2073=LINE('',#16274,#3187);
#2074=LINE('',#16275,#3188);
#2075=LINE('',#16278,#3189);
#2076=LINE('',#16280,#3190);
#2077=LINE('',#16281,#3191);
#2078=LINE('',#16283,#3192);
#2079=LINE('',#16284,#3193);
#2080=LINE('',#16287,#3194);
#2081=LINE('',#16289,#3195);
#2082=LINE('',#16290,#3196);
#2083=LINE('',#16293,#3197);
#2084=LINE('',#16295,#3198);
#2085=LINE('',#16296,#3199);
#2086=LINE('',#16299,#3200);
#2087=LINE('',#16301,#3201);
#2088=LINE('',#16302,#3202);
#2089=LINE('',#16304,#3203);
#2090=LINE('',#16305,#3204);
#2091=LINE('',#16308,#3205);
#2092=LINE('',#16310,#3206);
#2093=LINE('',#16312,#3207);
#2094=LINE('',#16314,#3208);
#2095=LINE('',#16316,#3209);
#2096=LINE('',#16318,#3210);
#2097=LINE('',#16320,#3211);
#2098=LINE('',#16322,#3212);
#2099=LINE('',#16324,#3213);
#2100=LINE('',#16326,#3214);
#2101=LINE('',#16328,#3215);
#2102=LINE('',#16330,#3216);
#2103=LINE('',#16332,#3217);
#2104=LINE('',#16334,#3218);
#2105=LINE('',#16336,#3219);
#2106=LINE('',#16338,#3220);
#2107=LINE('',#16340,#3221);
#2108=LINE('',#16342,#3222);
#2109=LINE('',#16344,#3223);
#2110=LINE('',#16346,#3224);
#2111=LINE('',#16348,#3225);
#2112=LINE('',#16350,#3226);
#2113=LINE('',#16352,#3227);
#2114=LINE('',#16354,#3228);
#2115=LINE('',#16356,#3229);
#2116=LINE('',#16358,#3230);
#2117=LINE('',#16360,#3231);
#2118=LINE('',#16362,#3232);
#2119=LINE('',#16364,#3233);
#2120=LINE('',#16366,#3234);
#2121=LINE('',#16368,#3235);
#2122=LINE('',#16370,#3236);
#2123=LINE('',#16372,#3237);
#2124=LINE('',#16374,#3238);
#2125=LINE('',#16376,#3239);
#2126=LINE('',#16378,#3240);
#2127=LINE('',#16380,#3241);
#2128=LINE('',#16382,#3242);
#2129=LINE('',#16384,#3243);
#2130=LINE('',#16386,#3244);
#2131=LINE('',#16388,#3245);
#2132=LINE('',#16390,#3246);
#2133=LINE('',#16392,#3247);
#2134=LINE('',#16394,#3248);
#2135=LINE('',#16396,#3249);
#2136=LINE('',#16398,#3250);
#2137=LINE('',#16400,#3251);
#2138=LINE('',#16402,#3252);
#2139=LINE('',#16404,#3253);
#2140=LINE('',#16406,#3254);
#2141=LINE('',#16408,#3255);
#2142=LINE('',#16410,#3256);
#2143=LINE('',#16412,#3257);
#2144=LINE('',#16414,#3258);
#2145=LINE('',#16416,#3259);
#2146=LINE('',#16418,#3260);
#2147=LINE('',#16420,#3261);
#2148=LINE('',#16422,#3262);
#2149=LINE('',#16424,#3263);
#2150=LINE('',#16426,#3264);
#2151=LINE('',#16428,#3265);
#2152=LINE('',#16430,#3266);
#2153=LINE('',#16432,#3267);
#2154=LINE('',#16434,#3268);
#2155=LINE('',#16436,#3269);
#2156=LINE('',#16438,#3270);
#2157=LINE('',#16440,#3271);
#2158=LINE('',#16442,#3272);
#2159=LINE('',#16444,#3273);
#2160=LINE('',#16446,#3274);
#2161=LINE('',#16451,#3275);
#2162=LINE('',#16452,#3276);
#2163=LINE('',#16454,#3277);
#2164=LINE('',#16456,#3278);
#2165=LINE('',#16458,#3279);
#2166=LINE('',#16459,#3280);
#2167=LINE('',#16468,#3281);
#2168=LINE('',#16470,#3282);
#2169=LINE('',#16472,#3283);
#2170=LINE('',#16473,#3284);
#2171=LINE('',#16476,#3285);
#2172=LINE('',#16478,#3286);
#2173=LINE('',#16479,#3287);
#2174=LINE('',#16482,#3288);
#2175=LINE('',#16484,#3289);
#2176=LINE('',#16485,#3290);
#2177=LINE('',#16487,#3291);
#2178=LINE('',#16488,#3292);
#2179=LINE('',#16494,#3293);
#2180=LINE('',#16496,#3294);
#2181=LINE('',#16498,#3295);
#2182=LINE('',#16499,#3296);
#2183=LINE('',#16502,#3297);
#2184=LINE('',#16504,#3298);
#2185=LINE('',#16505,#3299);
#2186=LINE('',#16508,#3300);
#2187=LINE('',#16510,#3301);
#2188=LINE('',#16511,#3302);
#2189=LINE('',#16513,#3303);
#2190=LINE('',#16514,#3304);
#2191=LINE('',#16521,#3305);
#2192=LINE('',#16523,#3306);
#2193=LINE('',#16525,#3307);
#2194=LINE('',#16526,#3308);
#2195=LINE('',#16529,#3309);
#2196=LINE('',#16531,#3310);
#2197=LINE('',#16532,#3311);
#2198=LINE('',#16535,#3312);
#2199=LINE('',#16537,#3313);
#2200=LINE('',#16538,#3314);
#2201=LINE('',#16540,#3315);
#2202=LINE('',#16541,#3316);
#2203=LINE('',#16547,#3317);
#2204=LINE('',#16549,#3318);
#2205=LINE('',#16551,#3319);
#2206=LINE('',#16552,#3320);
#2207=LINE('',#16555,#3321);
#2208=LINE('',#16557,#3322);
#2209=LINE('',#16558,#3323);
#2210=LINE('',#16561,#3324);
#2211=LINE('',#16563,#3325);
#2212=LINE('',#16564,#3326);
#2213=LINE('',#16566,#3327);
#2214=LINE('',#16567,#3328);
#2215=LINE('',#16578,#3329);
#2216=LINE('',#16581,#3330);
#2217=LINE('',#16587,#3331);
#2218=LINE('',#16593,#3332);
#2219=LINE('',#16596,#3333);
#2220=LINE('',#16598,#3334);
#2221=LINE('',#16599,#3335);
#2222=LINE('',#16605,#3336);
#2223=LINE('',#16611,#3337);
#2224=LINE('',#16614,#3338);
#2225=LINE('',#16616,#3339);
#2226=LINE('',#16617,#3340);
#2227=LINE('',#16623,#3341);
#2228=LINE('',#16629,#3342);
#2229=LINE('',#16632,#3343);
#2230=LINE('',#16634,#3344);
#2231=LINE('',#16635,#3345);
#2232=LINE('',#16641,#3346);
#2233=LINE('',#16644,#3347);
#2234=LINE('',#16650,#3348);
#2235=LINE('',#16653,#3349);
#2236=LINE('',#16655,#3350);
#2237=LINE('',#16656,#3351);
#2238=LINE('',#16662,#3352);
#2239=LINE('',#16668,#3353);
#2240=LINE('',#16671,#3354);
#2241=LINE('',#16673,#3355);
#2242=LINE('',#16674,#3356);
#2243=LINE('',#16680,#3357);
#2244=LINE('',#16686,#3358);
#2245=LINE('',#16692,#3359);
#2246=LINE('',#16695,#3360);
#2247=LINE('',#16697,#3361);
#2248=LINE('',#16698,#3362);
#2249=LINE('',#16704,#3363);
#2250=LINE('',#16710,#3364);
#2251=LINE('',#16716,#3365);
#2252=LINE('',#16719,#3366);
#2253=LINE('',#16721,#3367);
#2254=LINE('',#16722,#3368);
#2255=LINE('',#16728,#3369);
#2256=LINE('',#16734,#3370);
#2257=LINE('',#16737,#3371);
#2258=LINE('',#16739,#3372);
#2259=LINE('',#16740,#3373);
#2260=LINE('',#16746,#3374);
#2261=LINE('',#16752,#3375);
#2262=LINE('',#16754,#3376);
#2263=LINE('',#16755,#3377);
#2264=LINE('',#16761,#3378);
#2265=LINE('',#16767,#3379);
#2266=LINE('',#16770,#3380);
#2267=LINE('',#16772,#3381);
#2268=LINE('',#16773,#3382);
#2269=LINE('',#16779,#3383);
#2270=LINE('',#16785,#3384);
#2271=LINE('',#16788,#3385);
#2272=LINE('',#16790,#3386);
#2273=LINE('',#16791,#3387);
#2274=LINE('',#16797,#3388);
#2275=LINE('',#16803,#3389);
#2276=LINE('',#16809,#3390);
#2277=LINE('',#16811,#3391);
#2278=LINE('',#16812,#3392);
#2279=LINE('',#16817,#3393);
#2280=LINE('',#16819,#3394);
#2281=LINE('',#16821,#3395);
#2282=LINE('',#16822,#3396);
#2283=LINE('',#16830,#3397);
#2284=LINE('',#16832,#3398);
#2285=LINE('',#16834,#3399);
#2286=LINE('',#16835,#3400);
#2287=LINE('',#16839,#3401);
#2288=LINE('',#16844,#3402);
#2289=LINE('',#16848,#3403);
#2290=LINE('',#16852,#3404);
#2291=LINE('',#16856,#3405);
#2292=LINE('',#16860,#3406);
#2293=LINE('',#16864,#3407);
#2294=LINE('',#16868,#3408);
#2295=LINE('',#16872,#3409);
#2296=LINE('',#16876,#3410);
#2297=LINE('',#16880,#3411);
#2298=LINE('',#16884,#3412);
#2299=LINE('',#16888,#3413);
#2300=LINE('',#16892,#3414);
#2301=LINE('',#16896,#3415);
#2302=LINE('',#16900,#3416);
#2303=LINE('',#16904,#3417);
#2304=LINE('',#16908,#3418);
#2305=LINE('',#16912,#3419);
#2306=LINE('',#16916,#3420);
#2307=LINE('',#16920,#3421);
#2308=LINE('',#16924,#3422);
#2309=LINE('',#16928,#3423);
#2310=LINE('',#16932,#3424);
#2311=LINE('',#16936,#3425);
#2312=LINE('',#16940,#3426);
#2313=LINE('',#16944,#3427);
#2314=LINE('',#16948,#3428);
#2315=LINE('',#16952,#3429);
#2316=LINE('',#16956,#3430);
#2317=LINE('',#16960,#3431);
#2318=LINE('',#16964,#3432);
#2319=LINE('',#16968,#3433);
#2320=LINE('',#16972,#3434);
#2321=LINE('',#16976,#3435);
#2322=LINE('',#16980,#3436);
#2323=LINE('',#16984,#3437);
#2324=LINE('',#16988,#3438);
#2325=LINE('',#16993,#3439);
#2326=LINE('',#16995,#3440);
#2327=LINE('',#16998,#3441);
#2328=LINE('',#17000,#3442);
#2329=LINE('',#17002,#3443);
#2330=LINE('',#17006,#3444);
#2331=LINE('',#17010,#3445);
#2332=LINE('',#17014,#3446);
#2333=LINE('',#17018,#3447);
#2334=LINE('',#17022,#3448);
#2335=LINE('',#17026,#3449);
#2336=LINE('',#17030,#3450);
#2337=LINE('',#17034,#3451);
#2338=LINE('',#17038,#3452);
#2339=LINE('',#17042,#3453);
#2340=LINE('',#17046,#3454);
#2341=LINE('',#17050,#3455);
#2342=LINE('',#17054,#3456);
#2343=LINE('',#17058,#3457);
#2344=LINE('',#17062,#3458);
#2345=LINE('',#17066,#3459);
#2346=LINE('',#17070,#3460);
#2347=LINE('',#17074,#3461);
#2348=LINE('',#17080,#3462);
#2349=LINE('',#17084,#3463);
#2350=LINE('',#17088,#3464);
#2351=LINE('',#17092,#3465);
#2352=LINE('',#17096,#3466);
#2353=LINE('',#17100,#3467);
#2354=LINE('',#17104,#3468);
#2355=LINE('',#17108,#3469);
#2356=LINE('',#17112,#3470);
#2357=LINE('',#17116,#3471);
#2358=LINE('',#17120,#3472);
#2359=LINE('',#17124,#3473);
#2360=LINE('',#17128,#3474);
#2361=LINE('',#17132,#3475);
#2362=LINE('',#17136,#3476);
#2363=LINE('',#17140,#3477);
#2364=LINE('',#17144,#3478);
#2365=LINE('',#17148,#3479);
#2366=LINE('',#17155,#3480);
#2367=LINE('',#17158,#3481);
#2368=LINE('',#17161,#3482);
#2369=LINE('',#17163,#3483);
#2370=LINE('',#17164,#3484);
#2371=LINE('',#17168,#3485);
#2372=LINE('',#17170,#3486);
#2373=LINE('',#17172,#3487);
#2374=LINE('',#17173,#3488);
#2375=LINE('',#17179,#3489);
#2376=LINE('',#17185,#3490);
#2377=LINE('',#17187,#3491);
#2378=LINE('',#17188,#3492);
#2379=LINE('',#17191,#3493);
#2380=LINE('',#17193,#3494);
#2381=LINE('',#17194,#3495);
#2382=LINE('',#17204,#3496);
#2383=LINE('',#17207,#3497);
#2384=LINE('',#17210,#3498);
#2385=LINE('',#17212,#3499);
#2386=LINE('',#17213,#3500);
#2387=LINE('',#17217,#3501);
#2388=LINE('',#17219,#3502);
#2389=LINE('',#17221,#3503);
#2390=LINE('',#17222,#3504);
#2391=LINE('',#17228,#3505);
#2392=LINE('',#17234,#3506);
#2393=LINE('',#17236,#3507);
#2394=LINE('',#17237,#3508);
#2395=LINE('',#17240,#3509);
#2396=LINE('',#17242,#3510);
#2397=LINE('',#17243,#3511);
#2398=LINE('',#17251,#3512);
#2399=LINE('',#17253,#3513);
#2400=LINE('',#17255,#3514);
#2401=LINE('',#17256,#3515);
#2402=LINE('',#17262,#3516);
#2403=LINE('',#17264,#3517);
#2404=LINE('',#17266,#3518);
#2405=LINE('',#17267,#3519);
#2406=LINE('',#17273,#3520);
#2407=LINE('',#17274,#3521);
#2408=LINE('',#17275,#3522);
#2409=LINE('',#17277,#3523);
#2410=LINE('',#17281,#3524);
#2411=LINE('',#17283,#3525);
#2412=LINE('',#17285,#3526);
#2413=LINE('',#17286,#3527);
#2414=LINE('',#17289,#3528);
#2415=LINE('',#17291,#3529);
#2416=LINE('',#17292,#3530);
#2417=LINE('',#17294,#3531);
#2418=LINE('',#17295,#3532);
#2419=LINE('',#17299,#3533);
#2420=LINE('',#17301,#3534);
#2421=LINE('',#17302,#3535);
#2422=LINE('',#17306,#3536);
#2423=LINE('',#17308,#3537);
#2424=LINE('',#17310,#3538);
#2425=LINE('',#17311,#3539);
#2426=LINE('',#17314,#3540);
#2427=LINE('',#17316,#3541);
#2428=LINE('',#17317,#3542);
#2429=LINE('',#17319,#3543);
#2430=LINE('',#17320,#3544);
#2431=LINE('',#17323,#3545);
#2432=LINE('',#17325,#3546);
#2433=LINE('',#17326,#3547);
#2434=LINE('',#17330,#3548);
#2435=LINE('',#17332,#3549);
#2436=LINE('',#17334,#3550);
#2437=LINE('',#17335,#3551);
#2438=LINE('',#17338,#3552);
#2439=LINE('',#17340,#3553);
#2440=LINE('',#17341,#3554);
#2441=LINE('',#17343,#3555);
#2442=LINE('',#17344,#3556);
#2443=LINE('',#17347,#3557);
#2444=LINE('',#17349,#3558);
#2445=LINE('',#17350,#3559);
#2446=LINE('',#17354,#3560);
#2447=LINE('',#17356,#3561);
#2448=LINE('',#17358,#3562);
#2449=LINE('',#17359,#3563);
#2450=LINE('',#17362,#3564);
#2451=LINE('',#17364,#3565);
#2452=LINE('',#17365,#3566);
#2453=LINE('',#17367,#3567);
#2454=LINE('',#17368,#3568);
#2455=LINE('',#17371,#3569);
#2456=LINE('',#17373,#3570);
#2457=LINE('',#17374,#3571);
#2458=LINE('',#17378,#3572);
#2459=LINE('',#17380,#3573);
#2460=LINE('',#17382,#3574);
#2461=LINE('',#17383,#3575);
#2462=LINE('',#17386,#3576);
#2463=LINE('',#17388,#3577);
#2464=LINE('',#17389,#3578);
#2465=LINE('',#17391,#3579);
#2466=LINE('',#17392,#3580);
#2467=LINE('',#17395,#3581);
#2468=LINE('',#17397,#3582);
#2469=LINE('',#17398,#3583);
#2470=LINE('',#17402,#3584);
#2471=LINE('',#17404,#3585);
#2472=LINE('',#17406,#3586);
#2473=LINE('',#17407,#3587);
#2474=LINE('',#17410,#3588);
#2475=LINE('',#17412,#3589);
#2476=LINE('',#17413,#3590);
#2477=LINE('',#17415,#3591);
#2478=LINE('',#17416,#3592);
#2479=LINE('',#17419,#3593);
#2480=LINE('',#17421,#3594);
#2481=LINE('',#17422,#3595);
#2482=LINE('',#17426,#3596);
#2483=LINE('',#17428,#3597);
#2484=LINE('',#17430,#3598);
#2485=LINE('',#17431,#3599);
#2486=LINE('',#17434,#3600);
#2487=LINE('',#17436,#3601);
#2488=LINE('',#17437,#3602);
#2489=LINE('',#17439,#3603);
#2490=LINE('',#17440,#3604);
#2491=LINE('',#17443,#3605);
#2492=LINE('',#17445,#3606);
#2493=LINE('',#17446,#3607);
#2494=LINE('',#17450,#3608);
#2495=LINE('',#17452,#3609);
#2496=LINE('',#17454,#3610);
#2497=LINE('',#17455,#3611);
#2498=LINE('',#17458,#3612);
#2499=LINE('',#17460,#3613);
#2500=LINE('',#17461,#3614);
#2501=LINE('',#17463,#3615);
#2502=LINE('',#17464,#3616);
#2503=LINE('',#17467,#3617);
#2504=LINE('',#17469,#3618);
#2505=LINE('',#17470,#3619);
#2506=LINE('',#17474,#3620);
#2507=LINE('',#17476,#3621);
#2508=LINE('',#17478,#3622);
#2509=LINE('',#17479,#3623);
#2510=LINE('',#17482,#3624);
#2511=LINE('',#17484,#3625);
#2512=LINE('',#17485,#3626);
#2513=LINE('',#17487,#3627);
#2514=LINE('',#17488,#3628);
#2515=LINE('',#17491,#3629);
#2516=LINE('',#17493,#3630);
#2517=LINE('',#17494,#3631);
#2518=LINE('',#17498,#3632);
#2519=LINE('',#17500,#3633);
#2520=LINE('',#17502,#3634);
#2521=LINE('',#17503,#3635);
#2522=LINE('',#17506,#3636);
#2523=LINE('',#17508,#3637);
#2524=LINE('',#17509,#3638);
#2525=LINE('',#17511,#3639);
#2526=LINE('',#17512,#3640);
#2527=LINE('',#17515,#3641);
#2528=LINE('',#17517,#3642);
#2529=LINE('',#17518,#3643);
#2530=LINE('',#17522,#3644);
#2531=LINE('',#17524,#3645);
#2532=LINE('',#17526,#3646);
#2533=LINE('',#17527,#3647);
#2534=LINE('',#17530,#3648);
#2535=LINE('',#17532,#3649);
#2536=LINE('',#17533,#3650);
#2537=LINE('',#17535,#3651);
#2538=LINE('',#17536,#3652);
#2539=LINE('',#17539,#3653);
#2540=LINE('',#17541,#3654);
#2541=LINE('',#17542,#3655);
#2542=LINE('',#17546,#3656);
#2543=LINE('',#17548,#3657);
#2544=LINE('',#17550,#3658);
#2545=LINE('',#17551,#3659);
#2546=LINE('',#17554,#3660);
#2547=LINE('',#17556,#3661);
#2548=LINE('',#17557,#3662);
#2549=LINE('',#17559,#3663);
#2550=LINE('',#17560,#3664);
#2551=LINE('',#17563,#3665);
#2552=LINE('',#17565,#3666);
#2553=LINE('',#17566,#3667);
#2554=LINE('',#17570,#3668);
#2555=LINE('',#17572,#3669);
#2556=LINE('',#17574,#3670);
#2557=LINE('',#17575,#3671);
#2558=LINE('',#17578,#3672);
#2559=LINE('',#17580,#3673);
#2560=LINE('',#17581,#3674);
#2561=LINE('',#17583,#3675);
#2562=LINE('',#17584,#3676);
#2563=LINE('',#17587,#3677);
#2564=LINE('',#17589,#3678);
#2565=LINE('',#17590,#3679);
#2566=LINE('',#17593,#3680);
#2567=LINE('',#17595,#3681);
#2568=LINE('',#17596,#3682);
#2569=LINE('',#17599,#3683);
#2570=LINE('',#17601,#3684);
#2571=LINE('',#17602,#3685);
#2572=LINE('',#17604,#3686);
#2573=LINE('',#17605,#3687);
#2574=LINE('',#17608,#3688);
#2575=LINE('',#17610,#3689);
#2576=LINE('',#17612,#3690);
#2577=LINE('',#17614,#3691);
#2578=LINE('',#17616,#3692);
#2579=LINE('',#17618,#3693);
#2580=LINE('',#17620,#3694);
#2581=LINE('',#17622,#3695);
#2582=LINE('',#17624,#3696);
#2583=LINE('',#17626,#3697);
#2584=LINE('',#17628,#3698);
#2585=LINE('',#17630,#3699);
#2586=LINE('',#17632,#3700);
#2587=LINE('',#17634,#3701);
#2588=LINE('',#17636,#3702);
#2589=LINE('',#17638,#3703);
#2590=LINE('',#17640,#3704);
#2591=LINE('',#17642,#3705);
#2592=LINE('',#17644,#3706);
#2593=LINE('',#17646,#3707);
#2594=LINE('',#17648,#3708);
#2595=LINE('',#17650,#3709);
#2596=LINE('',#17652,#3710);
#2597=LINE('',#17654,#3711);
#2598=LINE('',#17656,#3712);
#2599=LINE('',#17658,#3713);
#2600=LINE('',#17660,#3714);
#2601=LINE('',#17662,#3715);
#2602=LINE('',#17664,#3716);
#2603=LINE('',#17666,#3717);
#2604=LINE('',#17668,#3718);
#2605=LINE('',#17670,#3719);
#2606=LINE('',#17672,#3720);
#2607=LINE('',#17674,#3721);
#2608=LINE('',#17676,#3722);
#2609=LINE('',#17678,#3723);
#2610=LINE('',#17680,#3724);
#2611=LINE('',#17682,#3725);
#2612=LINE('',#17684,#3726);
#2613=LINE('',#17686,#3727);
#2614=LINE('',#17688,#3728);
#2615=LINE('',#17690,#3729);
#2616=LINE('',#17692,#3730);
#2617=LINE('',#17694,#3731);
#2618=LINE('',#17696,#3732);
#2619=LINE('',#17698,#3733);
#2620=LINE('',#17700,#3734);
#2621=LINE('',#17702,#3735);
#2622=LINE('',#17704,#3736);
#2623=LINE('',#17706,#3737);
#2624=LINE('',#17708,#3738);
#2625=LINE('',#17710,#3739);
#2626=LINE('',#17712,#3740);
#2627=LINE('',#17714,#3741);
#2628=LINE('',#17716,#3742);
#2629=LINE('',#17718,#3743);
#2630=LINE('',#17720,#3744);
#2631=LINE('',#17722,#3745);
#2632=LINE('',#17724,#3746);
#2633=LINE('',#17726,#3747);
#2634=LINE('',#17728,#3748);
#2635=LINE('',#17730,#3749);
#2636=LINE('',#17732,#3750);
#2637=LINE('',#17734,#3751);
#2638=LINE('',#17736,#3752);
#2639=LINE('',#17738,#3753);
#2640=LINE('',#17740,#3754);
#2641=LINE('',#17742,#3755);
#2642=LINE('',#17744,#3756);
#2643=LINE('',#17746,#3757);
#2644=LINE('',#17751,#3758);
#2645=LINE('',#17752,#3759);
#2646=LINE('',#17754,#3760);
#2647=LINE('',#17756,#3761);
#2648=LINE('',#17758,#3762);
#2649=LINE('',#17759,#3763);
#2650=LINE('',#17768,#3764);
#2651=LINE('',#17771,#3765);
#2652=LINE('',#17774,#3766);
#2653=LINE('',#17776,#3767);
#2654=LINE('',#17777,#3768);
#2655=LINE('',#17782,#3769);
#2656=LINE('',#17786,#3770);
#2657=LINE('',#17788,#3771);
#2658=LINE('',#17789,#3772);
#2659=LINE('',#17794,#3773);
#2660=LINE('',#17798,#3774);
#2661=LINE('',#17800,#3775);
#2662=LINE('',#17801,#3776);
#2663=LINE('',#17807,#3777);
#2664=LINE('',#17809,#3778);
#2665=LINE('',#17810,#3779);
#2666=LINE('',#17815,#3780);
#2667=LINE('',#17821,#3781);
#2668=LINE('',#17827,#3782);
#2669=LINE('',#17833,#3783);
#2670=LINE('',#17838,#3784);
#2671=LINE('',#17840,#3785);
#2672=LINE('',#17842,#3786);
#2673=LINE('',#17843,#3787);
#2674=LINE('',#17849,#3788);
#2675=LINE('',#17852,#3789);
#2676=LINE('',#17854,#3790);
#2677=LINE('',#17855,#3791);
#2678=LINE('',#17861,#3792);
#2679=LINE('',#17864,#3793);
#2680=LINE('',#17866,#3794);
#2681=LINE('',#17867,#3795);
#2682=LINE('',#17873,#3796);
#2683=LINE('',#17876,#3797);
#2684=LINE('',#17878,#3798);
#2685=LINE('',#17879,#3799);
#2686=LINE('',#17890,#3800);
#2687=LINE('',#17892,#3801);
#2688=LINE('',#17894,#3802);
#2689=LINE('',#17895,#3803);
#2690=LINE('',#17901,#3804);
#2691=LINE('',#17904,#3805);
#2692=LINE('',#17910,#3806);
#2693=LINE('',#17913,#3807);
#2694=LINE('',#17915,#3808);
#2695=LINE('',#17916,#3809);
#2696=LINE('',#17925,#3810);
#2697=LINE('',#17931,#3811);
#2698=LINE('',#17934,#3812);
#2699=LINE('',#17936,#3813);
#2700=LINE('',#17937,#3814);
#2701=LINE('',#17941,#3815);
#2702=LINE('',#17947,#3816);
#2703=LINE('',#17953,#3817);
#2704=LINE('',#17965,#3818);
#2705=LINE('',#17971,#3819);
#2706=LINE('',#17977,#3820);
#2707=LINE('',#17993,#3821);
#2708=LINE('',#18002,#3822);
#2709=LINE('',#18007,#3823);
#2710=LINE('',#18011,#3824);
#2711=LINE('',#18015,#3825);
#2712=LINE('',#18022,#3826);
#2713=LINE('',#18027,#3827);
#2714=LINE('',#18031,#3828);
#2715=LINE('',#18035,#3829);
#2716=LINE('',#18042,#3830);
#2717=LINE('',#18050,#3831);
#2718=LINE('',#18060,#3832);
#2719=LINE('',#18064,#3833);
#2720=LINE('',#18070,#3834);
#2721=LINE('',#18078,#3835);
#2722=LINE('',#18085,#3836);
#2723=LINE('',#18086,#3837);
#2724=LINE('',#18087,#3838);
#2725=LINE('',#18092,#3839);
#2726=LINE('',#18093,#3840);
#2727=LINE('',#18097,#3841);
#2728=LINE('',#18100,#3842);
#2729=LINE('',#18101,#3843);
#2730=LINE('',#18107,#3844);
#2731=LINE('',#18111,#3845);
#2732=LINE('',#18114,#3846);
#2733=LINE('',#18115,#3847);
#2734=LINE('',#18118,#3848);
#2735=LINE('',#18122,#3849);
#2736=LINE('',#18125,#3850);
#2737=LINE('',#18128,#3851);
#2738=LINE('',#18133,#3852);
#2739=LINE('',#18138,#3853);
#2740=LINE('',#18139,#3854);
#2741=LINE('',#18143,#3855);
#2742=LINE('',#18147,#3856);
#2743=LINE('',#18150,#3857);
#2744=LINE('',#18152,#3858);
#2745=LINE('',#18160,#3859);
#2746=LINE('',#18166,#3860);
#2747=LINE('',#18171,#3861);
#2748=LINE('',#18177,#3862);
#2749=LINE('',#18183,#3863);
#2750=LINE('',#18188,#3864);
#2751=LINE('',#18194,#3865);
#2752=LINE('',#18203,#3866);
#2753=LINE('',#18210,#3867);
#2754=LINE('',#18218,#3868);
#2755=LINE('',#18226,#3869);
#2756=LINE('',#18230,#3870);
#2757=LINE('',#18233,#3871);
#2758=LINE('',#18238,#3872);
#2759=LINE('',#18246,#3873);
#2760=LINE('',#18250,#3874);
#2761=LINE('',#18253,#3875);
#2762=LINE('',#18256,#3876);
#2763=LINE('',#18263,#3877);
#2764=LINE('',#18265,#3878);
#2765=LINE('',#18267,#3879);
#2766=LINE('',#18269,#3880);
#2767=LINE('',#18270,#3881);
#2768=LINE('',#18272,#3882);
#2769=LINE('',#18274,#3883);
#2770=LINE('',#18276,#3884);
#2771=LINE('',#18278,#3885);
#2772=LINE('',#18279,#3886);
#2773=LINE('',#18281,#3887);
#2774=LINE('',#18282,#3888);
#2775=LINE('',#18284,#3889);
#2776=LINE('',#18286,#3890);
#2777=LINE('',#18288,#3891);
#2778=LINE('',#18290,#3892);
#2779=LINE('',#18292,#3893);
#2780=LINE('',#18294,#3894);
#2781=LINE('',#18296,#3895);
#2782=LINE('',#18298,#3896);
#2783=LINE('',#18301,#3897);
#2784=LINE('',#18302,#3898);
#2785=LINE('',#18304,#3899);
#2786=LINE('',#18306,#3900);
#2787=LINE('',#18308,#3901);
#2788=LINE('',#18310,#3902);
#2789=LINE('',#18312,#3903);
#2790=LINE('',#18314,#3904);
#2791=LINE('',#18316,#3905);
#2792=LINE('',#18318,#3906);
#2793=LINE('',#18321,#3907);
#2794=LINE('',#18323,#3908);
#2795=LINE('',#18325,#3909);
#2796=LINE('',#18329,#3910);
#2797=LINE('',#18331,#3911);
#2798=LINE('',#18333,#3912);
#2799=LINE('',#18335,#3913);
#2800=LINE('',#18338,#3914);
#2801=LINE('',#18340,#3915);
#2802=LINE('',#18342,#3916);
#2803=LINE('',#18344,#3917);
#2804=LINE('',#18346,#3918);
#2805=LINE('',#18348,#3919);
#2806=LINE('',#18350,#3920);
#2807=LINE('',#18354,#3921);
#2808=LINE('',#18356,#3922);
#2809=LINE('',#18358,#3923);
#2810=LINE('',#18360,#3924);
#2811=LINE('',#18362,#3925);
#2812=LINE('',#18364,#3926);
#2813=LINE('',#18367,#3927);
#2814=LINE('',#18379,#3928);
#2815=LINE('',#18382,#3929);
#2816=LINE('',#18385,#3930);
#2817=LINE('',#18387,#3931);
#2818=LINE('',#18388,#3932);
#2819=LINE('',#18391,#3933);
#2820=LINE('',#18395,#3934);
#2821=LINE('',#18399,#3935);
#2822=LINE('',#18411,#3936);
#2823=LINE('',#18415,#3937);
#2824=LINE('',#18416,#3938);
#2825=LINE('',#18419,#3939);
#2826=LINE('',#18423,#3940);
#2827=LINE('',#18424,#3941);
#2828=LINE('',#18427,#3942);
#2829=LINE('',#18431,#3943);
#2830=LINE('',#18435,#3944);
#2831=LINE('',#18439,#3945);
#2832=LINE('',#18443,#3946);
#2833=LINE('',#18446,#3947);
#2834=LINE('',#18453,#3948);
#2835=LINE('',#18455,#3949);
#2836=LINE('',#18457,#3950);
#2837=LINE('',#18458,#3951);
#2838=LINE('',#18461,#3952);
#2839=LINE('',#18463,#3953);
#2840=LINE('',#18464,#3954);
#2841=LINE('',#18467,#3955);
#2842=LINE('',#18469,#3956);
#2843=LINE('',#18470,#3957);
#2844=LINE('',#18472,#3958);
#2845=LINE('',#18473,#3959);
#2846=VECTOR('',#12063,10.);
#2847=VECTOR('',#12066,10.);
#2848=VECTOR('',#12073,10.);
#2849=VECTOR('',#12080,10.);
#2850=VECTOR('',#12083,10.);
#2851=VECTOR('',#12084,10.);
#2852=VECTOR('',#12085,10.);
#2853=VECTOR('',#12092,10.);
#2854=VECTOR('',#12099,10.);
#2855=VECTOR('',#12102,10.);
#2856=VECTOR('',#12103,10.);
#2857=VECTOR('',#12104,10.);
#2858=VECTOR('',#12111,10.);
#2859=VECTOR('',#12118,10.);
#2860=VECTOR('',#12121,10.);
#2861=VECTOR('',#12122,10.);
#2862=VECTOR('',#12123,10.);
#2863=VECTOR('',#12128,10.);
#2864=VECTOR('',#12131,10.);
#2865=VECTOR('',#12138,10.);
#2866=VECTOR('',#12141,10.);
#2867=VECTOR('',#12142,10.);
#2868=VECTOR('',#12143,10.);
#2869=VECTOR('',#12150,10.);
#2870=VECTOR('',#12157,10.);
#2871=VECTOR('',#12160,10.);
#2872=VECTOR('',#12161,10.);
#2873=VECTOR('',#12162,10.);
#2874=VECTOR('',#12169,10.);
#2875=VECTOR('',#12176,10.);
#2876=VECTOR('',#12183,10.);
#2877=VECTOR('',#12186,10.);
#2878=VECTOR('',#12187,10.);
#2879=VECTOR('',#12188,10.);
#2880=VECTOR('',#12195,10.);
#2881=VECTOR('',#12202,10.);
#2882=VECTOR('',#12209,10.);
#2883=VECTOR('',#12212,10.);
#2884=VECTOR('',#12213,10.);
#2885=VECTOR('',#12214,10.);
#2886=VECTOR('',#12221,10.);
#2887=VECTOR('',#12228,10.);
#2888=VECTOR('',#12231,10.);
#2889=VECTOR('',#12232,10.);
#2890=VECTOR('',#12233,10.);
#2891=VECTOR('',#12240,10.);
#2892=VECTOR('',#12247,10.);
#2893=VECTOR('',#12250,10.);
#2894=VECTOR('',#12251,10.);
#2895=VECTOR('',#12258,10.);
#2896=VECTOR('',#12265,10.);
#2897=VECTOR('',#12268,10.);
#2898=VECTOR('',#12269,10.);
#2899=VECTOR('',#12270,10.);
#2900=VECTOR('',#12277,10.);
#2901=VECTOR('',#12284,10.);
#2902=VECTOR('',#12287,10.);
#2903=VECTOR('',#12288,10.);
#2904=VECTOR('',#12289,10.);
#2905=VECTOR('',#12296,10.);
#2906=VECTOR('',#12303,10.);
#2907=VECTOR('',#12310,10.);
#2908=VECTOR('',#12313,10.);
#2909=VECTOR('',#12314,10.);
#2910=VECTOR('',#12319,10.);
#2911=VECTOR('',#12320,10.);
#2912=VECTOR('',#12321,10.);
#2913=VECTOR('',#12322,10.);
#2914=VECTOR('',#12329,10.);
#2915=VECTOR('',#12330,10.);
#2916=VECTOR('',#12331,10.);
#2917=VECTOR('',#12332,10.);
#2918=VECTOR('',#12335,10.);
#2919=VECTOR('',#12340,10.);
#2920=VECTOR('',#12343,10.);
#2921=VECTOR('',#12346,10.);
#2922=VECTOR('',#12349,10.);
#2923=VECTOR('',#12352,10.);
#2924=VECTOR('',#12355,10.);
#2925=VECTOR('',#12358,10.);
#2926=VECTOR('',#12361,10.);
#2927=VECTOR('',#12364,10.);
#2928=VECTOR('',#12367,10.);
#2929=VECTOR('',#12370,10.);
#2930=VECTOR('',#12373,10.);
#2931=VECTOR('',#12376,10.);
#2932=VECTOR('',#12379,10.);
#2933=VECTOR('',#12382,10.);
#2934=VECTOR('',#12385,10.);
#2935=VECTOR('',#12388,10.);
#2936=VECTOR('',#12391,10.);
#2937=VECTOR('',#12394,10.);
#2938=VECTOR('',#12397,10.);
#2939=VECTOR('',#12400,10.);
#2940=VECTOR('',#12403,10.);
#2941=VECTOR('',#12406,10.);
#2942=VECTOR('',#12409,10.);
#2943=VECTOR('',#12412,10.);
#2944=VECTOR('',#12415,10.);
#2945=VECTOR('',#12418,10.);
#2946=VECTOR('',#12421,10.);
#2947=VECTOR('',#12424,10.);
#2948=VECTOR('',#12427,10.);
#2949=VECTOR('',#12430,10.);
#2950=VECTOR('',#12433,10.);
#2951=VECTOR('',#12436,10.);
#2952=VECTOR('',#12439,10.);
#2953=VECTOR('',#12442,10.);
#2954=VECTOR('',#12445,10.);
#2955=VECTOR('',#12448,10.);
#2956=VECTOR('',#12455,1.5);
#2957=VECTOR('',#12456,10.);
#2958=VECTOR('',#12459,10.);
#2959=VECTOR('',#12462,10.);
#2960=VECTOR('',#12463,10.);
#2961=VECTOR('',#12466,10.);
#2962=VECTOR('',#12469,10.);
#2963=VECTOR('',#12472,10.);
#2964=VECTOR('',#12475,10.);
#2965=VECTOR('',#12478,10.);
#2966=VECTOR('',#12481,10.);
#2967=VECTOR('',#12484,10.);
#2968=VECTOR('',#12487,10.);
#2969=VECTOR('',#12490,10.);
#2970=VECTOR('',#12493,10.);
#2971=VECTOR('',#12496,10.);
#2972=VECTOR('',#12499,10.);
#2973=VECTOR('',#12502,10.);
#2974=VECTOR('',#12505,10.);
#2975=VECTOR('',#12508,10.);
#2976=VECTOR('',#12511,10.);
#2977=VECTOR('',#12514,10.);
#2978=VECTOR('',#12517,10.);
#2979=VECTOR('',#12522,10.);
#2980=VECTOR('',#12525,10.);
#2981=VECTOR('',#12528,10.);
#2982=VECTOR('',#12531,10.);
#2983=VECTOR('',#12534,10.);
#2984=VECTOR('',#12537,10.);
#2985=VECTOR('',#12540,10.);
#2986=VECTOR('',#12543,10.);
#2987=VECTOR('',#12546,10.);
#2988=VECTOR('',#12549,10.);
#2989=VECTOR('',#12552,10.);
#2990=VECTOR('',#12555,10.);
#2991=VECTOR('',#12558,10.);
#2992=VECTOR('',#12561,10.);
#2993=VECTOR('',#12564,10.);
#2994=VECTOR('',#12567,10.);
#2995=VECTOR('',#12570,10.);
#2996=VECTOR('',#12573,10.);
#2997=VECTOR('',#12580,10.);
#2998=VECTOR('',#12583,10.);
#2999=VECTOR('',#12586,10.);
#3000=VECTOR('',#12587,10.);
#3001=VECTOR('',#12588,10.);
#3002=VECTOR('',#12591,10.);
#3003=VECTOR('',#12592,10.);
#3004=VECTOR('',#12593,10.);
#3005=VECTOR('',#12594,10.);
#3006=VECTOR('',#12601,10.);
#3007=VECTOR('',#12608,10.);
#3008=VECTOR('',#12611,10.);
#3009=VECTOR('',#12612,10.);
#3010=VECTOR('',#12615,10.);
#3011=VECTOR('',#12616,10.);
#3012=VECTOR('',#12617,10.);
#3013=VECTOR('',#12630,10.);
#3014=VECTOR('',#12633,10.);
#3015=VECTOR('',#12636,10.);
#3016=VECTOR('',#12637,10.);
#3017=VECTOR('',#12638,10.);
#3018=VECTOR('',#12641,10.);
#3019=VECTOR('',#12642,10.);
#3020=VECTOR('',#12643,10.);
#3021=VECTOR('',#12644,10.);
#3022=VECTOR('',#12651,10.);
#3023=VECTOR('',#12658,10.);
#3024=VECTOR('',#12661,10.);
#3025=VECTOR('',#12662,10.);
#3026=VECTOR('',#12665,10.);
#3027=VECTOR('',#12666,10.);
#3028=VECTOR('',#12667,10.);
#3029=VECTOR('',#12678,10.);
#3030=VECTOR('',#12679,10.);
#3031=VECTOR('',#12680,10.);
#3032=VECTOR('',#12681,10.);
#3033=VECTOR('',#12686,10.);
#3034=VECTOR('',#12687,10.);
#3035=VECTOR('',#12688,10.);
#3036=VECTOR('',#12689,10.);
#3037=VECTOR('',#12696,1.5);
#3038=VECTOR('',#12697,10.);
#3039=VECTOR('',#12698,10.);
#3040=VECTOR('',#12701,10.);
#3041=VECTOR('',#12704,10.);
#3042=VECTOR('',#12705,10.);
#3043=VECTOR('',#12706,10.);
#3044=VECTOR('',#12707,10.);
#3045=VECTOR('',#12710,10.);
#3046=VECTOR('',#12711,10.);
#3047=VECTOR('',#12712,10.);
#3048=VECTOR('',#12715,10.);
#3049=VECTOR('',#12716,10.);
#3050=VECTOR('',#12721,10.);
#3051=VECTOR('',#12722,10.);
#3052=VECTOR('',#12723,10.);
#3053=VECTOR('',#12726,10.);
#3054=VECTOR('',#12727,10.);
#3055=VECTOR('',#12728,10.);
#3056=VECTOR('',#12729,10.);
#3057=VECTOR('',#12732,10.);
#3058=VECTOR('',#12733,10.);
#3059=VECTOR('',#12734,10.);
#3060=VECTOR('',#12737,10.);
#3061=VECTOR('',#12738,10.);
#3062=VECTOR('',#12741,10.);
#3063=VECTOR('',#12742,10.);
#3064=VECTOR('',#12743,10.);
#3065=VECTOR('',#12746,10.);
#3066=VECTOR('',#12747,10.);
#3067=VECTOR('',#12748,10.);
#3068=VECTOR('',#12749,10.);
#3069=VECTOR('',#12752,10.);
#3070=VECTOR('',#12753,10.);
#3071=VECTOR('',#12754,10.);
#3072=VECTOR('',#12757,10.);
#3073=VECTOR('',#12758,10.);
#3074=VECTOR('',#12761,10.);
#3075=VECTOR('',#12762,10.);
#3076=VECTOR('',#12763,10.);
#3077=VECTOR('',#12766,10.);
#3078=VECTOR('',#12767,10.);
#3079=VECTOR('',#12768,10.);
#3080=VECTOR('',#12769,10.);
#3081=VECTOR('',#12772,10.);
#3082=VECTOR('',#12773,10.);
#3083=VECTOR('',#12774,10.);
#3084=VECTOR('',#12777,10.);
#3085=VECTOR('',#12778,10.);
#3086=VECTOR('',#12781,10.);
#3087=VECTOR('',#12782,10.);
#3088=VECTOR('',#12783,10.);
#3089=VECTOR('',#12786,10.);
#3090=VECTOR('',#12787,10.);
#3091=VECTOR('',#12788,10.);
#3092=VECTOR('',#12789,10.);
#3093=VECTOR('',#12792,10.);
#3094=VECTOR('',#12793,10.);
#3095=VECTOR('',#12794,10.);
#3096=VECTOR('',#12797,10.);
#3097=VECTOR('',#12798,10.);
#3098=VECTOR('',#12801,10.);
#3099=VECTOR('',#12802,10.);
#3100=VECTOR('',#12803,10.);
#3101=VECTOR('',#12806,10.);
#3102=VECTOR('',#12807,10.);
#3103=VECTOR('',#12808,10.);
#3104=VECTOR('',#12809,10.);
#3105=VECTOR('',#12812,10.);
#3106=VECTOR('',#12813,10.);
#3107=VECTOR('',#12814,10.);
#3108=VECTOR('',#12817,10.);
#3109=VECTOR('',#12818,10.);
#3110=VECTOR('',#12821,10.);
#3111=VECTOR('',#12822,10.);
#3112=VECTOR('',#12823,10.);
#3113=VECTOR('',#12826,10.);
#3114=VECTOR('',#12827,10.);
#3115=VECTOR('',#12828,10.);
#3116=VECTOR('',#12829,10.);
#3117=VECTOR('',#12832,10.);
#3118=VECTOR('',#12833,10.);
#3119=VECTOR('',#12834,10.);
#3120=VECTOR('',#12837,10.);
#3121=VECTOR('',#12838,10.);
#3122=VECTOR('',#12841,10.);
#3123=VECTOR('',#12842,10.);
#3124=VECTOR('',#12843,10.);
#3125=VECTOR('',#12846,10.);
#3126=VECTOR('',#12847,10.);
#3127=VECTOR('',#12848,10.);
#3128=VECTOR('',#12849,10.);
#3129=VECTOR('',#12852,10.);
#3130=VECTOR('',#12853,10.);
#3131=VECTOR('',#12854,10.);
#3132=VECTOR('',#12857,10.);
#3133=VECTOR('',#12858,10.);
#3134=VECTOR('',#12861,10.);
#3135=VECTOR('',#12862,10.);
#3136=VECTOR('',#12863,10.);
#3137=VECTOR('',#12866,10.);
#3138=VECTOR('',#12867,10.);
#3139=VECTOR('',#12868,10.);
#3140=VECTOR('',#12869,10.);
#3141=VECTOR('',#12872,10.);
#3142=VECTOR('',#12873,10.);
#3143=VECTOR('',#12874,10.);
#3144=VECTOR('',#12877,10.);
#3145=VECTOR('',#12878,10.);
#3146=VECTOR('',#12881,10.);
#3147=VECTOR('',#12882,10.);
#3148=VECTOR('',#12883,10.);
#3149=VECTOR('',#12886,10.);
#3150=VECTOR('',#12887,10.);
#3151=VECTOR('',#12888,10.);
#3152=VECTOR('',#12889,10.);
#3153=VECTOR('',#12892,10.);
#3154=VECTOR('',#12893,10.);
#3155=VECTOR('',#12894,10.);
#3156=VECTOR('',#12897,10.);
#3157=VECTOR('',#12898,10.);
#3158=VECTOR('',#12901,10.);
#3159=VECTOR('',#12902,10.);
#3160=VECTOR('',#12903,10.);
#3161=VECTOR('',#12906,10.);
#3162=VECTOR('',#12907,10.);
#3163=VECTOR('',#12908,10.);
#3164=VECTOR('',#12909,10.);
#3165=VECTOR('',#12912,10.);
#3166=VECTOR('',#12913,10.);
#3167=VECTOR('',#12914,10.);
#3168=VECTOR('',#12917,10.);
#3169=VECTOR('',#12918,10.);
#3170=VECTOR('',#12921,10.);
#3171=VECTOR('',#12922,10.);
#3172=VECTOR('',#12923,10.);
#3173=VECTOR('',#12926,10.);
#3174=VECTOR('',#12927,10.);
#3175=VECTOR('',#12928,10.);
#3176=VECTOR('',#12929,10.);
#3177=VECTOR('',#12932,10.);
#3178=VECTOR('',#12933,10.);
#3179=VECTOR('',#12934,10.);
#3180=VECTOR('',#12937,10.);
#3181=VECTOR('',#12938,10.);
#3182=VECTOR('',#12941,10.);
#3183=VECTOR('',#12942,10.);
#3184=VECTOR('',#12943,10.);
#3185=VECTOR('',#12946,10.);
#3186=VECTOR('',#12947,10.);
#3187=VECTOR('',#12948,10.);
#3188=VECTOR('',#12949,10.);
#3189=VECTOR('',#12952,10.);
#3190=VECTOR('',#12953,10.);
#3191=VECTOR('',#12954,10.);
#3192=VECTOR('',#12957,10.);
#3193=VECTOR('',#12958,10.);
#3194=VECTOR('',#12961,10.);
#3195=VECTOR('',#12962,10.);
#3196=VECTOR('',#12963,10.);
#3197=VECTOR('',#12966,10.);
#3198=VECTOR('',#12967,10.);
#3199=VECTOR('',#12968,10.);
#3200=VECTOR('',#12971,10.);
#3201=VECTOR('',#12972,10.);
#3202=VECTOR('',#12973,10.);
#3203=VECTOR('',#12976,10.);
#3204=VECTOR('',#12977,10.);
#3205=VECTOR('',#12982,10.);
#3206=VECTOR('',#12985,10.);
#3207=VECTOR('',#12988,10.);
#3208=VECTOR('',#12991,10.);
#3209=VECTOR('',#12994,10.);
#3210=VECTOR('',#12997,10.);
#3211=VECTOR('',#13000,10.);
#3212=VECTOR('',#13003,10.);
#3213=VECTOR('',#13006,10.);
#3214=VECTOR('',#13009,10.);
#3215=VECTOR('',#13012,10.);
#3216=VECTOR('',#13015,10.);
#3217=VECTOR('',#13018,10.);
#3218=VECTOR('',#13021,10.);
#3219=VECTOR('',#13024,10.);
#3220=VECTOR('',#13027,10.);
#3221=VECTOR('',#13030,10.);
#3222=VECTOR('',#13033,10.);
#3223=VECTOR('',#13036,10.);
#3224=VECTOR('',#13039,10.);
#3225=VECTOR('',#13042,10.);
#3226=VECTOR('',#13045,10.);
#3227=VECTOR('',#13048,10.);
#3228=VECTOR('',#13051,10.);
#3229=VECTOR('',#13054,10.);
#3230=VECTOR('',#13057,10.);
#3231=VECTOR('',#13060,10.);
#3232=VECTOR('',#13063,10.);
#3233=VECTOR('',#13066,10.);
#3234=VECTOR('',#13069,10.);
#3235=VECTOR('',#13072,10.);
#3236=VECTOR('',#13075,10.);
#3237=VECTOR('',#13078,10.);
#3238=VECTOR('',#13081,10.);
#3239=VECTOR('',#13084,10.);
#3240=VECTOR('',#13087,10.);
#3241=VECTOR('',#13090,10.);
#3242=VECTOR('',#13093,10.);
#3243=VECTOR('',#13096,10.);
#3244=VECTOR('',#13099,10.);
#3245=VECTOR('',#13102,10.);
#3246=VECTOR('',#13105,10.);
#3247=VECTOR('',#13108,10.);
#3248=VECTOR('',#13111,10.);
#3249=VECTOR('',#13114,10.);
#3250=VECTOR('',#13117,10.);
#3251=VECTOR('',#13120,10.);
#3252=VECTOR('',#13123,10.);
#3253=VECTOR('',#13126,10.);
#3254=VECTOR('',#13129,10.);
#3255=VECTOR('',#13132,10.);
#3256=VECTOR('',#13135,10.);
#3257=VECTOR('',#13138,10.);
#3258=VECTOR('',#13141,10.);
#3259=VECTOR('',#13144,10.);
#3260=VECTOR('',#13147,10.);
#3261=VECTOR('',#13150,10.);
#3262=VECTOR('',#13153,10.);
#3263=VECTOR('',#13156,10.);
#3264=VECTOR('',#13159,10.);
#3265=VECTOR('',#13162,10.);
#3266=VECTOR('',#13165,10.);
#3267=VECTOR('',#13168,10.);
#3268=VECTOR('',#13171,10.);
#3269=VECTOR('',#13174,10.);
#3270=VECTOR('',#13177,10.);
#3271=VECTOR('',#13180,10.);
#3272=VECTOR('',#13183,10.);
#3273=VECTOR('',#13186,10.);
#3274=VECTOR('',#13189,10.);
#3275=VECTOR('',#13198,10.);
#3276=VECTOR('',#13199,10.);
#3277=VECTOR('',#13202,2.025);
#3278=VECTOR('',#13205,2.025);
#3279=VECTOR('',#13208,10.);
#3280=VECTOR('',#13209,10.);
#3281=VECTOR('',#13222,10.);
#3282=VECTOR('',#13223,10.);
#3283=VECTOR('',#13224,10.);
#3284=VECTOR('',#13225,10.);
#3285=VECTOR('',#13228,10.);
#3286=VECTOR('',#13229,10.);
#3287=VECTOR('',#13230,10.);
#3288=VECTOR('',#13233,10.);
#3289=VECTOR('',#13234,10.);
#3290=VECTOR('',#13235,10.);
#3291=VECTOR('',#13238,10.);
#3292=VECTOR('',#13239,10.);
#3293=VECTOR('',#13246,10.);
#3294=VECTOR('',#13247,10.);
#3295=VECTOR('',#13248,10.);
#3296=VECTOR('',#13249,10.);
#3297=VECTOR('',#13252,10.);
#3298=VECTOR('',#13253,10.);
#3299=VECTOR('',#13254,10.);
#3300=VECTOR('',#13257,10.);
#3301=VECTOR('',#13258,10.);
#3302=VECTOR('',#13259,10.);
#3303=VECTOR('',#13262,10.);
#3304=VECTOR('',#13263,10.);
#3305=VECTOR('',#13272,10.);
#3306=VECTOR('',#13273,10.);
#3307=VECTOR('',#13274,10.);
#3308=VECTOR('',#13275,10.);
#3309=VECTOR('',#13278,10.);
#3310=VECTOR('',#13279,10.);
#3311=VECTOR('',#13280,10.);
#3312=VECTOR('',#13283,10.);
#3313=VECTOR('',#13284,10.);
#3314=VECTOR('',#13285,10.);
#3315=VECTOR('',#13288,10.);
#3316=VECTOR('',#13289,10.);
#3317=VECTOR('',#13296,10.);
#3318=VECTOR('',#13297,10.);
#3319=VECTOR('',#13298,10.);
#3320=VECTOR('',#13299,10.);
#3321=VECTOR('',#13302,10.);
#3322=VECTOR('',#13303,10.);
#3323=VECTOR('',#13304,10.);
#3324=VECTOR('',#13307,10.);
#3325=VECTOR('',#13308,10.);
#3326=VECTOR('',#13309,10.);
#3327=VECTOR('',#13312,10.);
#3328=VECTOR('',#13313,10.);
#3329=VECTOR('',#13328,10.);
#3330=VECTOR('',#13331,10.);
#3331=VECTOR('',#13338,10.);
#3332=VECTOR('',#13345,10.);
#3333=VECTOR('',#13348,10.);
#3334=VECTOR('',#13349,10.);
#3335=VECTOR('',#13350,10.);
#3336=VECTOR('',#13357,10.);
#3337=VECTOR('',#13364,10.);
#3338=VECTOR('',#13367,10.);
#3339=VECTOR('',#13368,10.);
#3340=VECTOR('',#13369,10.);
#3341=VECTOR('',#13376,10.);
#3342=VECTOR('',#13383,10.);
#3343=VECTOR('',#13386,10.);
#3344=VECTOR('',#13387,10.);
#3345=VECTOR('',#13388,10.);
#3346=VECTOR('',#13393,10.);
#3347=VECTOR('',#13396,10.);
#3348=VECTOR('',#13403,10.);
#3349=VECTOR('',#13406,10.);
#3350=VECTOR('',#13407,10.);
#3351=VECTOR('',#13408,10.);
#3352=VECTOR('',#13415,10.);
#3353=VECTOR('',#13422,10.);
#3354=VECTOR('',#13425,10.);
#3355=VECTOR('',#13426,10.);
#3356=VECTOR('',#13427,10.);
#3357=VECTOR('',#13434,10.);
#3358=VECTOR('',#13441,10.);
#3359=VECTOR('',#13448,10.);
#3360=VECTOR('',#13451,10.);
#3361=VECTOR('',#13452,10.);
#3362=VECTOR('',#13453,10.);
#3363=VECTOR('',#13460,10.);
#3364=VECTOR('',#13467,10.);
#3365=VECTOR('',#13474,10.);
#3366=VECTOR('',#13477,10.);
#3367=VECTOR('',#13478,10.);
#3368=VECTOR('',#13479,10.);
#3369=VECTOR('',#13486,10.);
#3370=VECTOR('',#13493,10.);
#3371=VECTOR('',#13496,10.);
#3372=VECTOR('',#13497,10.);
#3373=VECTOR('',#13498,10.);
#3374=VECTOR('',#13505,10.);
#3375=VECTOR('',#13512,10.);
#3376=VECTOR('',#13515,10.);
#3377=VECTOR('',#13516,10.);
#3378=VECTOR('',#13523,10.);
#3379=VECTOR('',#13530,10.);
#3380=VECTOR('',#13533,10.);
#3381=VECTOR('',#13534,10.);
#3382=VECTOR('',#13535,10.);
#3383=VECTOR('',#13542,10.);
#3384=VECTOR('',#13549,10.);
#3385=VECTOR('',#13552,10.);
#3386=VECTOR('',#13553,10.);
#3387=VECTOR('',#13554,10.);
#3388=VECTOR('',#13561,10.);
#3389=VECTOR('',#13568,10.);
#3390=VECTOR('',#13575,10.);
#3391=VECTOR('',#13578,10.);
#3392=VECTOR('',#13579,10.);
#3393=VECTOR('',#13584,10.);
#3394=VECTOR('',#13585,10.);
#3395=VECTOR('',#13586,10.);
#3396=VECTOR('',#13587,10.);
#3397=VECTOR('',#13594,10.);
#3398=VECTOR('',#13595,10.);
#3399=VECTOR('',#13596,10.);
#3400=VECTOR('',#13597,10.);
#3401=VECTOR('',#13600,10.);
#3402=VECTOR('',#13605,10.);
#3403=VECTOR('',#13608,10.);
#3404=VECTOR('',#13611,10.);
#3405=VECTOR('',#13614,10.);
#3406=VECTOR('',#13617,10.);
#3407=VECTOR('',#13620,10.);
#3408=VECTOR('',#13623,10.);
#3409=VECTOR('',#13626,10.);
#3410=VECTOR('',#13629,10.);
#3411=VECTOR('',#13632,10.);
#3412=VECTOR('',#13635,10.);
#3413=VECTOR('',#13638,10.);
#3414=VECTOR('',#13641,10.);
#3415=VECTOR('',#13644,10.);
#3416=VECTOR('',#13647,10.);
#3417=VECTOR('',#13650,10.);
#3418=VECTOR('',#13653,10.);
#3419=VECTOR('',#13656,10.);
#3420=VECTOR('',#13659,10.);
#3421=VECTOR('',#13662,10.);
#3422=VECTOR('',#13665,10.);
#3423=VECTOR('',#13668,10.);
#3424=VECTOR('',#13671,10.);
#3425=VECTOR('',#13674,10.);
#3426=VECTOR('',#13677,10.);
#3427=VECTOR('',#13680,10.);
#3428=VECTOR('',#13683,10.);
#3429=VECTOR('',#13686,10.);
#3430=VECTOR('',#13689,10.);
#3431=VECTOR('',#13692,10.);
#3432=VECTOR('',#13695,10.);
#3433=VECTOR('',#13698,10.);
#3434=VECTOR('',#13701,10.);
#3435=VECTOR('',#13704,10.);
#3436=VECTOR('',#13707,10.);
#3437=VECTOR('',#13710,10.);
#3438=VECTOR('',#13713,10.);
#3439=VECTOR('',#13720,1.5);
#3440=VECTOR('',#13721,10.);
#3441=VECTOR('',#13724,10.);
#3442=VECTOR('',#13727,10.);
#3443=VECTOR('',#13728,10.);
#3444=VECTOR('',#13731,10.);
#3445=VECTOR('',#13734,10.);
#3446=VECTOR('',#13737,10.);
#3447=VECTOR('',#13740,10.);
#3448=VECTOR('',#13743,10.);
#3449=VECTOR('',#13746,10.);
#3450=VECTOR('',#13749,10.);
#3451=VECTOR('',#13752,10.);
#3452=VECTOR('',#13755,10.);
#3453=VECTOR('',#13758,10.);
#3454=VECTOR('',#13761,10.);
#3455=VECTOR('',#13764,10.);
#3456=VECTOR('',#13767,10.);
#3457=VECTOR('',#13770,10.);
#3458=VECTOR('',#13773,10.);
#3459=VECTOR('',#13776,10.);
#3460=VECTOR('',#13779,10.);
#3461=VECTOR('',#13782,10.);
#3462=VECTOR('',#13787,10.);
#3463=VECTOR('',#13790,10.);
#3464=VECTOR('',#13793,10.);
#3465=VECTOR('',#13796,10.);
#3466=VECTOR('',#13799,10.);
#3467=VECTOR('',#13802,10.);
#3468=VECTOR('',#13805,10.);
#3469=VECTOR('',#13808,10.);
#3470=VECTOR('',#13811,10.);
#3471=VECTOR('',#13814,10.);
#3472=VECTOR('',#13817,10.);
#3473=VECTOR('',#13820,10.);
#3474=VECTOR('',#13823,10.);
#3475=VECTOR('',#13826,10.);
#3476=VECTOR('',#13829,10.);
#3477=VECTOR('',#13832,10.);
#3478=VECTOR('',#13835,10.);
#3479=VECTOR('',#13838,10.);
#3480=VECTOR('',#13845,10.);
#3481=VECTOR('',#13848,10.);
#3482=VECTOR('',#13851,10.);
#3483=VECTOR('',#13852,10.);
#3484=VECTOR('',#13853,10.);
#3485=VECTOR('',#13856,10.);
#3486=VECTOR('',#13857,10.);
#3487=VECTOR('',#13858,10.);
#3488=VECTOR('',#13859,10.);
#3489=VECTOR('',#13866,10.);
#3490=VECTOR('',#13873,10.);
#3491=VECTOR('',#13876,10.);
#3492=VECTOR('',#13877,10.);
#3493=VECTOR('',#13880,10.);
#3494=VECTOR('',#13881,10.);
#3495=VECTOR('',#13882,10.);
#3496=VECTOR('',#13895,10.);
#3497=VECTOR('',#13898,10.);
#3498=VECTOR('',#13901,10.);
#3499=VECTOR('',#13902,10.);
#3500=VECTOR('',#13903,10.);
#3501=VECTOR('',#13906,10.);
#3502=VECTOR('',#13907,10.);
#3503=VECTOR('',#13908,10.);
#3504=VECTOR('',#13909,10.);
#3505=VECTOR('',#13916,10.);
#3506=VECTOR('',#13923,10.);
#3507=VECTOR('',#13926,10.);
#3508=VECTOR('',#13927,10.);
#3509=VECTOR('',#13930,10.);
#3510=VECTOR('',#13931,10.);
#3511=VECTOR('',#13932,10.);
#3512=VECTOR('',#13943,10.);
#3513=VECTOR('',#13944,10.);
#3514=VECTOR('',#13945,10.);
#3515=VECTOR('',#13946,10.);
#3516=VECTOR('',#13951,10.);
#3517=VECTOR('',#13952,10.);
#3518=VECTOR('',#13953,10.);
#3519=VECTOR('',#13954,10.);
#3520=VECTOR('',#13961,1.5);
#3521=VECTOR('',#13962,10.);
#3522=VECTOR('',#13963,10.);
#3523=VECTOR('',#13966,10.);
#3524=VECTOR('',#13969,10.);
#3525=VECTOR('',#13970,10.);
#3526=VECTOR('',#13971,10.);
#3527=VECTOR('',#13972,10.);
#3528=VECTOR('',#13975,10.);
#3529=VECTOR('',#13976,10.);
#3530=VECTOR('',#13977,10.);
#3531=VECTOR('',#13980,10.);
#3532=VECTOR('',#13981,10.);
#3533=VECTOR('',#13986,10.);
#3534=VECTOR('',#13987,10.);
#3535=VECTOR('',#13988,10.);
#3536=VECTOR('',#13991,10.);
#3537=VECTOR('',#13992,10.);
#3538=VECTOR('',#13993,10.);
#3539=VECTOR('',#13994,10.);
#3540=VECTOR('',#13997,10.);
#3541=VECTOR('',#13998,10.);
#3542=VECTOR('',#13999,10.);
#3543=VECTOR('',#14002,10.);
#3544=VECTOR('',#14003,10.);
#3545=VECTOR('',#14006,10.);
#3546=VECTOR('',#14007,10.);
#3547=VECTOR('',#14008,10.);
#3548=VECTOR('',#14011,10.);
#3549=VECTOR('',#14012,10.);
#3550=VECTOR('',#14013,10.);
#3551=VECTOR('',#14014,10.);
#3552=VECTOR('',#14017,10.);
#3553=VECTOR('',#14018,10.);
#3554=VECTOR('',#14019,10.);
#3555=VECTOR('',#14022,10.);
#3556=VECTOR('',#14023,10.);
#3557=VECTOR('',#14026,10.);
#3558=VECTOR('',#14027,10.);
#3559=VECTOR('',#14028,10.);
#3560=VECTOR('',#14031,10.);
#3561=VECTOR('',#14032,10.);
#3562=VECTOR('',#14033,10.);
#3563=VECTOR('',#14034,10.);
#3564=VECTOR('',#14037,10.);
#3565=VECTOR('',#14038,10.);
#3566=VECTOR('',#14039,10.);
#3567=VECTOR('',#14042,10.);
#3568=VECTOR('',#14043,10.);
#3569=VECTOR('',#14046,10.);
#3570=VECTOR('',#14047,10.);
#3571=VECTOR('',#14048,10.);
#3572=VECTOR('',#14051,10.);
#3573=VECTOR('',#14052,10.);
#3574=VECTOR('',#14053,10.);
#3575=VECTOR('',#14054,10.);
#3576=VECTOR('',#14057,10.);
#3577=VECTOR('',#14058,10.);
#3578=VECTOR('',#14059,10.);
#3579=VECTOR('',#14062,10.);
#3580=VECTOR('',#14063,10.);
#3581=VECTOR('',#14066,10.);
#3582=VECTOR('',#14067,10.);
#3583=VECTOR('',#14068,10.);
#3584=VECTOR('',#14071,10.);
#3585=VECTOR('',#14072,10.);
#3586=VECTOR('',#14073,10.);
#3587=VECTOR('',#14074,10.);
#3588=VECTOR('',#14077,10.);
#3589=VECTOR('',#14078,10.);
#3590=VECTOR('',#14079,10.);
#3591=VECTOR('',#14082,10.);
#3592=VECTOR('',#14083,10.);
#3593=VECTOR('',#14086,10.);
#3594=VECTOR('',#14087,10.);
#3595=VECTOR('',#14088,10.);
#3596=VECTOR('',#14091,10.);
#3597=VECTOR('',#14092,10.);
#3598=VECTOR('',#14093,10.);
#3599=VECTOR('',#14094,10.);
#3600=VECTOR('',#14097,10.);
#3601=VECTOR('',#14098,10.);
#3602=VECTOR('',#14099,10.);
#3603=VECTOR('',#14102,10.);
#3604=VECTOR('',#14103,10.);
#3605=VECTOR('',#14106,10.);
#3606=VECTOR('',#14107,10.);
#3607=VECTOR('',#14108,10.);
#3608=VECTOR('',#14111,10.);
#3609=VECTOR('',#14112,10.);
#3610=VECTOR('',#14113,10.);
#3611=VECTOR('',#14114,10.);
#3612=VECTOR('',#14117,10.);
#3613=VECTOR('',#14118,10.);
#3614=VECTOR('',#14119,10.);
#3615=VECTOR('',#14122,10.);
#3616=VECTOR('',#14123,10.);
#3617=VECTOR('',#14126,10.);
#3618=VECTOR('',#14127,10.);
#3619=VECTOR('',#14128,10.);
#3620=VECTOR('',#14131,10.);
#3621=VECTOR('',#14132,10.);
#3622=VECTOR('',#14133,10.);
#3623=VECTOR('',#14134,10.);
#3624=VECTOR('',#14137,10.);
#3625=VECTOR('',#14138,10.);
#3626=VECTOR('',#14139,10.);
#3627=VECTOR('',#14142,10.);
#3628=VECTOR('',#14143,10.);
#3629=VECTOR('',#14146,10.);
#3630=VECTOR('',#14147,10.);
#3631=VECTOR('',#14148,10.);
#3632=VECTOR('',#14151,10.);
#3633=VECTOR('',#14152,10.);
#3634=VECTOR('',#14153,10.);
#3635=VECTOR('',#14154,10.);
#3636=VECTOR('',#14157,10.);
#3637=VECTOR('',#14158,10.);
#3638=VECTOR('',#14159,10.);
#3639=VECTOR('',#14162,10.);
#3640=VECTOR('',#14163,10.);
#3641=VECTOR('',#14166,10.);
#3642=VECTOR('',#14167,10.);
#3643=VECTOR('',#14168,10.);
#3644=VECTOR('',#14171,10.);
#3645=VECTOR('',#14172,10.);
#3646=VECTOR('',#14173,10.);
#3647=VECTOR('',#14174,10.);
#3648=VECTOR('',#14177,10.);
#3649=VECTOR('',#14178,10.);
#3650=VECTOR('',#14179,10.);
#3651=VECTOR('',#14182,10.);
#3652=VECTOR('',#14183,10.);
#3653=VECTOR('',#14186,10.);
#3654=VECTOR('',#14187,10.);
#3655=VECTOR('',#14188,10.);
#3656=VECTOR('',#14191,10.);
#3657=VECTOR('',#14192,10.);
#3658=VECTOR('',#14193,10.);
#3659=VECTOR('',#14194,10.);
#3660=VECTOR('',#14197,10.);
#3661=VECTOR('',#14198,10.);
#3662=VECTOR('',#14199,10.);
#3663=VECTOR('',#14202,10.);
#3664=VECTOR('',#14203,10.);
#3665=VECTOR('',#14206,10.);
#3666=VECTOR('',#14207,10.);
#3667=VECTOR('',#14208,10.);
#3668=VECTOR('',#14211,10.);
#3669=VECTOR('',#14212,10.);
#3670=VECTOR('',#14213,10.);
#3671=VECTOR('',#14214,10.);
#3672=VECTOR('',#14217,10.);
#3673=VECTOR('',#14218,10.);
#3674=VECTOR('',#14219,10.);
#3675=VECTOR('',#14222,10.);
#3676=VECTOR('',#14223,10.);
#3677=VECTOR('',#14226,10.);
#3678=VECTOR('',#14227,10.);
#3679=VECTOR('',#14228,10.);
#3680=VECTOR('',#14231,10.);
#3681=VECTOR('',#14232,10.);
#3682=VECTOR('',#14233,10.);
#3683=VECTOR('',#14236,10.);
#3684=VECTOR('',#14237,10.);
#3685=VECTOR('',#14238,10.);
#3686=VECTOR('',#14241,10.);
#3687=VECTOR('',#14242,10.);
#3688=VECTOR('',#14247,10.);
#3689=VECTOR('',#14250,10.);
#3690=VECTOR('',#14253,10.);
#3691=VECTOR('',#14256,10.);
#3692=VECTOR('',#14259,10.);
#3693=VECTOR('',#14262,10.);
#3694=VECTOR('',#14265,10.);
#3695=VECTOR('',#14268,10.);
#3696=VECTOR('',#14271,10.);
#3697=VECTOR('',#14274,10.);
#3698=VECTOR('',#14277,10.);
#3699=VECTOR('',#14280,10.);
#3700=VECTOR('',#14283,10.);
#3701=VECTOR('',#14286,10.);
#3702=VECTOR('',#14289,10.);
#3703=VECTOR('',#14292,10.);
#3704=VECTOR('',#14295,10.);
#3705=VECTOR('',#14298,10.);
#3706=VECTOR('',#14301,10.);
#3707=VECTOR('',#14304,10.);
#3708=VECTOR('',#14307,10.);
#3709=VECTOR('',#14310,10.);
#3710=VECTOR('',#14313,10.);
#3711=VECTOR('',#14316,10.);
#3712=VECTOR('',#14319,10.);
#3713=VECTOR('',#14322,10.);
#3714=VECTOR('',#14325,10.);
#3715=VECTOR('',#14328,10.);
#3716=VECTOR('',#14331,10.);
#3717=VECTOR('',#14334,10.);
#3718=VECTOR('',#14337,10.);
#3719=VECTOR('',#14340,10.);
#3720=VECTOR('',#14343,10.);
#3721=VECTOR('',#14346,10.);
#3722=VECTOR('',#14349,10.);
#3723=VECTOR('',#14352,10.);
#3724=VECTOR('',#14355,10.);
#3725=VECTOR('',#14358,10.);
#3726=VECTOR('',#14361,10.);
#3727=VECTOR('',#14364,10.);
#3728=VECTOR('',#14367,10.);
#3729=VECTOR('',#14370,10.);
#3730=VECTOR('',#14373,10.);
#3731=VECTOR('',#14376,10.);
#3732=VECTOR('',#14379,10.);
#3733=VECTOR('',#14382,10.);
#3734=VECTOR('',#14385,10.);
#3735=VECTOR('',#14388,10.);
#3736=VECTOR('',#14391,10.);
#3737=VECTOR('',#14394,10.);
#3738=VECTOR('',#14397,10.);
#3739=VECTOR('',#14400,10.);
#3740=VECTOR('',#14403,10.);
#3741=VECTOR('',#14406,10.);
#3742=VECTOR('',#14409,10.);
#3743=VECTOR('',#14412,10.);
#3744=VECTOR('',#14415,10.);
#3745=VECTOR('',#14418,10.);
#3746=VECTOR('',#14421,10.);
#3747=VECTOR('',#14424,10.);
#3748=VECTOR('',#14427,10.);
#3749=VECTOR('',#14430,10.);
#3750=VECTOR('',#14433,10.);
#3751=VECTOR('',#14436,10.);
#3752=VECTOR('',#14439,10.);
#3753=VECTOR('',#14442,10.);
#3754=VECTOR('',#14445,10.);
#3755=VECTOR('',#14448,10.);
#3756=VECTOR('',#14451,10.);
#3757=VECTOR('',#14454,10.);
#3758=VECTOR('',#14463,10.);
#3759=VECTOR('',#14464,10.);
#3760=VECTOR('',#14467,2.025);
#3761=VECTOR('',#14470,2.025);
#3762=VECTOR('',#14473,10.);
#3763=VECTOR('',#14474,10.);
#3764=VECTOR('',#14485,10.);
#3765=VECTOR('',#14488,10.);
#3766=VECTOR('',#14491,10.);
#3767=VECTOR('',#14492,10.);
#3768=VECTOR('',#14493,10.);
#3769=VECTOR('',#14498,10.);
#3770=VECTOR('',#14503,10.);
#3771=VECTOR('',#14504,10.);
#3772=VECTOR('',#14505,10.);
#3773=VECTOR('',#14510,10.);
#3774=VECTOR('',#14515,10.);
#3775=VECTOR('',#14516,10.);
#3776=VECTOR('',#14517,10.);
#3777=VECTOR('',#14524,10.);
#3778=VECTOR('',#14527,10.);
#3779=VECTOR('',#14528,10.);
#3780=VECTOR('',#14533,2.25);
#3781=VECTOR('',#14540,2.25);
#3782=VECTOR('',#14547,1.8);
#3783=VECTOR('',#14554,1.8);
#3784=VECTOR('',#14559,10.);
#3785=VECTOR('',#14560,10.);
#3786=VECTOR('',#14561,10.);
#3787=VECTOR('',#14562,10.);
#3788=VECTOR('',#14569,10.);
#3789=VECTOR('',#14572,10.);
#3790=VECTOR('',#14573,10.);
#3791=VECTOR('',#14574,10.);
#3792=VECTOR('',#14581,10.);
#3793=VECTOR('',#14584,10.);
#3794=VECTOR('',#14585,10.);
#3795=VECTOR('',#14586,10.);
#3796=VECTOR('',#14593,10.);
#3797=VECTOR('',#14596,10.);
#3798=VECTOR('',#14597,10.);
#3799=VECTOR('',#14598,10.);
#3800=VECTOR('',#14615,10.);
#3801=VECTOR('',#14616,10.);
#3802=VECTOR('',#14617,10.);
#3803=VECTOR('',#14618,10.);
#3804=VECTOR('',#14623,10.);
#3805=VECTOR('',#14626,10.);
#3806=VECTOR('',#14633,10.);
#3807=VECTOR('',#14636,10.);
#3808=VECTOR('',#14637,10.);
#3809=VECTOR('',#14638,10.);
#3810=VECTOR('',#14651,10.);
#3811=VECTOR('',#14658,10.);
#3812=VECTOR('',#14661,10.);
#3813=VECTOR('',#14662,10.);
#3814=VECTOR('',#14663,10.);
#3815=VECTOR('',#14666,10.);
#3816=VECTOR('',#14671,10.);
#3817=VECTOR('',#14676,10.);
#3818=VECTOR('',#14687,10.);
#3819=VECTOR('',#14692,10.);
#3820=VECTOR('',#14697,10.);
#3821=VECTOR('',#14712,10.);
#3822=VECTOR('',#14721,10.);
#3823=VECTOR('',#14724,10.);
#3824=VECTOR('',#14727,10.);
#3825=VECTOR('',#14730,10.);
#3826=VECTOR('',#14737,10.);
#3827=VECTOR('',#14740,10.);
#3828=VECTOR('',#14743,10.);
#3829=VECTOR('',#14746,10.);
#3830=VECTOR('',#14753,10.);
#3831=VECTOR('',#14760,10.);
#3832=VECTOR('',#14769,10.);
#3833=VECTOR('',#14772,10.);
#3834=VECTOR('',#14777,10.);
#3835=VECTOR('',#14784,10.);
#3836=VECTOR('',#14791,10.);
#3837=VECTOR('',#14792,10.);
#3838=VECTOR('',#14793,10.);
#3839=VECTOR('',#14798,10.);
#3840=VECTOR('',#14799,10.);
#3841=VECTOR('',#14804,10.);
#3842=VECTOR('',#14807,10.);
#3843=VECTOR('',#14808,10.);
#3844=VECTOR('',#14817,10.);
#3845=VECTOR('',#14822,10.);
#3846=VECTOR('',#14825,10.);
#3847=VECTOR('',#14826,10.);
#3848=VECTOR('',#14829,10.);
#3849=VECTOR('',#14834,10.);
#3850=VECTOR('',#14837,10.);
#3851=VECTOR('',#14840,10.);
#3852=VECTOR('',#14847,10.);
#3853=VECTOR('',#14852,10.);
#3854=VECTOR('',#14853,10.);
#3855=VECTOR('',#14858,10.);
#3856=VECTOR('',#14863,10.);
#3857=VECTOR('',#14866,10.);
#3858=VECTOR('',#14867,10.);
#3859=VECTOR('',#14876,10.);
#3860=VECTOR('',#14881,10.);
#3861=VECTOR('',#14886,10.);
#3862=VECTOR('',#14891,10.);
#3863=VECTOR('',#14896,10.);
#3864=VECTOR('',#14901,10.);
#3865=VECTOR('',#14906,10.);
#3866=VECTOR('',#14915,10.);
#3867=VECTOR('',#14922,10.);
#3868=VECTOR('',#14929,10.);
#3869=VECTOR('',#14936,10.);
#3870=VECTOR('',#14939,10.);
#3871=VECTOR('',#14942,10.);
#3872=VECTOR('',#14945,10.);
#3873=VECTOR('',#14952,10.);
#3874=VECTOR('',#14955,10.);
#3875=VECTOR('',#14958,10.);
#3876=VECTOR('',#14959,10.);
#3877=VECTOR('',#14968,10.);
#3878=VECTOR('',#14971,10.);
#3879=VECTOR('',#14974,10.);
#3880=VECTOR('',#14977,10.);
#3881=VECTOR('',#14978,10.);
#3882=VECTOR('',#14981,10.);
#3883=VECTOR('',#14984,10.);
#3884=VECTOR('',#14987,10.);
#3885=VECTOR('',#14990,10.);
#3886=VECTOR('',#14991,10.);
#3887=VECTOR('',#14994,10.);
#3888=VECTOR('',#14995,10.);
#3889=VECTOR('',#14998,10.);
#3890=VECTOR('',#15001,10.);
#3891=VECTOR('',#15004,10.);
#3892=VECTOR('',#15007,10.);
#3893=VECTOR('',#15010,10.);
#3894=VECTOR('',#15013,10.);
#3895=VECTOR('',#15016,10.);
#3896=VECTOR('',#15019,10.);
#3897=VECTOR('',#15024,10.);
#3898=VECTOR('',#15025,10.);
#3899=VECTOR('',#15028,10.);
#3900=VECTOR('',#15031,10.);
#3901=VECTOR('',#15034,10.);
#3902=VECTOR('',#15037,10.);
#3903=VECTOR('',#15040,10.);
#3904=VECTOR('',#15043,10.);
#3905=VECTOR('',#15046,10.);
#3906=VECTOR('',#15049,10.);
#3907=VECTOR('',#15054,10.);
#3908=VECTOR('',#15057,10.);
#3909=VECTOR('',#15060,10.);
#3910=VECTOR('',#15067,10.);
#3911=VECTOR('',#15070,10.);
#3912=VECTOR('',#15073,10.);
#3913=VECTOR('',#15076,10.);
#3914=VECTOR('',#15081,10.);
#3915=VECTOR('',#15084,10.);
#3916=VECTOR('',#15087,10.);
#3917=VECTOR('',#15090,10.);
#3918=VECTOR('',#15093,10.);
#3919=VECTOR('',#15096,10.);
#3920=VECTOR('',#15099,10.);
#3921=VECTOR('',#15106,10.);
#3922=VECTOR('',#15109,10.);
#3923=VECTOR('',#15112,10.);
#3924=VECTOR('',#15115,10.);
#3925=VECTOR('',#15118,10.);
#3926=VECTOR('',#15121,10.);
#3927=VECTOR('',#15126,10.);
#3928=VECTOR('',#15143,10.);
#3929=VECTOR('',#15146,10.);
#3930=VECTOR('',#15149,10.);
#3931=VECTOR('',#15150,10.);
#3932=VECTOR('',#15151,10.);
#3933=VECTOR('',#15154,10.);
#3934=VECTOR('',#15157,10.);
#3935=VECTOR('',#15160,10.);
#3936=VECTOR('',#15173,10.);
#3937=VECTOR('',#15178,10.);
#3938=VECTOR('',#15179,10.);
#3939=VECTOR('',#15182,10.);
#3940=VECTOR('',#15187,10.);
#3941=VECTOR('',#15188,10.);
#3942=VECTOR('',#15191,10.);
#3943=VECTOR('',#15196,1.8);
#3944=VECTOR('',#15201,1.8);
#3945=VECTOR('',#15206,2.425);
#3946=VECTOR('',#15211,2.425);
#3947=VECTOR('',#15216,10.);
#3948=VECTOR('',#15225,10.);
#3949=VECTOR('',#15226,10.);
#3950=VECTOR('',#15227,10.);
#3951=VECTOR('',#15228,10.);
#3952=VECTOR('',#15231,10.);
#3953=VECTOR('',#15232,10.);
#3954=VECTOR('',#15233,10.);
#3955=VECTOR('',#15236,10.);
#3956=VECTOR('',#15237,10.);
#3957=VECTOR('',#15238,10.);
#3958=VECTOR('',#15241,10.);
#3959=VECTOR('',#15242,10.);
#3960=CIRCLE('',#11007,19.1031815614089);
#3961=CIRCLE('',#11008,19.1031815614089);
#3962=CIRCLE('',#11010,2.90000000000157);
#3963=CIRCLE('',#11011,2.90000000000157);
#3964=CIRCLE('',#11013,8.82908049339814);
#3965=CIRCLE('',#11014,8.82908049339814);
#3966=CIRCLE('',#11017,4.50000000000001);
#3967=CIRCLE('',#11018,4.50000000000001);
#3968=CIRCLE('',#11020,2.9);
#3969=CIRCLE('',#11021,2.9);
#3970=CIRCLE('',#11024,2.89999999999999);
#3971=CIRCLE('',#11025,2.89999999999999);
#3972=CIRCLE('',#11027,24.1271739129706);
#3973=CIRCLE('',#11028,24.1271739129706);
#3974=CIRCLE('',#11031,22.5271739129705);
#3975=CIRCLE('',#11032,22.5271739129705);
#3976=CIRCLE('',#11034,4.49999999999999);
#3977=CIRCLE('',#11035,4.49999999999999);
#3978=CIRCLE('',#11038,4.49999999999999);
#3979=CIRCLE('',#11039,4.49999999999999);
#3980=CIRCLE('',#11041,2.90000000000002);
#3981=CIRCLE('',#11042,2.90000000000002);
#3982=CIRCLE('',#11045,7.22908049339817);
#3983=CIRCLE('',#11046,7.22908049339817);
#3984=CIRCLE('',#11048,4.50000000000156);
#3985=CIRCLE('',#11049,4.50000000000156);
#3986=CIRCLE('',#11051,17.5031815614088);
#3987=CIRCLE('',#11052,17.5031815614088);
#3988=CIRCLE('',#11055,19.1031815614089);
#3989=CIRCLE('',#11056,19.1031815614089);
#3990=CIRCLE('',#11058,2.90000000000157);
#3991=CIRCLE('',#11059,2.90000000000157);
#3992=CIRCLE('',#11061,8.82908049339814);
#3993=CIRCLE('',#11062,8.82908049339814);
#3994=CIRCLE('',#11065,4.50000000000001);
#3995=CIRCLE('',#11066,4.50000000000001);
#3996=CIRCLE('',#11068,2.9);
#3997=CIRCLE('',#11069,2.9);
#3998=CIRCLE('',#11072,2.89999999999999);
#3999=CIRCLE('',#11073,2.89999999999999);
#4000=CIRCLE('',#11075,24.1271739129706);
#4001=CIRCLE('',#11076,24.1271739129706);
#4002=CIRCLE('',#11079,22.5271739129705);
#4003=CIRCLE('',#11080,22.5271739129705);
#4004=CIRCLE('',#11082,4.49999999999999);
#4005=CIRCLE('',#11083,4.49999999999999);
#4006=CIRCLE('',#11086,4.49999999999999);
#4007=CIRCLE('',#11087,4.49999999999999);
#4008=CIRCLE('',#11089,2.90000000000002);
#4009=CIRCLE('',#11090,2.90000000000002);
#4010=CIRCLE('',#11093,7.22908049339817);
#4011=CIRCLE('',#11094,7.22908049339817);
#4012=CIRCLE('',#11096,4.50000000000156);
#4013=CIRCLE('',#11097,4.50000000000156);
#4014=CIRCLE('',#11099,17.5031815614088);
#4015=CIRCLE('',#11100,17.5031815614088);
#4016=CIRCLE('',#11104,2.025);
#4017=CIRCLE('',#11105,2.025);
#4018=CIRCLE('',#11108,1.5);
#4019=CIRCLE('',#11109,1.5);
#4020=CIRCLE('',#11110,1.55000000000001);
#4021=CIRCLE('',#11111,1.44821428571428);
#4022=CIRCLE('',#11112,0.348214285714286);
#4023=CIRCLE('',#11113,1.44821428571428);
#4024=CIRCLE('',#11114,0.34821428571429);
#4025=CIRCLE('',#11115,1.44821428571427);
#4026=CIRCLE('',#11116,0.348214285714294);
#4027=CIRCLE('',#11117,1.44821428571428);
#4028=CIRCLE('',#11118,0.348214285714286);
#4029=CIRCLE('',#11119,1.44821428571428);
#4030=CIRCLE('',#11120,0.348214285714277);
#4031=CIRCLE('',#11121,1.44821428571429);
#4032=CIRCLE('',#11122,0.348214285714272);
#4033=CIRCLE('',#11123,1.44821428571429);
#4034=CIRCLE('',#11124,0.348214285714272);
#4035=CIRCLE('',#11125,1.44821428571429);
#4036=CIRCLE('',#11126,0.348214285714272);
#4037=CIRCLE('',#11127,0.449999999999982);
#4038=CIRCLE('',#11128,1.5);
#4039=CIRCLE('',#11129,1.54999999999998);
#4040=CIRCLE('',#11130,1.44821428571428);
#4041=CIRCLE('',#11131,0.348214285714288);
#4042=CIRCLE('',#11132,1.44821428571428);
#4043=CIRCLE('',#11133,0.34821428571429);
#4044=CIRCLE('',#11134,1.44821428571428);
#4045=CIRCLE('',#11135,0.348214285714288);
#4046=CIRCLE('',#11136,1.44821428571428);
#4047=CIRCLE('',#11137,0.348214285714281);
#4048=CIRCLE('',#11138,1.44821428571429);
#4049=CIRCLE('',#11139,0.348214285714272);
#4050=CIRCLE('',#11140,1.4482142857143);
#4051=CIRCLE('',#11141,0.348214285714266);
#4052=CIRCLE('',#11142,1.44821428571429);
#4053=CIRCLE('',#11143,0.348214285714274);
#4054=CIRCLE('',#11144,1.44821428571429);
#4055=CIRCLE('',#11145,0.348214285714277);
#4056=CIRCLE('',#11146,0.450000000000004);
#4057=CIRCLE('',#11148,1.5);
#4058=CIRCLE('',#11149,1.5);
#4059=CIRCLE('',#11151,0.450000000000004);
#4060=CIRCLE('',#11152,0.348214285714279);
#4061=CIRCLE('',#11153,1.44821428571428);
#4062=CIRCLE('',#11154,0.348214285714277);
#4063=CIRCLE('',#11155,1.44821428571429);
#4064=CIRCLE('',#11156,0.348214285714267);
#4065=CIRCLE('',#11157,1.4482142857143);
#4066=CIRCLE('',#11158,0.348214285714274);
#4067=CIRCLE('',#11159,1.44821428571429);
#4068=CIRCLE('',#11160,0.348214285714283);
#4069=CIRCLE('',#11161,1.44821428571428);
#4070=CIRCLE('',#11162,0.34821428571429);
#4071=CIRCLE('',#11163,1.44821428571427);
#4072=CIRCLE('',#11164,0.34821428571429);
#4073=CIRCLE('',#11165,1.44821428571427);
#4074=CIRCLE('',#11166,0.34821428571429);
#4075=CIRCLE('',#11167,1.44821428571428);
#4076=CIRCLE('',#11168,1.54999999999999);
#4077=CIRCLE('',#11169,1.5);
#4078=CIRCLE('',#11170,1.5);
#4079=CIRCLE('',#11171,0.449999999999993);
#4080=CIRCLE('',#11172,0.348214285714274);
#4081=CIRCLE('',#11173,1.44821428571429);
#4082=CIRCLE('',#11174,0.348214285714272);
#4083=CIRCLE('',#11175,1.44821428571429);
#4084=CIRCLE('',#11176,0.348214285714272);
#4085=CIRCLE('',#11177,1.44821428571429);
#4086=CIRCLE('',#11178,0.348214285714278);
#4087=CIRCLE('',#11179,1.44821428571428);
#4088=CIRCLE('',#11180,0.348214285714287);
#4089=CIRCLE('',#11181,1.44821428571428);
#4090=CIRCLE('',#11182,0.348214285714294);
#4091=CIRCLE('',#11183,1.44821428571427);
#4092=CIRCLE('',#11184,0.34821428571429);
#4093=CIRCLE('',#11185,1.44821428571428);
#4094=CIRCLE('',#11186,0.348214285714283);
#4095=CIRCLE('',#11187,1.44821428571428);
#4096=CIRCLE('',#11188,1.55000000000001);
#4097=CIRCLE('',#11190,2.05000000000001);
#4098=CIRCLE('',#11191,2.05000000000001);
#4099=CIRCLE('',#11195,4.55);
#4100=CIRCLE('',#11196,4.55);
#4101=CIRCLE('',#11198,2.05000000000001);
#4102=CIRCLE('',#11199,2.05000000000001);
#4103=CIRCLE('',#11203,4.55);
#4104=CIRCLE('',#11204,4.55);
#4105=CIRCLE('',#11207,2.05000000000001);
#4106=CIRCLE('',#11208,2.05000000000001);
#4107=CIRCLE('',#11212,4.55000000000005);
#4108=CIRCLE('',#11213,4.55000000000005);
#4109=CIRCLE('',#11215,2.05000000000001);
#4110=CIRCLE('',#11216,2.05000000000001);
#4111=CIRCLE('',#11220,4.54999999999996);
#4112=CIRCLE('',#11221,4.54999999999996);
#4113=CIRCLE('',#11224,2.025);
#4114=CIRCLE('',#11226,2.025);
#4115=CIRCLE('',#11228,1.5);
#4116=CIRCLE('',#11398,19.1031815614089);
#4117=CIRCLE('',#11399,19.1031815614089);
#4118=CIRCLE('',#11401,2.90000000000157);
#4119=CIRCLE('',#11402,2.90000000000157);
#4120=CIRCLE('',#11404,8.82908049339814);
#4121=CIRCLE('',#11405,8.82908049339814);
#4122=CIRCLE('',#11408,4.50000000000001);
#4123=CIRCLE('',#11409,4.50000000000001);
#4124=CIRCLE('',#11411,2.9);
#4125=CIRCLE('',#11412,2.9);
#4126=CIRCLE('',#11415,2.89999999999999);
#4127=CIRCLE('',#11416,2.89999999999999);
#4128=CIRCLE('',#11418,24.1271739129706);
#4129=CIRCLE('',#11419,24.1271739129706);
#4130=CIRCLE('',#11422,22.5271739129705);
#4131=CIRCLE('',#11423,22.5271739129705);
#4132=CIRCLE('',#11425,4.49999999999999);
#4133=CIRCLE('',#11426,4.49999999999999);
#4134=CIRCLE('',#11429,4.49999999999999);
#4135=CIRCLE('',#11430,4.49999999999999);
#4136=CIRCLE('',#11432,2.90000000000002);
#4137=CIRCLE('',#11433,2.90000000000002);
#4138=CIRCLE('',#11436,7.22908049339817);
#4139=CIRCLE('',#11437,7.22908049339817);
#4140=CIRCLE('',#11439,4.50000000000156);
#4141=CIRCLE('',#11440,4.50000000000156);
#4142=CIRCLE('',#11442,17.5031815614088);
#4143=CIRCLE('',#11443,17.5031815614088);
#4144=CIRCLE('',#11446,19.1031815614089);
#4145=CIRCLE('',#11447,19.1031815614089);
#4146=CIRCLE('',#11449,2.90000000000157);
#4147=CIRCLE('',#11450,2.90000000000157);
#4148=CIRCLE('',#11452,8.82908049339814);
#4149=CIRCLE('',#11453,8.82908049339814);
#4150=CIRCLE('',#11456,4.50000000000001);
#4151=CIRCLE('',#11457,4.50000000000001);
#4152=CIRCLE('',#11459,2.9);
#4153=CIRCLE('',#11460,2.9);
#4154=CIRCLE('',#11463,2.89999999999999);
#4155=CIRCLE('',#11464,2.89999999999999);
#4156=CIRCLE('',#11466,24.1271739129706);
#4157=CIRCLE('',#11467,24.1271739129706);
#4158=CIRCLE('',#11470,22.5271739129705);
#4159=CIRCLE('',#11471,22.5271739129705);
#4160=CIRCLE('',#11473,4.49999999999999);
#4161=CIRCLE('',#11474,4.49999999999999);
#4162=CIRCLE('',#11477,4.49999999999999);
#4163=CIRCLE('',#11478,4.49999999999999);
#4164=CIRCLE('',#11480,2.90000000000002);
#4165=CIRCLE('',#11481,2.90000000000002);
#4166=CIRCLE('',#11484,7.22908049339817);
#4167=CIRCLE('',#11485,7.22908049339817);
#4168=CIRCLE('',#11487,4.50000000000156);
#4169=CIRCLE('',#11488,4.50000000000156);
#4170=CIRCLE('',#11490,17.5031815614088);
#4171=CIRCLE('',#11491,17.5031815614088);
#4172=CIRCLE('',#11495,2.025);
#4173=CIRCLE('',#11496,2.025);
#4174=CIRCLE('',#11499,1.5);
#4175=CIRCLE('',#11500,1.5);
#4176=CIRCLE('',#11501,1.55000000000001);
#4177=CIRCLE('',#11502,1.44821428571428);
#4178=CIRCLE('',#11503,0.348214285714286);
#4179=CIRCLE('',#11504,1.44821428571428);
#4180=CIRCLE('',#11505,0.34821428571429);
#4181=CIRCLE('',#11506,1.44821428571427);
#4182=CIRCLE('',#11507,0.348214285714294);
#4183=CIRCLE('',#11508,1.44821428571428);
#4184=CIRCLE('',#11509,0.348214285714286);
#4185=CIRCLE('',#11510,1.44821428571428);
#4186=CIRCLE('',#11511,0.348214285714277);
#4187=CIRCLE('',#11512,1.44821428571429);
#4188=CIRCLE('',#11513,0.348214285714272);
#4189=CIRCLE('',#11514,1.44821428571429);
#4190=CIRCLE('',#11515,0.348214285714272);
#4191=CIRCLE('',#11516,1.44821428571429);
#4192=CIRCLE('',#11517,0.348214285714272);
#4193=CIRCLE('',#11518,0.449999999999982);
#4194=CIRCLE('',#11519,1.5);
#4195=CIRCLE('',#11520,1.54999999999998);
#4196=CIRCLE('',#11521,1.44821428571428);
#4197=CIRCLE('',#11522,0.348214285714288);
#4198=CIRCLE('',#11523,1.44821428571428);
#4199=CIRCLE('',#11524,0.34821428571429);
#4200=CIRCLE('',#11525,1.44821428571428);
#4201=CIRCLE('',#11526,0.348214285714288);
#4202=CIRCLE('',#11527,1.44821428571428);
#4203=CIRCLE('',#11528,0.348214285714281);
#4204=CIRCLE('',#11529,1.44821428571429);
#4205=CIRCLE('',#11530,0.348214285714272);
#4206=CIRCLE('',#11531,1.4482142857143);
#4207=CIRCLE('',#11532,0.348214285714266);
#4208=CIRCLE('',#11533,1.44821428571429);
#4209=CIRCLE('',#11534,0.348214285714274);
#4210=CIRCLE('',#11535,1.44821428571429);
#4211=CIRCLE('',#11536,0.348214285714277);
#4212=CIRCLE('',#11537,0.450000000000004);
#4213=CIRCLE('',#11539,1.5);
#4214=CIRCLE('',#11540,1.5);
#4215=CIRCLE('',#11542,0.450000000000004);
#4216=CIRCLE('',#11543,0.348214285714279);
#4217=CIRCLE('',#11544,1.44821428571428);
#4218=CIRCLE('',#11545,0.348214285714277);
#4219=CIRCLE('',#11546,1.44821428571429);
#4220=CIRCLE('',#11547,0.348214285714267);
#4221=CIRCLE('',#11548,1.4482142857143);
#4222=CIRCLE('',#11549,0.348214285714274);
#4223=CIRCLE('',#11550,1.44821428571429);
#4224=CIRCLE('',#11551,0.348214285714283);
#4225=CIRCLE('',#11552,1.44821428571428);
#4226=CIRCLE('',#11553,0.34821428571429);
#4227=CIRCLE('',#11554,1.44821428571427);
#4228=CIRCLE('',#11555,0.34821428571429);
#4229=CIRCLE('',#11556,1.44821428571427);
#4230=CIRCLE('',#11557,0.34821428571429);
#4231=CIRCLE('',#11558,1.44821428571428);
#4232=CIRCLE('',#11559,1.54999999999999);
#4233=CIRCLE('',#11560,1.5);
#4234=CIRCLE('',#11561,1.5);
#4235=CIRCLE('',#11562,0.449999999999993);
#4236=CIRCLE('',#11563,0.348214285714274);
#4237=CIRCLE('',#11564,1.44821428571429);
#4238=CIRCLE('',#11565,0.348214285714272);
#4239=CIRCLE('',#11566,1.44821428571429);
#4240=CIRCLE('',#11567,0.348214285714272);
#4241=CIRCLE('',#11568,1.44821428571429);
#4242=CIRCLE('',#11569,0.348214285714278);
#4243=CIRCLE('',#11570,1.44821428571428);
#4244=CIRCLE('',#11571,0.348214285714287);
#4245=CIRCLE('',#11572,1.44821428571428);
#4246=CIRCLE('',#11573,0.348214285714294);
#4247=CIRCLE('',#11574,1.44821428571427);
#4248=CIRCLE('',#11575,0.34821428571429);
#4249=CIRCLE('',#11576,1.44821428571428);
#4250=CIRCLE('',#11577,0.348214285714283);
#4251=CIRCLE('',#11578,1.44821428571428);
#4252=CIRCLE('',#11579,1.55000000000001);
#4253=CIRCLE('',#11581,2.05000000000001);
#4254=CIRCLE('',#11582,2.05000000000001);
#4255=CIRCLE('',#11586,4.55);
#4256=CIRCLE('',#11587,4.55);
#4257=CIRCLE('',#11589,2.05000000000001);
#4258=CIRCLE('',#11590,2.05000000000001);
#4259=CIRCLE('',#11594,4.55);
#4260=CIRCLE('',#11595,4.55);
#4261=CIRCLE('',#11598,2.05000000000001);
#4262=CIRCLE('',#11599,2.05000000000001);
#4263=CIRCLE('',#11603,4.55000000000005);
#4264=CIRCLE('',#11604,4.55000000000005);
#4265=CIRCLE('',#11606,2.05000000000001);
#4266=CIRCLE('',#11607,2.05000000000001);
#4267=CIRCLE('',#11611,4.54999999999996);
#4268=CIRCLE('',#11612,4.54999999999996);
#4269=CIRCLE('',#11615,2.025);
#4270=CIRCLE('',#11617,2.025);
#4271=CIRCLE('',#11619,1.5);
#4272=CIRCLE('',#11759,2.);
#4273=CIRCLE('',#11760,2.);
#4274=CIRCLE('',#11763,2.);
#4275=CIRCLE('',#11764,2.);
#4276=CIRCLE('',#11767,2.);
#4277=CIRCLE('',#11768,2.);
#4278=CIRCLE('',#11771,2.);
#4279=CIRCLE('',#11772,2.);
#4280=CIRCLE('',#11775,2.1);
#4281=CIRCLE('',#11776,2.1);
#4282=CIRCLE('',#11778,2.1);
#4283=CIRCLE('',#11779,2.1);
#4284=CIRCLE('',#11781,1.8);
#4285=CIRCLE('',#11782,1.8);
#4286=CIRCLE('',#11784,1.8);
#4287=CIRCLE('',#11785,1.8);
#4288=CIRCLE('',#11788,4.5);
#4289=CIRCLE('',#11789,4.5);
#4290=CIRCLE('',#11792,4.5);
#4291=CIRCLE('',#11793,4.5);
#4292=CIRCLE('',#11796,4.5);
#4293=CIRCLE('',#11797,4.5);
#4294=CIRCLE('',#11800,4.5);
#4295=CIRCLE('',#11801,4.5);
#4296=CIRCLE('',#11808,3.70000000000001);
#4297=CIRCLE('',#11809,3.70000000000001);
#4298=CIRCLE('',#11811,2.5);
#4299=CIRCLE('',#11812,2.5);
#4300=CIRCLE('',#11815,3.50000000000002);
#4301=CIRCLE('',#11816,3.50000000000002);
#4302=CIRCLE('',#11818,4.12257622358242);
#4303=CIRCLE('',#11819,4.12257622358242);
#4304=CIRCLE('',#11821,2.49759723461437);
#4305=CIRCLE('',#11822,2.49759723461437);
#4306=CIRCLE('',#11825,1.90000000000001);
#4307=CIRCLE('',#11826,5.49999999999999);
#4308=CIRCLE('',#11827,5.49999999999999);
#4309=CIRCLE('',#11828,21.5271739129706);
#4310=CIRCLE('',#11829,16.5031815614089);
#4311=CIRCLE('',#11830,5.50000000000156);
#4312=CIRCLE('',#11831,1.);
#4313=CIRCLE('',#11832,4.225);
#4314=CIRCLE('',#11833,1.);
#4315=CIRCLE('',#11834,1.90000000000001);
#4316=CIRCLE('',#11835,5.49999999999999);
#4317=CIRCLE('',#11836,5.49999999999999);
#4318=CIRCLE('',#11837,21.5271739129706);
#4319=CIRCLE('',#11838,16.5031815614089);
#4320=CIRCLE('',#11839,5.50000000000157);
#4321=CIRCLE('',#11840,1.);
#4322=CIRCLE('',#11841,4.225);
#4323=CIRCLE('',#11842,1.);
#4324=CIRCLE('',#11843,5.50000000000157);
#4325=CIRCLE('',#11844,6.22908049339814);
#4326=CIRCLE('',#11845,2.425);
#4327=CIRCLE('',#11846,2.425);
#4328=CIRCLE('',#11847,5.50000000000156);
#4329=CIRCLE('',#11848,6.22908049339814);
#4330=CIRCLE('',#11849,1.5);
#4331=CIRCLE('',#11850,1.5);
#4332=CIRCLE('',#11851,2.);
#4333=CIRCLE('',#11852,1.8);
#4334=CIRCLE('',#11853,3.00060185214622);
#4335=CIRCLE('',#11854,2.01854823523281);
#4336=CIRCLE('',#11855,1.5);
#4337=CIRCLE('',#11856,1.5);
#4338=CIRCLE('',#11857,2.);
#4339=CIRCLE('',#11858,1.8);
#4340=CIRCLE('',#11859,3.00060185214622);
#4341=CIRCLE('',#11860,2.01854823523281);
#4342=CIRCLE('',#11861,8.02908049339814);
#4343=CIRCLE('',#11862,3.70000000000157);
#4344=CIRCLE('',#11863,18.3031815614089);
#4345=CIRCLE('',#11864,23.3271739129706);
#4346=CIRCLE('',#11865,1.79999999998008);
#4347=CIRCLE('',#11866,2.49759723461437);
#4348=CIRCLE('',#11867,4.12257622358242);
#4349=CIRCLE('',#11868,3.50000000000002);
#4350=CIRCLE('',#11869,2.5);
#4351=CIRCLE('',#11870,3.70000000000001);
#4352=CIRCLE('',#11871,8.02908049339814);
#4353=CIRCLE('',#11872,3.70000000000157);
#4354=CIRCLE('',#11873,18.3031815614089);
#4355=CIRCLE('',#11874,23.3271739129706);
#4356=CIRCLE('',#11875,1.80000000000143);
#4357=CIRCLE('',#11878,3.70000000000001);
#4358=CIRCLE('',#11880,2.5);
#4359=CIRCLE('',#11883,3.50000000000002);
#4360=CIRCLE('',#11885,4.12257622358242);
#4361=CIRCLE('',#11887,2.49759723461437);
#4362=CIRCLE('',#11890,1.79999999998008);
#4363=CIRCLE('',#11892,1.);
#4364=CIRCLE('',#11894,4.225);
#4365=CIRCLE('',#11896,1.);
#4366=CIRCLE('',#11898,1.);
#4367=CIRCLE('',#11900,4.225);
#4368=CIRCLE('',#11902,1.);
#4369=CIRCLE('',#11904,2.425);
#4370=CIRCLE('',#11906,5.50000000000157);
#4371=CIRCLE('',#11907,16.5031815614089);
#4372=CIRCLE('',#11908,21.5271739129706);
#4373=CIRCLE('',#11909,5.49999999999999);
#4374=CIRCLE('',#11910,5.49999999999999);
#4375=CIRCLE('',#11911,1.90000000000001);
#4376=CIRCLE('',#11912,5.50000000000156);
#4377=CIRCLE('',#11913,16.5031815614089);
#4378=CIRCLE('',#11914,21.5271739129706);
#4379=CIRCLE('',#11915,5.49999999999999);
#4380=CIRCLE('',#11916,5.49999999999999);
#4381=CIRCLE('',#11917,1.90000000000001);
#4382=CIRCLE('',#11918,1.80000000000143);
#4383=CIRCLE('',#11919,23.3271739129706);
#4384=CIRCLE('',#11920,18.3031815614089);
#4385=CIRCLE('',#11921,3.70000000000157);
#4386=CIRCLE('',#11922,8.02908049339814);
#4387=CIRCLE('',#11923,23.3271739129706);
#4388=CIRCLE('',#11924,18.3031815614089);
#4389=CIRCLE('',#11925,3.70000000000157);
#4390=CIRCLE('',#11926,8.02908049339814);
#4391=CIRCLE('',#11927,6.22908049339814);
#4392=CIRCLE('',#11928,5.50000000000157);
#4393=CIRCLE('',#11929,1.5);
#4394=CIRCLE('',#11930,2.01854823523281);
#4395=CIRCLE('',#11931,3.00060185214622);
#4396=CIRCLE('',#11932,1.8);
#4397=CIRCLE('',#11933,2.);
#4398=CIRCLE('',#11934,1.5);
#4399=CIRCLE('',#11935,1.5);
#4400=CIRCLE('',#11936,2.01854823523281);
#4401=CIRCLE('',#11937,3.00060185214622);
#4402=CIRCLE('',#11938,1.8);
#4403=CIRCLE('',#11939,2.);
#4404=CIRCLE('',#11940,1.5);
#4405=CIRCLE('',#11941,6.22908049339814);
#4406=CIRCLE('',#11942,5.50000000000156);
#4407=CIRCLE('',#11943,2.425);
#4408=CIRCLE('',#12006,4.);
#4409=CIRCLE('',#12007,4.);
#4410=CIRCLE('',#12010,4.);
#4411=CIRCLE('',#12011,4.);
#4412=CIRCLE('',#12012,4.);
#4413=CIRCLE('',#12013,2.425);
#4414=CIRCLE('',#12014,2.425);
#4415=CIRCLE('',#12015,1.8);
#4416=CIRCLE('',#12016,1.8);
#4417=CIRCLE('',#12018,4.);
#4418=CIRCLE('',#12021,4.);
#4419=CIRCLE('',#12024,4.);
#4420=CIRCLE('',#12026,1.8);
#4421=CIRCLE('',#12028,1.8);
#4422=CIRCLE('',#12030,2.425);
#4423=CIRCLE('',#12032,2.425);
#4424=VERTEX_POINT('',#15274);
#4425=VERTEX_POINT('',#15275);
#4426=VERTEX_POINT('',#15277);
#4427=VERTEX_POINT('',#15279);
#4428=VERTEX_POINT('',#15283);
#4429=VERTEX_POINT('',#15285);
#4430=VERTEX_POINT('',#15289);
#4431=VERTEX_POINT('',#15291);
#4432=VERTEX_POINT('',#15295);
#4433=VERTEX_POINT('',#15297);
#4434=VERTEX_POINT('',#15301);
#4435=VERTEX_POINT('',#15303);
#4436=VERTEX_POINT('',#15307);
#4437=VERTEX_POINT('',#15309);
#4438=VERTEX_POINT('',#15313);
#4439=VERTEX_POINT('',#15315);
#4440=VERTEX_POINT('',#15319);
#4441=VERTEX_POINT('',#15321);
#4442=VERTEX_POINT('',#15325);
#4443=VERTEX_POINT('',#15327);
#4444=VERTEX_POINT('',#15331);
#4445=VERTEX_POINT('',#15333);
#4446=VERTEX_POINT('',#15337);
#4447=VERTEX_POINT('',#15338);
#4448=VERTEX_POINT('',#15340);
#4449=VERTEX_POINT('',#15342);
#4450=VERTEX_POINT('',#15346);
#4451=VERTEX_POINT('',#15348);
#4452=VERTEX_POINT('',#15352);
#4453=VERTEX_POINT('',#15354);
#4454=VERTEX_POINT('',#15358);
#4455=VERTEX_POINT('',#15360);
#4456=VERTEX_POINT('',#15364);
#4457=VERTEX_POINT('',#15366);
#4458=VERTEX_POINT('',#15370);
#4459=VERTEX_POINT('',#15372);
#4460=VERTEX_POINT('',#15376);
#4461=VERTEX_POINT('',#15378);
#4462=VERTEX_POINT('',#15382);
#4463=VERTEX_POINT('',#15384);
#4464=VERTEX_POINT('',#15388);
#4465=VERTEX_POINT('',#15390);
#4466=VERTEX_POINT('',#15394);
#4467=VERTEX_POINT('',#15396);
#4468=VERTEX_POINT('',#15400);
#4469=VERTEX_POINT('',#15402);
#4470=VERTEX_POINT('',#15406);
#4471=VERTEX_POINT('',#15408);
#4472=VERTEX_POINT('',#15412);
#4473=VERTEX_POINT('',#15414);
#4474=VERTEX_POINT('',#15418);
#4475=VERTEX_POINT('',#15420);
#4476=VERTEX_POINT('',#15424);
#4477=VERTEX_POINT('',#15426);
#4478=VERTEX_POINT('',#15430);
#4479=VERTEX_POINT('',#15432);
#4480=VERTEX_POINT('',#15436);
#4481=VERTEX_POINT('',#15438);
#4482=VERTEX_POINT('',#15442);
#4483=VERTEX_POINT('',#15444);
#4484=VERTEX_POINT('',#15448);
#4485=VERTEX_POINT('',#15450);
#4486=VERTEX_POINT('',#15457);
#4487=VERTEX_POINT('',#15459);
#4488=VERTEX_POINT('',#15463);
#4489=VERTEX_POINT('',#15465);
#4490=VERTEX_POINT('',#15469);
#4491=VERTEX_POINT('',#15471);
#4492=VERTEX_POINT('',#15475);
#4493=VERTEX_POINT('',#15477);
#4494=VERTEX_POINT('',#15481);
#4495=VERTEX_POINT('',#15483);
#4496=VERTEX_POINT('',#15487);
#4497=VERTEX_POINT('',#15489);
#4498=VERTEX_POINT('',#15493);
#4499=VERTEX_POINT('',#15495);
#4500=VERTEX_POINT('',#15499);
#4501=VERTEX_POINT('',#15501);
#4502=VERTEX_POINT('',#15505);
#4503=VERTEX_POINT('',#15507);
#4504=VERTEX_POINT('',#15515);
#4505=VERTEX_POINT('',#15516);
#4506=VERTEX_POINT('',#15518);
#4507=VERTEX_POINT('',#15520);
#4508=VERTEX_POINT('',#15523);
#4509=VERTEX_POINT('',#15525);
#4510=VERTEX_POINT('',#15528);
#4511=VERTEX_POINT('',#15529);
#4512=VERTEX_POINT('',#15531);
#4513=VERTEX_POINT('',#15533);
#4514=VERTEX_POINT('',#15537);
#4515=VERTEX_POINT('',#15538);
#4516=VERTEX_POINT('',#15540);
#4517=VERTEX_POINT('',#15542);
#4518=VERTEX_POINT('',#15545);
#4519=VERTEX_POINT('',#15547);
#4520=VERTEX_POINT('',#15549);
#4521=VERTEX_POINT('',#15551);
#4522=VERTEX_POINT('',#15553);
#4523=VERTEX_POINT('',#15555);
#4524=VERTEX_POINT('',#15557);
#4525=VERTEX_POINT('',#15559);
#4526=VERTEX_POINT('',#15561);
#4527=VERTEX_POINT('',#15563);
#4528=VERTEX_POINT('',#15565);
#4529=VERTEX_POINT('',#15567);
#4530=VERTEX_POINT('',#15569);
#4531=VERTEX_POINT('',#15571);
#4532=VERTEX_POINT('',#15573);
#4533=VERTEX_POINT('',#15575);
#4534=VERTEX_POINT('',#15577);
#4535=VERTEX_POINT('',#15579);
#4536=VERTEX_POINT('',#15581);
#4537=VERTEX_POINT('',#15583);
#4538=VERTEX_POINT('',#15585);
#4539=VERTEX_POINT('',#15587);
#4540=VERTEX_POINT('',#15589);
#4541=VERTEX_POINT('',#15591);
#4542=VERTEX_POINT('',#15593);
#4543=VERTEX_POINT('',#15595);
#4544=VERTEX_POINT('',#15597);
#4545=VERTEX_POINT('',#15599);
#4546=VERTEX_POINT('',#15601);
#4547=VERTEX_POINT('',#15603);
#4548=VERTEX_POINT('',#15605);
#4549=VERTEX_POINT('',#15607);
#4550=VERTEX_POINT('',#15609);
#4551=VERTEX_POINT('',#15611);
#4552=VERTEX_POINT('',#15613);
#4553=VERTEX_POINT('',#15615);
#4554=VERTEX_POINT('',#15617);
#4555=VERTEX_POINT('',#15619);
#4556=VERTEX_POINT('',#15621);
#4557=VERTEX_POINT('',#15623);
#4558=VERTEX_POINT('',#15625);
#4559=VERTEX_POINT('',#15627);
#4560=VERTEX_POINT('',#15629);
#4561=VERTEX_POINT('',#15631);
#4562=VERTEX_POINT('',#15633);
#4563=VERTEX_POINT('',#15635);
#4564=VERTEX_POINT('',#15637);
#4565=VERTEX_POINT('',#15639);
#4566=VERTEX_POINT('',#15641);
#4567=VERTEX_POINT('',#15643);
#4568=VERTEX_POINT('',#15645);
#4569=VERTEX_POINT('',#15647);
#4570=VERTEX_POINT('',#15649);
#4571=VERTEX_POINT('',#15651);
#4572=VERTEX_POINT('',#15653);
#4573=VERTEX_POINT('',#15655);
#4574=VERTEX_POINT('',#15657);
#4575=VERTEX_POINT('',#15659);
#4576=VERTEX_POINT('',#15661);
#4577=VERTEX_POINT('',#15663);
#4578=VERTEX_POINT('',#15665);
#4579=VERTEX_POINT('',#15667);
#4580=VERTEX_POINT('',#15669);
#4581=VERTEX_POINT('',#15671);
#4582=VERTEX_POINT('',#15673);
#4583=VERTEX_POINT('',#15675);
#4584=VERTEX_POINT('',#15677);
#4585=VERTEX_POINT('',#15679);
#4586=VERTEX_POINT('',#15681);
#4587=VERTEX_POINT('',#15683);
#4588=VERTEX_POINT('',#15685);
#4589=VERTEX_POINT('',#15687);
#4590=VERTEX_POINT('',#15691);
#4591=VERTEX_POINT('',#15694);
#4592=VERTEX_POINT('',#15696);
#4593=VERTEX_POINT('',#15701);
#4594=VERTEX_POINT('',#15703);
#4595=VERTEX_POINT('',#15705);
#4596=VERTEX_POINT('',#15707);
#4597=VERTEX_POINT('',#15709);
#4598=VERTEX_POINT('',#15711);
#4599=VERTEX_POINT('',#15713);
#4600=VERTEX_POINT('',#15715);
#4601=VERTEX_POINT('',#15717);
#4602=VERTEX_POINT('',#15719);
#4603=VERTEX_POINT('',#15721);
#4604=VERTEX_POINT('',#15723);
#4605=VERTEX_POINT('',#15725);
#4606=VERTEX_POINT('',#15727);
#4607=VERTEX_POINT('',#15729);
#4608=VERTEX_POINT('',#15731);
#4609=VERTEX_POINT('',#15733);
#4610=VERTEX_POINT('',#15735);
#4611=VERTEX_POINT('',#15737);
#4612=VERTEX_POINT('',#15739);
#4613=VERTEX_POINT('',#15741);
#4614=VERTEX_POINT('',#15743);
#4615=VERTEX_POINT('',#15745);
#4616=VERTEX_POINT('',#15747);
#4617=VERTEX_POINT('',#15749);
#4618=VERTEX_POINT('',#15751);
#4619=VERTEX_POINT('',#15753);
#4620=VERTEX_POINT('',#15755);
#4621=VERTEX_POINT('',#15757);
#4622=VERTEX_POINT('',#15759);
#4623=VERTEX_POINT('',#15761);
#4624=VERTEX_POINT('',#15763);
#4625=VERTEX_POINT('',#15765);
#4626=VERTEX_POINT('',#15767);
#4627=VERTEX_POINT('',#15769);
#4628=VERTEX_POINT('',#15771);
#4629=VERTEX_POINT('',#15773);
#4630=VERTEX_POINT('',#15775);
#4631=VERTEX_POINT('',#15777);
#4632=VERTEX_POINT('',#15779);
#4633=VERTEX_POINT('',#15781);
#4634=VERTEX_POINT('',#15783);
#4635=VERTEX_POINT('',#15785);
#4636=VERTEX_POINT('',#15787);
#4637=VERTEX_POINT('',#15789);
#4638=VERTEX_POINT('',#15791);
#4639=VERTEX_POINT('',#15793);
#4640=VERTEX_POINT('',#15795);
#4641=VERTEX_POINT('',#15797);
#4642=VERTEX_POINT('',#15799);
#4643=VERTEX_POINT('',#15801);
#4644=VERTEX_POINT('',#15803);
#4645=VERTEX_POINT('',#15805);
#4646=VERTEX_POINT('',#15807);
#4647=VERTEX_POINT('',#15809);
#4648=VERTEX_POINT('',#15811);
#4649=VERTEX_POINT('',#15813);
#4650=VERTEX_POINT('',#15815);
#4651=VERTEX_POINT('',#15817);
#4652=VERTEX_POINT('',#15819);
#4653=VERTEX_POINT('',#15821);
#4654=VERTEX_POINT('',#15823);
#4655=VERTEX_POINT('',#15825);
#4656=VERTEX_POINT('',#15827);
#4657=VERTEX_POINT('',#15829);
#4658=VERTEX_POINT('',#15831);
#4659=VERTEX_POINT('',#15833);
#4660=VERTEX_POINT('',#15835);
#4661=VERTEX_POINT('',#15837);
#4662=VERTEX_POINT('',#15839);
#4663=VERTEX_POINT('',#15841);
#4664=VERTEX_POINT('',#15843);
#4665=VERTEX_POINT('',#15845);
#4666=VERTEX_POINT('',#15847);
#4667=VERTEX_POINT('',#15851);
#4668=VERTEX_POINT('',#15852);
#4669=VERTEX_POINT('',#15854);
#4670=VERTEX_POINT('',#15856);
#4671=VERTEX_POINT('',#15860);
#4672=VERTEX_POINT('',#15862);
#4673=VERTEX_POINT('',#15866);
#4674=VERTEX_POINT('',#15867);
#4675=VERTEX_POINT('',#15869);
#4676=VERTEX_POINT('',#15871);
#4677=VERTEX_POINT('',#15875);
#4678=VERTEX_POINT('',#15877);
#4679=VERTEX_POINT('',#15881);
#4680=VERTEX_POINT('',#15883);
#4681=VERTEX_POINT('',#15890);
#4682=VERTEX_POINT('',#15892);
#4683=VERTEX_POINT('',#15900);
#4684=VERTEX_POINT('',#15901);
#4685=VERTEX_POINT('',#15903);
#4686=VERTEX_POINT('',#15905);
#4687=VERTEX_POINT('',#15909);
#4688=VERTEX_POINT('',#15911);
#4689=VERTEX_POINT('',#15915);
#4690=VERTEX_POINT('',#15916);
#4691=VERTEX_POINT('',#15918);
#4692=VERTEX_POINT('',#15920);
#4693=VERTEX_POINT('',#15924);
#4694=VERTEX_POINT('',#15926);
#4695=VERTEX_POINT('',#15930);
#4696=VERTEX_POINT('',#15932);
#4697=VERTEX_POINT('',#15939);
#4698=VERTEX_POINT('',#15941);
#4699=VERTEX_POINT('',#15949);
#4700=VERTEX_POINT('',#15950);
#4701=VERTEX_POINT('',#15952);
#4702=VERTEX_POINT('',#15954);
#4703=VERTEX_POINT('',#15957);
#4704=VERTEX_POINT('',#15960);
#4705=VERTEX_POINT('',#15961);
#4706=VERTEX_POINT('',#15963);
#4707=VERTEX_POINT('',#15965);
#4708=VERTEX_POINT('',#15968);
#4709=VERTEX_POINT('',#15971);
#4710=VERTEX_POINT('',#15979);
#4711=VERTEX_POINT('',#15980);
#4712=VERTEX_POINT('',#15982);
#4713=VERTEX_POINT('',#15984);
#4714=VERTEX_POINT('',#15988);
#4715=VERTEX_POINT('',#15990);
#4716=VERTEX_POINT('',#15998);
#4717=VERTEX_POINT('',#16000);
#4718=VERTEX_POINT('',#16004);
#4719=VERTEX_POINT('',#16005);
#4720=VERTEX_POINT('',#16007);
#4721=VERTEX_POINT('',#16009);
#4722=VERTEX_POINT('',#16013);
#4723=VERTEX_POINT('',#16015);
#4724=VERTEX_POINT('',#16022);
#4725=VERTEX_POINT('',#16024);
#4726=VERTEX_POINT('',#16028);
#4727=VERTEX_POINT('',#16029);
#4728=VERTEX_POINT('',#16031);
#4729=VERTEX_POINT('',#16033);
#4730=VERTEX_POINT('',#16037);
#4731=VERTEX_POINT('',#16039);
#4732=VERTEX_POINT('',#16046);
#4733=VERTEX_POINT('',#16048);
#4734=VERTEX_POINT('',#16052);
#4735=VERTEX_POINT('',#16053);
#4736=VERTEX_POINT('',#16055);
#4737=VERTEX_POINT('',#16057);
#4738=VERTEX_POINT('',#16061);
#4739=VERTEX_POINT('',#16063);
#4740=VERTEX_POINT('',#16070);
#4741=VERTEX_POINT('',#16072);
#4742=VERTEX_POINT('',#16076);
#4743=VERTEX_POINT('',#16077);
#4744=VERTEX_POINT('',#16079);
#4745=VERTEX_POINT('',#16081);
#4746=VERTEX_POINT('',#16085);
#4747=VERTEX_POINT('',#16087);
#4748=VERTEX_POINT('',#16094);
#4749=VERTEX_POINT('',#16096);
#4750=VERTEX_POINT('',#16100);
#4751=VERTEX_POINT('',#16101);
#4752=VERTEX_POINT('',#16103);
#4753=VERTEX_POINT('',#16105);
#4754=VERTEX_POINT('',#16109);
#4755=VERTEX_POINT('',#16111);
#4756=VERTEX_POINT('',#16118);
#4757=VERTEX_POINT('',#16120);
#4758=VERTEX_POINT('',#16124);
#4759=VERTEX_POINT('',#16125);
#4760=VERTEX_POINT('',#16127);
#4761=VERTEX_POINT('',#16129);
#4762=VERTEX_POINT('',#16133);
#4763=VERTEX_POINT('',#16135);
#4764=VERTEX_POINT('',#16142);
#4765=VERTEX_POINT('',#16144);
#4766=VERTEX_POINT('',#16148);
#4767=VERTEX_POINT('',#16149);
#4768=VERTEX_POINT('',#16151);
#4769=VERTEX_POINT('',#16153);
#4770=VERTEX_POINT('',#16157);
#4771=VERTEX_POINT('',#16159);
#4772=VERTEX_POINT('',#16166);
#4773=VERTEX_POINT('',#16168);
#4774=VERTEX_POINT('',#16172);
#4775=VERTEX_POINT('',#16173);
#4776=VERTEX_POINT('',#16175);
#4777=VERTEX_POINT('',#16177);
#4778=VERTEX_POINT('',#16181);
#4779=VERTEX_POINT('',#16183);
#4780=VERTEX_POINT('',#16190);
#4781=VERTEX_POINT('',#16192);
#4782=VERTEX_POINT('',#16196);
#4783=VERTEX_POINT('',#16197);
#4784=VERTEX_POINT('',#16199);
#4785=VERTEX_POINT('',#16201);
#4786=VERTEX_POINT('',#16205);
#4787=VERTEX_POINT('',#16207);
#4788=VERTEX_POINT('',#16214);
#4789=VERTEX_POINT('',#16216);
#4790=VERTEX_POINT('',#16220);
#4791=VERTEX_POINT('',#16221);
#4792=VERTEX_POINT('',#16223);
#4793=VERTEX_POINT('',#16225);
#4794=VERTEX_POINT('',#16229);
#4795=VERTEX_POINT('',#16231);
#4796=VERTEX_POINT('',#16238);
#4797=VERTEX_POINT('',#16240);
#4798=VERTEX_POINT('',#16244);
#4799=VERTEX_POINT('',#16245);
#4800=VERTEX_POINT('',#16247);
#4801=VERTEX_POINT('',#16249);
#4802=VERTEX_POINT('',#16253);
#4803=VERTEX_POINT('',#16255);
#4804=VERTEX_POINT('',#16262);
#4805=VERTEX_POINT('',#16264);
#4806=VERTEX_POINT('',#16268);
#4807=VERTEX_POINT('',#16269);
#4808=VERTEX_POINT('',#16271);
#4809=VERTEX_POINT('',#16273);
#4810=VERTEX_POINT('',#16277);
#4811=VERTEX_POINT('',#16279);
#4812=VERTEX_POINT('',#16286);
#4813=VERTEX_POINT('',#16288);
#4814=VERTEX_POINT('',#16292);
#4815=VERTEX_POINT('',#16294);
#4816=VERTEX_POINT('',#16298);
#4817=VERTEX_POINT('',#16300);
#4818=VERTEX_POINT('',#16466);
#4819=VERTEX_POINT('',#16467);
#4820=VERTEX_POINT('',#16469);
#4821=VERTEX_POINT('',#16471);
#4822=VERTEX_POINT('',#16475);
#4823=VERTEX_POINT('',#16477);
#4824=VERTEX_POINT('',#16481);
#4825=VERTEX_POINT('',#16483);
#4826=VERTEX_POINT('',#16492);
#4827=VERTEX_POINT('',#16493);
#4828=VERTEX_POINT('',#16495);
#4829=VERTEX_POINT('',#16497);
#4830=VERTEX_POINT('',#16501);
#4831=VERTEX_POINT('',#16503);
#4832=VERTEX_POINT('',#16507);
#4833=VERTEX_POINT('',#16509);
#4834=VERTEX_POINT('',#16519);
#4835=VERTEX_POINT('',#16520);
#4836=VERTEX_POINT('',#16522);
#4837=VERTEX_POINT('',#16524);
#4838=VERTEX_POINT('',#16528);
#4839=VERTEX_POINT('',#16530);
#4840=VERTEX_POINT('',#16534);
#4841=VERTEX_POINT('',#16536);
#4842=VERTEX_POINT('',#16545);
#4843=VERTEX_POINT('',#16546);
#4844=VERTEX_POINT('',#16548);
#4845=VERTEX_POINT('',#16550);
#4846=VERTEX_POINT('',#16554);
#4847=VERTEX_POINT('',#16556);
#4848=VERTEX_POINT('',#16560);
#4849=VERTEX_POINT('',#16562);
#4850=VERTEX_POINT('',#16574);
#4851=VERTEX_POINT('',#16575);
#4852=VERTEX_POINT('',#16577);
#4853=VERTEX_POINT('',#16579);
#4854=VERTEX_POINT('',#16583);
#4855=VERTEX_POINT('',#16585);
#4856=VERTEX_POINT('',#16589);
#4857=VERTEX_POINT('',#16591);
#4858=VERTEX_POINT('',#16595);
#4859=VERTEX_POINT('',#16597);
#4860=VERTEX_POINT('',#16601);
#4861=VERTEX_POINT('',#16603);
#4862=VERTEX_POINT('',#16607);
#4863=VERTEX_POINT('',#16609);
#4864=VERTEX_POINT('',#16613);
#4865=VERTEX_POINT('',#16615);
#4866=VERTEX_POINT('',#16619);
#4867=VERTEX_POINT('',#16621);
#4868=VERTEX_POINT('',#16625);
#4869=VERTEX_POINT('',#16627);
#4870=VERTEX_POINT('',#16631);
#4871=VERTEX_POINT('',#16633);
#4872=VERTEX_POINT('',#16637);
#4873=VERTEX_POINT('',#16638);
#4874=VERTEX_POINT('',#16640);
#4875=VERTEX_POINT('',#16642);
#4876=VERTEX_POINT('',#16646);
#4877=VERTEX_POINT('',#16648);
#4878=VERTEX_POINT('',#16652);
#4879=VERTEX_POINT('',#16654);
#4880=VERTEX_POINT('',#16658);
#4881=VERTEX_POINT('',#16660);
#4882=VERTEX_POINT('',#16664);
#4883=VERTEX_POINT('',#16666);
#4884=VERTEX_POINT('',#16670);
#4885=VERTEX_POINT('',#16672);
#4886=VERTEX_POINT('',#16676);
#4887=VERTEX_POINT('',#16678);
#4888=VERTEX_POINT('',#16682);
#4889=VERTEX_POINT('',#16684);
#4890=VERTEX_POINT('',#16688);
#4891=VERTEX_POINT('',#16690);
#4892=VERTEX_POINT('',#16694);
#4893=VERTEX_POINT('',#16696);
#4894=VERTEX_POINT('',#16700);
#4895=VERTEX_POINT('',#16702);
#4896=VERTEX_POINT('',#16706);
#4897=VERTEX_POINT('',#16708);
#4898=VERTEX_POINT('',#16712);
#4899=VERTEX_POINT('',#16714);
#4900=VERTEX_POINT('',#16718);
#4901=VERTEX_POINT('',#16720);
#4902=VERTEX_POINT('',#16724);
#4903=VERTEX_POINT('',#16726);
#4904=VERTEX_POINT('',#16730);
#4905=VERTEX_POINT('',#16732);
#4906=VERTEX_POINT('',#16736);
#4907=VERTEX_POINT('',#16738);
#4908=VERTEX_POINT('',#16742);
#4909=VERTEX_POINT('',#16744);
#4910=VERTEX_POINT('',#16748);
#4911=VERTEX_POINT('',#16750);
#4912=VERTEX_POINT('',#16757);
#4913=VERTEX_POINT('',#16759);
#4914=VERTEX_POINT('',#16763);
#4915=VERTEX_POINT('',#16765);
#4916=VERTEX_POINT('',#16769);
#4917=VERTEX_POINT('',#16771);
#4918=VERTEX_POINT('',#16775);
#4919=VERTEX_POINT('',#16777);
#4920=VERTEX_POINT('',#16781);
#4921=VERTEX_POINT('',#16783);
#4922=VERTEX_POINT('',#16787);
#4923=VERTEX_POINT('',#16789);
#4924=VERTEX_POINT('',#16793);
#4925=VERTEX_POINT('',#16795);
#4926=VERTEX_POINT('',#16799);
#4927=VERTEX_POINT('',#16801);
#4928=VERTEX_POINT('',#16805);
#4929=VERTEX_POINT('',#16807);
#4930=VERTEX_POINT('',#16815);
#4931=VERTEX_POINT('',#16816);
#4932=VERTEX_POINT('',#16818);
#4933=VERTEX_POINT('',#16820);
#4934=VERTEX_POINT('',#16823);
#4935=VERTEX_POINT('',#16825);
#4936=VERTEX_POINT('',#16828);
#4937=VERTEX_POINT('',#16829);
#4938=VERTEX_POINT('',#16831);
#4939=VERTEX_POINT('',#16833);
#4940=VERTEX_POINT('',#16837);
#4941=VERTEX_POINT('',#16838);
#4942=VERTEX_POINT('',#16840);
#4943=VERTEX_POINT('',#16842);
#4944=VERTEX_POINT('',#16845);
#4945=VERTEX_POINT('',#16847);
#4946=VERTEX_POINT('',#16849);
#4947=VERTEX_POINT('',#16851);
#4948=VERTEX_POINT('',#16853);
#4949=VERTEX_POINT('',#16855);
#4950=VERTEX_POINT('',#16857);
#4951=VERTEX_POINT('',#16859);
#4952=VERTEX_POINT('',#16861);
#4953=VERTEX_POINT('',#16863);
#4954=VERTEX_POINT('',#16865);
#4955=VERTEX_POINT('',#16867);
#4956=VERTEX_POINT('',#16869);
#4957=VERTEX_POINT('',#16871);
#4958=VERTEX_POINT('',#16873);
#4959=VERTEX_POINT('',#16875);
#4960=VERTEX_POINT('',#16877);
#4961=VERTEX_POINT('',#16879);
#4962=VERTEX_POINT('',#16881);
#4963=VERTEX_POINT('',#16883);
#4964=VERTEX_POINT('',#16885);
#4965=VERTEX_POINT('',#16887);
#4966=VERTEX_POINT('',#16889);
#4967=VERTEX_POINT('',#16891);
#4968=VERTEX_POINT('',#16893);
#4969=VERTEX_POINT('',#16895);
#4970=VERTEX_POINT('',#16897);
#4971=VERTEX_POINT('',#16899);
#4972=VERTEX_POINT('',#16901);
#4973=VERTEX_POINT('',#16903);
#4974=VERTEX_POINT('',#16905);
#4975=VERTEX_POINT('',#16907);
#4976=VERTEX_POINT('',#16909);
#4977=VERTEX_POINT('',#16911);
#4978=VERTEX_POINT('',#16913);
#4979=VERTEX_POINT('',#16915);
#4980=VERTEX_POINT('',#16917);
#4981=VERTEX_POINT('',#16919);
#4982=VERTEX_POINT('',#16921);
#4983=VERTEX_POINT('',#16923);
#4984=VERTEX_POINT('',#16925);
#4985=VERTEX_POINT('',#16927);
#4986=VERTEX_POINT('',#16929);
#4987=VERTEX_POINT('',#16931);
#4988=VERTEX_POINT('',#16933);
#4989=VERTEX_POINT('',#16935);
#4990=VERTEX_POINT('',#16937);
#4991=VERTEX_POINT('',#16939);
#4992=VERTEX_POINT('',#16941);
#4993=VERTEX_POINT('',#16943);
#4994=VERTEX_POINT('',#16945);
#4995=VERTEX_POINT('',#16947);
#4996=VERTEX_POINT('',#16949);
#4997=VERTEX_POINT('',#16951);
#4998=VERTEX_POINT('',#16953);
#4999=VERTEX_POINT('',#16955);
#5000=VERTEX_POINT('',#16957);
#5001=VERTEX_POINT('',#16959);
#5002=VERTEX_POINT('',#16961);
#5003=VERTEX_POINT('',#16963);
#5004=VERTEX_POINT('',#16965);
#5005=VERTEX_POINT('',#16967);
#5006=VERTEX_POINT('',#16969);
#5007=VERTEX_POINT('',#16971);
#5008=VERTEX_POINT('',#16973);
#5009=VERTEX_POINT('',#16975);
#5010=VERTEX_POINT('',#16977);
#5011=VERTEX_POINT('',#16979);
#5012=VERTEX_POINT('',#16981);
#5013=VERTEX_POINT('',#16983);
#5014=VERTEX_POINT('',#16985);
#5015=VERTEX_POINT('',#16987);
#5016=VERTEX_POINT('',#16991);
#5017=VERTEX_POINT('',#16994);
#5018=VERTEX_POINT('',#16996);
#5019=VERTEX_POINT('',#17001);
#5020=VERTEX_POINT('',#17003);
#5021=VERTEX_POINT('',#17005);
#5022=VERTEX_POINT('',#17007);
#5023=VERTEX_POINT('',#17009);
#5024=VERTEX_POINT('',#17011);
#5025=VERTEX_POINT('',#17013);
#5026=VERTEX_POINT('',#17015);
#5027=VERTEX_POINT('',#17017);
#5028=VERTEX_POINT('',#17019);
#5029=VERTEX_POINT('',#17021);
#5030=VERTEX_POINT('',#17023);
#5031=VERTEX_POINT('',#17025);
#5032=VERTEX_POINT('',#17027);
#5033=VERTEX_POINT('',#17029);
#5034=VERTEX_POINT('',#17031);
#5035=VERTEX_POINT('',#17033);
#5036=VERTEX_POINT('',#17035);
#5037=VERTEX_POINT('',#17037);
#5038=VERTEX_POINT('',#17039);
#5039=VERTEX_POINT('',#17041);
#5040=VERTEX_POINT('',#17043);
#5041=VERTEX_POINT('',#17045);
#5042=VERTEX_POINT('',#17047);
#5043=VERTEX_POINT('',#17049);
#5044=VERTEX_POINT('',#17051);
#5045=VERTEX_POINT('',#17053);
#5046=VERTEX_POINT('',#17055);
#5047=VERTEX_POINT('',#17057);
#5048=VERTEX_POINT('',#17059);
#5049=VERTEX_POINT('',#17061);
#5050=VERTEX_POINT('',#17063);
#5051=VERTEX_POINT('',#17065);
#5052=VERTEX_POINT('',#17067);
#5053=VERTEX_POINT('',#17069);
#5054=VERTEX_POINT('',#17071);
#5055=VERTEX_POINT('',#17073);
#5056=VERTEX_POINT('',#17075);
#5057=VERTEX_POINT('',#17077);
#5058=VERTEX_POINT('',#17079);
#5059=VERTEX_POINT('',#17081);
#5060=VERTEX_POINT('',#17083);
#5061=VERTEX_POINT('',#17085);
#5062=VERTEX_POINT('',#17087);
#5063=VERTEX_POINT('',#17089);
#5064=VERTEX_POINT('',#17091);
#5065=VERTEX_POINT('',#17093);
#5066=VERTEX_POINT('',#17095);
#5067=VERTEX_POINT('',#17097);
#5068=VERTEX_POINT('',#17099);
#5069=VERTEX_POINT('',#17101);
#5070=VERTEX_POINT('',#17103);
#5071=VERTEX_POINT('',#17105);
#5072=VERTEX_POINT('',#17107);
#5073=VERTEX_POINT('',#17109);
#5074=VERTEX_POINT('',#17111);
#5075=VERTEX_POINT('',#17113);
#5076=VERTEX_POINT('',#17115);
#5077=VERTEX_POINT('',#17117);
#5078=VERTEX_POINT('',#17119);
#5079=VERTEX_POINT('',#17121);
#5080=VERTEX_POINT('',#17123);
#5081=VERTEX_POINT('',#17125);
#5082=VERTEX_POINT('',#17127);
#5083=VERTEX_POINT('',#17129);
#5084=VERTEX_POINT('',#17131);
#5085=VERTEX_POINT('',#17133);
#5086=VERTEX_POINT('',#17135);
#5087=VERTEX_POINT('',#17137);
#5088=VERTEX_POINT('',#17139);
#5089=VERTEX_POINT('',#17141);
#5090=VERTEX_POINT('',#17143);
#5091=VERTEX_POINT('',#17145);
#5092=VERTEX_POINT('',#17147);
#5093=VERTEX_POINT('',#17151);
#5094=VERTEX_POINT('',#17152);
#5095=VERTEX_POINT('',#17154);
#5096=VERTEX_POINT('',#17156);
#5097=VERTEX_POINT('',#17160);
#5098=VERTEX_POINT('',#17162);
#5099=VERTEX_POINT('',#17166);
#5100=VERTEX_POINT('',#17167);
#5101=VERTEX_POINT('',#17169);
#5102=VERTEX_POINT('',#17171);
#5103=VERTEX_POINT('',#17175);
#5104=VERTEX_POINT('',#17177);
#5105=VERTEX_POINT('',#17181);
#5106=VERTEX_POINT('',#17183);
#5107=VERTEX_POINT('',#17190);
#5108=VERTEX_POINT('',#17192);
#5109=VERTEX_POINT('',#17200);
#5110=VERTEX_POINT('',#17201);
#5111=VERTEX_POINT('',#17203);
#5112=VERTEX_POINT('',#17205);
#5113=VERTEX_POINT('',#17209);
#5114=VERTEX_POINT('',#17211);
#5115=VERTEX_POINT('',#17215);
#5116=VERTEX_POINT('',#17216);
#5117=VERTEX_POINT('',#17218);
#5118=VERTEX_POINT('',#17220);
#5119=VERTEX_POINT('',#17224);
#5120=VERTEX_POINT('',#17226);
#5121=VERTEX_POINT('',#17230);
#5122=VERTEX_POINT('',#17232);
#5123=VERTEX_POINT('',#17239);
#5124=VERTEX_POINT('',#17241);
#5125=VERTEX_POINT('',#17249);
#5126=VERTEX_POINT('',#17250);
#5127=VERTEX_POINT('',#17252);
#5128=VERTEX_POINT('',#17254);
#5129=VERTEX_POINT('',#17257);
#5130=VERTEX_POINT('',#17260);
#5131=VERTEX_POINT('',#17261);
#5132=VERTEX_POINT('',#17263);
#5133=VERTEX_POINT('',#17265);
#5134=VERTEX_POINT('',#17268);
#5135=VERTEX_POINT('',#17271);
#5136=VERTEX_POINT('',#17279);
#5137=VERTEX_POINT('',#17280);
#5138=VERTEX_POINT('',#17282);
#5139=VERTEX_POINT('',#17284);
#5140=VERTEX_POINT('',#17288);
#5141=VERTEX_POINT('',#17290);
#5142=VERTEX_POINT('',#17298);
#5143=VERTEX_POINT('',#17300);
#5144=VERTEX_POINT('',#17304);
#5145=VERTEX_POINT('',#17305);
#5146=VERTEX_POINT('',#17307);
#5147=VERTEX_POINT('',#17309);
#5148=VERTEX_POINT('',#17313);
#5149=VERTEX_POINT('',#17315);
#5150=VERTEX_POINT('',#17322);
#5151=VERTEX_POINT('',#17324);
#5152=VERTEX_POINT('',#17328);
#5153=VERTEX_POINT('',#17329);
#5154=VERTEX_POINT('',#17331);
#5155=VERTEX_POINT('',#17333);
#5156=VERTEX_POINT('',#17337);
#5157=VERTEX_POINT('',#17339);
#5158=VERTEX_POINT('',#17346);
#5159=VERTEX_POINT('',#17348);
#5160=VERTEX_POINT('',#17352);
#5161=VERTEX_POINT('',#17353);
#5162=VERTEX_POINT('',#17355);
#5163=VERTEX_POINT('',#17357);
#5164=VERTEX_POINT('',#17361);
#5165=VERTEX_POINT('',#17363);
#5166=VERTEX_POINT('',#17370);
#5167=VERTEX_POINT('',#17372);
#5168=VERTEX_POINT('',#17376);
#5169=VERTEX_POINT('',#17377);
#5170=VERTEX_POINT('',#17379);
#5171=VERTEX_POINT('',#17381);
#5172=VERTEX_POINT('',#17385);
#5173=VERTEX_POINT('',#17387);
#5174=VERTEX_POINT('',#17394);
#5175=VERTEX_POINT('',#17396);
#5176=VERTEX_POINT('',#17400);
#5177=VERTEX_POINT('',#17401);
#5178=VERTEX_POINT('',#17403);
#5179=VERTEX_POINT('',#17405);
#5180=VERTEX_POINT('',#17409);
#5181=VERTEX_POINT('',#17411);
#5182=VERTEX_POINT('',#17418);
#5183=VERTEX_POINT('',#17420);
#5184=VERTEX_POINT('',#17424);
#5185=VERTEX_POINT('',#17425);
#5186=VERTEX_POINT('',#17427);
#5187=VERTEX_POINT('',#17429);
#5188=VERTEX_POINT('',#17433);
#5189=VERTEX_POINT('',#17435);
#5190=VERTEX_POINT('',#17442);
#5191=VERTEX_POINT('',#17444);
#5192=VERTEX_POINT('',#17448);
#5193=VERTEX_POINT('',#17449);
#5194=VERTEX_POINT('',#17451);
#5195=VERTEX_POINT('',#17453);
#5196=VERTEX_POINT('',#17457);
#5197=VERTEX_POINT('',#17459);
#5198=VERTEX_POINT('',#17466);
#5199=VERTEX_POINT('',#17468);
#5200=VERTEX_POINT('',#17472);
#5201=VERTEX_POINT('',#17473);
#5202=VERTEX_POINT('',#17475);
#5203=VERTEX_POINT('',#17477);
#5204=VERTEX_POINT('',#17481);
#5205=VERTEX_POINT('',#17483);
#5206=VERTEX_POINT('',#17490);
#5207=VERTEX_POINT('',#17492);
#5208=VERTEX_POINT('',#17496);
#5209=VERTEX_POINT('',#17497);
#5210=VERTEX_POINT('',#17499);
#5211=VERTEX_POINT('',#17501);
#5212=VERTEX_POINT('',#17505);
#5213=VERTEX_POINT('',#17507);
#5214=VERTEX_POINT('',#17514);
#5215=VERTEX_POINT('',#17516);
#5216=VERTEX_POINT('',#17520);
#5217=VERTEX_POINT('',#17521);
#5218=VERTEX_POINT('',#17523);
#5219=VERTEX_POINT('',#17525);
#5220=VERTEX_POINT('',#17529);
#5221=VERTEX_POINT('',#17531);
#5222=VERTEX_POINT('',#17538);
#5223=VERTEX_POINT('',#17540);
#5224=VERTEX_POINT('',#17544);
#5225=VERTEX_POINT('',#17545);
#5226=VERTEX_POINT('',#17547);
#5227=VERTEX_POINT('',#17549);
#5228=VERTEX_POINT('',#17553);
#5229=VERTEX_POINT('',#17555);
#5230=VERTEX_POINT('',#17562);
#5231=VERTEX_POINT('',#17564);
#5232=VERTEX_POINT('',#17568);
#5233=VERTEX_POINT('',#17569);
#5234=VERTEX_POINT('',#17571);
#5235=VERTEX_POINT('',#17573);
#5236=VERTEX_POINT('',#17577);
#5237=VERTEX_POINT('',#17579);
#5238=VERTEX_POINT('',#17586);
#5239=VERTEX_POINT('',#17588);
#5240=VERTEX_POINT('',#17592);
#5241=VERTEX_POINT('',#17594);
#5242=VERTEX_POINT('',#17598);
#5243=VERTEX_POINT('',#17600);
#5244=VERTEX_POINT('',#17764);
#5245=VERTEX_POINT('',#17765);
#5246=VERTEX_POINT('',#17767);
#5247=VERTEX_POINT('',#17769);
#5248=VERTEX_POINT('',#17773);
#5249=VERTEX_POINT('',#17775);
#5250=VERTEX_POINT('',#17779);
#5251=VERTEX_POINT('',#17781);
#5252=VERTEX_POINT('',#17785);
#5253=VERTEX_POINT('',#17787);
#5254=VERTEX_POINT('',#17791);
#5255=VERTEX_POINT('',#17793);
#5256=VERTEX_POINT('',#17797);
#5257=VERTEX_POINT('',#17799);
#5258=VERTEX_POINT('',#17803);
#5259=VERTEX_POINT('',#17805);
#5260=VERTEX_POINT('',#17812);
#5261=VERTEX_POINT('',#17814);
#5262=VERTEX_POINT('',#17818);
#5263=VERTEX_POINT('',#17820);
#5264=VERTEX_POINT('',#17824);
#5265=VERTEX_POINT('',#17826);
#5266=VERTEX_POINT('',#17830);
#5267=VERTEX_POINT('',#17832);
#5268=VERTEX_POINT('',#17836);
#5269=VERTEX_POINT('',#17837);
#5270=VERTEX_POINT('',#17839);
#5271=VERTEX_POINT('',#17841);
#5272=VERTEX_POINT('',#17845);
#5273=VERTEX_POINT('',#17847);
#5274=VERTEX_POINT('',#17851);
#5275=VERTEX_POINT('',#17853);
#5276=VERTEX_POINT('',#17857);
#5277=VERTEX_POINT('',#17859);
#5278=VERTEX_POINT('',#17863);
#5279=VERTEX_POINT('',#17865);
#5280=VERTEX_POINT('',#17869);
#5281=VERTEX_POINT('',#17871);
#5282=VERTEX_POINT('',#17875);
#5283=VERTEX_POINT('',#17877);
#5284=VERTEX_POINT('',#17888);
#5285=VERTEX_POINT('',#17889);
#5286=VERTEX_POINT('',#17891);
#5287=VERTEX_POINT('',#17893);
#5288=VERTEX_POINT('',#17897);
#5289=VERTEX_POINT('',#17898);
#5290=VERTEX_POINT('',#17900);
#5291=VERTEX_POINT('',#17902);
#5292=VERTEX_POINT('',#17906);
#5293=VERTEX_POINT('',#17908);
#5294=VERTEX_POINT('',#17912);
#5295=VERTEX_POINT('',#17914);
#5296=VERTEX_POINT('',#17921);
#5297=VERTEX_POINT('',#17923);
#5298=VERTEX_POINT('',#17927);
#5299=VERTEX_POINT('',#17929);
#5300=VERTEX_POINT('',#17933);
#5301=VERTEX_POINT('',#17935);
#5302=VERTEX_POINT('',#17939);
#5303=VERTEX_POINT('',#17940);
#5304=VERTEX_POINT('',#17942);
#5305=VERTEX_POINT('',#17944);
#5306=VERTEX_POINT('',#17946);
#5307=VERTEX_POINT('',#17948);
#5308=VERTEX_POINT('',#17950);
#5309=VERTEX_POINT('',#17952);
#5310=VERTEX_POINT('',#17954);
#5311=VERTEX_POINT('',#17956);
#5312=VERTEX_POINT('',#17958);
#5313=VERTEX_POINT('',#17960);
#5314=VERTEX_POINT('',#17962);
#5315=VERTEX_POINT('',#17964);
#5316=VERTEX_POINT('',#17966);
#5317=VERTEX_POINT('',#17968);
#5318=VERTEX_POINT('',#17970);
#5319=VERTEX_POINT('',#17972);
#5320=VERTEX_POINT('',#17974);
#5321=VERTEX_POINT('',#17976);
#5322=VERTEX_POINT('',#17978);
#5323=VERTEX_POINT('',#17980);
#5324=VERTEX_POINT('',#17982);
#5325=VERTEX_POINT('',#17984);
#5326=VERTEX_POINT('',#17987);
#5327=VERTEX_POINT('',#17988);
#5328=VERTEX_POINT('',#17990);
#5329=VERTEX_POINT('',#17992);
#5330=VERTEX_POINT('',#17995);
#5331=VERTEX_POINT('',#17996);
#5332=VERTEX_POINT('',#17998);
#5333=VERTEX_POINT('',#18000);
#5334=VERTEX_POINT('',#18003);
#5335=VERTEX_POINT('',#18004);
#5336=VERTEX_POINT('',#18006);
#5337=VERTEX_POINT('',#18008);
#5338=VERTEX_POINT('',#18010);
#5339=VERTEX_POINT('',#18012);
#5340=VERTEX_POINT('',#18014);
#5341=VERTEX_POINT('',#18016);
#5342=VERTEX_POINT('',#18018);
#5343=VERTEX_POINT('',#18020);
#5344=VERTEX_POINT('',#18023);
#5345=VERTEX_POINT('',#18024);
#5346=VERTEX_POINT('',#18026);
#5347=VERTEX_POINT('',#18028);
#5348=VERTEX_POINT('',#18030);
#5349=VERTEX_POINT('',#18032);
#5350=VERTEX_POINT('',#18034);
#5351=VERTEX_POINT('',#18036);
#5352=VERTEX_POINT('',#18038);
#5353=VERTEX_POINT('',#18040);
#5354=VERTEX_POINT('',#18043);
#5355=VERTEX_POINT('',#18045);
#5356=VERTEX_POINT('',#18047);
#5357=VERTEX_POINT('',#18049);
#5358=VERTEX_POINT('',#18051);
#5359=VERTEX_POINT('',#18053);
#5360=VERTEX_POINT('',#18055);
#5361=VERTEX_POINT('',#18057);
#5362=VERTEX_POINT('',#18059);
#5363=VERTEX_POINT('',#18061);
#5364=VERTEX_POINT('',#18063);
#5365=VERTEX_POINT('',#18065);
#5366=VERTEX_POINT('',#18067);
#5367=VERTEX_POINT('',#18069);
#5368=VERTEX_POINT('',#18071);
#5369=VERTEX_POINT('',#18073);
#5370=VERTEX_POINT('',#18075);
#5371=VERTEX_POINT('',#18077);
#5372=VERTEX_POINT('',#18079);
#5373=VERTEX_POINT('',#18083);
#5374=VERTEX_POINT('',#18084);
#5375=VERTEX_POINT('',#18089);
#5376=VERTEX_POINT('',#18090);
#5377=VERTEX_POINT('',#18095);
#5378=VERTEX_POINT('',#18099);
#5379=VERTEX_POINT('',#18105);
#5380=VERTEX_POINT('',#18109);
#5381=VERTEX_POINT('',#18113);
#5382=VERTEX_POINT('',#18117);
#5383=VERTEX_POINT('',#18121);
#5384=VERTEX_POINT('',#18123);
#5385=VERTEX_POINT('',#18127);
#5386=VERTEX_POINT('',#18131);
#5387=VERTEX_POINT('',#18135);
#5388=VERTEX_POINT('',#18136);
#5389=VERTEX_POINT('',#18141);
#5390=VERTEX_POINT('',#18145);
#5391=VERTEX_POINT('',#18149);
#5392=VERTEX_POINT('',#18151);
#5393=VERTEX_POINT('',#18155);
#5394=VERTEX_POINT('',#18157);
#5395=VERTEX_POINT('',#18159);
#5396=VERTEX_POINT('',#18161);
#5397=VERTEX_POINT('',#18163);
#5398=VERTEX_POINT('',#18165);
#5399=VERTEX_POINT('',#18167);
#5400=VERTEX_POINT('',#18169);
#5401=VERTEX_POINT('',#18172);
#5402=VERTEX_POINT('',#18174);
#5403=VERTEX_POINT('',#18176);
#5404=VERTEX_POINT('',#18178);
#5405=VERTEX_POINT('',#18180);
#5406=VERTEX_POINT('',#18182);
#5407=VERTEX_POINT('',#18184);
#5408=VERTEX_POINT('',#18186);
#5409=VERTEX_POINT('',#18189);
#5410=VERTEX_POINT('',#18191);
#5411=VERTEX_POINT('',#18193);
#5412=VERTEX_POINT('',#18195);
#5413=VERTEX_POINT('',#18197);
#5414=VERTEX_POINT('',#18200);
#5415=VERTEX_POINT('',#18202);
#5416=VERTEX_POINT('',#18204);
#5417=VERTEX_POINT('',#18206);
#5418=VERTEX_POINT('',#18209);
#5419=VERTEX_POINT('',#18211);
#5420=VERTEX_POINT('',#18214);
#5421=VERTEX_POINT('',#18215);
#5422=VERTEX_POINT('',#18217);
#5423=VERTEX_POINT('',#18219);
#5424=VERTEX_POINT('',#18221);
#5425=VERTEX_POINT('',#18223);
#5426=VERTEX_POINT('',#18225);
#5427=VERTEX_POINT('',#18227);
#5428=VERTEX_POINT('',#18229);
#5429=VERTEX_POINT('',#18231);
#5430=VERTEX_POINT('',#18234);
#5431=VERTEX_POINT('',#18235);
#5432=VERTEX_POINT('',#18237);
#5433=VERTEX_POINT('',#18239);
#5434=VERTEX_POINT('',#18241);
#5435=VERTEX_POINT('',#18243);
#5436=VERTEX_POINT('',#18245);
#5437=VERTEX_POINT('',#18247);
#5438=VERTEX_POINT('',#18249);
#5439=VERTEX_POINT('',#18251);
#5440=VERTEX_POINT('',#18254);
#5441=VERTEX_POINT('',#18255);
#5442=VERTEX_POINT('',#18257);
#5443=VERTEX_POINT('',#18259);
#5444=VERTEX_POINT('',#18375);
#5445=VERTEX_POINT('',#18376);
#5446=VERTEX_POINT('',#18378);
#5447=VERTEX_POINT('',#18380);
#5448=VERTEX_POINT('',#18384);
#5449=VERTEX_POINT('',#18386);
#5450=VERTEX_POINT('',#18390);
#5451=VERTEX_POINT('',#18392);
#5452=VERTEX_POINT('',#18394);
#5453=VERTEX_POINT('',#18396);
#5454=VERTEX_POINT('',#18398);
#5455=VERTEX_POINT('',#18401);
#5456=VERTEX_POINT('',#18403);
#5457=VERTEX_POINT('',#18405);
#5458=VERTEX_POINT('',#18407);
#5459=VERTEX_POINT('',#18410);
#5460=VERTEX_POINT('',#18414);
#5461=VERTEX_POINT('',#18418);
#5462=VERTEX_POINT('',#18422);
#5463=VERTEX_POINT('',#18426);
#5464=VERTEX_POINT('',#18430);
#5465=VERTEX_POINT('',#18434);
#5466=VERTEX_POINT('',#18438);
#5467=VERTEX_POINT('',#18442);
#5468=VERTEX_POINT('',#18451);
#5469=VERTEX_POINT('',#18452);
#5470=VERTEX_POINT('',#18454);
#5471=VERTEX_POINT('',#18456);
#5472=VERTEX_POINT('',#18460);
#5473=VERTEX_POINT('',#18462);
#5474=VERTEX_POINT('',#18466);
#5475=VERTEX_POINT('',#18468);
#5476=EDGE_CURVE('',#4424,#4425,#3960,.T.);
#5477=EDGE_CURVE('',#4426,#4424,#1732,.T.);
#5478=EDGE_CURVE('',#4427,#4426,#3961,.T.);
#5479=EDGE_CURVE('',#4427,#4425,#1733,.T.);
#5480=EDGE_CURVE('',#4425,#4428,#3962,.T.);
#5481=EDGE_CURVE('',#4429,#4427,#3963,.T.);
#5482=EDGE_CURVE('',#4429,#4428,#1734,.T.);
#5483=EDGE_CURVE('',#4428,#4430,#3964,.T.);
#5484=EDGE_CURVE('',#4431,#4429,#3965,.T.);
#5485=EDGE_CURVE('',#4431,#4430,#1735,.T.);
#5486=EDGE_CURVE('',#4430,#4432,#1736,.T.);
#5487=EDGE_CURVE('',#4433,#4431,#1737,.T.);
#5488=EDGE_CURVE('',#4433,#4432,#1738,.T.);
#5489=EDGE_CURVE('',#4432,#4434,#3966,.T.);
#5490=EDGE_CURVE('',#4435,#4433,#3967,.T.);
#5491=EDGE_CURVE('',#4435,#4434,#1739,.T.);
#5492=EDGE_CURVE('',#4434,#4436,#3968,.T.);
#5493=EDGE_CURVE('',#4437,#4435,#3969,.T.);
#5494=EDGE_CURVE('',#4437,#4436,#1740,.T.);
#5495=EDGE_CURVE('',#4436,#4438,#1741,.T.);
#5496=EDGE_CURVE('',#4439,#4437,#1742,.T.);
#5497=EDGE_CURVE('',#4439,#4438,#1743,.T.);
#5498=EDGE_CURVE('',#4438,#4440,#3970,.T.);
#5499=EDGE_CURVE('',#4441,#4439,#3971,.T.);
#5500=EDGE_CURVE('',#4441,#4440,#1744,.T.);
#5501=EDGE_CURVE('',#4440,#4442,#3972,.T.);
#5502=EDGE_CURVE('',#4443,#4441,#3973,.T.);
#5503=EDGE_CURVE('',#4443,#4442,#1745,.T.);
#5504=EDGE_CURVE('',#4442,#4444,#1746,.T.);
#5505=EDGE_CURVE('',#4445,#4443,#1747,.T.);
#5506=EDGE_CURVE('',#4445,#4444,#1748,.T.);
#5507=EDGE_CURVE('',#4446,#4447,#3974,.T.);
#5508=EDGE_CURVE('',#4448,#4446,#1749,.T.);
#5509=EDGE_CURVE('',#4448,#4449,#3975,.T.);
#5510=EDGE_CURVE('',#4449,#4447,#1750,.T.);
#5511=EDGE_CURVE('',#4447,#4450,#3976,.T.);
#5512=EDGE_CURVE('',#4449,#4451,#3977,.T.);
#5513=EDGE_CURVE('',#4451,#4450,#1751,.T.);
#5514=EDGE_CURVE('',#4450,#4452,#1752,.T.);
#5515=EDGE_CURVE('',#4451,#4453,#1753,.T.);
#5516=EDGE_CURVE('',#4453,#4452,#1754,.T.);
#5517=EDGE_CURVE('',#4452,#4454,#3978,.T.);
#5518=EDGE_CURVE('',#4453,#4455,#3979,.T.);
#5519=EDGE_CURVE('',#4455,#4454,#1755,.T.);
#5520=EDGE_CURVE('',#4454,#4456,#3980,.T.);
#5521=EDGE_CURVE('',#4455,#4457,#3981,.T.);
#5522=EDGE_CURVE('',#4457,#4456,#1756,.T.);
#5523=EDGE_CURVE('',#4456,#4458,#1757,.T.);
#5524=EDGE_CURVE('',#4457,#4459,#1758,.T.);
#5525=EDGE_CURVE('',#4459,#4458,#1759,.T.);
#5526=EDGE_CURVE('',#4458,#4460,#3982,.T.);
#5527=EDGE_CURVE('',#4459,#4461,#3983,.T.);
#5528=EDGE_CURVE('',#4461,#4460,#1760,.T.);
#5529=EDGE_CURVE('',#4460,#4462,#3984,.T.);
#5530=EDGE_CURVE('',#4461,#4463,#3985,.T.);
#5531=EDGE_CURVE('',#4463,#4462,#1761,.T.);
#5532=EDGE_CURVE('',#4462,#4464,#3986,.T.);
#5533=EDGE_CURVE('',#4463,#4465,#3987,.T.);
#5534=EDGE_CURVE('',#4465,#4464,#1762,.T.);
#5535=EDGE_CURVE('',#4464,#4466,#1763,.T.);
#5536=EDGE_CURVE('',#4465,#4467,#1764,.T.);
#5537=EDGE_CURVE('',#4467,#4466,#1765,.T.);
#5538=EDGE_CURVE('',#4444,#4468,#3988,.T.);
#5539=EDGE_CURVE('',#4469,#4445,#3989,.T.);
#5540=EDGE_CURVE('',#4469,#4468,#1766,.T.);
#5541=EDGE_CURVE('',#4468,#4470,#3990,.T.);
#5542=EDGE_CURVE('',#4471,#4469,#3991,.T.);
#5543=EDGE_CURVE('',#4471,#4470,#1767,.T.);
#5544=EDGE_CURVE('',#4470,#4472,#3992,.T.);
#5545=EDGE_CURVE('',#4473,#4471,#3993,.T.);
#5546=EDGE_CURVE('',#4473,#4472,#1768,.T.);
#5547=EDGE_CURVE('',#4472,#4474,#1769,.T.);
#5548=EDGE_CURVE('',#4475,#4473,#1770,.T.);
#5549=EDGE_CURVE('',#4475,#4474,#1771,.T.);
#5550=EDGE_CURVE('',#4474,#4476,#3994,.T.);
#5551=EDGE_CURVE('',#4477,#4475,#3995,.T.);
#5552=EDGE_CURVE('',#4477,#4476,#1772,.T.);
#5553=EDGE_CURVE('',#4476,#4478,#3996,.T.);
#5554=EDGE_CURVE('',#4479,#4477,#3997,.T.);
#5555=EDGE_CURVE('',#4479,#4478,#1773,.T.);
#5556=EDGE_CURVE('',#4478,#4480,#1774,.T.);
#5557=EDGE_CURVE('',#4481,#4479,#1775,.T.);
#5558=EDGE_CURVE('',#4481,#4480,#1776,.T.);
#5559=EDGE_CURVE('',#4480,#4482,#3998,.T.);
#5560=EDGE_CURVE('',#4483,#4481,#3999,.T.);
#5561=EDGE_CURVE('',#4483,#4482,#1777,.T.);
#5562=EDGE_CURVE('',#4482,#4484,#4000,.T.);
#5563=EDGE_CURVE('',#4485,#4483,#4001,.T.);
#5564=EDGE_CURVE('',#4485,#4484,#1778,.T.);
#5565=EDGE_CURVE('',#4484,#4424,#1779,.T.);
#5566=EDGE_CURVE('',#4426,#4485,#1780,.T.);
#5567=EDGE_CURVE('',#4466,#4486,#4002,.T.);
#5568=EDGE_CURVE('',#4467,#4487,#4003,.T.);
#5569=EDGE_CURVE('',#4487,#4486,#1781,.T.);
#5570=EDGE_CURVE('',#4486,#4488,#4004,.T.);
#5571=EDGE_CURVE('',#4487,#4489,#4005,.T.);
#5572=EDGE_CURVE('',#4489,#4488,#1782,.T.);
#5573=EDGE_CURVE('',#4488,#4490,#1783,.T.);
#5574=EDGE_CURVE('',#4489,#4491,#1784,.T.);
#5575=EDGE_CURVE('',#4491,#4490,#1785,.T.);
#5576=EDGE_CURVE('',#4490,#4492,#4006,.T.);
#5577=EDGE_CURVE('',#4491,#4493,#4007,.T.);
#5578=EDGE_CURVE('',#4493,#4492,#1786,.T.);
#5579=EDGE_CURVE('',#4492,#4494,#4008,.T.);
#5580=EDGE_CURVE('',#4493,#4495,#4009,.T.);
#5581=EDGE_CURVE('',#4495,#4494,#1787,.T.);
#5582=EDGE_CURVE('',#4494,#4496,#1788,.T.);
#5583=EDGE_CURVE('',#4495,#4497,#1789,.T.);
#5584=EDGE_CURVE('',#4497,#4496,#1790,.T.);
#5585=EDGE_CURVE('',#4496,#4498,#4010,.T.);
#5586=EDGE_CURVE('',#4497,#4499,#4011,.T.);
#5587=EDGE_CURVE('',#4499,#4498,#1791,.T.);
#5588=EDGE_CURVE('',#4498,#4500,#4012,.T.);
#5589=EDGE_CURVE('',#4499,#4501,#4013,.T.);
#5590=EDGE_CURVE('',#4501,#4500,#1792,.T.);
#5591=EDGE_CURVE('',#4500,#4502,#4014,.T.);
#5592=EDGE_CURVE('',#4501,#4503,#4015,.T.);
#5593=EDGE_CURVE('',#4503,#4502,#1793,.T.);
#5594=EDGE_CURVE('',#4502,#4446,#1794,.T.);
#5595=EDGE_CURVE('',#4503,#4448,#1795,.T.);
#5596=EDGE_CURVE('',#4504,#4505,#1796,.T.);
#5597=EDGE_CURVE('',#4505,#4506,#1797,.F.);
#5598=EDGE_CURVE('',#4506,#4507,#1798,.T.);
#5599=EDGE_CURVE('',#4507,#4504,#1799,.F.);
#5600=EDGE_CURVE('',#4508,#4508,#4016,.T.);
#5601=EDGE_CURVE('',#4509,#4509,#4017,.T.);
#5602=EDGE_CURVE('',#4510,#4511,#1800,.T.);
#5603=EDGE_CURVE('',#4510,#4512,#1801,.T.);
#5604=EDGE_CURVE('',#4512,#4513,#1802,.T.);
#5605=EDGE_CURVE('',#4511,#4513,#1803,.T.);
#5606=EDGE_CURVE('',#4514,#4515,#1804,.T.);
#5607=EDGE_CURVE('',#4514,#4516,#4018,.T.);
#5608=EDGE_CURVE('',#4516,#4517,#4019,.T.);
#5609=EDGE_CURVE('',#4512,#4517,#1805,.T.);
#5610=EDGE_CURVE('',#4510,#4518,#4020,.T.);
#5611=EDGE_CURVE('',#4518,#4519,#1806,.T.);
#5612=EDGE_CURVE('',#4519,#4520,#4021,.T.);
#5613=EDGE_CURVE('',#4520,#4521,#1807,.T.);
#5614=EDGE_CURVE('',#4521,#4522,#4022,.T.);
#5615=EDGE_CURVE('',#4522,#4523,#1808,.T.);
#5616=EDGE_CURVE('',#4523,#4524,#4023,.T.);
#5617=EDGE_CURVE('',#4524,#4525,#1809,.T.);
#5618=EDGE_CURVE('',#4525,#4526,#4024,.T.);
#5619=EDGE_CURVE('',#4526,#4527,#1810,.T.);
#5620=EDGE_CURVE('',#4527,#4528,#4025,.T.);
#5621=EDGE_CURVE('',#4528,#4529,#1811,.T.);
#5622=EDGE_CURVE('',#4529,#4530,#4026,.T.);
#5623=EDGE_CURVE('',#4530,#4531,#1812,.T.);
#5624=EDGE_CURVE('',#4531,#4532,#4027,.T.);
#5625=EDGE_CURVE('',#4532,#4533,#1813,.T.);
#5626=EDGE_CURVE('',#4533,#4534,#4028,.T.);
#5627=EDGE_CURVE('',#4534,#4535,#1814,.T.);
#5628=EDGE_CURVE('',#4535,#4536,#4029,.T.);
#5629=EDGE_CURVE('',#4536,#4537,#1815,.T.);
#5630=EDGE_CURVE('',#4537,#4538,#4030,.T.);
#5631=EDGE_CURVE('',#4538,#4539,#1816,.T.);
#5632=EDGE_CURVE('',#4539,#4540,#4031,.T.);
#5633=EDGE_CURVE('',#4540,#4541,#1817,.T.);
#5634=EDGE_CURVE('',#4541,#4542,#4032,.T.);
#5635=EDGE_CURVE('',#4542,#4543,#1818,.T.);
#5636=EDGE_CURVE('',#4543,#4544,#4033,.T.);
#5637=EDGE_CURVE('',#4544,#4545,#1819,.T.);
#5638=EDGE_CURVE('',#4545,#4546,#4034,.T.);
#5639=EDGE_CURVE('',#4546,#4547,#1820,.T.);
#5640=EDGE_CURVE('',#4547,#4548,#4035,.T.);
#5641=EDGE_CURVE('',#4548,#4549,#1821,.T.);
#5642=EDGE_CURVE('',#4549,#4550,#4036,.T.);
#5643=EDGE_CURVE('',#4550,#4551,#1822,.T.);
#5644=EDGE_CURVE('',#4551,#4552,#4037,.T.);
#5645=EDGE_CURVE('',#4552,#4553,#1823,.T.);
#5646=EDGE_CURVE('',#4554,#4553,#4038,.T.);
#5647=EDGE_CURVE('',#4555,#4554,#1824,.T.);
#5648=EDGE_CURVE('',#4556,#4555,#4039,.T.);
#5649=EDGE_CURVE('',#4557,#4556,#1825,.T.);
#5650=EDGE_CURVE('',#4558,#4557,#4040,.T.);
#5651=EDGE_CURVE('',#4559,#4558,#1826,.T.);
#5652=EDGE_CURVE('',#4560,#4559,#4041,.T.);
#5653=EDGE_CURVE('',#4561,#4560,#1827,.T.);
#5654=EDGE_CURVE('',#4562,#4561,#4042,.T.);
#5655=EDGE_CURVE('',#4563,#4562,#1828,.T.);
#5656=EDGE_CURVE('',#4564,#4563,#4043,.T.);
#5657=EDGE_CURVE('',#4565,#4564,#1829,.T.);
#5658=EDGE_CURVE('',#4566,#4565,#4044,.T.);
#5659=EDGE_CURVE('',#4567,#4566,#1830,.T.);
#5660=EDGE_CURVE('',#4568,#4567,#4045,.T.);
#5661=EDGE_CURVE('',#4569,#4568,#1831,.T.);
#5662=EDGE_CURVE('',#4570,#4569,#4046,.T.);
#5663=EDGE_CURVE('',#4571,#4570,#1832,.T.);
#5664=EDGE_CURVE('',#4572,#4571,#4047,.T.);
#5665=EDGE_CURVE('',#4573,#4572,#1833,.T.);
#5666=EDGE_CURVE('',#4574,#4573,#4048,.T.);
#5667=EDGE_CURVE('',#4575,#4574,#1834,.T.);
#5668=EDGE_CURVE('',#4576,#4575,#4049,.T.);
#5669=EDGE_CURVE('',#4577,#4576,#1835,.T.);
#5670=EDGE_CURVE('',#4578,#4577,#4050,.T.);
#5671=EDGE_CURVE('',#4579,#4578,#1836,.T.);
#5672=EDGE_CURVE('',#4580,#4579,#4051,.T.);
#5673=EDGE_CURVE('',#4581,#4580,#1837,.T.);
#5674=EDGE_CURVE('',#4582,#4581,#4052,.T.);
#5675=EDGE_CURVE('',#4583,#4582,#1838,.T.);
#5676=EDGE_CURVE('',#4584,#4583,#4053,.T.);
#5677=EDGE_CURVE('',#4585,#4584,#1839,.T.);
#5678=EDGE_CURVE('',#4586,#4585,#4054,.T.);
#5679=EDGE_CURVE('',#4587,#4586,#1840,.T.);
#5680=EDGE_CURVE('',#4588,#4587,#4055,.T.);
#5681=EDGE_CURVE('',#4589,#4588,#1841,.T.);
#5682=EDGE_CURVE('',#4515,#4589,#4056,.T.);
#5683=EDGE_CURVE('',#4590,#4590,#4057,.T.);
#5684=EDGE_CURVE('',#4590,#4516,#1842,.T.);
#5685=EDGE_CURVE('',#4591,#4514,#1843,.T.);
#5686=EDGE_CURVE('',#4592,#4591,#4058,.T.);
#5687=EDGE_CURVE('',#4592,#4517,#1844,.T.);
#5688=EDGE_CURVE('',#4513,#4592,#1845,.T.);
#5689=EDGE_CURVE('',#4591,#4593,#1846,.T.);
#5690=EDGE_CURVE('',#4593,#4594,#4059,.T.);
#5691=EDGE_CURVE('',#4594,#4595,#1847,.T.);
#5692=EDGE_CURVE('',#4595,#4596,#4060,.T.);
#5693=EDGE_CURVE('',#4596,#4597,#1848,.T.);
#5694=EDGE_CURVE('',#4597,#4598,#4061,.T.);
#5695=EDGE_CURVE('',#4598,#4599,#1849,.T.);
#5696=EDGE_CURVE('',#4599,#4600,#4062,.T.);
#5697=EDGE_CURVE('',#4600,#4601,#1850,.T.);
#5698=EDGE_CURVE('',#4601,#4602,#4063,.T.);
#5699=EDGE_CURVE('',#4602,#4603,#1851,.T.);
#5700=EDGE_CURVE('',#4603,#4604,#4064,.T.);
#5701=EDGE_CURVE('',#4604,#4605,#1852,.T.);
#5702=EDGE_CURVE('',#4605,#4606,#4065,.T.);
#5703=EDGE_CURVE('',#4606,#4607,#1853,.T.);
#5704=EDGE_CURVE('',#4607,#4608,#4066,.T.);
#5705=EDGE_CURVE('',#4608,#4609,#1854,.T.);
#5706=EDGE_CURVE('',#4609,#4610,#4067,.T.);
#5707=EDGE_CURVE('',#4610,#4611,#1855,.T.);
#5708=EDGE_CURVE('',#4611,#4612,#4068,.T.);
#5709=EDGE_CURVE('',#4612,#4613,#1856,.T.);
#5710=EDGE_CURVE('',#4613,#4614,#4069,.T.);
#5711=EDGE_CURVE('',#4614,#4615,#1857,.T.);
#5712=EDGE_CURVE('',#4615,#4616,#4070,.T.);
#5713=EDGE_CURVE('',#4616,#4617,#1858,.T.);
#5714=EDGE_CURVE('',#4617,#4618,#4071,.T.);
#5715=EDGE_CURVE('',#4618,#4619,#1859,.T.);
#5716=EDGE_CURVE('',#4619,#4620,#4072,.T.);
#5717=EDGE_CURVE('',#4620,#4621,#1860,.T.);
#5718=EDGE_CURVE('',#4621,#4622,#4073,.T.);
#5719=EDGE_CURVE('',#4622,#4623,#1861,.T.);
#5720=EDGE_CURVE('',#4623,#4624,#4074,.T.);
#5721=EDGE_CURVE('',#4624,#4625,#1862,.T.);
#5722=EDGE_CURVE('',#4625,#4626,#4075,.T.);
#5723=EDGE_CURVE('',#4626,#4627,#1863,.T.);
#5724=EDGE_CURVE('',#4627,#4628,#4076,.T.);
#5725=EDGE_CURVE('',#4628,#4629,#1864,.T.);
#5726=EDGE_CURVE('',#4629,#4630,#4077,.T.);
#5727=EDGE_CURVE('',#4630,#4631,#4078,.T.);
#5728=EDGE_CURVE('',#4631,#4632,#1865,.T.);
#5729=EDGE_CURVE('',#4632,#4633,#4079,.T.);
#5730=EDGE_CURVE('',#4633,#4634,#1866,.T.);
#5731=EDGE_CURVE('',#4634,#4635,#4080,.T.);
#5732=EDGE_CURVE('',#4635,#4636,#1867,.T.);
#5733=EDGE_CURVE('',#4636,#4637,#4081,.T.);
#5734=EDGE_CURVE('',#4637,#4638,#1868,.T.);
#5735=EDGE_CURVE('',#4638,#4639,#4082,.T.);
#5736=EDGE_CURVE('',#4639,#4640,#1869,.T.);
#5737=EDGE_CURVE('',#4640,#4641,#4083,.T.);
#5738=EDGE_CURVE('',#4641,#4642,#1870,.T.);
#5739=EDGE_CURVE('',#4642,#4643,#4084,.T.);
#5740=EDGE_CURVE('',#4643,#4644,#1871,.T.);
#5741=EDGE_CURVE('',#4644,#4645,#4085,.T.);
#5742=EDGE_CURVE('',#4645,#4646,#1872,.T.);
#5743=EDGE_CURVE('',#4646,#4647,#4086,.T.);
#5744=EDGE_CURVE('',#4647,#4648,#1873,.T.);
#5745=EDGE_CURVE('',#4648,#4649,#4087,.T.);
#5746=EDGE_CURVE('',#4649,#4650,#1874,.T.);
#5747=EDGE_CURVE('',#4650,#4651,#4088,.T.);
#5748=EDGE_CURVE('',#4651,#4652,#1875,.T.);
#5749=EDGE_CURVE('',#4652,#4653,#4089,.T.);
#5750=EDGE_CURVE('',#4653,#4654,#1876,.T.);
#5751=EDGE_CURVE('',#4654,#4655,#4090,.T.);
#5752=EDGE_CURVE('',#4655,#4656,#1877,.T.);
#5753=EDGE_CURVE('',#4656,#4657,#4091,.T.);
#5754=EDGE_CURVE('',#4657,#4658,#1878,.T.);
#5755=EDGE_CURVE('',#4658,#4659,#4092,.T.);
#5756=EDGE_CURVE('',#4659,#4660,#1879,.T.);
#5757=EDGE_CURVE('',#4660,#4661,#4093,.T.);
#5758=EDGE_CURVE('',#4661,#4662,#1880,.T.);
#5759=EDGE_CURVE('',#4662,#4663,#4094,.T.);
#5760=EDGE_CURVE('',#4663,#4664,#1881,.T.);
#5761=EDGE_CURVE('',#4664,#4665,#4095,.T.);
#5762=EDGE_CURVE('',#4665,#4666,#1882,.T.);
#5763=EDGE_CURVE('',#4666,#4511,#4096,.T.);
#5764=EDGE_CURVE('',#4667,#4668,#4097,.T.);
#5765=EDGE_CURVE('',#4669,#4667,#1883,.T.);
#5766=EDGE_CURVE('',#4670,#4669,#4098,.T.);
#5767=EDGE_CURVE('',#4670,#4668,#1884,.T.);
#5768=EDGE_CURVE('',#4668,#4671,#1885,.T.);
#5769=EDGE_CURVE('',#4672,#4670,#1886,.T.);
#5770=EDGE_CURVE('',#4672,#4671,#1887,.T.);
#5771=EDGE_CURVE('',#4673,#4674,#1888,.T.);
#5772=EDGE_CURVE('',#4675,#4673,#1889,.T.);
#5773=EDGE_CURVE('',#4675,#4676,#1890,.T.);
#5774=EDGE_CURVE('',#4676,#4674,#1891,.T.);
#5775=EDGE_CURVE('',#4674,#4677,#4099,.T.);
#5776=EDGE_CURVE('',#4676,#4678,#4100,.T.);
#5777=EDGE_CURVE('',#4678,#4677,#1892,.T.);
#5778=EDGE_CURVE('',#4671,#4679,#4101,.T.);
#5779=EDGE_CURVE('',#4680,#4672,#4102,.T.);
#5780=EDGE_CURVE('',#4680,#4679,#1893,.T.);
#5781=EDGE_CURVE('',#4679,#4667,#1894,.T.);
#5782=EDGE_CURVE('',#4669,#4680,#1895,.T.);
#5783=EDGE_CURVE('',#4677,#4681,#1896,.T.);
#5784=EDGE_CURVE('',#4678,#4682,#1897,.T.);
#5785=EDGE_CURVE('',#4682,#4681,#1898,.T.);
#5786=EDGE_CURVE('',#4681,#4673,#4103,.T.);
#5787=EDGE_CURVE('',#4682,#4675,#4104,.T.);
#5788=EDGE_CURVE('',#4683,#4684,#4105,.T.);
#5789=EDGE_CURVE('',#4685,#4683,#1899,.T.);
#5790=EDGE_CURVE('',#4686,#4685,#4106,.T.);
#5791=EDGE_CURVE('',#4686,#4684,#1900,.T.);
#5792=EDGE_CURVE('',#4684,#4687,#1901,.T.);
#5793=EDGE_CURVE('',#4688,#4686,#1902,.T.);
#5794=EDGE_CURVE('',#4688,#4687,#1903,.T.);
#5795=EDGE_CURVE('',#4689,#4690,#1904,.T.);
#5796=EDGE_CURVE('',#4691,#4689,#1905,.T.);
#5797=EDGE_CURVE('',#4691,#4692,#1906,.T.);
#5798=EDGE_CURVE('',#4692,#4690,#1907,.T.);
#5799=EDGE_CURVE('',#4690,#4693,#4107,.T.);
#5800=EDGE_CURVE('',#4692,#4694,#4108,.T.);
#5801=EDGE_CURVE('',#4694,#4693,#1908,.T.);
#5802=EDGE_CURVE('',#4687,#4695,#4109,.T.);
#5803=EDGE_CURVE('',#4696,#4688,#4110,.T.);
#5804=EDGE_CURVE('',#4696,#4695,#1909,.T.);
#5805=EDGE_CURVE('',#4695,#4683,#1910,.T.);
#5806=EDGE_CURVE('',#4685,#4696,#1911,.T.);
#5807=EDGE_CURVE('',#4693,#4697,#1912,.T.);
#5808=EDGE_CURVE('',#4694,#4698,#1913,.T.);
#5809=EDGE_CURVE('',#4698,#4697,#1914,.T.);
#5810=EDGE_CURVE('',#4697,#4689,#4111,.T.);
#5811=EDGE_CURVE('',#4698,#4691,#4112,.T.);
#5812=EDGE_CURVE('',#4699,#4700,#1915,.T.);
#5813=EDGE_CURVE('',#4700,#4701,#1916,.T.);
#5814=EDGE_CURVE('',#4701,#4702,#1917,.T.);
#5815=EDGE_CURVE('',#4702,#4699,#1918,.T.);
#5816=EDGE_CURVE('',#4703,#4703,#4113,.T.);
#5817=EDGE_CURVE('',#4704,#4705,#1919,.T.);
#5818=EDGE_CURVE('',#4705,#4706,#1920,.T.);
#5819=EDGE_CURVE('',#4706,#4707,#1921,.T.);
#5820=EDGE_CURVE('',#4707,#4704,#1922,.T.);
#5821=EDGE_CURVE('',#4708,#4708,#4114,.T.);
#5822=EDGE_CURVE('',#4709,#4709,#4115,.T.);
#5823=EDGE_CURVE('',#4709,#4630,#1923,.T.);
#5824=EDGE_CURVE('',#4629,#4554,#1924,.T.);
#5825=EDGE_CURVE('',#4631,#4553,#1925,.T.);
#5826=EDGE_CURVE('',#4632,#4552,#1926,.T.);
#5827=EDGE_CURVE('',#4710,#4711,#1927,.T.);
#5828=EDGE_CURVE('',#4712,#4710,#1928,.F.);
#5829=EDGE_CURVE('',#4712,#4713,#1929,.T.);
#5830=EDGE_CURVE('',#4711,#4713,#1930,.F.);
#5831=EDGE_CURVE('',#4714,#4699,#1931,.F.);
#5832=EDGE_CURVE('',#4714,#4715,#1932,.T.);
#5833=EDGE_CURVE('',#4700,#4715,#1933,.F.);
#5834=EDGE_CURVE('',#4713,#4714,#1934,.F.);
#5835=EDGE_CURVE('',#4715,#4712,#1935,.F.);
#5836=EDGE_CURVE('',#4711,#4716,#1936,.T.);
#5837=EDGE_CURVE('',#4716,#4717,#1937,.T.);
#5838=EDGE_CURVE('',#4717,#4710,#1938,.T.);
#5839=EDGE_CURVE('',#4718,#4719,#1939,.T.);
#5840=EDGE_CURVE('',#4720,#4718,#1940,.F.);
#5841=EDGE_CURVE('',#4720,#4721,#1941,.T.);
#5842=EDGE_CURVE('',#4719,#4721,#1942,.F.);
#5843=EDGE_CURVE('',#4722,#4716,#1943,.F.);
#5844=EDGE_CURVE('',#4722,#4723,#1944,.T.);
#5845=EDGE_CURVE('',#4717,#4723,#1945,.F.);
#5846=EDGE_CURVE('',#4721,#4722,#1946,.F.);
#5847=EDGE_CURVE('',#4723,#4720,#1947,.F.);
#5848=EDGE_CURVE('',#4719,#4724,#1948,.T.);
#5849=EDGE_CURVE('',#4724,#4725,#1949,.T.);
#5850=EDGE_CURVE('',#4725,#4718,#1950,.T.);
#5851=EDGE_CURVE('',#4726,#4727,#1951,.T.);
#5852=EDGE_CURVE('',#4728,#4726,#1952,.F.);
#5853=EDGE_CURVE('',#4728,#4729,#1953,.T.);
#5854=EDGE_CURVE('',#4727,#4729,#1954,.F.);
#5855=EDGE_CURVE('',#4730,#4724,#1955,.F.);
#5856=EDGE_CURVE('',#4730,#4731,#1956,.T.);
#5857=EDGE_CURVE('',#4725,#4731,#1957,.F.);
#5858=EDGE_CURVE('',#4729,#4730,#1958,.F.);
#5859=EDGE_CURVE('',#4731,#4728,#1959,.F.);
#5860=EDGE_CURVE('',#4727,#4732,#1960,.T.);
#5861=EDGE_CURVE('',#4732,#4733,#1961,.T.);
#5862=EDGE_CURVE('',#4733,#4726,#1962,.T.);
#5863=EDGE_CURVE('',#4734,#4735,#1963,.T.);
#5864=EDGE_CURVE('',#4736,#4734,#1964,.F.);
#5865=EDGE_CURVE('',#4736,#4737,#1965,.T.);
#5866=EDGE_CURVE('',#4735,#4737,#1966,.F.);
#5867=EDGE_CURVE('',#4738,#4732,#1967,.F.);
#5868=EDGE_CURVE('',#4738,#4739,#1968,.T.);
#5869=EDGE_CURVE('',#4733,#4739,#1969,.F.);
#5870=EDGE_CURVE('',#4737,#4738,#1970,.F.);
#5871=EDGE_CURVE('',#4739,#4736,#1971,.F.);
#5872=EDGE_CURVE('',#4735,#4740,#1972,.T.);
#5873=EDGE_CURVE('',#4740,#4741,#1973,.T.);
#5874=EDGE_CURVE('',#4741,#4734,#1974,.T.);
#5875=EDGE_CURVE('',#4742,#4743,#1975,.T.);
#5876=EDGE_CURVE('',#4744,#4742,#1976,.F.);
#5877=EDGE_CURVE('',#4744,#4745,#1977,.T.);
#5878=EDGE_CURVE('',#4743,#4745,#1978,.F.);
#5879=EDGE_CURVE('',#4746,#4740,#1979,.F.);
#5880=EDGE_CURVE('',#4746,#4747,#1980,.T.);
#5881=EDGE_CURVE('',#4741,#4747,#1981,.F.);
#5882=EDGE_CURVE('',#4745,#4746,#1982,.F.);
#5883=EDGE_CURVE('',#4747,#4744,#1983,.F.);
#5884=EDGE_CURVE('',#4743,#4748,#1984,.T.);
#5885=EDGE_CURVE('',#4748,#4749,#1985,.T.);
#5886=EDGE_CURVE('',#4749,#4742,#1986,.T.);
#5887=EDGE_CURVE('',#4750,#4751,#1987,.T.);
#5888=EDGE_CURVE('',#4752,#4750,#1988,.F.);
#5889=EDGE_CURVE('',#4752,#4753,#1989,.T.);
#5890=EDGE_CURVE('',#4751,#4753,#1990,.F.);
#5891=EDGE_CURVE('',#4754,#4748,#1991,.F.);
#5892=EDGE_CURVE('',#4754,#4755,#1992,.T.);
#5893=EDGE_CURVE('',#4749,#4755,#1993,.F.);
#5894=EDGE_CURVE('',#4753,#4754,#1994,.F.);
#5895=EDGE_CURVE('',#4755,#4752,#1995,.F.);
#5896=EDGE_CURVE('',#4751,#4756,#1996,.T.);
#5897=EDGE_CURVE('',#4756,#4757,#1997,.T.);
#5898=EDGE_CURVE('',#4757,#4750,#1998,.T.);
#5899=EDGE_CURVE('',#4758,#4759,#1999,.T.);
#5900=EDGE_CURVE('',#4760,#4758,#2000,.F.);
#5901=EDGE_CURVE('',#4760,#4761,#2001,.T.);
#5902=EDGE_CURVE('',#4759,#4761,#2002,.F.);
#5903=EDGE_CURVE('',#4762,#4756,#2003,.F.);
#5904=EDGE_CURVE('',#4762,#4763,#2004,.T.);
#5905=EDGE_CURVE('',#4757,#4763,#2005,.F.);
#5906=EDGE_CURVE('',#4761,#4762,#2006,.F.);
#5907=EDGE_CURVE('',#4763,#4760,#2007,.F.);
#5908=EDGE_CURVE('',#4759,#4764,#2008,.T.);
#5909=EDGE_CURVE('',#4764,#4765,#2009,.T.);
#5910=EDGE_CURVE('',#4765,#4758,#2010,.T.);
#5911=EDGE_CURVE('',#4766,#4767,#2011,.T.);
#5912=EDGE_CURVE('',#4768,#4766,#2012,.F.);
#5913=EDGE_CURVE('',#4768,#4769,#2013,.T.);
#5914=EDGE_CURVE('',#4767,#4769,#2014,.F.);
#5915=EDGE_CURVE('',#4770,#4764,#2015,.F.);
#5916=EDGE_CURVE('',#4770,#4771,#2016,.T.);
#5917=EDGE_CURVE('',#4765,#4771,#2017,.F.);
#5918=EDGE_CURVE('',#4769,#4770,#2018,.F.);
#5919=EDGE_CURVE('',#4771,#4768,#2019,.F.);
#5920=EDGE_CURVE('',#4767,#4772,#2020,.T.);
#5921=EDGE_CURVE('',#4772,#4773,#2021,.T.);
#5922=EDGE_CURVE('',#4773,#4766,#2022,.T.);
#5923=EDGE_CURVE('',#4774,#4775,#2023,.T.);
#5924=EDGE_CURVE('',#4776,#4774,#2024,.F.);
#5925=EDGE_CURVE('',#4776,#4777,#2025,.T.);
#5926=EDGE_CURVE('',#4775,#4777,#2026,.F.);
#5927=EDGE_CURVE('',#4778,#4772,#2027,.F.);
#5928=EDGE_CURVE('',#4778,#4779,#2028,.T.);
#5929=EDGE_CURVE('',#4773,#4779,#2029,.F.);
#5930=EDGE_CURVE('',#4777,#4778,#2030,.F.);
#5931=EDGE_CURVE('',#4779,#4776,#2031,.F.);
#5932=EDGE_CURVE('',#4775,#4780,#2032,.T.);
#5933=EDGE_CURVE('',#4780,#4781,#2033,.T.);
#5934=EDGE_CURVE('',#4781,#4774,#2034,.T.);
#5935=EDGE_CURVE('',#4782,#4783,#2035,.T.);
#5936=EDGE_CURVE('',#4784,#4782,#2036,.F.);
#5937=EDGE_CURVE('',#4784,#4785,#2037,.T.);
#5938=EDGE_CURVE('',#4783,#4785,#2038,.F.);
#5939=EDGE_CURVE('',#4786,#4780,#2039,.F.);
#5940=EDGE_CURVE('',#4786,#4787,#2040,.T.);
#5941=EDGE_CURVE('',#4781,#4787,#2041,.F.);
#5942=EDGE_CURVE('',#4785,#4786,#2042,.F.);
#5943=EDGE_CURVE('',#4787,#4784,#2043,.F.);
#5944=EDGE_CURVE('',#4783,#4788,#2044,.T.);
#5945=EDGE_CURVE('',#4788,#4789,#2045,.T.);
#5946=EDGE_CURVE('',#4789,#4782,#2046,.T.);
#5947=EDGE_CURVE('',#4790,#4791,#2047,.T.);
#5948=EDGE_CURVE('',#4792,#4790,#2048,.F.);
#5949=EDGE_CURVE('',#4792,#4793,#2049,.T.);
#5950=EDGE_CURVE('',#4791,#4793,#2050,.F.);
#5951=EDGE_CURVE('',#4794,#4788,#2051,.F.);
#5952=EDGE_CURVE('',#4794,#4795,#2052,.T.);
#5953=EDGE_CURVE('',#4789,#4795,#2053,.F.);
#5954=EDGE_CURVE('',#4793,#4794,#2054,.F.);
#5955=EDGE_CURVE('',#4795,#4792,#2055,.F.);
#5956=EDGE_CURVE('',#4791,#4796,#2056,.T.);
#5957=EDGE_CURVE('',#4796,#4797,#2057,.T.);
#5958=EDGE_CURVE('',#4797,#4790,#2058,.T.);
#5959=EDGE_CURVE('',#4798,#4799,#2059,.T.);
#5960=EDGE_CURVE('',#4800,#4798,#2060,.F.);
#5961=EDGE_CURVE('',#4800,#4801,#2061,.T.);
#5962=EDGE_CURVE('',#4799,#4801,#2062,.F.);
#5963=EDGE_CURVE('',#4802,#4796,#2063,.F.);
#5964=EDGE_CURVE('',#4802,#4803,#2064,.T.);
#5965=EDGE_CURVE('',#4797,#4803,#2065,.F.);
#5966=EDGE_CURVE('',#4801,#4802,#2066,.F.);
#5967=EDGE_CURVE('',#4803,#4800,#2067,.F.);
#5968=EDGE_CURVE('',#4799,#4804,#2068,.T.);
#5969=EDGE_CURVE('',#4804,#4805,#2069,.T.);
#5970=EDGE_CURVE('',#4805,#4798,#2070,.T.);
#5971=EDGE_CURVE('',#4806,#4807,#2071,.T.);
#5972=EDGE_CURVE('',#4808,#4806,#2072,.F.);
#5973=EDGE_CURVE('',#4808,#4809,#2073,.T.);
#5974=EDGE_CURVE('',#4807,#4809,#2074,.F.);
#5975=EDGE_CURVE('',#4810,#4804,#2075,.F.);
#5976=EDGE_CURVE('',#4810,#4811,#2076,.T.);
#5977=EDGE_CURVE('',#4805,#4811,#2077,.F.);
#5978=EDGE_CURVE('',#4809,#4810,#2078,.F.);
#5979=EDGE_CURVE('',#4811,#4808,#2079,.F.);
#5980=EDGE_CURVE('',#4807,#4812,#2080,.T.);
#5981=EDGE_CURVE('',#4812,#4813,#2081,.T.);
#5982=EDGE_CURVE('',#4813,#4806,#2082,.T.);
#5983=EDGE_CURVE('',#4814,#4704,#2083,.F.);
#5984=EDGE_CURVE('',#4814,#4815,#2084,.T.);
#5985=EDGE_CURVE('',#4705,#4815,#2085,.F.);
#5986=EDGE_CURVE('',#4816,#4812,#2086,.F.);
#5987=EDGE_CURVE('',#4816,#4817,#2087,.T.);
#5988=EDGE_CURVE('',#4813,#4817,#2088,.F.);
#5989=EDGE_CURVE('',#4815,#4816,#2089,.F.);
#5990=EDGE_CURVE('',#4817,#4814,#2090,.F.);
#5991=EDGE_CURVE('',#4515,#4593,#2091,.T.);
#5992=EDGE_CURVE('',#4555,#4628,#2092,.T.);
#5993=EDGE_CURVE('',#4633,#4551,#2093,.T.);
#5994=EDGE_CURVE('',#4556,#4627,#2094,.T.);
#5995=EDGE_CURVE('',#4634,#4550,#2095,.T.);
#5996=EDGE_CURVE('',#4557,#4626,#2096,.T.);
#5997=EDGE_CURVE('',#4635,#4549,#2097,.T.);
#5998=EDGE_CURVE('',#4558,#4625,#2098,.T.);
#5999=EDGE_CURVE('',#4636,#4548,#2099,.T.);
#6000=EDGE_CURVE('',#4559,#4624,#2100,.T.);
#6001=EDGE_CURVE('',#4637,#4547,#2101,.T.);
#6002=EDGE_CURVE('',#4560,#4623,#2102,.T.);
#6003=EDGE_CURVE('',#4638,#4546,#2103,.T.);
#6004=EDGE_CURVE('',#4561,#4622,#2104,.T.);
#6005=EDGE_CURVE('',#4639,#4545,#2105,.T.);
#6006=EDGE_CURVE('',#4562,#4621,#2106,.T.);
#6007=EDGE_CURVE('',#4640,#4544,#2107,.T.);
#6008=EDGE_CURVE('',#4563,#4620,#2108,.T.);
#6009=EDGE_CURVE('',#4641,#4543,#2109,.T.);
#6010=EDGE_CURVE('',#4564,#4619,#2110,.T.);
#6011=EDGE_CURVE('',#4642,#4542,#2111,.T.);
#6012=EDGE_CURVE('',#4565,#4618,#2112,.T.);
#6013=EDGE_CURVE('',#4643,#4541,#2113,.T.);
#6014=EDGE_CURVE('',#4566,#4617,#2114,.T.);
#6015=EDGE_CURVE('',#4644,#4540,#2115,.T.);
#6016=EDGE_CURVE('',#4567,#4616,#2116,.T.);
#6017=EDGE_CURVE('',#4645,#4539,#2117,.T.);
#6018=EDGE_CURVE('',#4568,#4615,#2118,.T.);
#6019=EDGE_CURVE('',#4646,#4538,#2119,.T.);
#6020=EDGE_CURVE('',#4569,#4614,#2120,.T.);
#6021=EDGE_CURVE('',#4647,#4537,#2121,.T.);
#6022=EDGE_CURVE('',#4570,#4613,#2122,.T.);
#6023=EDGE_CURVE('',#4648,#4536,#2123,.T.);
#6024=EDGE_CURVE('',#4571,#4612,#2124,.T.);
#6025=EDGE_CURVE('',#4649,#4535,#2125,.T.);
#6026=EDGE_CURVE('',#4572,#4611,#2126,.T.);
#6027=EDGE_CURVE('',#4650,#4534,#2127,.T.);
#6028=EDGE_CURVE('',#4573,#4610,#2128,.T.);
#6029=EDGE_CURVE('',#4651,#4533,#2129,.T.);
#6030=EDGE_CURVE('',#4574,#4609,#2130,.T.);
#6031=EDGE_CURVE('',#4652,#4532,#2131,.T.);
#6032=EDGE_CURVE('',#4575,#4608,#2132,.T.);
#6033=EDGE_CURVE('',#4653,#4531,#2133,.T.);
#6034=EDGE_CURVE('',#4576,#4607,#2134,.T.);
#6035=EDGE_CURVE('',#4654,#4530,#2135,.T.);
#6036=EDGE_CURVE('',#4577,#4606,#2136,.T.);
#6037=EDGE_CURVE('',#4655,#4529,#2137,.T.);
#6038=EDGE_CURVE('',#4578,#4605,#2138,.T.);
#6039=EDGE_CURVE('',#4656,#4528,#2139,.T.);
#6040=EDGE_CURVE('',#4579,#4604,#2140,.T.);
#6041=EDGE_CURVE('',#4657,#4527,#2141,.T.);
#6042=EDGE_CURVE('',#4580,#4603,#2142,.T.);
#6043=EDGE_CURVE('',#4658,#4526,#2143,.T.);
#6044=EDGE_CURVE('',#4581,#4602,#2144,.T.);
#6045=EDGE_CURVE('',#4659,#4525,#2145,.T.);
#6046=EDGE_CURVE('',#4582,#4601,#2146,.T.);
#6047=EDGE_CURVE('',#4660,#4524,#2147,.T.);
#6048=EDGE_CURVE('',#4583,#4600,#2148,.T.);
#6049=EDGE_CURVE('',#4661,#4523,#2149,.T.);
#6050=EDGE_CURVE('',#4584,#4599,#2150,.T.);
#6051=EDGE_CURVE('',#4662,#4522,#2151,.T.);
#6052=EDGE_CURVE('',#4585,#4598,#2152,.T.);
#6053=EDGE_CURVE('',#4663,#4521,#2153,.T.);
#6054=EDGE_CURVE('',#4586,#4597,#2154,.T.);
#6055=EDGE_CURVE('',#4664,#4520,#2155,.T.);
#6056=EDGE_CURVE('',#4587,#4596,#2156,.T.);
#6057=EDGE_CURVE('',#4665,#4519,#2157,.T.);
#6058=EDGE_CURVE('',#4588,#4595,#2158,.T.);
#6059=EDGE_CURVE('',#4666,#4518,#2159,.T.);
#6060=EDGE_CURVE('',#4589,#4594,#2160,.T.);
#6061=EDGE_CURVE('',#4702,#4506,#2161,.T.);
#6062=EDGE_CURVE('',#4706,#4505,#2162,.F.);
#6063=EDGE_CURVE('',#4508,#4703,#2163,.T.);
#6064=EDGE_CURVE('',#4509,#4708,#2164,.T.);
#6065=EDGE_CURVE('',#4707,#4504,#2165,.T.);
#6066=EDGE_CURVE('',#4701,#4507,#2166,.F.);
#6067=EDGE_CURVE('',#4818,#4819,#2167,.T.);
#6068=EDGE_CURVE('',#4819,#4820,#2168,.T.);
#6069=EDGE_CURVE('',#4821,#4820,#2169,.T.);
#6070=EDGE_CURVE('',#4818,#4821,#2170,.T.);
#6071=EDGE_CURVE('',#4822,#4818,#2171,.T.);
#6072=EDGE_CURVE('',#4823,#4821,#2172,.T.);
#6073=EDGE_CURVE('',#4822,#4823,#2173,.T.);
#6074=EDGE_CURVE('',#4824,#4822,#2174,.T.);
#6075=EDGE_CURVE('',#4825,#4823,#2175,.T.);
#6076=EDGE_CURVE('',#4824,#4825,#2176,.T.);
#6077=EDGE_CURVE('',#4819,#4824,#2177,.T.);
#6078=EDGE_CURVE('',#4820,#4825,#2178,.T.);
#6079=EDGE_CURVE('',#4826,#4827,#2179,.T.);
#6080=EDGE_CURVE('',#4827,#4828,#2180,.T.);
#6081=EDGE_CURVE('',#4829,#4828,#2181,.T.);
#6082=EDGE_CURVE('',#4826,#4829,#2182,.T.);
#6083=EDGE_CURVE('',#4830,#4826,#2183,.T.);
#6084=EDGE_CURVE('',#4831,#4829,#2184,.T.);
#6085=EDGE_CURVE('',#4830,#4831,#2185,.T.);
#6086=EDGE_CURVE('',#4832,#4830,#2186,.T.);
#6087=EDGE_CURVE('',#4833,#4831,#2187,.T.);
#6088=EDGE_CURVE('',#4832,#4833,#2188,.T.);
#6089=EDGE_CURVE('',#4827,#4832,#2189,.T.);
#6090=EDGE_CURVE('',#4828,#4833,#2190,.T.);
#6091=EDGE_CURVE('',#4834,#4835,#2191,.T.);
#6092=EDGE_CURVE('',#4834,#4836,#2192,.T.);
#6093=EDGE_CURVE('',#4837,#4836,#2193,.T.);
#6094=EDGE_CURVE('',#4835,#4837,#2194,.T.);
#6095=EDGE_CURVE('',#4835,#4838,#2195,.T.);
#6096=EDGE_CURVE('',#4839,#4837,#2196,.T.);
#6097=EDGE_CURVE('',#4838,#4839,#2197,.T.);
#6098=EDGE_CURVE('',#4838,#4840,#2198,.T.);
#6099=EDGE_CURVE('',#4841,#4839,#2199,.T.);
#6100=EDGE_CURVE('',#4840,#4841,#2200,.T.);
#6101=EDGE_CURVE('',#4840,#4834,#2201,.T.);
#6102=EDGE_CURVE('',#4836,#4841,#2202,.T.);
#6103=EDGE_CURVE('',#4842,#4843,#2203,.T.);
#6104=EDGE_CURVE('',#4842,#4844,#2204,.T.);
#6105=EDGE_CURVE('',#4845,#4844,#2205,.T.);
#6106=EDGE_CURVE('',#4843,#4845,#2206,.T.);
#6107=EDGE_CURVE('',#4843,#4846,#2207,.T.);
#6108=EDGE_CURVE('',#4847,#4845,#2208,.T.);
#6109=EDGE_CURVE('',#4846,#4847,#2209,.T.);
#6110=EDGE_CURVE('',#4846,#4848,#2210,.T.);
#6111=EDGE_CURVE('',#4849,#4847,#2211,.T.);
#6112=EDGE_CURVE('',#4848,#4849,#2212,.T.);
#6113=EDGE_CURVE('',#4848,#4842,#2213,.T.);
#6114=EDGE_CURVE('',#4844,#4849,#2214,.T.);
#6115=EDGE_CURVE('',#4850,#4851,#4116,.T.);
#6116=EDGE_CURVE('',#4852,#4850,#2215,.T.);
#6117=EDGE_CURVE('',#4853,#4852,#4117,.T.);
#6118=EDGE_CURVE('',#4853,#4851,#2216,.T.);
#6119=EDGE_CURVE('',#4851,#4854,#4118,.T.);
#6120=EDGE_CURVE('',#4855,#4853,#4119,.T.);
#6121=EDGE_CURVE('',#4855,#4854,#2217,.T.);
#6122=EDGE_CURVE('',#4854,#4856,#4120,.T.);
#6123=EDGE_CURVE('',#4857,#4855,#4121,.T.);
#6124=EDGE_CURVE('',#4857,#4856,#2218,.T.);
#6125=EDGE_CURVE('',#4856,#4858,#2219,.T.);
#6126=EDGE_CURVE('',#4859,#4857,#2220,.T.);
#6127=EDGE_CURVE('',#4859,#4858,#2221,.T.);
#6128=EDGE_CURVE('',#4858,#4860,#4122,.T.);
#6129=EDGE_CURVE('',#4861,#4859,#4123,.T.);
#6130=EDGE_CURVE('',#4861,#4860,#2222,.T.);
#6131=EDGE_CURVE('',#4860,#4862,#4124,.T.);
#6132=EDGE_CURVE('',#4863,#4861,#4125,.T.);
#6133=EDGE_CURVE('',#4863,#4862,#2223,.T.);
#6134=EDGE_CURVE('',#4862,#4864,#2224,.T.);
#6135=EDGE_CURVE('',#4865,#4863,#2225,.T.);
#6136=EDGE_CURVE('',#4865,#4864,#2226,.T.);
#6137=EDGE_CURVE('',#4864,#4866,#4126,.T.);
#6138=EDGE_CURVE('',#4867,#4865,#4127,.T.);
#6139=EDGE_CURVE('',#4867,#4866,#2227,.T.);
#6140=EDGE_CURVE('',#4866,#4868,#4128,.T.);
#6141=EDGE_CURVE('',#4869,#4867,#4129,.T.);
#6142=EDGE_CURVE('',#4869,#4868,#2228,.T.);
#6143=EDGE_CURVE('',#4868,#4870,#2229,.T.);
#6144=EDGE_CURVE('',#4871,#4869,#2230,.T.);
#6145=EDGE_CURVE('',#4871,#4870,#2231,.T.);
#6146=EDGE_CURVE('',#4872,#4873,#4130,.T.);
#6147=EDGE_CURVE('',#4874,#4872,#2232,.T.);
#6148=EDGE_CURVE('',#4874,#4875,#4131,.T.);
#6149=EDGE_CURVE('',#4875,#4873,#2233,.T.);
#6150=EDGE_CURVE('',#4873,#4876,#4132,.T.);
#6151=EDGE_CURVE('',#4875,#4877,#4133,.T.);
#6152=EDGE_CURVE('',#4877,#4876,#2234,.T.);
#6153=EDGE_CURVE('',#4876,#4878,#2235,.T.);
#6154=EDGE_CURVE('',#4877,#4879,#2236,.T.);
#6155=EDGE_CURVE('',#4879,#4878,#2237,.T.);
#6156=EDGE_CURVE('',#4878,#4880,#4134,.T.);
#6157=EDGE_CURVE('',#4879,#4881,#4135,.T.);
#6158=EDGE_CURVE('',#4881,#4880,#2238,.T.);
#6159=EDGE_CURVE('',#4880,#4882,#4136,.T.);
#6160=EDGE_CURVE('',#4881,#4883,#4137,.T.);
#6161=EDGE_CURVE('',#4883,#4882,#2239,.T.);
#6162=EDGE_CURVE('',#4882,#4884,#2240,.T.);
#6163=EDGE_CURVE('',#4883,#4885,#2241,.T.);
#6164=EDGE_CURVE('',#4885,#4884,#2242,.T.);
#6165=EDGE_CURVE('',#4884,#4886,#4138,.T.);
#6166=EDGE_CURVE('',#4885,#4887,#4139,.T.);
#6167=EDGE_CURVE('',#4887,#4886,#2243,.T.);
#6168=EDGE_CURVE('',#4886,#4888,#4140,.T.);
#6169=EDGE_CURVE('',#4887,#4889,#4141,.T.);
#6170=EDGE_CURVE('',#4889,#4888,#2244,.T.);
#6171=EDGE_CURVE('',#4888,#4890,#4142,.T.);
#6172=EDGE_CURVE('',#4889,#4891,#4143,.T.);
#6173=EDGE_CURVE('',#4891,#4890,#2245,.T.);
#6174=EDGE_CURVE('',#4890,#4892,#2246,.T.);
#6175=EDGE_CURVE('',#4891,#4893,#2247,.T.);
#6176=EDGE_CURVE('',#4893,#4892,#2248,.T.);
#6177=EDGE_CURVE('',#4870,#4894,#4144,.T.);
#6178=EDGE_CURVE('',#4895,#4871,#4145,.T.);
#6179=EDGE_CURVE('',#4895,#4894,#2249,.T.);
#6180=EDGE_CURVE('',#4894,#4896,#4146,.T.);
#6181=EDGE_CURVE('',#4897,#4895,#4147,.T.);
#6182=EDGE_CURVE('',#4897,#4896,#2250,.T.);
#6183=EDGE_CURVE('',#4896,#4898,#4148,.T.);
#6184=EDGE_CURVE('',#4899,#4897,#4149,.T.);
#6185=EDGE_CURVE('',#4899,#4898,#2251,.T.);
#6186=EDGE_CURVE('',#4898,#4900,#2252,.T.);
#6187=EDGE_CURVE('',#4901,#4899,#2253,.T.);
#6188=EDGE_CURVE('',#4901,#4900,#2254,.T.);
#6189=EDGE_CURVE('',#4900,#4902,#4150,.T.);
#6190=EDGE_CURVE('',#4903,#4901,#4151,.T.);
#6191=EDGE_CURVE('',#4903,#4902,#2255,.T.);
#6192=EDGE_CURVE('',#4902,#4904,#4152,.T.);
#6193=EDGE_CURVE('',#4905,#4903,#4153,.T.);
#6194=EDGE_CURVE('',#4905,#4904,#2256,.T.);
#6195=EDGE_CURVE('',#4904,#4906,#2257,.T.);
#6196=EDGE_CURVE('',#4907,#4905,#2258,.T.);
#6197=EDGE_CURVE('',#4907,#4906,#2259,.T.);
#6198=EDGE_CURVE('',#4906,#4908,#4154,.T.);
#6199=EDGE_CURVE('',#4909,#4907,#4155,.T.);
#6200=EDGE_CURVE('',#4909,#4908,#2260,.T.);
#6201=EDGE_CURVE('',#4908,#4910,#4156,.T.);
#6202=EDGE_CURVE('',#4911,#4909,#4157,.T.);
#6203=EDGE_CURVE('',#4911,#4910,#2261,.T.);
#6204=EDGE_CURVE('',#4910,#4850,#2262,.T.);
#6205=EDGE_CURVE('',#4852,#4911,#2263,.T.);
#6206=EDGE_CURVE('',#4892,#4912,#4158,.T.);
#6207=EDGE_CURVE('',#4893,#4913,#4159,.T.);
#6208=EDGE_CURVE('',#4913,#4912,#2264,.T.);
#6209=EDGE_CURVE('',#4912,#4914,#4160,.T.);
#6210=EDGE_CURVE('',#4913,#4915,#4161,.T.);
#6211=EDGE_CURVE('',#4915,#4914,#2265,.T.);
#6212=EDGE_CURVE('',#4914,#4916,#2266,.T.);
#6213=EDGE_CURVE('',#4915,#4917,#2267,.T.);
#6214=EDGE_CURVE('',#4917,#4916,#2268,.T.);
#6215=EDGE_CURVE('',#4916,#4918,#4162,.T.);
#6216=EDGE_CURVE('',#4917,#4919,#4163,.T.);
#6217=EDGE_CURVE('',#4919,#4918,#2269,.T.);
#6218=EDGE_CURVE('',#4918,#4920,#4164,.T.);
#6219=EDGE_CURVE('',#4919,#4921,#4165,.T.);
#6220=EDGE_CURVE('',#4921,#4920,#2270,.T.);
#6221=EDGE_CURVE('',#4920,#4922,#2271,.T.);
#6222=EDGE_CURVE('',#4921,#4923,#2272,.T.);
#6223=EDGE_CURVE('',#4923,#4922,#2273,.T.);
#6224=EDGE_CURVE('',#4922,#4924,#4166,.T.);
#6225=EDGE_CURVE('',#4923,#4925,#4167,.T.);
#6226=EDGE_CURVE('',#4925,#4924,#2274,.T.);
#6227=EDGE_CURVE('',#4924,#4926,#4168,.T.);
#6228=EDGE_CURVE('',#4925,#4927,#4169,.T.);
#6229=EDGE_CURVE('',#4927,#4926,#2275,.T.);
#6230=EDGE_CURVE('',#4926,#4928,#4170,.T.);
#6231=EDGE_CURVE('',#4927,#4929,#4171,.T.);
#6232=EDGE_CURVE('',#4929,#4928,#2276,.T.);
#6233=EDGE_CURVE('',#4928,#4872,#2277,.T.);
#6234=EDGE_CURVE('',#4929,#4874,#2278,.T.);
#6235=EDGE_CURVE('',#4930,#4931,#2279,.T.);
#6236=EDGE_CURVE('',#4931,#4932,#2280,.F.);
#6237=EDGE_CURVE('',#4932,#4933,#2281,.T.);
#6238=EDGE_CURVE('',#4933,#4930,#2282,.F.);
#6239=EDGE_CURVE('',#4934,#4934,#4172,.T.);
#6240=EDGE_CURVE('',#4935,#4935,#4173,.T.);
#6241=EDGE_CURVE('',#4936,#4937,#2283,.T.);
#6242=EDGE_CURVE('',#4936,#4938,#2284,.T.);
#6243=EDGE_CURVE('',#4938,#4939,#2285,.T.);
#6244=EDGE_CURVE('',#4937,#4939,#2286,.T.);
#6245=EDGE_CURVE('',#4940,#4941,#2287,.T.);
#6246=EDGE_CURVE('',#4940,#4942,#4174,.T.);
#6247=EDGE_CURVE('',#4942,#4943,#4175,.T.);
#6248=EDGE_CURVE('',#4938,#4943,#2288,.T.);
#6249=EDGE_CURVE('',#4936,#4944,#4176,.T.);
#6250=EDGE_CURVE('',#4944,#4945,#2289,.T.);
#6251=EDGE_CURVE('',#4945,#4946,#4177,.T.);
#6252=EDGE_CURVE('',#4946,#4947,#2290,.T.);
#6253=EDGE_CURVE('',#4947,#4948,#4178,.T.);
#6254=EDGE_CURVE('',#4948,#4949,#2291,.T.);
#6255=EDGE_CURVE('',#4949,#4950,#4179,.T.);
#6256=EDGE_CURVE('',#4950,#4951,#2292,.T.);
#6257=EDGE_CURVE('',#4951,#4952,#4180,.T.);
#6258=EDGE_CURVE('',#4952,#4953,#2293,.T.);
#6259=EDGE_CURVE('',#4953,#4954,#4181,.T.);
#6260=EDGE_CURVE('',#4954,#4955,#2294,.T.);
#6261=EDGE_CURVE('',#4955,#4956,#4182,.T.);
#6262=EDGE_CURVE('',#4956,#4957,#2295,.T.);
#6263=EDGE_CURVE('',#4957,#4958,#4183,.T.);
#6264=EDGE_CURVE('',#4958,#4959,#2296,.T.);
#6265=EDGE_CURVE('',#4959,#4960,#4184,.T.);
#6266=EDGE_CURVE('',#4960,#4961,#2297,.T.);
#6267=EDGE_CURVE('',#4961,#4962,#4185,.T.);
#6268=EDGE_CURVE('',#4962,#4963,#2298,.T.);
#6269=EDGE_CURVE('',#4963,#4964,#4186,.T.);
#6270=EDGE_CURVE('',#4964,#4965,#2299,.T.);
#6271=EDGE_CURVE('',#4965,#4966,#4187,.T.);
#6272=EDGE_CURVE('',#4966,#4967,#2300,.T.);
#6273=EDGE_CURVE('',#4967,#4968,#4188,.T.);
#6274=EDGE_CURVE('',#4968,#4969,#2301,.T.);
#6275=EDGE_CURVE('',#4969,#4970,#4189,.T.);
#6276=EDGE_CURVE('',#4970,#4971,#2302,.T.);
#6277=EDGE_CURVE('',#4971,#4972,#4190,.T.);
#6278=EDGE_CURVE('',#4972,#4973,#2303,.T.);
#6279=EDGE_CURVE('',#4973,#4974,#4191,.T.);
#6280=EDGE_CURVE('',#4974,#4975,#2304,.T.);
#6281=EDGE_CURVE('',#4975,#4976,#4192,.T.);
#6282=EDGE_CURVE('',#4976,#4977,#2305,.T.);
#6283=EDGE_CURVE('',#4977,#4978,#4193,.T.);
#6284=EDGE_CURVE('',#4978,#4979,#2306,.T.);
#6285=EDGE_CURVE('',#4980,#4979,#4194,.T.);
#6286=EDGE_CURVE('',#4981,#4980,#2307,.T.);
#6287=EDGE_CURVE('',#4982,#4981,#4195,.T.);
#6288=EDGE_CURVE('',#4983,#4982,#2308,.T.);
#6289=EDGE_CURVE('',#4984,#4983,#4196,.T.);
#6290=EDGE_CURVE('',#4985,#4984,#2309,.T.);
#6291=EDGE_CURVE('',#4986,#4985,#4197,.T.);
#6292=EDGE_CURVE('',#4987,#4986,#2310,.T.);
#6293=EDGE_CURVE('',#4988,#4987,#4198,.T.);
#6294=EDGE_CURVE('',#4989,#4988,#2311,.T.);
#6295=EDGE_CURVE('',#4990,#4989,#4199,.T.);
#6296=EDGE_CURVE('',#4991,#4990,#2312,.T.);
#6297=EDGE_CURVE('',#4992,#4991,#4200,.T.);
#6298=EDGE_CURVE('',#4993,#4992,#2313,.T.);
#6299=EDGE_CURVE('',#4994,#4993,#4201,.T.);
#6300=EDGE_CURVE('',#4995,#4994,#2314,.T.);
#6301=EDGE_CURVE('',#4996,#4995,#4202,.T.);
#6302=EDGE_CURVE('',#4997,#4996,#2315,.T.);
#6303=EDGE_CURVE('',#4998,#4997,#4203,.T.);
#6304=EDGE_CURVE('',#4999,#4998,#2316,.T.);
#6305=EDGE_CURVE('',#5000,#4999,#4204,.T.);
#6306=EDGE_CURVE('',#5001,#5000,#2317,.T.);
#6307=EDGE_CURVE('',#5002,#5001,#4205,.T.);
#6308=EDGE_CURVE('',#5003,#5002,#2318,.T.);
#6309=EDGE_CURVE('',#5004,#5003,#4206,.T.);
#6310=EDGE_CURVE('',#5005,#5004,#2319,.T.);
#6311=EDGE_CURVE('',#5006,#5005,#4207,.T.);
#6312=EDGE_CURVE('',#5007,#5006,#2320,.T.);
#6313=EDGE_CURVE('',#5008,#5007,#4208,.T.);
#6314=EDGE_CURVE('',#5009,#5008,#2321,.T.);
#6315=EDGE_CURVE('',#5010,#5009,#4209,.T.);
#6316=EDGE_CURVE('',#5011,#5010,#2322,.T.);
#6317=EDGE_CURVE('',#5012,#5011,#4210,.T.);
#6318=EDGE_CURVE('',#5013,#5012,#2323,.T.);
#6319=EDGE_CURVE('',#5014,#5013,#4211,.T.);
#6320=EDGE_CURVE('',#5015,#5014,#2324,.T.);
#6321=EDGE_CURVE('',#4941,#5015,#4212,.T.);
#6322=EDGE_CURVE('',#5016,#5016,#4213,.T.);
#6323=EDGE_CURVE('',#5016,#4942,#2325,.T.);
#6324=EDGE_CURVE('',#5017,#4940,#2326,.T.);
#6325=EDGE_CURVE('',#5018,#5017,#4214,.T.);
#6326=EDGE_CURVE('',#5018,#4943,#2327,.T.);
#6327=EDGE_CURVE('',#4939,#5018,#2328,.T.);
#6328=EDGE_CURVE('',#5017,#5019,#2329,.T.);
#6329=EDGE_CURVE('',#5019,#5020,#4215,.T.);
#6330=EDGE_CURVE('',#5020,#5021,#2330,.T.);
#6331=EDGE_CURVE('',#5021,#5022,#4216,.T.);
#6332=EDGE_CURVE('',#5022,#5023,#2331,.T.);
#6333=EDGE_CURVE('',#5023,#5024,#4217,.T.);
#6334=EDGE_CURVE('',#5024,#5025,#2332,.T.);
#6335=EDGE_CURVE('',#5025,#5026,#4218,.T.);
#6336=EDGE_CURVE('',#5026,#5027,#2333,.T.);
#6337=EDGE_CURVE('',#5027,#5028,#4219,.T.);
#6338=EDGE_CURVE('',#5028,#5029,#2334,.T.);
#6339=EDGE_CURVE('',#5029,#5030,#4220,.T.);
#6340=EDGE_CURVE('',#5030,#5031,#2335,.T.);
#6341=EDGE_CURVE('',#5031,#5032,#4221,.T.);
#6342=EDGE_CURVE('',#5032,#5033,#2336,.T.);
#6343=EDGE_CURVE('',#5033,#5034,#4222,.T.);
#6344=EDGE_CURVE('',#5034,#5035,#2337,.T.);
#6345=EDGE_CURVE('',#5035,#5036,#4223,.T.);
#6346=EDGE_CURVE('',#5036,#5037,#2338,.T.);
#6347=EDGE_CURVE('',#5037,#5038,#4224,.T.);
#6348=EDGE_CURVE('',#5038,#5039,#2339,.T.);
#6349=EDGE_CURVE('',#5039,#5040,#4225,.T.);
#6350=EDGE_CURVE('',#5040,#5041,#2340,.T.);
#6351=EDGE_CURVE('',#5041,#5042,#4226,.T.);
#6352=EDGE_CURVE('',#5042,#5043,#2341,.T.);
#6353=EDGE_CURVE('',#5043,#5044,#4227,.T.);
#6354=EDGE_CURVE('',#5044,#5045,#2342,.T.);
#6355=EDGE_CURVE('',#5045,#5046,#4228,.T.);
#6356=EDGE_CURVE('',#5046,#5047,#2343,.T.);
#6357=EDGE_CURVE('',#5047,#5048,#4229,.T.);
#6358=EDGE_CURVE('',#5048,#5049,#2344,.T.);
#6359=EDGE_CURVE('',#5049,#5050,#4230,.T.);
#6360=EDGE_CURVE('',#5050,#5051,#2345,.T.);
#6361=EDGE_CURVE('',#5051,#5052,#4231,.T.);
#6362=EDGE_CURVE('',#5052,#5053,#2346,.T.);
#6363=EDGE_CURVE('',#5053,#5054,#4232,.T.);
#6364=EDGE_CURVE('',#5054,#5055,#2347,.T.);
#6365=EDGE_CURVE('',#5055,#5056,#4233,.T.);
#6366=EDGE_CURVE('',#5056,#5057,#4234,.T.);
#6367=EDGE_CURVE('',#5057,#5058,#2348,.T.);
#6368=EDGE_CURVE('',#5058,#5059,#4235,.T.);
#6369=EDGE_CURVE('',#5059,#5060,#2349,.T.);
#6370=EDGE_CURVE('',#5060,#5061,#4236,.T.);
#6371=EDGE_CURVE('',#5061,#5062,#2350,.T.);
#6372=EDGE_CURVE('',#5062,#5063,#4237,.T.);
#6373=EDGE_CURVE('',#5063,#5064,#2351,.T.);
#6374=EDGE_CURVE('',#5064,#5065,#4238,.T.);
#6375=EDGE_CURVE('',#5065,#5066,#2352,.T.);
#6376=EDGE_CURVE('',#5066,#5067,#4239,.T.);
#6377=EDGE_CURVE('',#5067,#5068,#2353,.T.);
#6378=EDGE_CURVE('',#5068,#5069,#4240,.T.);
#6379=EDGE_CURVE('',#5069,#5070,#2354,.T.);
#6380=EDGE_CURVE('',#5070,#5071,#4241,.T.);
#6381=EDGE_CURVE('',#5071,#5072,#2355,.T.);
#6382=EDGE_CURVE('',#5072,#5073,#4242,.T.);
#6383=EDGE_CURVE('',#5073,#5074,#2356,.T.);
#6384=EDGE_CURVE('',#5074,#5075,#4243,.T.);
#6385=EDGE_CURVE('',#5075,#5076,#2357,.T.);
#6386=EDGE_CURVE('',#5076,#5077,#4244,.T.);
#6387=EDGE_CURVE('',#5077,#5078,#2358,.T.);
#6388=EDGE_CURVE('',#5078,#5079,#4245,.T.);
#6389=EDGE_CURVE('',#5079,#5080,#2359,.T.);
#6390=EDGE_CURVE('',#5080,#5081,#4246,.T.);
#6391=EDGE_CURVE('',#5081,#5082,#2360,.T.);
#6392=EDGE_CURVE('',#5082,#5083,#4247,.T.);
#6393=EDGE_CURVE('',#5083,#5084,#2361,.T.);
#6394=EDGE_CURVE('',#5084,#5085,#4248,.T.);
#6395=EDGE_CURVE('',#5085,#5086,#2362,.T.);
#6396=EDGE_CURVE('',#5086,#5087,#4249,.T.);
#6397=EDGE_CURVE('',#5087,#5088,#2363,.T.);
#6398=EDGE_CURVE('',#5088,#5089,#4250,.T.);
#6399=EDGE_CURVE('',#5089,#5090,#2364,.T.);
#6400=EDGE_CURVE('',#5090,#5091,#4251,.T.);
#6401=EDGE_CURVE('',#5091,#5092,#2365,.T.);
#6402=EDGE_CURVE('',#5092,#4937,#4252,.T.);
#6403=EDGE_CURVE('',#5093,#5094,#4253,.T.);
#6404=EDGE_CURVE('',#5095,#5093,#2366,.T.);
#6405=EDGE_CURVE('',#5096,#5095,#4254,.T.);
#6406=EDGE_CURVE('',#5096,#5094,#2367,.T.);
#6407=EDGE_CURVE('',#5094,#5097,#2368,.T.);
#6408=EDGE_CURVE('',#5098,#5096,#2369,.T.);
#6409=EDGE_CURVE('',#5098,#5097,#2370,.T.);
#6410=EDGE_CURVE('',#5099,#5100,#2371,.T.);
#6411=EDGE_CURVE('',#5101,#5099,#2372,.T.);
#6412=EDGE_CURVE('',#5101,#5102,#2373,.T.);
#6413=EDGE_CURVE('',#5102,#5100,#2374,.T.);
#6414=EDGE_CURVE('',#5100,#5103,#4255,.T.);
#6415=EDGE_CURVE('',#5102,#5104,#4256,.T.);
#6416=EDGE_CURVE('',#5104,#5103,#2375,.T.);
#6417=EDGE_CURVE('',#5097,#5105,#4257,.T.);
#6418=EDGE_CURVE('',#5106,#5098,#4258,.T.);
#6419=EDGE_CURVE('',#5106,#5105,#2376,.T.);
#6420=EDGE_CURVE('',#5105,#5093,#2377,.T.);
#6421=EDGE_CURVE('',#5095,#5106,#2378,.T.);
#6422=EDGE_CURVE('',#5103,#5107,#2379,.T.);
#6423=EDGE_CURVE('',#5104,#5108,#2380,.T.);
#6424=EDGE_CURVE('',#5108,#5107,#2381,.T.);
#6425=EDGE_CURVE('',#5107,#5099,#4259,.T.);
#6426=EDGE_CURVE('',#5108,#5101,#4260,.T.);
#6427=EDGE_CURVE('',#5109,#5110,#4261,.T.);
#6428=EDGE_CURVE('',#5111,#5109,#2382,.T.);
#6429=EDGE_CURVE('',#5112,#5111,#4262,.T.);
#6430=EDGE_CURVE('',#5112,#5110,#2383,.T.);
#6431=EDGE_CURVE('',#5110,#5113,#2384,.T.);
#6432=EDGE_CURVE('',#5114,#5112,#2385,.T.);
#6433=EDGE_CURVE('',#5114,#5113,#2386,.T.);
#6434=EDGE_CURVE('',#5115,#5116,#2387,.T.);
#6435=EDGE_CURVE('',#5117,#5115,#2388,.T.);
#6436=EDGE_CURVE('',#5117,#5118,#2389,.T.);
#6437=EDGE_CURVE('',#5118,#5116,#2390,.T.);
#6438=EDGE_CURVE('',#5116,#5119,#4263,.T.);
#6439=EDGE_CURVE('',#5118,#5120,#4264,.T.);
#6440=EDGE_CURVE('',#5120,#5119,#2391,.T.);
#6441=EDGE_CURVE('',#5113,#5121,#4265,.T.);
#6442=EDGE_CURVE('',#5122,#5114,#4266,.T.);
#6443=EDGE_CURVE('',#5122,#5121,#2392,.T.);
#6444=EDGE_CURVE('',#5121,#5109,#2393,.T.);
#6445=EDGE_CURVE('',#5111,#5122,#2394,.T.);
#6446=EDGE_CURVE('',#5119,#5123,#2395,.T.);
#6447=EDGE_CURVE('',#5120,#5124,#2396,.T.);
#6448=EDGE_CURVE('',#5124,#5123,#2397,.T.);
#6449=EDGE_CURVE('',#5123,#5115,#4267,.T.);
#6450=EDGE_CURVE('',#5124,#5117,#4268,.T.);
#6451=EDGE_CURVE('',#5125,#5126,#2398,.T.);
#6452=EDGE_CURVE('',#5126,#5127,#2399,.T.);
#6453=EDGE_CURVE('',#5127,#5128,#2400,.T.);
#6454=EDGE_CURVE('',#5128,#5125,#2401,.T.);
#6455=EDGE_CURVE('',#5129,#5129,#4269,.T.);
#6456=EDGE_CURVE('',#5130,#5131,#2402,.T.);
#6457=EDGE_CURVE('',#5131,#5132,#2403,.T.);
#6458=EDGE_CURVE('',#5132,#5133,#2404,.T.);
#6459=EDGE_CURVE('',#5133,#5130,#2405,.T.);
#6460=EDGE_CURVE('',#5134,#5134,#4270,.T.);
#6461=EDGE_CURVE('',#5135,#5135,#4271,.T.);
#6462=EDGE_CURVE('',#5135,#5056,#2406,.T.);
#6463=EDGE_CURVE('',#5055,#4980,#2407,.T.);
#6464=EDGE_CURVE('',#5057,#4979,#2408,.T.);
#6465=EDGE_CURVE('',#5058,#4978,#2409,.T.);
#6466=EDGE_CURVE('',#5136,#5137,#2410,.T.);
#6467=EDGE_CURVE('',#5138,#5136,#2411,.F.);
#6468=EDGE_CURVE('',#5138,#5139,#2412,.T.);
#6469=EDGE_CURVE('',#5137,#5139,#2413,.F.);
#6470=EDGE_CURVE('',#5140,#5125,#2414,.F.);
#6471=EDGE_CURVE('',#5140,#5141,#2415,.T.);
#6472=EDGE_CURVE('',#5126,#5141,#2416,.F.);
#6473=EDGE_CURVE('',#5139,#5140,#2417,.F.);
#6474=EDGE_CURVE('',#5141,#5138,#2418,.F.);
#6475=EDGE_CURVE('',#5137,#5142,#2419,.T.);
#6476=EDGE_CURVE('',#5142,#5143,#2420,.T.);
#6477=EDGE_CURVE('',#5143,#5136,#2421,.T.);
#6478=EDGE_CURVE('',#5144,#5145,#2422,.T.);
#6479=EDGE_CURVE('',#5146,#5144,#2423,.F.);
#6480=EDGE_CURVE('',#5146,#5147,#2424,.T.);
#6481=EDGE_CURVE('',#5145,#5147,#2425,.F.);
#6482=EDGE_CURVE('',#5148,#5142,#2426,.F.);
#6483=EDGE_CURVE('',#5148,#5149,#2427,.T.);
#6484=EDGE_CURVE('',#5143,#5149,#2428,.F.);
#6485=EDGE_CURVE('',#5147,#5148,#2429,.F.);
#6486=EDGE_CURVE('',#5149,#5146,#2430,.F.);
#6487=EDGE_CURVE('',#5145,#5150,#2431,.T.);
#6488=EDGE_CURVE('',#5150,#5151,#2432,.T.);
#6489=EDGE_CURVE('',#5151,#5144,#2433,.T.);
#6490=EDGE_CURVE('',#5152,#5153,#2434,.T.);
#6491=EDGE_CURVE('',#5154,#5152,#2435,.F.);
#6492=EDGE_CURVE('',#5154,#5155,#2436,.T.);
#6493=EDGE_CURVE('',#5153,#5155,#2437,.F.);
#6494=EDGE_CURVE('',#5156,#5150,#2438,.F.);
#6495=EDGE_CURVE('',#5156,#5157,#2439,.T.);
#6496=EDGE_CURVE('',#5151,#5157,#2440,.F.);
#6497=EDGE_CURVE('',#5155,#5156,#2441,.F.);
#6498=EDGE_CURVE('',#5157,#5154,#2442,.F.);
#6499=EDGE_CURVE('',#5153,#5158,#2443,.T.);
#6500=EDGE_CURVE('',#5158,#5159,#2444,.T.);
#6501=EDGE_CURVE('',#5159,#5152,#2445,.T.);
#6502=EDGE_CURVE('',#5160,#5161,#2446,.T.);
#6503=EDGE_CURVE('',#5162,#5160,#2447,.F.);
#6504=EDGE_CURVE('',#5162,#5163,#2448,.T.);
#6505=EDGE_CURVE('',#5161,#5163,#2449,.F.);
#6506=EDGE_CURVE('',#5164,#5158,#2450,.F.);
#6507=EDGE_CURVE('',#5164,#5165,#2451,.T.);
#6508=EDGE_CURVE('',#5159,#5165,#2452,.F.);
#6509=EDGE_CURVE('',#5163,#5164,#2453,.F.);
#6510=EDGE_CURVE('',#5165,#5162,#2454,.F.);
#6511=EDGE_CURVE('',#5161,#5166,#2455,.T.);
#6512=EDGE_CURVE('',#5166,#5167,#2456,.T.);
#6513=EDGE_CURVE('',#5167,#5160,#2457,.T.);
#6514=EDGE_CURVE('',#5168,#5169,#2458,.T.);
#6515=EDGE_CURVE('',#5170,#5168,#2459,.F.);
#6516=EDGE_CURVE('',#5170,#5171,#2460,.T.);
#6517=EDGE_CURVE('',#5169,#5171,#2461,.F.);
#6518=EDGE_CURVE('',#5172,#5166,#2462,.F.);
#6519=EDGE_CURVE('',#5172,#5173,#2463,.T.);
#6520=EDGE_CURVE('',#5167,#5173,#2464,.F.);
#6521=EDGE_CURVE('',#5171,#5172,#2465,.F.);
#6522=EDGE_CURVE('',#5173,#5170,#2466,.F.);
#6523=EDGE_CURVE('',#5169,#5174,#2467,.T.);
#6524=EDGE_CURVE('',#5174,#5175,#2468,.T.);
#6525=EDGE_CURVE('',#5175,#5168,#2469,.T.);
#6526=EDGE_CURVE('',#5176,#5177,#2470,.T.);
#6527=EDGE_CURVE('',#5178,#5176,#2471,.F.);
#6528=EDGE_CURVE('',#5178,#5179,#2472,.T.);
#6529=EDGE_CURVE('',#5177,#5179,#2473,.F.);
#6530=EDGE_CURVE('',#5180,#5174,#2474,.F.);
#6531=EDGE_CURVE('',#5180,#5181,#2475,.T.);
#6532=EDGE_CURVE('',#5175,#5181,#2476,.F.);
#6533=EDGE_CURVE('',#5179,#5180,#2477,.F.);
#6534=EDGE_CURVE('',#5181,#5178,#2478,.F.);
#6535=EDGE_CURVE('',#5177,#5182,#2479,.T.);
#6536=EDGE_CURVE('',#5182,#5183,#2480,.T.);
#6537=EDGE_CURVE('',#5183,#5176,#2481,.T.);
#6538=EDGE_CURVE('',#5184,#5185,#2482,.T.);
#6539=EDGE_CURVE('',#5186,#5184,#2483,.F.);
#6540=EDGE_CURVE('',#5186,#5187,#2484,.T.);
#6541=EDGE_CURVE('',#5185,#5187,#2485,.F.);
#6542=EDGE_CURVE('',#5188,#5182,#2486,.F.);
#6543=EDGE_CURVE('',#5188,#5189,#2487,.T.);
#6544=EDGE_CURVE('',#5183,#5189,#2488,.F.);
#6545=EDGE_CURVE('',#5187,#5188,#2489,.F.);
#6546=EDGE_CURVE('',#5189,#5186,#2490,.F.);
#6547=EDGE_CURVE('',#5185,#5190,#2491,.T.);
#6548=EDGE_CURVE('',#5190,#5191,#2492,.T.);
#6549=EDGE_CURVE('',#5191,#5184,#2493,.T.);
#6550=EDGE_CURVE('',#5192,#5193,#2494,.T.);
#6551=EDGE_CURVE('',#5194,#5192,#2495,.F.);
#6552=EDGE_CURVE('',#5194,#5195,#2496,.T.);
#6553=EDGE_CURVE('',#5193,#5195,#2497,.F.);
#6554=EDGE_CURVE('',#5196,#5190,#2498,.F.);
#6555=EDGE_CURVE('',#5196,#5197,#2499,.T.);
#6556=EDGE_CURVE('',#5191,#5197,#2500,.F.);
#6557=EDGE_CURVE('',#5195,#5196,#2501,.F.);
#6558=EDGE_CURVE('',#5197,#5194,#2502,.F.);
#6559=EDGE_CURVE('',#5193,#5198,#2503,.T.);
#6560=EDGE_CURVE('',#5198,#5199,#2504,.T.);
#6561=EDGE_CURVE('',#5199,#5192,#2505,.T.);
#6562=EDGE_CURVE('',#5200,#5201,#2506,.T.);
#6563=EDGE_CURVE('',#5202,#5200,#2507,.F.);
#6564=EDGE_CURVE('',#5202,#5203,#2508,.T.);
#6565=EDGE_CURVE('',#5201,#5203,#2509,.F.);
#6566=EDGE_CURVE('',#5204,#5198,#2510,.F.);
#6567=EDGE_CURVE('',#5204,#5205,#2511,.T.);
#6568=EDGE_CURVE('',#5199,#5205,#2512,.F.);
#6569=EDGE_CURVE('',#5203,#5204,#2513,.F.);
#6570=EDGE_CURVE('',#5205,#5202,#2514,.F.);
#6571=EDGE_CURVE('',#5201,#5206,#2515,.T.);
#6572=EDGE_CURVE('',#5206,#5207,#2516,.T.);
#6573=EDGE_CURVE('',#5207,#5200,#2517,.T.);
#6574=EDGE_CURVE('',#5208,#5209,#2518,.T.);
#6575=EDGE_CURVE('',#5210,#5208,#2519,.F.);
#6576=EDGE_CURVE('',#5210,#5211,#2520,.T.);
#6577=EDGE_CURVE('',#5209,#5211,#2521,.F.);
#6578=EDGE_CURVE('',#5212,#5206,#2522,.F.);
#6579=EDGE_CURVE('',#5212,#5213,#2523,.T.);
#6580=EDGE_CURVE('',#5207,#5213,#2524,.F.);
#6581=EDGE_CURVE('',#5211,#5212,#2525,.F.);
#6582=EDGE_CURVE('',#5213,#5210,#2526,.F.);
#6583=EDGE_CURVE('',#5209,#5214,#2527,.T.);
#6584=EDGE_CURVE('',#5214,#5215,#2528,.T.);
#6585=EDGE_CURVE('',#5215,#5208,#2529,.T.);
#6586=EDGE_CURVE('',#5216,#5217,#2530,.T.);
#6587=EDGE_CURVE('',#5218,#5216,#2531,.F.);
#6588=EDGE_CURVE('',#5218,#5219,#2532,.T.);
#6589=EDGE_CURVE('',#5217,#5219,#2533,.F.);
#6590=EDGE_CURVE('',#5220,#5214,#2534,.F.);
#6591=EDGE_CURVE('',#5220,#5221,#2535,.T.);
#6592=EDGE_CURVE('',#5215,#5221,#2536,.F.);
#6593=EDGE_CURVE('',#5219,#5220,#2537,.F.);
#6594=EDGE_CURVE('',#5221,#5218,#2538,.F.);
#6595=EDGE_CURVE('',#5217,#5222,#2539,.T.);
#6596=EDGE_CURVE('',#5222,#5223,#2540,.T.);
#6597=EDGE_CURVE('',#5223,#5216,#2541,.T.);
#6598=EDGE_CURVE('',#5224,#5225,#2542,.T.);
#6599=EDGE_CURVE('',#5226,#5224,#2543,.F.);
#6600=EDGE_CURVE('',#5226,#5227,#2544,.T.);
#6601=EDGE_CURVE('',#5225,#5227,#2545,.F.);
#6602=EDGE_CURVE('',#5228,#5222,#2546,.F.);
#6603=EDGE_CURVE('',#5228,#5229,#2547,.T.);
#6604=EDGE_CURVE('',#5223,#5229,#2548,.F.);
#6605=EDGE_CURVE('',#5227,#5228,#2549,.F.);
#6606=EDGE_CURVE('',#5229,#5226,#2550,.F.);
#6607=EDGE_CURVE('',#5225,#5230,#2551,.T.);
#6608=EDGE_CURVE('',#5230,#5231,#2552,.T.);
#6609=EDGE_CURVE('',#5231,#5224,#2553,.T.);
#6610=EDGE_CURVE('',#5232,#5233,#2554,.T.);
#6611=EDGE_CURVE('',#5234,#5232,#2555,.F.);
#6612=EDGE_CURVE('',#5234,#5235,#2556,.T.);
#6613=EDGE_CURVE('',#5233,#5235,#2557,.F.);
#6614=EDGE_CURVE('',#5236,#5230,#2558,.F.);
#6615=EDGE_CURVE('',#5236,#5237,#2559,.T.);
#6616=EDGE_CURVE('',#5231,#5237,#2560,.F.);
#6617=EDGE_CURVE('',#5235,#5236,#2561,.F.);
#6618=EDGE_CURVE('',#5237,#5234,#2562,.F.);
#6619=EDGE_CURVE('',#5233,#5238,#2563,.T.);
#6620=EDGE_CURVE('',#5238,#5239,#2564,.T.);
#6621=EDGE_CURVE('',#5239,#5232,#2565,.T.);
#6622=EDGE_CURVE('',#5240,#5130,#2566,.F.);
#6623=EDGE_CURVE('',#5240,#5241,#2567,.T.);
#6624=EDGE_CURVE('',#5131,#5241,#2568,.F.);
#6625=EDGE_CURVE('',#5242,#5238,#2569,.F.);
#6626=EDGE_CURVE('',#5242,#5243,#2570,.T.);
#6627=EDGE_CURVE('',#5239,#5243,#2571,.F.);
#6628=EDGE_CURVE('',#5241,#5242,#2572,.F.);
#6629=EDGE_CURVE('',#5243,#5240,#2573,.F.);
#6630=EDGE_CURVE('',#4941,#5019,#2574,.T.);
#6631=EDGE_CURVE('',#4981,#5054,#2575,.T.);
#6632=EDGE_CURVE('',#5059,#4977,#2576,.T.);
#6633=EDGE_CURVE('',#4982,#5053,#2577,.T.);
#6634=EDGE_CURVE('',#5060,#4976,#2578,.T.);
#6635=EDGE_CURVE('',#4983,#5052,#2579,.T.);
#6636=EDGE_CURVE('',#5061,#4975,#2580,.T.);
#6637=EDGE_CURVE('',#4984,#5051,#2581,.T.);
#6638=EDGE_CURVE('',#5062,#4974,#2582,.T.);
#6639=EDGE_CURVE('',#4985,#5050,#2583,.T.);
#6640=EDGE_CURVE('',#5063,#4973,#2584,.T.);
#6641=EDGE_CURVE('',#4986,#5049,#2585,.T.);
#6642=EDGE_CURVE('',#5064,#4972,#2586,.T.);
#6643=EDGE_CURVE('',#4987,#5048,#2587,.T.);
#6644=EDGE_CURVE('',#5065,#4971,#2588,.T.);
#6645=EDGE_CURVE('',#4988,#5047,#2589,.T.);
#6646=EDGE_CURVE('',#5066,#4970,#2590,.T.);
#6647=EDGE_CURVE('',#4989,#5046,#2591,.T.);
#6648=EDGE_CURVE('',#5067,#4969,#2592,.T.);
#6649=EDGE_CURVE('',#4990,#5045,#2593,.T.);
#6650=EDGE_CURVE('',#5068,#4968,#2594,.T.);
#6651=EDGE_CURVE('',#4991,#5044,#2595,.T.);
#6652=EDGE_CURVE('',#5069,#4967,#2596,.T.);
#6653=EDGE_CURVE('',#4992,#5043,#2597,.T.);
#6654=EDGE_CURVE('',#5070,#4966,#2598,.T.);
#6655=EDGE_CURVE('',#4993,#5042,#2599,.T.);
#6656=EDGE_CURVE('',#5071,#4965,#2600,.T.);
#6657=EDGE_CURVE('',#4994,#5041,#2601,.T.);
#6658=EDGE_CURVE('',#5072,#4964,#2602,.T.);
#6659=EDGE_CURVE('',#4995,#5040,#2603,.T.);
#6660=EDGE_CURVE('',#5073,#4963,#2604,.T.);
#6661=EDGE_CURVE('',#4996,#5039,#2605,.T.);
#6662=EDGE_CURVE('',#5074,#4962,#2606,.T.);
#6663=EDGE_CURVE('',#4997,#5038,#2607,.T.);
#6664=EDGE_CURVE('',#5075,#4961,#2608,.T.);
#6665=EDGE_CURVE('',#4998,#5037,#2609,.T.);
#6666=EDGE_CURVE('',#5076,#4960,#2610,.T.);
#6667=EDGE_CURVE('',#4999,#5036,#2611,.T.);
#6668=EDGE_CURVE('',#5077,#4959,#2612,.T.);
#6669=EDGE_CURVE('',#5000,#5035,#2613,.T.);
#6670=EDGE_CURVE('',#5078,#4958,#2614,.T.);
#6671=EDGE_CURVE('',#5001,#5034,#2615,.T.);
#6672=EDGE_CURVE('',#5079,#4957,#2616,.T.);
#6673=EDGE_CURVE('',#5002,#5033,#2617,.T.);
#6674=EDGE_CURVE('',#5080,#4956,#2618,.T.);
#6675=EDGE_CURVE('',#5003,#5032,#2619,.T.);
#6676=EDGE_CURVE('',#5081,#4955,#2620,.T.);
#6677=EDGE_CURVE('',#5004,#5031,#2621,.T.);
#6678=EDGE_CURVE('',#5082,#4954,#2622,.T.);
#6679=EDGE_CURVE('',#5005,#5030,#2623,.T.);
#6680=EDGE_CURVE('',#5083,#4953,#2624,.T.);
#6681=EDGE_CURVE('',#5006,#5029,#2625,.T.);
#6682=EDGE_CURVE('',#5084,#4952,#2626,.T.);
#6683=EDGE_CURVE('',#5007,#5028,#2627,.T.);
#6684=EDGE_CURVE('',#5085,#4951,#2628,.T.);
#6685=EDGE_CURVE('',#5008,#5027,#2629,.T.);
#6686=EDGE_CURVE('',#5086,#4950,#2630,.T.);
#6687=EDGE_CURVE('',#5009,#5026,#2631,.T.);
#6688=EDGE_CURVE('',#5087,#4949,#2632,.T.);
#6689=EDGE_CURVE('',#5010,#5025,#2633,.T.);
#6690=EDGE_CURVE('',#5088,#4948,#2634,.T.);
#6691=EDGE_CURVE('',#5011,#5024,#2635,.T.);
#6692=EDGE_CURVE('',#5089,#4947,#2636,.T.);
#6693=EDGE_CURVE('',#5012,#5023,#2637,.T.);
#6694=EDGE_CURVE('',#5090,#4946,#2638,.T.);
#6695=EDGE_CURVE('',#5013,#5022,#2639,.T.);
#6696=EDGE_CURVE('',#5091,#4945,#2640,.T.);
#6697=EDGE_CURVE('',#5014,#5021,#2641,.T.);
#6698=EDGE_CURVE('',#5092,#4944,#2642,.T.);
#6699=EDGE_CURVE('',#5015,#5020,#2643,.T.);
#6700=EDGE_CURVE('',#5128,#4932,#2644,.T.);
#6701=EDGE_CURVE('',#5132,#4931,#2645,.F.);
#6702=EDGE_CURVE('',#4934,#5129,#2646,.T.);
#6703=EDGE_CURVE('',#4935,#5134,#2647,.T.);
#6704=EDGE_CURVE('',#5133,#4930,#2648,.T.);
#6705=EDGE_CURVE('',#5127,#4933,#2649,.F.);
#6706=EDGE_CURVE('',#5244,#5245,#4272,.T.);
#6707=EDGE_CURVE('',#5245,#5246,#2650,.T.);
#6708=EDGE_CURVE('',#5246,#5247,#4273,.T.);
#6709=EDGE_CURVE('',#5247,#5244,#2651,.T.);
#6710=EDGE_CURVE('',#5245,#5248,#2652,.F.);
#6711=EDGE_CURVE('',#5249,#5248,#2653,.T.);
#6712=EDGE_CURVE('',#5246,#5249,#2654,.F.);
#6713=EDGE_CURVE('',#5248,#5250,#4274,.T.);
#6714=EDGE_CURVE('',#5250,#5251,#2655,.T.);
#6715=EDGE_CURVE('',#5251,#5249,#4275,.T.);
#6716=EDGE_CURVE('',#5250,#5252,#2656,.F.);
#6717=EDGE_CURVE('',#5253,#5252,#2657,.T.);
#6718=EDGE_CURVE('',#5251,#5253,#2658,.F.);
#6719=EDGE_CURVE('',#5252,#5254,#4276,.T.);
#6720=EDGE_CURVE('',#5254,#5255,#2659,.T.);
#6721=EDGE_CURVE('',#5255,#5253,#4277,.T.);
#6722=EDGE_CURVE('',#5254,#5256,#2660,.F.);
#6723=EDGE_CURVE('',#5257,#5256,#2661,.T.);
#6724=EDGE_CURVE('',#5255,#5257,#2662,.F.);
#6725=EDGE_CURVE('',#5258,#5257,#4278,.T.);
#6726=EDGE_CURVE('',#5256,#5259,#4279,.T.);
#6727=EDGE_CURVE('',#5259,#5258,#2663,.T.);
#6728=EDGE_CURVE('',#5258,#5247,#2664,.F.);
#6729=EDGE_CURVE('',#5259,#5244,#2665,.F.);
#6730=EDGE_CURVE('',#5260,#5260,#4280,.F.);
#6731=EDGE_CURVE('',#5260,#5261,#2666,.T.);
#6732=EDGE_CURVE('',#5261,#5261,#4281,.F.);
#6733=EDGE_CURVE('',#5262,#5262,#4282,.F.);
#6734=EDGE_CURVE('',#5262,#5263,#2667,.T.);
#6735=EDGE_CURVE('',#5263,#5263,#4283,.F.);
#6736=EDGE_CURVE('',#5264,#5264,#4284,.T.);
#6737=EDGE_CURVE('',#5264,#5265,#2668,.T.);
#6738=EDGE_CURVE('',#5265,#5265,#4285,.T.);
#6739=EDGE_CURVE('',#5266,#5266,#4286,.T.);
#6740=EDGE_CURVE('',#5266,#5267,#2669,.T.);
#6741=EDGE_CURVE('',#5267,#5267,#4287,.T.);
#6742=EDGE_CURVE('',#5268,#5269,#2670,.T.);
#6743=EDGE_CURVE('',#5269,#5270,#2671,.T.);
#6744=EDGE_CURVE('',#5271,#5270,#2672,.T.);
#6745=EDGE_CURVE('',#5268,#5271,#2673,.T.);
#6746=EDGE_CURVE('',#5268,#5272,#4288,.T.);
#6747=EDGE_CURVE('',#5273,#5271,#4289,.T.);
#6748=EDGE_CURVE('',#5272,#5273,#2674,.T.);
#6749=EDGE_CURVE('',#5274,#5272,#2675,.T.);
#6750=EDGE_CURVE('',#5275,#5273,#2676,.T.);
#6751=EDGE_CURVE('',#5274,#5275,#2677,.T.);
#6752=EDGE_CURVE('',#5274,#5276,#4290,.T.);
#6753=EDGE_CURVE('',#5277,#5275,#4291,.T.);
#6754=EDGE_CURVE('',#5276,#5277,#2678,.T.);
#6755=EDGE_CURVE('',#5278,#5276,#2679,.T.);
#6756=EDGE_CURVE('',#5279,#5277,#2680,.T.);
#6757=EDGE_CURVE('',#5278,#5279,#2681,.T.);
#6758=EDGE_CURVE('',#5278,#5280,#4292,.T.);
#6759=EDGE_CURVE('',#5281,#5279,#4293,.T.);
#6760=EDGE_CURVE('',#5280,#5281,#2682,.T.);
#6761=EDGE_CURVE('',#5282,#5280,#2683,.T.);
#6762=EDGE_CURVE('',#5283,#5281,#2684,.T.);
#6763=EDGE_CURVE('',#5282,#5283,#2685,.T.);
#6764=EDGE_CURVE('',#5282,#5269,#4294,.T.);
#6765=EDGE_CURVE('',#5270,#5283,#4295,.T.);
#6766=EDGE_CURVE('',#5284,#5285,#2686,.T.);
#6767=EDGE_CURVE('',#5286,#5285,#2687,.T.);
#6768=EDGE_CURVE('',#5287,#5286,#2688,.T.);
#6769=EDGE_CURVE('',#5287,#5284,#2689,.T.);
#6770=EDGE_CURVE('',#5288,#5289,#4296,.T.);
#6771=EDGE_CURVE('',#5288,#5290,#2690,.T.);
#6772=EDGE_CURVE('',#5291,#5290,#4297,.T.);
#6773=EDGE_CURVE('',#5291,#5289,#2691,.T.);
#6774=EDGE_CURVE('',#5289,#5292,#4298,.T.);
#6775=EDGE_CURVE('',#5293,#5291,#4299,.T.);
#6776=EDGE_CURVE('',#5293,#5292,#2692,.T.);
#6777=EDGE_CURVE('',#5292,#5294,#2693,.T.);
#6778=EDGE_CURVE('',#5295,#5293,#2694,.T.);
#6779=EDGE_CURVE('',#5295,#5294,#2695,.T.);
#6780=EDGE_CURVE('',#5294,#5285,#4300,.T.);
#6781=EDGE_CURVE('',#5286,#5295,#4301,.T.);
#6782=EDGE_CURVE('',#5284,#5296,#4302,.T.);
#6783=EDGE_CURVE('',#5297,#5287,#4303,.T.);
#6784=EDGE_CURVE('',#5297,#5296,#2696,.T.);
#6785=EDGE_CURVE('',#5296,#5298,#4304,.T.);
#6786=EDGE_CURVE('',#5299,#5297,#4305,.T.);
#6787=EDGE_CURVE('',#5299,#5298,#2697,.T.);
#6788=EDGE_CURVE('',#5288,#5300,#2698,.F.);
#6789=EDGE_CURVE('',#5300,#5301,#2699,.T.);
#6790=EDGE_CURVE('',#5290,#5301,#2700,.F.);
#6791=EDGE_CURVE('',#5302,#5303,#2701,.F.);
#6792=EDGE_CURVE('',#5303,#5304,#4306,.F.);
#6793=EDGE_CURVE('',#5304,#5305,#4307,.F.);
#6794=EDGE_CURVE('',#5305,#5306,#2702,.F.);
#6795=EDGE_CURVE('',#5306,#5307,#4308,.F.);
#6796=EDGE_CURVE('',#5307,#5308,#4309,.F.);
#6797=EDGE_CURVE('',#5308,#5309,#2703,.F.);
#6798=EDGE_CURVE('',#5309,#5310,#4310,.F.);
#6799=EDGE_CURVE('',#5310,#5311,#4311,.F.);
#6800=EDGE_CURVE('',#5312,#5311,#4312,.T.);
#6801=EDGE_CURVE('',#5313,#5312,#4313,.T.);
#6802=EDGE_CURVE('',#5314,#5313,#4314,.T.);
#6803=EDGE_CURVE('',#5314,#5315,#2704,.F.);
#6804=EDGE_CURVE('',#5315,#5316,#4315,.F.);
#6805=EDGE_CURVE('',#5316,#5317,#4316,.F.);
#6806=EDGE_CURVE('',#5317,#5318,#2705,.F.);
#6807=EDGE_CURVE('',#5318,#5319,#4317,.F.);
#6808=EDGE_CURVE('',#5319,#5320,#4318,.F.);
#6809=EDGE_CURVE('',#5320,#5321,#2706,.F.);
#6810=EDGE_CURVE('',#5321,#5322,#4319,.F.);
#6811=EDGE_CURVE('',#5322,#5323,#4320,.F.);
#6812=EDGE_CURVE('',#5324,#5323,#4321,.T.);
#6813=EDGE_CURVE('',#5325,#5324,#4322,.T.);
#6814=EDGE_CURVE('',#5302,#5325,#4323,.T.);
#6815=EDGE_CURVE('',#5326,#5327,#4324,.F.);
#6816=EDGE_CURVE('',#5327,#5328,#4325,.F.);
#6817=EDGE_CURVE('',#5328,#5329,#2707,.F.);
#6818=EDGE_CURVE('',#5326,#5329,#4326,.T.);
#6819=EDGE_CURVE('',#5330,#5331,#4327,.T.);
#6820=EDGE_CURVE('',#5330,#5332,#4328,.F.);
#6821=EDGE_CURVE('',#5332,#5333,#4329,.F.);
#6822=EDGE_CURVE('',#5333,#5331,#2708,.F.);
#6823=EDGE_CURVE('',#5334,#5335,#4330,.T.);
#6824=EDGE_CURVE('',#5335,#5336,#2709,.T.);
#6825=EDGE_CURVE('',#5336,#5337,#4331,.T.);
#6826=EDGE_CURVE('',#5337,#5338,#2710,.T.);
#6827=EDGE_CURVE('',#5338,#5339,#4332,.T.);
#6828=EDGE_CURVE('',#5339,#5340,#2711,.T.);
#6829=EDGE_CURVE('',#5340,#5341,#4333,.T.);
#6830=EDGE_CURVE('',#5341,#5342,#4334,.T.);
#6831=EDGE_CURVE('',#5342,#5343,#4335,.T.);
#6832=EDGE_CURVE('',#5343,#5334,#2712,.T.);
#6833=EDGE_CURVE('',#5344,#5345,#4336,.T.);
#6834=EDGE_CURVE('',#5345,#5346,#2713,.T.);
#6835=EDGE_CURVE('',#5346,#5347,#4337,.T.);
#6836=EDGE_CURVE('',#5347,#5348,#2714,.T.);
#6837=EDGE_CURVE('',#5348,#5349,#4338,.T.);
#6838=EDGE_CURVE('',#5349,#5350,#2715,.T.);
#6839=EDGE_CURVE('',#5350,#5351,#4339,.T.);
#6840=EDGE_CURVE('',#5351,#5352,#4340,.T.);
#6841=EDGE_CURVE('',#5352,#5353,#4341,.T.);
#6842=EDGE_CURVE('',#5353,#5344,#2716,.T.);
#6843=EDGE_CURVE('',#5301,#5354,#4342,.F.);
#6844=EDGE_CURVE('',#5354,#5355,#4343,.F.);
#6845=EDGE_CURVE('',#5355,#5356,#4344,.F.);
#6846=EDGE_CURVE('',#5356,#5357,#2717,.F.);
#6847=EDGE_CURVE('',#5357,#5358,#4345,.F.);
#6848=EDGE_CURVE('',#5358,#5359,#4346,.F.);
#6849=EDGE_CURVE('',#5359,#5360,#4347,.T.);
#6850=EDGE_CURVE('',#5360,#5361,#4348,.T.);
#6851=EDGE_CURVE('',#5361,#5362,#2718,.T.);
#6852=EDGE_CURVE('',#5362,#5363,#4349,.T.);
#6853=EDGE_CURVE('',#5363,#5364,#2719,.T.);
#6854=EDGE_CURVE('',#5364,#5365,#4350,.T.);
#6855=EDGE_CURVE('',#5365,#5366,#4351,.T.);
#6856=EDGE_CURVE('',#5366,#5367,#2720,.F.);
#6857=EDGE_CURVE('',#5367,#5368,#4352,.F.);
#6858=EDGE_CURVE('',#5368,#5369,#4353,.F.);
#6859=EDGE_CURVE('',#5369,#5370,#4354,.F.);
#6860=EDGE_CURVE('',#5370,#5371,#2721,.F.);
#6861=EDGE_CURVE('',#5371,#5372,#4355,.F.);
#6862=EDGE_CURVE('',#5372,#5299,#4356,.F.);
#6863=EDGE_CURVE('',#5373,#5374,#2722,.T.);
#6864=EDGE_CURVE('',#5362,#5374,#2723,.T.);
#6865=EDGE_CURVE('',#5361,#5373,#2724,.T.);
#6866=EDGE_CURVE('',#5375,#5376,#4357,.T.);
#6867=EDGE_CURVE('',#5375,#5366,#2725,.T.);
#6868=EDGE_CURVE('',#5365,#5376,#2726,.T.);
#6869=EDGE_CURVE('',#5376,#5377,#4358,.T.);
#6870=EDGE_CURVE('',#5364,#5377,#2727,.T.);
#6871=EDGE_CURVE('',#5377,#5378,#2728,.T.);
#6872=EDGE_CURVE('',#5363,#5378,#2729,.T.);
#6873=EDGE_CURVE('',#5378,#5374,#4359,.T.);
#6874=EDGE_CURVE('',#5373,#5379,#4360,.T.);
#6875=EDGE_CURVE('',#5360,#5379,#2730,.T.);
#6876=EDGE_CURVE('',#5379,#5380,#4361,.T.);
#6877=EDGE_CURVE('',#5359,#5380,#2731,.T.);
#6878=EDGE_CURVE('',#5375,#5381,#2732,.F.);
#6879=EDGE_CURVE('',#5381,#5367,#2733,.T.);
#6880=EDGE_CURVE('',#5382,#5358,#2734,.T.);
#6881=EDGE_CURVE('',#5382,#5380,#4362,.F.);
#6882=EDGE_CURVE('',#5313,#5383,#2735,.T.);
#6883=EDGE_CURVE('',#5383,#5384,#4363,.T.);
#6884=EDGE_CURVE('',#5384,#5314,#2736,.T.);
#6885=EDGE_CURVE('',#5385,#5312,#2737,.T.);
#6886=EDGE_CURVE('',#5385,#5383,#4364,.T.);
#6887=EDGE_CURVE('',#5386,#5385,#4365,.T.);
#6888=EDGE_CURVE('',#5311,#5386,#2738,.T.);
#6889=EDGE_CURVE('',#5387,#5388,#4366,.T.);
#6890=EDGE_CURVE('',#5388,#5324,#2739,.T.);
#6891=EDGE_CURVE('',#5323,#5387,#2740,.T.);
#6892=EDGE_CURVE('',#5388,#5389,#4367,.T.);
#6893=EDGE_CURVE('',#5325,#5389,#2741,.T.);
#6894=EDGE_CURVE('',#5389,#5390,#4368,.T.);
#6895=EDGE_CURVE('',#5390,#5302,#2742,.T.);
#6896=EDGE_CURVE('',#5326,#5391,#2743,.T.);
#6897=EDGE_CURVE('',#5392,#5329,#2744,.T.);
#6898=EDGE_CURVE('',#5392,#5391,#4369,.T.);
#6899=EDGE_CURVE('',#5393,#5387,#4370,.F.);
#6900=EDGE_CURVE('',#5393,#5394,#4371,.T.);
#6901=EDGE_CURVE('',#5395,#5394,#2745,.F.);
#6902=EDGE_CURVE('',#5395,#5396,#4372,.T.);
#6903=EDGE_CURVE('',#5397,#5396,#4373,.F.);
#6904=EDGE_CURVE('',#5398,#5397,#2746,.F.);
#6905=EDGE_CURVE('',#5399,#5398,#4374,.F.);
#6906=EDGE_CURVE('',#5399,#5400,#4375,.T.);
#6907=EDGE_CURVE('',#5384,#5400,#2747,.F.);
#6908=EDGE_CURVE('',#5401,#5386,#4376,.F.);
#6909=EDGE_CURVE('',#5401,#5402,#4377,.T.);
#6910=EDGE_CURVE('',#5403,#5402,#2748,.F.);
#6911=EDGE_CURVE('',#5403,#5404,#4378,.T.);
#6912=EDGE_CURVE('',#5405,#5404,#4379,.F.);
#6913=EDGE_CURVE('',#5406,#5405,#2749,.F.);
#6914=EDGE_CURVE('',#5407,#5406,#4380,.F.);
#6915=EDGE_CURVE('',#5407,#5408,#4381,.T.);
#6916=EDGE_CURVE('',#5390,#5408,#2750,.F.);
#6917=EDGE_CURVE('',#5409,#5298,#4382,.F.);
#6918=EDGE_CURVE('',#5410,#5409,#4383,.F.);
#6919=EDGE_CURVE('',#5411,#5410,#2751,.F.);
#6920=EDGE_CURVE('',#5412,#5411,#4384,.F.);
#6921=EDGE_CURVE('',#5413,#5412,#4385,.F.);
#6922=EDGE_CURVE('',#5381,#5413,#4386,.F.);
#6923=EDGE_CURVE('',#5414,#5382,#4387,.F.);
#6924=EDGE_CURVE('',#5415,#5414,#2752,.F.);
#6925=EDGE_CURVE('',#5416,#5415,#4388,.F.);
#6926=EDGE_CURVE('',#5417,#5416,#4389,.F.);
#6927=EDGE_CURVE('',#5300,#5417,#4390,.F.);
#6928=EDGE_CURVE('',#5418,#5392,#2753,.F.);
#6929=EDGE_CURVE('',#5418,#5419,#4391,.T.);
#6930=EDGE_CURVE('',#5391,#5419,#4392,.F.);
#6931=EDGE_CURVE('',#5420,#5421,#4393,.T.);
#6932=EDGE_CURVE('',#5421,#5422,#2754,.T.);
#6933=EDGE_CURVE('',#5422,#5423,#4394,.T.);
#6934=EDGE_CURVE('',#5423,#5424,#4395,.T.);
#6935=EDGE_CURVE('',#5424,#5425,#4396,.T.);
#6936=EDGE_CURVE('',#5425,#5426,#2755,.T.);
#6937=EDGE_CURVE('',#5426,#5427,#4397,.T.);
#6938=EDGE_CURVE('',#5427,#5428,#2756,.T.);
#6939=EDGE_CURVE('',#5428,#5429,#4398,.T.);
#6940=EDGE_CURVE('',#5429,#5420,#2757,.T.);
#6941=EDGE_CURVE('',#5430,#5431,#4399,.T.);
#6942=EDGE_CURVE('',#5431,#5432,#2758,.T.);
#6943=EDGE_CURVE('',#5432,#5433,#4400,.T.);
#6944=EDGE_CURVE('',#5433,#5434,#4401,.T.);
#6945=EDGE_CURVE('',#5434,#5435,#4402,.T.);
#6946=EDGE_CURVE('',#5435,#5436,#2759,.T.);
#6947=EDGE_CURVE('',#5436,#5437,#4403,.T.);
#6948=EDGE_CURVE('',#5437,#5438,#2760,.T.);
#6949=EDGE_CURVE('',#5438,#5439,#4404,.T.);
#6950=EDGE_CURVE('',#5439,#5430,#2761,.T.);
#6951=EDGE_CURVE('',#5440,#5441,#2762,.F.);
#6952=EDGE_CURVE('',#5440,#5442,#4405,.T.);
#6953=EDGE_CURVE('',#5443,#5442,#4406,.F.);
#6954=EDGE_CURVE('',#5441,#5443,#4407,.T.);
#6955=EDGE_CURVE('',#5419,#5327,#2763,.T.);
#6956=EDGE_CURVE('',#5393,#5322,#2764,.T.);
#6957=EDGE_CURVE('',#5418,#5328,#2765,.T.);
#6958=EDGE_CURVE('',#5441,#5331,#2766,.T.);
#6959=EDGE_CURVE('',#5330,#5443,#2767,.T.);
#6960=EDGE_CURVE('',#5400,#5315,#2768,.T.);
#6961=EDGE_CURVE('',#5401,#5310,#2769,.T.);
#6962=EDGE_CURVE('',#5442,#5332,#2770,.T.);
#6963=EDGE_CURVE('',#5412,#5369,#2771,.T.);
#6964=EDGE_CURVE('',#5413,#5368,#2772,.T.);
#6965=EDGE_CURVE('',#5335,#5420,#2773,.T.);
#6966=EDGE_CURVE('',#5334,#5421,#2774,.T.);
#6967=EDGE_CURVE('',#5343,#5422,#2775,.T.);
#6968=EDGE_CURVE('',#5342,#5423,#2776,.T.);
#6969=EDGE_CURVE('',#5341,#5424,#2777,.T.);
#6970=EDGE_CURVE('',#5340,#5425,#2778,.T.);
#6971=EDGE_CURVE('',#5339,#5426,#2779,.T.);
#6972=EDGE_CURVE('',#5338,#5427,#2780,.T.);
#6973=EDGE_CURVE('',#5337,#5428,#2781,.T.);
#6974=EDGE_CURVE('',#5336,#5429,#2782,.T.);
#6975=EDGE_CURVE('',#5345,#5430,#2783,.T.);
#6976=EDGE_CURVE('',#5344,#5431,#2784,.T.);
#6977=EDGE_CURVE('',#5353,#5432,#2785,.T.);
#6978=EDGE_CURVE('',#5352,#5433,#2786,.T.);
#6979=EDGE_CURVE('',#5351,#5434,#2787,.T.);
#6980=EDGE_CURVE('',#5350,#5435,#2788,.T.);
#6981=EDGE_CURVE('',#5349,#5436,#2789,.T.);
#6982=EDGE_CURVE('',#5348,#5437,#2790,.T.);
#6983=EDGE_CURVE('',#5347,#5438,#2791,.T.);
#6984=EDGE_CURVE('',#5346,#5439,#2792,.T.);
#6985=EDGE_CURVE('',#5409,#5372,#2793,.T.);
#6986=EDGE_CURVE('',#5410,#5371,#2794,.T.);
#6987=EDGE_CURVE('',#5411,#5370,#2795,.T.);
#6988=EDGE_CURVE('',#5414,#5357,#2796,.T.);
#6989=EDGE_CURVE('',#5415,#5356,#2797,.T.);
#6990=EDGE_CURVE('',#5416,#5355,#2798,.T.);
#6991=EDGE_CURVE('',#5417,#5354,#2799,.T.);
#6992=EDGE_CURVE('',#5402,#5309,#2800,.T.);
#6993=EDGE_CURVE('',#5403,#5308,#2801,.T.);
#6994=EDGE_CURVE('',#5404,#5307,#2802,.T.);
#6995=EDGE_CURVE('',#5405,#5306,#2803,.T.);
#6996=EDGE_CURVE('',#5406,#5305,#2804,.T.);
#6997=EDGE_CURVE('',#5407,#5304,#2805,.T.);
#6998=EDGE_CURVE('',#5408,#5303,#2806,.T.);
#6999=EDGE_CURVE('',#5394,#5321,#2807,.T.);
#7000=EDGE_CURVE('',#5395,#5320,#2808,.T.);
#7001=EDGE_CURVE('',#5396,#5319,#2809,.T.);
#7002=EDGE_CURVE('',#5397,#5318,#2810,.T.);
#7003=EDGE_CURVE('',#5398,#5317,#2811,.T.);
#7004=EDGE_CURVE('',#5399,#5316,#2812,.T.);
#7005=EDGE_CURVE('',#5440,#5333,#2813,.T.);
#7006=EDGE_CURVE('',#5444,#5445,#4408,.T.);
#7007=EDGE_CURVE('',#5445,#5446,#2814,.T.);
#7008=EDGE_CURVE('',#5446,#5447,#4409,.T.);
#7009=EDGE_CURVE('',#5447,#5444,#2815,.T.);
#7010=EDGE_CURVE('',#5448,#5445,#2816,.T.);
#7011=EDGE_CURVE('',#5449,#5448,#2817,.T.);
#7012=EDGE_CURVE('',#5446,#5449,#2818,.T.);
#7013=EDGE_CURVE('',#5444,#5450,#2819,.T.);
#7014=EDGE_CURVE('',#5451,#5450,#4410,.T.);
#7015=EDGE_CURVE('',#5451,#5452,#2820,.T.);
#7016=EDGE_CURVE('',#5453,#5452,#4411,.T.);
#7017=EDGE_CURVE('',#5453,#5454,#2821,.T.);
#7018=EDGE_CURVE('',#5448,#5454,#4412,.T.);
#7019=EDGE_CURVE('',#5455,#5455,#4413,.T.);
#7020=EDGE_CURVE('',#5456,#5456,#4414,.T.);
#7021=EDGE_CURVE('',#5457,#5457,#4415,.T.);
#7022=EDGE_CURVE('',#5458,#5458,#4416,.T.);
#7023=EDGE_CURVE('',#5454,#5459,#2822,.T.);
#7024=EDGE_CURVE('',#5459,#5449,#4417,.T.);
#7025=EDGE_CURVE('',#5460,#5453,#2823,.T.);
#7026=EDGE_CURVE('',#5459,#5460,#2824,.T.);
#7027=EDGE_CURVE('',#5452,#5461,#2825,.T.);
#7028=EDGE_CURVE('',#5461,#5460,#4418,.T.);
#7029=EDGE_CURVE('',#5462,#5451,#2826,.T.);
#7030=EDGE_CURVE('',#5461,#5462,#2827,.T.);
#7031=EDGE_CURVE('',#5450,#5463,#2828,.T.);
#7032=EDGE_CURVE('',#5463,#5462,#4419,.T.);
#7033=EDGE_CURVE('',#5458,#5464,#2829,.T.);
#7034=EDGE_CURVE('',#5464,#5464,#4420,.T.);
#7035=EDGE_CURVE('',#5457,#5465,#2830,.T.);
#7036=EDGE_CURVE('',#5465,#5465,#4421,.T.);
#7037=EDGE_CURVE('',#5456,#5466,#2831,.T.);
#7038=EDGE_CURVE('',#5466,#5466,#4422,.T.);
#7039=EDGE_CURVE('',#5455,#5467,#2832,.T.);
#7040=EDGE_CURVE('',#5467,#5467,#4423,.T.);
#7041=EDGE_CURVE('',#5463,#5447,#2833,.T.);
#7042=EDGE_CURVE('',#5468,#5469,#2834,.T.);
#7043=EDGE_CURVE('',#5468,#5470,#2835,.T.);
#7044=EDGE_CURVE('',#5471,#5470,#2836,.T.);
#7045=EDGE_CURVE('',#5469,#5471,#2837,.T.);
#7046=EDGE_CURVE('',#5469,#5472,#2838,.T.);
#7047=EDGE_CURVE('',#5473,#5471,#2839,.T.);
#7048=EDGE_CURVE('',#5472,#5473,#2840,.T.);
#7049=EDGE_CURVE('',#5472,#5474,#2841,.T.);
#7050=EDGE_CURVE('',#5475,#5473,#2842,.T.);
#7051=EDGE_CURVE('',#5474,#5475,#2843,.T.);
#7052=EDGE_CURVE('',#5474,#5468,#2844,.T.);
#7053=EDGE_CURVE('',#5470,#5475,#2845,.T.);
#7054=ORIENTED_EDGE('',*,*,#5476,.F.);
#7055=ORIENTED_EDGE('',*,*,#5477,.F.);
#7056=ORIENTED_EDGE('',*,*,#5478,.F.);
#7057=ORIENTED_EDGE('',*,*,#5479,.T.);
#7058=ORIENTED_EDGE('',*,*,#5480,.F.);
#7059=ORIENTED_EDGE('',*,*,#5479,.F.);
#7060=ORIENTED_EDGE('',*,*,#5481,.F.);
#7061=ORIENTED_EDGE('',*,*,#5482,.T.);
#7062=ORIENTED_EDGE('',*,*,#5483,.F.);
#7063=ORIENTED_EDGE('',*,*,#5482,.F.);
#7064=ORIENTED_EDGE('',*,*,#5484,.F.);
#7065=ORIENTED_EDGE('',*,*,#5485,.T.);
#7066=ORIENTED_EDGE('',*,*,#5486,.F.);
#7067=ORIENTED_EDGE('',*,*,#5485,.F.);
#7068=ORIENTED_EDGE('',*,*,#5487,.F.);
#7069=ORIENTED_EDGE('',*,*,#5488,.T.);
#7070=ORIENTED_EDGE('',*,*,#5489,.F.);
#7071=ORIENTED_EDGE('',*,*,#5488,.F.);
#7072=ORIENTED_EDGE('',*,*,#5490,.F.);
#7073=ORIENTED_EDGE('',*,*,#5491,.T.);
#7074=ORIENTED_EDGE('',*,*,#5492,.F.);
#7075=ORIENTED_EDGE('',*,*,#5491,.F.);
#7076=ORIENTED_EDGE('',*,*,#5493,.F.);
#7077=ORIENTED_EDGE('',*,*,#5494,.T.);
#7078=ORIENTED_EDGE('',*,*,#5495,.F.);
#7079=ORIENTED_EDGE('',*,*,#5494,.F.);
#7080=ORIENTED_EDGE('',*,*,#5496,.F.);
#7081=ORIENTED_EDGE('',*,*,#5497,.T.);
#7082=ORIENTED_EDGE('',*,*,#5498,.F.);
#7083=ORIENTED_EDGE('',*,*,#5497,.F.);
#7084=ORIENTED_EDGE('',*,*,#5499,.F.);
#7085=ORIENTED_EDGE('',*,*,#5500,.T.);
#7086=ORIENTED_EDGE('',*,*,#5501,.F.);
#7087=ORIENTED_EDGE('',*,*,#5500,.F.);
#7088=ORIENTED_EDGE('',*,*,#5502,.F.);
#7089=ORIENTED_EDGE('',*,*,#5503,.T.);
#7090=ORIENTED_EDGE('',*,*,#5504,.F.);
#7091=ORIENTED_EDGE('',*,*,#5503,.F.);
#7092=ORIENTED_EDGE('',*,*,#5505,.F.);
#7093=ORIENTED_EDGE('',*,*,#5506,.T.);
#7094=ORIENTED_EDGE('',*,*,#5507,.F.);
#7095=ORIENTED_EDGE('',*,*,#5508,.F.);
#7096=ORIENTED_EDGE('',*,*,#5509,.T.);
#7097=ORIENTED_EDGE('',*,*,#5510,.T.);
#7098=ORIENTED_EDGE('',*,*,#5511,.F.);
#7099=ORIENTED_EDGE('',*,*,#5510,.F.);
#7100=ORIENTED_EDGE('',*,*,#5512,.T.);
#7101=ORIENTED_EDGE('',*,*,#5513,.T.);
#7102=ORIENTED_EDGE('',*,*,#5514,.F.);
#7103=ORIENTED_EDGE('',*,*,#5513,.F.);
#7104=ORIENTED_EDGE('',*,*,#5515,.T.);
#7105=ORIENTED_EDGE('',*,*,#5516,.T.);
#7106=ORIENTED_EDGE('',*,*,#5517,.F.);
#7107=ORIENTED_EDGE('',*,*,#5516,.F.);
#7108=ORIENTED_EDGE('',*,*,#5518,.T.);
#7109=ORIENTED_EDGE('',*,*,#5519,.T.);
#7110=ORIENTED_EDGE('',*,*,#5520,.F.);
#7111=ORIENTED_EDGE('',*,*,#5519,.F.);
#7112=ORIENTED_EDGE('',*,*,#5521,.T.);
#7113=ORIENTED_EDGE('',*,*,#5522,.T.);
#7114=ORIENTED_EDGE('',*,*,#5523,.F.);
#7115=ORIENTED_EDGE('',*,*,#5522,.F.);
#7116=ORIENTED_EDGE('',*,*,#5524,.T.);
#7117=ORIENTED_EDGE('',*,*,#5525,.T.);
#7118=ORIENTED_EDGE('',*,*,#5526,.F.);
#7119=ORIENTED_EDGE('',*,*,#5525,.F.);
#7120=ORIENTED_EDGE('',*,*,#5527,.T.);
#7121=ORIENTED_EDGE('',*,*,#5528,.T.);
#7122=ORIENTED_EDGE('',*,*,#5529,.F.);
#7123=ORIENTED_EDGE('',*,*,#5528,.F.);
#7124=ORIENTED_EDGE('',*,*,#5530,.T.);
#7125=ORIENTED_EDGE('',*,*,#5531,.T.);
#7126=ORIENTED_EDGE('',*,*,#5532,.F.);
#7127=ORIENTED_EDGE('',*,*,#5531,.F.);
#7128=ORIENTED_EDGE('',*,*,#5533,.T.);
#7129=ORIENTED_EDGE('',*,*,#5534,.T.);
#7130=ORIENTED_EDGE('',*,*,#5535,.F.);
#7131=ORIENTED_EDGE('',*,*,#5534,.F.);
#7132=ORIENTED_EDGE('',*,*,#5536,.T.);
#7133=ORIENTED_EDGE('',*,*,#5537,.T.);
#7134=ORIENTED_EDGE('',*,*,#5538,.F.);
#7135=ORIENTED_EDGE('',*,*,#5506,.F.);
#7136=ORIENTED_EDGE('',*,*,#5539,.F.);
#7137=ORIENTED_EDGE('',*,*,#5540,.T.);
#7138=ORIENTED_EDGE('',*,*,#5541,.F.);
#7139=ORIENTED_EDGE('',*,*,#5540,.F.);
#7140=ORIENTED_EDGE('',*,*,#5542,.F.);
#7141=ORIENTED_EDGE('',*,*,#5543,.T.);
#7142=ORIENTED_EDGE('',*,*,#5544,.F.);
#7143=ORIENTED_EDGE('',*,*,#5543,.F.);
#7144=ORIENTED_EDGE('',*,*,#5545,.F.);
#7145=ORIENTED_EDGE('',*,*,#5546,.T.);
#7146=ORIENTED_EDGE('',*,*,#5547,.F.);
#7147=ORIENTED_EDGE('',*,*,#5546,.F.);
#7148=ORIENTED_EDGE('',*,*,#5548,.F.);
#7149=ORIENTED_EDGE('',*,*,#5549,.T.);
#7150=ORIENTED_EDGE('',*,*,#5550,.F.);
#7151=ORIENTED_EDGE('',*,*,#5549,.F.);
#7152=ORIENTED_EDGE('',*,*,#5551,.F.);
#7153=ORIENTED_EDGE('',*,*,#5552,.T.);
#7154=ORIENTED_EDGE('',*,*,#5553,.F.);
#7155=ORIENTED_EDGE('',*,*,#5552,.F.);
#7156=ORIENTED_EDGE('',*,*,#5554,.F.);
#7157=ORIENTED_EDGE('',*,*,#5555,.T.);
#7158=ORIENTED_EDGE('',*,*,#5556,.F.);
#7159=ORIENTED_EDGE('',*,*,#5555,.F.);
#7160=ORIENTED_EDGE('',*,*,#5557,.F.);
#7161=ORIENTED_EDGE('',*,*,#5558,.T.);
#7162=ORIENTED_EDGE('',*,*,#5559,.F.);
#7163=ORIENTED_EDGE('',*,*,#5558,.F.);
#7164=ORIENTED_EDGE('',*,*,#5560,.F.);
#7165=ORIENTED_EDGE('',*,*,#5561,.T.);
#7166=ORIENTED_EDGE('',*,*,#5562,.F.);
#7167=ORIENTED_EDGE('',*,*,#5561,.F.);
#7168=ORIENTED_EDGE('',*,*,#5563,.F.);
#7169=ORIENTED_EDGE('',*,*,#5564,.T.);
#7170=ORIENTED_EDGE('',*,*,#5565,.F.);
#7171=ORIENTED_EDGE('',*,*,#5564,.F.);
#7172=ORIENTED_EDGE('',*,*,#5566,.F.);
#7173=ORIENTED_EDGE('',*,*,#5477,.T.);
#7174=ORIENTED_EDGE('',*,*,#5567,.F.);
#7175=ORIENTED_EDGE('',*,*,#5537,.F.);
#7176=ORIENTED_EDGE('',*,*,#5568,.T.);
#7177=ORIENTED_EDGE('',*,*,#5569,.T.);
#7178=ORIENTED_EDGE('',*,*,#5570,.F.);
#7179=ORIENTED_EDGE('',*,*,#5569,.F.);
#7180=ORIENTED_EDGE('',*,*,#5571,.T.);
#7181=ORIENTED_EDGE('',*,*,#5572,.T.);
#7182=ORIENTED_EDGE('',*,*,#5573,.F.);
#7183=ORIENTED_EDGE('',*,*,#5572,.F.);
#7184=ORIENTED_EDGE('',*,*,#5574,.T.);
#7185=ORIENTED_EDGE('',*,*,#5575,.T.);
#7186=ORIENTED_EDGE('',*,*,#5576,.F.);
#7187=ORIENTED_EDGE('',*,*,#5575,.F.);
#7188=ORIENTED_EDGE('',*,*,#5577,.T.);
#7189=ORIENTED_EDGE('',*,*,#5578,.T.);
#7190=ORIENTED_EDGE('',*,*,#5579,.F.);
#7191=ORIENTED_EDGE('',*,*,#5578,.F.);
#7192=ORIENTED_EDGE('',*,*,#5580,.T.);
#7193=ORIENTED_EDGE('',*,*,#5581,.T.);
#7194=ORIENTED_EDGE('',*,*,#5582,.F.);
#7195=ORIENTED_EDGE('',*,*,#5581,.F.);
#7196=ORIENTED_EDGE('',*,*,#5583,.T.);
#7197=ORIENTED_EDGE('',*,*,#5584,.T.);
#7198=ORIENTED_EDGE('',*,*,#5585,.F.);
#7199=ORIENTED_EDGE('',*,*,#5584,.F.);
#7200=ORIENTED_EDGE('',*,*,#5586,.T.);
#7201=ORIENTED_EDGE('',*,*,#5587,.T.);
#7202=ORIENTED_EDGE('',*,*,#5588,.F.);
#7203=ORIENTED_EDGE('',*,*,#5587,.F.);
#7204=ORIENTED_EDGE('',*,*,#5589,.T.);
#7205=ORIENTED_EDGE('',*,*,#5590,.T.);
#7206=ORIENTED_EDGE('',*,*,#5591,.F.);
#7207=ORIENTED_EDGE('',*,*,#5590,.F.);
#7208=ORIENTED_EDGE('',*,*,#5592,.T.);
#7209=ORIENTED_EDGE('',*,*,#5593,.T.);
#7210=ORIENTED_EDGE('',*,*,#5594,.F.);
#7211=ORIENTED_EDGE('',*,*,#5593,.F.);
#7212=ORIENTED_EDGE('',*,*,#5595,.T.);
#7213=ORIENTED_EDGE('',*,*,#5508,.T.);
#7214=ORIENTED_EDGE('',*,*,#5536,.F.);
#7215=ORIENTED_EDGE('',*,*,#5533,.F.);
#7216=ORIENTED_EDGE('',*,*,#5530,.F.);
#7217=ORIENTED_EDGE('',*,*,#5527,.F.);
#7218=ORIENTED_EDGE('',*,*,#5524,.F.);
#7219=ORIENTED_EDGE('',*,*,#5521,.F.);
#7220=ORIENTED_EDGE('',*,*,#5518,.F.);
#7221=ORIENTED_EDGE('',*,*,#5515,.F.);
#7222=ORIENTED_EDGE('',*,*,#5512,.F.);
#7223=ORIENTED_EDGE('',*,*,#5509,.F.);
#7224=ORIENTED_EDGE('',*,*,#5595,.F.);
#7225=ORIENTED_EDGE('',*,*,#5592,.F.);
#7226=ORIENTED_EDGE('',*,*,#5589,.F.);
#7227=ORIENTED_EDGE('',*,*,#5586,.F.);
#7228=ORIENTED_EDGE('',*,*,#5583,.F.);
#7229=ORIENTED_EDGE('',*,*,#5580,.F.);
#7230=ORIENTED_EDGE('',*,*,#5577,.F.);
#7231=ORIENTED_EDGE('',*,*,#5574,.F.);
#7232=ORIENTED_EDGE('',*,*,#5571,.F.);
#7233=ORIENTED_EDGE('',*,*,#5568,.F.);
#7234=ORIENTED_EDGE('',*,*,#5505,.T.);
#7235=ORIENTED_EDGE('',*,*,#5502,.T.);
#7236=ORIENTED_EDGE('',*,*,#5499,.T.);
#7237=ORIENTED_EDGE('',*,*,#5496,.T.);
#7238=ORIENTED_EDGE('',*,*,#5493,.T.);
#7239=ORIENTED_EDGE('',*,*,#5490,.T.);
#7240=ORIENTED_EDGE('',*,*,#5487,.T.);
#7241=ORIENTED_EDGE('',*,*,#5484,.T.);
#7242=ORIENTED_EDGE('',*,*,#5481,.T.);
#7243=ORIENTED_EDGE('',*,*,#5478,.T.);
#7244=ORIENTED_EDGE('',*,*,#5566,.T.);
#7245=ORIENTED_EDGE('',*,*,#5563,.T.);
#7246=ORIENTED_EDGE('',*,*,#5560,.T.);
#7247=ORIENTED_EDGE('',*,*,#5557,.T.);
#7248=ORIENTED_EDGE('',*,*,#5554,.T.);
#7249=ORIENTED_EDGE('',*,*,#5551,.T.);
#7250=ORIENTED_EDGE('',*,*,#5548,.T.);
#7251=ORIENTED_EDGE('',*,*,#5545,.T.);
#7252=ORIENTED_EDGE('',*,*,#5542,.T.);
#7253=ORIENTED_EDGE('',*,*,#5539,.T.);
#7254=ORIENTED_EDGE('',*,*,#5596,.T.);
#7255=ORIENTED_EDGE('',*,*,#5597,.T.);
#7256=ORIENTED_EDGE('',*,*,#5598,.T.);
#7257=ORIENTED_EDGE('',*,*,#5599,.T.);
#7258=ORIENTED_EDGE('',*,*,#5600,.T.);
#7259=ORIENTED_EDGE('',*,*,#5601,.T.);
#7260=ORIENTED_EDGE('',*,*,#5507,.T.);
#7261=ORIENTED_EDGE('',*,*,#5511,.T.);
#7262=ORIENTED_EDGE('',*,*,#5514,.T.);
#7263=ORIENTED_EDGE('',*,*,#5517,.T.);
#7264=ORIENTED_EDGE('',*,*,#5520,.T.);
#7265=ORIENTED_EDGE('',*,*,#5523,.T.);
#7266=ORIENTED_EDGE('',*,*,#5526,.T.);
#7267=ORIENTED_EDGE('',*,*,#5529,.T.);
#7268=ORIENTED_EDGE('',*,*,#5532,.T.);
#7269=ORIENTED_EDGE('',*,*,#5535,.T.);
#7270=ORIENTED_EDGE('',*,*,#5567,.T.);
#7271=ORIENTED_EDGE('',*,*,#5570,.T.);
#7272=ORIENTED_EDGE('',*,*,#5573,.T.);
#7273=ORIENTED_EDGE('',*,*,#5576,.T.);
#7274=ORIENTED_EDGE('',*,*,#5579,.T.);
#7275=ORIENTED_EDGE('',*,*,#5582,.T.);
#7276=ORIENTED_EDGE('',*,*,#5585,.T.);
#7277=ORIENTED_EDGE('',*,*,#5588,.T.);
#7278=ORIENTED_EDGE('',*,*,#5591,.T.);
#7279=ORIENTED_EDGE('',*,*,#5594,.T.);
#7280=ORIENTED_EDGE('',*,*,#5602,.F.);
#7281=ORIENTED_EDGE('',*,*,#5603,.T.);
#7282=ORIENTED_EDGE('',*,*,#5604,.T.);
#7283=ORIENTED_EDGE('',*,*,#5605,.F.);
#7284=ORIENTED_EDGE('',*,*,#5606,.F.);
#7285=ORIENTED_EDGE('',*,*,#5607,.T.);
#7286=ORIENTED_EDGE('',*,*,#5608,.T.);
#7287=ORIENTED_EDGE('',*,*,#5609,.F.);
#7288=ORIENTED_EDGE('',*,*,#5603,.F.);
#7289=ORIENTED_EDGE('',*,*,#5610,.T.);
#7290=ORIENTED_EDGE('',*,*,#5611,.T.);
#7291=ORIENTED_EDGE('',*,*,#5612,.T.);
#7292=ORIENTED_EDGE('',*,*,#5613,.T.);
#7293=ORIENTED_EDGE('',*,*,#5614,.T.);
#7294=ORIENTED_EDGE('',*,*,#5615,.T.);
#7295=ORIENTED_EDGE('',*,*,#5616,.T.);
#7296=ORIENTED_EDGE('',*,*,#5617,.T.);
#7297=ORIENTED_EDGE('',*,*,#5618,.T.);
#7298=ORIENTED_EDGE('',*,*,#5619,.T.);
#7299=ORIENTED_EDGE('',*,*,#5620,.T.);
#7300=ORIENTED_EDGE('',*,*,#5621,.T.);
#7301=ORIENTED_EDGE('',*,*,#5622,.T.);
#7302=ORIENTED_EDGE('',*,*,#5623,.T.);
#7303=ORIENTED_EDGE('',*,*,#5624,.T.);
#7304=ORIENTED_EDGE('',*,*,#5625,.T.);
#7305=ORIENTED_EDGE('',*,*,#5626,.T.);
#7306=ORIENTED_EDGE('',*,*,#5627,.T.);
#7307=ORIENTED_EDGE('',*,*,#5628,.T.);
#7308=ORIENTED_EDGE('',*,*,#5629,.T.);
#7309=ORIENTED_EDGE('',*,*,#5630,.T.);
#7310=ORIENTED_EDGE('',*,*,#5631,.T.);
#7311=ORIENTED_EDGE('',*,*,#5632,.T.);
#7312=ORIENTED_EDGE('',*,*,#5633,.T.);
#7313=ORIENTED_EDGE('',*,*,#5634,.T.);
#7314=ORIENTED_EDGE('',*,*,#5635,.T.);
#7315=ORIENTED_EDGE('',*,*,#5636,.T.);
#7316=ORIENTED_EDGE('',*,*,#5637,.T.);
#7317=ORIENTED_EDGE('',*,*,#5638,.T.);
#7318=ORIENTED_EDGE('',*,*,#5639,.T.);
#7319=ORIENTED_EDGE('',*,*,#5640,.T.);
#7320=ORIENTED_EDGE('',*,*,#5641,.T.);
#7321=ORIENTED_EDGE('',*,*,#5642,.T.);
#7322=ORIENTED_EDGE('',*,*,#5643,.T.);
#7323=ORIENTED_EDGE('',*,*,#5644,.T.);
#7324=ORIENTED_EDGE('',*,*,#5645,.T.);
#7325=ORIENTED_EDGE('',*,*,#5646,.F.);
#7326=ORIENTED_EDGE('',*,*,#5647,.F.);
#7327=ORIENTED_EDGE('',*,*,#5648,.F.);
#7328=ORIENTED_EDGE('',*,*,#5649,.F.);
#7329=ORIENTED_EDGE('',*,*,#5650,.F.);
#7330=ORIENTED_EDGE('',*,*,#5651,.F.);
#7331=ORIENTED_EDGE('',*,*,#5652,.F.);
#7332=ORIENTED_EDGE('',*,*,#5653,.F.);
#7333=ORIENTED_EDGE('',*,*,#5654,.F.);
#7334=ORIENTED_EDGE('',*,*,#5655,.F.);
#7335=ORIENTED_EDGE('',*,*,#5656,.F.);
#7336=ORIENTED_EDGE('',*,*,#5657,.F.);
#7337=ORIENTED_EDGE('',*,*,#5658,.F.);
#7338=ORIENTED_EDGE('',*,*,#5659,.F.);
#7339=ORIENTED_EDGE('',*,*,#5660,.F.);
#7340=ORIENTED_EDGE('',*,*,#5661,.F.);
#7341=ORIENTED_EDGE('',*,*,#5662,.F.);
#7342=ORIENTED_EDGE('',*,*,#5663,.F.);
#7343=ORIENTED_EDGE('',*,*,#5664,.F.);
#7344=ORIENTED_EDGE('',*,*,#5665,.F.);
#7345=ORIENTED_EDGE('',*,*,#5666,.F.);
#7346=ORIENTED_EDGE('',*,*,#5667,.F.);
#7347=ORIENTED_EDGE('',*,*,#5668,.F.);
#7348=ORIENTED_EDGE('',*,*,#5669,.F.);
#7349=ORIENTED_EDGE('',*,*,#5670,.F.);
#7350=ORIENTED_EDGE('',*,*,#5671,.F.);
#7351=ORIENTED_EDGE('',*,*,#5672,.F.);
#7352=ORIENTED_EDGE('',*,*,#5673,.F.);
#7353=ORIENTED_EDGE('',*,*,#5674,.F.);
#7354=ORIENTED_EDGE('',*,*,#5675,.F.);
#7355=ORIENTED_EDGE('',*,*,#5676,.F.);
#7356=ORIENTED_EDGE('',*,*,#5677,.F.);
#7357=ORIENTED_EDGE('',*,*,#5678,.F.);
#7358=ORIENTED_EDGE('',*,*,#5679,.F.);
#7359=ORIENTED_EDGE('',*,*,#5680,.F.);
#7360=ORIENTED_EDGE('',*,*,#5681,.F.);
#7361=ORIENTED_EDGE('',*,*,#5682,.F.);
#7362=ORIENTED_EDGE('',*,*,#5683,.F.);
#7363=ORIENTED_EDGE('',*,*,#5684,.T.);
#7364=ORIENTED_EDGE('',*,*,#5607,.F.);
#7365=ORIENTED_EDGE('',*,*,#5685,.F.);
#7366=ORIENTED_EDGE('',*,*,#5686,.F.);
#7367=ORIENTED_EDGE('',*,*,#5687,.T.);
#7368=ORIENTED_EDGE('',*,*,#5608,.F.);
#7369=ORIENTED_EDGE('',*,*,#5684,.F.);
#7370=ORIENTED_EDGE('',*,*,#5476,.T.);
#7371=ORIENTED_EDGE('',*,*,#5480,.T.);
#7372=ORIENTED_EDGE('',*,*,#5483,.T.);
#7373=ORIENTED_EDGE('',*,*,#5486,.T.);
#7374=ORIENTED_EDGE('',*,*,#5489,.T.);
#7375=ORIENTED_EDGE('',*,*,#5492,.T.);
#7376=ORIENTED_EDGE('',*,*,#5495,.T.);
#7377=ORIENTED_EDGE('',*,*,#5498,.T.);
#7378=ORIENTED_EDGE('',*,*,#5501,.T.);
#7379=ORIENTED_EDGE('',*,*,#5504,.T.);
#7380=ORIENTED_EDGE('',*,*,#5538,.T.);
#7381=ORIENTED_EDGE('',*,*,#5541,.T.);
#7382=ORIENTED_EDGE('',*,*,#5544,.T.);
#7383=ORIENTED_EDGE('',*,*,#5547,.T.);
#7384=ORIENTED_EDGE('',*,*,#5550,.T.);
#7385=ORIENTED_EDGE('',*,*,#5553,.T.);
#7386=ORIENTED_EDGE('',*,*,#5556,.T.);
#7387=ORIENTED_EDGE('',*,*,#5559,.T.);
#7388=ORIENTED_EDGE('',*,*,#5562,.T.);
#7389=ORIENTED_EDGE('',*,*,#5565,.T.);
#7390=ORIENTED_EDGE('',*,*,#5605,.T.);
#7391=ORIENTED_EDGE('',*,*,#5688,.T.);
#7392=ORIENTED_EDGE('',*,*,#5686,.T.);
#7393=ORIENTED_EDGE('',*,*,#5689,.T.);
#7394=ORIENTED_EDGE('',*,*,#5690,.T.);
#7395=ORIENTED_EDGE('',*,*,#5691,.T.);
#7396=ORIENTED_EDGE('',*,*,#5692,.T.);
#7397=ORIENTED_EDGE('',*,*,#5693,.T.);
#7398=ORIENTED_EDGE('',*,*,#5694,.T.);
#7399=ORIENTED_EDGE('',*,*,#5695,.T.);
#7400=ORIENTED_EDGE('',*,*,#5696,.T.);
#7401=ORIENTED_EDGE('',*,*,#5697,.T.);
#7402=ORIENTED_EDGE('',*,*,#5698,.T.);
#7403=ORIENTED_EDGE('',*,*,#5699,.T.);
#7404=ORIENTED_EDGE('',*,*,#5700,.T.);
#7405=ORIENTED_EDGE('',*,*,#5701,.T.);
#7406=ORIENTED_EDGE('',*,*,#5702,.T.);
#7407=ORIENTED_EDGE('',*,*,#5703,.T.);
#7408=ORIENTED_EDGE('',*,*,#5704,.T.);
#7409=ORIENTED_EDGE('',*,*,#5705,.T.);
#7410=ORIENTED_EDGE('',*,*,#5706,.T.);
#7411=ORIENTED_EDGE('',*,*,#5707,.T.);
#7412=ORIENTED_EDGE('',*,*,#5708,.T.);
#7413=ORIENTED_EDGE('',*,*,#5709,.T.);
#7414=ORIENTED_EDGE('',*,*,#5710,.T.);
#7415=ORIENTED_EDGE('',*,*,#5711,.T.);
#7416=ORIENTED_EDGE('',*,*,#5712,.T.);
#7417=ORIENTED_EDGE('',*,*,#5713,.T.);
#7418=ORIENTED_EDGE('',*,*,#5714,.T.);
#7419=ORIENTED_EDGE('',*,*,#5715,.T.);
#7420=ORIENTED_EDGE('',*,*,#5716,.T.);
#7421=ORIENTED_EDGE('',*,*,#5717,.T.);
#7422=ORIENTED_EDGE('',*,*,#5718,.T.);
#7423=ORIENTED_EDGE('',*,*,#5719,.T.);
#7424=ORIENTED_EDGE('',*,*,#5720,.T.);
#7425=ORIENTED_EDGE('',*,*,#5721,.T.);
#7426=ORIENTED_EDGE('',*,*,#5722,.T.);
#7427=ORIENTED_EDGE('',*,*,#5723,.T.);
#7428=ORIENTED_EDGE('',*,*,#5724,.T.);
#7429=ORIENTED_EDGE('',*,*,#5725,.T.);
#7430=ORIENTED_EDGE('',*,*,#5726,.T.);
#7431=ORIENTED_EDGE('',*,*,#5727,.T.);
#7432=ORIENTED_EDGE('',*,*,#5728,.T.);
#7433=ORIENTED_EDGE('',*,*,#5729,.T.);
#7434=ORIENTED_EDGE('',*,*,#5730,.T.);
#7435=ORIENTED_EDGE('',*,*,#5731,.T.);
#7436=ORIENTED_EDGE('',*,*,#5732,.T.);
#7437=ORIENTED_EDGE('',*,*,#5733,.T.);
#7438=ORIENTED_EDGE('',*,*,#5734,.T.);
#7439=ORIENTED_EDGE('',*,*,#5735,.T.);
#7440=ORIENTED_EDGE('',*,*,#5736,.T.);
#7441=ORIENTED_EDGE('',*,*,#5737,.T.);
#7442=ORIENTED_EDGE('',*,*,#5738,.T.);
#7443=ORIENTED_EDGE('',*,*,#5739,.T.);
#7444=ORIENTED_EDGE('',*,*,#5740,.T.);
#7445=ORIENTED_EDGE('',*,*,#5741,.T.);
#7446=ORIENTED_EDGE('',*,*,#5742,.T.);
#7447=ORIENTED_EDGE('',*,*,#5743,.T.);
#7448=ORIENTED_EDGE('',*,*,#5744,.T.);
#7449=ORIENTED_EDGE('',*,*,#5745,.T.);
#7450=ORIENTED_EDGE('',*,*,#5746,.T.);
#7451=ORIENTED_EDGE('',*,*,#5747,.T.);
#7452=ORIENTED_EDGE('',*,*,#5748,.T.);
#7453=ORIENTED_EDGE('',*,*,#5749,.T.);
#7454=ORIENTED_EDGE('',*,*,#5750,.T.);
#7455=ORIENTED_EDGE('',*,*,#5751,.T.);
#7456=ORIENTED_EDGE('',*,*,#5752,.T.);
#7457=ORIENTED_EDGE('',*,*,#5753,.T.);
#7458=ORIENTED_EDGE('',*,*,#5754,.T.);
#7459=ORIENTED_EDGE('',*,*,#5755,.T.);
#7460=ORIENTED_EDGE('',*,*,#5756,.T.);
#7461=ORIENTED_EDGE('',*,*,#5757,.T.);
#7462=ORIENTED_EDGE('',*,*,#5758,.T.);
#7463=ORIENTED_EDGE('',*,*,#5759,.T.);
#7464=ORIENTED_EDGE('',*,*,#5760,.T.);
#7465=ORIENTED_EDGE('',*,*,#5761,.T.);
#7466=ORIENTED_EDGE('',*,*,#5762,.T.);
#7467=ORIENTED_EDGE('',*,*,#5763,.T.);
#7468=ORIENTED_EDGE('',*,*,#5764,.F.);
#7469=ORIENTED_EDGE('',*,*,#5765,.F.);
#7470=ORIENTED_EDGE('',*,*,#5766,.F.);
#7471=ORIENTED_EDGE('',*,*,#5767,.T.);
#7472=ORIENTED_EDGE('',*,*,#5768,.F.);
#7473=ORIENTED_EDGE('',*,*,#5767,.F.);
#7474=ORIENTED_EDGE('',*,*,#5769,.F.);
#7475=ORIENTED_EDGE('',*,*,#5770,.T.);
#7476=ORIENTED_EDGE('',*,*,#5771,.F.);
#7477=ORIENTED_EDGE('',*,*,#5772,.F.);
#7478=ORIENTED_EDGE('',*,*,#5773,.T.);
#7479=ORIENTED_EDGE('',*,*,#5774,.T.);
#7480=ORIENTED_EDGE('',*,*,#5775,.F.);
#7481=ORIENTED_EDGE('',*,*,#5774,.F.);
#7482=ORIENTED_EDGE('',*,*,#5776,.T.);
#7483=ORIENTED_EDGE('',*,*,#5777,.T.);
#7484=ORIENTED_EDGE('',*,*,#5778,.F.);
#7485=ORIENTED_EDGE('',*,*,#5770,.F.);
#7486=ORIENTED_EDGE('',*,*,#5779,.F.);
#7487=ORIENTED_EDGE('',*,*,#5780,.T.);
#7488=ORIENTED_EDGE('',*,*,#5781,.F.);
#7489=ORIENTED_EDGE('',*,*,#5780,.F.);
#7490=ORIENTED_EDGE('',*,*,#5782,.F.);
#7491=ORIENTED_EDGE('',*,*,#5765,.T.);
#7492=ORIENTED_EDGE('',*,*,#5783,.F.);
#7493=ORIENTED_EDGE('',*,*,#5777,.F.);
#7494=ORIENTED_EDGE('',*,*,#5784,.T.);
#7495=ORIENTED_EDGE('',*,*,#5785,.T.);
#7496=ORIENTED_EDGE('',*,*,#5786,.F.);
#7497=ORIENTED_EDGE('',*,*,#5785,.F.);
#7498=ORIENTED_EDGE('',*,*,#5787,.T.);
#7499=ORIENTED_EDGE('',*,*,#5772,.T.);
#7500=ORIENTED_EDGE('',*,*,#5776,.F.);
#7501=ORIENTED_EDGE('',*,*,#5773,.F.);
#7502=ORIENTED_EDGE('',*,*,#5787,.F.);
#7503=ORIENTED_EDGE('',*,*,#5784,.F.);
#7504=ORIENTED_EDGE('',*,*,#5769,.T.);
#7505=ORIENTED_EDGE('',*,*,#5766,.T.);
#7506=ORIENTED_EDGE('',*,*,#5782,.T.);
#7507=ORIENTED_EDGE('',*,*,#5779,.T.);
#7508=ORIENTED_EDGE('',*,*,#5788,.F.);
#7509=ORIENTED_EDGE('',*,*,#5789,.F.);
#7510=ORIENTED_EDGE('',*,*,#5790,.F.);
#7511=ORIENTED_EDGE('',*,*,#5791,.T.);
#7512=ORIENTED_EDGE('',*,*,#5792,.F.);
#7513=ORIENTED_EDGE('',*,*,#5791,.F.);
#7514=ORIENTED_EDGE('',*,*,#5793,.F.);
#7515=ORIENTED_EDGE('',*,*,#5794,.T.);
#7516=ORIENTED_EDGE('',*,*,#5795,.F.);
#7517=ORIENTED_EDGE('',*,*,#5796,.F.);
#7518=ORIENTED_EDGE('',*,*,#5797,.T.);
#7519=ORIENTED_EDGE('',*,*,#5798,.T.);
#7520=ORIENTED_EDGE('',*,*,#5799,.F.);
#7521=ORIENTED_EDGE('',*,*,#5798,.F.);
#7522=ORIENTED_EDGE('',*,*,#5800,.T.);
#7523=ORIENTED_EDGE('',*,*,#5801,.T.);
#7524=ORIENTED_EDGE('',*,*,#5802,.F.);
#7525=ORIENTED_EDGE('',*,*,#5794,.F.);
#7526=ORIENTED_EDGE('',*,*,#5803,.F.);
#7527=ORIENTED_EDGE('',*,*,#5804,.T.);
#7528=ORIENTED_EDGE('',*,*,#5805,.F.);
#7529=ORIENTED_EDGE('',*,*,#5804,.F.);
#7530=ORIENTED_EDGE('',*,*,#5806,.F.);
#7531=ORIENTED_EDGE('',*,*,#5789,.T.);
#7532=ORIENTED_EDGE('',*,*,#5807,.F.);
#7533=ORIENTED_EDGE('',*,*,#5801,.F.);
#7534=ORIENTED_EDGE('',*,*,#5808,.T.);
#7535=ORIENTED_EDGE('',*,*,#5809,.T.);
#7536=ORIENTED_EDGE('',*,*,#5810,.F.);
#7537=ORIENTED_EDGE('',*,*,#5809,.F.);
#7538=ORIENTED_EDGE('',*,*,#5811,.T.);
#7539=ORIENTED_EDGE('',*,*,#5796,.T.);
#7540=ORIENTED_EDGE('',*,*,#5800,.F.);
#7541=ORIENTED_EDGE('',*,*,#5797,.F.);
#7542=ORIENTED_EDGE('',*,*,#5811,.F.);
#7543=ORIENTED_EDGE('',*,*,#5808,.F.);
#7544=ORIENTED_EDGE('',*,*,#5793,.T.);
#7545=ORIENTED_EDGE('',*,*,#5790,.T.);
#7546=ORIENTED_EDGE('',*,*,#5806,.T.);
#7547=ORIENTED_EDGE('',*,*,#5803,.T.);
#7548=ORIENTED_EDGE('',*,*,#5812,.T.);
#7549=ORIENTED_EDGE('',*,*,#5813,.T.);
#7550=ORIENTED_EDGE('',*,*,#5814,.T.);
#7551=ORIENTED_EDGE('',*,*,#5815,.T.);
#7552=ORIENTED_EDGE('',*,*,#5816,.F.);
#7553=ORIENTED_EDGE('',*,*,#5771,.T.);
#7554=ORIENTED_EDGE('',*,*,#5775,.T.);
#7555=ORIENTED_EDGE('',*,*,#5783,.T.);
#7556=ORIENTED_EDGE('',*,*,#5786,.T.);
#7557=ORIENTED_EDGE('',*,*,#5817,.T.);
#7558=ORIENTED_EDGE('',*,*,#5818,.T.);
#7559=ORIENTED_EDGE('',*,*,#5819,.T.);
#7560=ORIENTED_EDGE('',*,*,#5820,.T.);
#7561=ORIENTED_EDGE('',*,*,#5821,.F.);
#7562=ORIENTED_EDGE('',*,*,#5795,.T.);
#7563=ORIENTED_EDGE('',*,*,#5799,.T.);
#7564=ORIENTED_EDGE('',*,*,#5807,.T.);
#7565=ORIENTED_EDGE('',*,*,#5810,.T.);
#7566=ORIENTED_EDGE('',*,*,#5822,.F.);
#7567=ORIENTED_EDGE('',*,*,#5823,.T.);
#7568=ORIENTED_EDGE('',*,*,#5726,.F.);
#7569=ORIENTED_EDGE('',*,*,#5824,.T.);
#7570=ORIENTED_EDGE('',*,*,#5646,.T.);
#7571=ORIENTED_EDGE('',*,*,#5825,.F.);
#7572=ORIENTED_EDGE('',*,*,#5727,.F.);
#7573=ORIENTED_EDGE('',*,*,#5823,.F.);
#7574=ORIENTED_EDGE('',*,*,#5825,.T.);
#7575=ORIENTED_EDGE('',*,*,#5645,.F.);
#7576=ORIENTED_EDGE('',*,*,#5826,.F.);
#7577=ORIENTED_EDGE('',*,*,#5728,.F.);
#7578=ORIENTED_EDGE('',*,*,#5827,.F.);
#7579=ORIENTED_EDGE('',*,*,#5828,.F.);
#7580=ORIENTED_EDGE('',*,*,#5829,.T.);
#7581=ORIENTED_EDGE('',*,*,#5830,.F.);
#7582=ORIENTED_EDGE('',*,*,#5812,.F.);
#7583=ORIENTED_EDGE('',*,*,#5831,.F.);
#7584=ORIENTED_EDGE('',*,*,#5832,.T.);
#7585=ORIENTED_EDGE('',*,*,#5833,.F.);
#7586=ORIENTED_EDGE('',*,*,#5832,.F.);
#7587=ORIENTED_EDGE('',*,*,#5834,.F.);
#7588=ORIENTED_EDGE('',*,*,#5829,.F.);
#7589=ORIENTED_EDGE('',*,*,#5835,.F.);
#7590=ORIENTED_EDGE('',*,*,#5764,.T.);
#7591=ORIENTED_EDGE('',*,*,#5768,.T.);
#7592=ORIENTED_EDGE('',*,*,#5778,.T.);
#7593=ORIENTED_EDGE('',*,*,#5781,.T.);
#7594=ORIENTED_EDGE('',*,*,#5683,.T.);
#7595=ORIENTED_EDGE('',*,*,#5827,.T.);
#7596=ORIENTED_EDGE('',*,*,#5836,.T.);
#7597=ORIENTED_EDGE('',*,*,#5837,.T.);
#7598=ORIENTED_EDGE('',*,*,#5838,.T.);
#7599=ORIENTED_EDGE('',*,*,#5839,.F.);
#7600=ORIENTED_EDGE('',*,*,#5840,.F.);
#7601=ORIENTED_EDGE('',*,*,#5841,.T.);
#7602=ORIENTED_EDGE('',*,*,#5842,.F.);
#7603=ORIENTED_EDGE('',*,*,#5837,.F.);
#7604=ORIENTED_EDGE('',*,*,#5843,.F.);
#7605=ORIENTED_EDGE('',*,*,#5844,.T.);
#7606=ORIENTED_EDGE('',*,*,#5845,.F.);
#7607=ORIENTED_EDGE('',*,*,#5844,.F.);
#7608=ORIENTED_EDGE('',*,*,#5846,.F.);
#7609=ORIENTED_EDGE('',*,*,#5841,.F.);
#7610=ORIENTED_EDGE('',*,*,#5847,.F.);
#7611=ORIENTED_EDGE('',*,*,#5839,.T.);
#7612=ORIENTED_EDGE('',*,*,#5848,.T.);
#7613=ORIENTED_EDGE('',*,*,#5849,.T.);
#7614=ORIENTED_EDGE('',*,*,#5850,.T.);
#7615=ORIENTED_EDGE('',*,*,#5851,.F.);
#7616=ORIENTED_EDGE('',*,*,#5852,.F.);
#7617=ORIENTED_EDGE('',*,*,#5853,.T.);
#7618=ORIENTED_EDGE('',*,*,#5854,.F.);
#7619=ORIENTED_EDGE('',*,*,#5849,.F.);
#7620=ORIENTED_EDGE('',*,*,#5855,.F.);
#7621=ORIENTED_EDGE('',*,*,#5856,.T.);
#7622=ORIENTED_EDGE('',*,*,#5857,.F.);
#7623=ORIENTED_EDGE('',*,*,#5856,.F.);
#7624=ORIENTED_EDGE('',*,*,#5858,.F.);
#7625=ORIENTED_EDGE('',*,*,#5853,.F.);
#7626=ORIENTED_EDGE('',*,*,#5859,.F.);
#7627=ORIENTED_EDGE('',*,*,#5851,.T.);
#7628=ORIENTED_EDGE('',*,*,#5860,.T.);
#7629=ORIENTED_EDGE('',*,*,#5861,.T.);
#7630=ORIENTED_EDGE('',*,*,#5862,.T.);
#7631=ORIENTED_EDGE('',*,*,#5863,.F.);
#7632=ORIENTED_EDGE('',*,*,#5864,.F.);
#7633=ORIENTED_EDGE('',*,*,#5865,.T.);
#7634=ORIENTED_EDGE('',*,*,#5866,.F.);
#7635=ORIENTED_EDGE('',*,*,#5861,.F.);
#7636=ORIENTED_EDGE('',*,*,#5867,.F.);
#7637=ORIENTED_EDGE('',*,*,#5868,.T.);
#7638=ORIENTED_EDGE('',*,*,#5869,.F.);
#7639=ORIENTED_EDGE('',*,*,#5868,.F.);
#7640=ORIENTED_EDGE('',*,*,#5870,.F.);
#7641=ORIENTED_EDGE('',*,*,#5865,.F.);
#7642=ORIENTED_EDGE('',*,*,#5871,.F.);
#7643=ORIENTED_EDGE('',*,*,#5863,.T.);
#7644=ORIENTED_EDGE('',*,*,#5872,.T.);
#7645=ORIENTED_EDGE('',*,*,#5873,.T.);
#7646=ORIENTED_EDGE('',*,*,#5874,.T.);
#7647=ORIENTED_EDGE('',*,*,#5875,.F.);
#7648=ORIENTED_EDGE('',*,*,#5876,.F.);
#7649=ORIENTED_EDGE('',*,*,#5877,.T.);
#7650=ORIENTED_EDGE('',*,*,#5878,.F.);
#7651=ORIENTED_EDGE('',*,*,#5873,.F.);
#7652=ORIENTED_EDGE('',*,*,#5879,.F.);
#7653=ORIENTED_EDGE('',*,*,#5880,.T.);
#7654=ORIENTED_EDGE('',*,*,#5881,.F.);
#7655=ORIENTED_EDGE('',*,*,#5880,.F.);
#7656=ORIENTED_EDGE('',*,*,#5882,.F.);
#7657=ORIENTED_EDGE('',*,*,#5877,.F.);
#7658=ORIENTED_EDGE('',*,*,#5883,.F.);
#7659=ORIENTED_EDGE('',*,*,#5875,.T.);
#7660=ORIENTED_EDGE('',*,*,#5884,.T.);
#7661=ORIENTED_EDGE('',*,*,#5885,.T.);
#7662=ORIENTED_EDGE('',*,*,#5886,.T.);
#7663=ORIENTED_EDGE('',*,*,#5887,.F.);
#7664=ORIENTED_EDGE('',*,*,#5888,.F.);
#7665=ORIENTED_EDGE('',*,*,#5889,.T.);
#7666=ORIENTED_EDGE('',*,*,#5890,.F.);
#7667=ORIENTED_EDGE('',*,*,#5885,.F.);
#7668=ORIENTED_EDGE('',*,*,#5891,.F.);
#7669=ORIENTED_EDGE('',*,*,#5892,.T.);
#7670=ORIENTED_EDGE('',*,*,#5893,.F.);
#7671=ORIENTED_EDGE('',*,*,#5892,.F.);
#7672=ORIENTED_EDGE('',*,*,#5894,.F.);
#7673=ORIENTED_EDGE('',*,*,#5889,.F.);
#7674=ORIENTED_EDGE('',*,*,#5895,.F.);
#7675=ORIENTED_EDGE('',*,*,#5887,.T.);
#7676=ORIENTED_EDGE('',*,*,#5896,.T.);
#7677=ORIENTED_EDGE('',*,*,#5897,.T.);
#7678=ORIENTED_EDGE('',*,*,#5898,.T.);
#7679=ORIENTED_EDGE('',*,*,#5899,.F.);
#7680=ORIENTED_EDGE('',*,*,#5900,.F.);
#7681=ORIENTED_EDGE('',*,*,#5901,.T.);
#7682=ORIENTED_EDGE('',*,*,#5902,.F.);
#7683=ORIENTED_EDGE('',*,*,#5897,.F.);
#7684=ORIENTED_EDGE('',*,*,#5903,.F.);
#7685=ORIENTED_EDGE('',*,*,#5904,.T.);
#7686=ORIENTED_EDGE('',*,*,#5905,.F.);
#7687=ORIENTED_EDGE('',*,*,#5904,.F.);
#7688=ORIENTED_EDGE('',*,*,#5906,.F.);
#7689=ORIENTED_EDGE('',*,*,#5901,.F.);
#7690=ORIENTED_EDGE('',*,*,#5907,.F.);
#7691=ORIENTED_EDGE('',*,*,#5899,.T.);
#7692=ORIENTED_EDGE('',*,*,#5908,.T.);
#7693=ORIENTED_EDGE('',*,*,#5909,.T.);
#7694=ORIENTED_EDGE('',*,*,#5910,.T.);
#7695=ORIENTED_EDGE('',*,*,#5911,.F.);
#7696=ORIENTED_EDGE('',*,*,#5912,.F.);
#7697=ORIENTED_EDGE('',*,*,#5913,.T.);
#7698=ORIENTED_EDGE('',*,*,#5914,.F.);
#7699=ORIENTED_EDGE('',*,*,#5909,.F.);
#7700=ORIENTED_EDGE('',*,*,#5915,.F.);
#7701=ORIENTED_EDGE('',*,*,#5916,.T.);
#7702=ORIENTED_EDGE('',*,*,#5917,.F.);
#7703=ORIENTED_EDGE('',*,*,#5916,.F.);
#7704=ORIENTED_EDGE('',*,*,#5918,.F.);
#7705=ORIENTED_EDGE('',*,*,#5913,.F.);
#7706=ORIENTED_EDGE('',*,*,#5919,.F.);
#7707=ORIENTED_EDGE('',*,*,#5911,.T.);
#7708=ORIENTED_EDGE('',*,*,#5920,.T.);
#7709=ORIENTED_EDGE('',*,*,#5921,.T.);
#7710=ORIENTED_EDGE('',*,*,#5922,.T.);
#7711=ORIENTED_EDGE('',*,*,#5923,.F.);
#7712=ORIENTED_EDGE('',*,*,#5924,.F.);
#7713=ORIENTED_EDGE('',*,*,#5925,.T.);
#7714=ORIENTED_EDGE('',*,*,#5926,.F.);
#7715=ORIENTED_EDGE('',*,*,#5921,.F.);
#7716=ORIENTED_EDGE('',*,*,#5927,.F.);
#7717=ORIENTED_EDGE('',*,*,#5928,.T.);
#7718=ORIENTED_EDGE('',*,*,#5929,.F.);
#7719=ORIENTED_EDGE('',*,*,#5928,.F.);
#7720=ORIENTED_EDGE('',*,*,#5930,.F.);
#7721=ORIENTED_EDGE('',*,*,#5925,.F.);
#7722=ORIENTED_EDGE('',*,*,#5931,.F.);
#7723=ORIENTED_EDGE('',*,*,#5923,.T.);
#7724=ORIENTED_EDGE('',*,*,#5932,.T.);
#7725=ORIENTED_EDGE('',*,*,#5933,.T.);
#7726=ORIENTED_EDGE('',*,*,#5934,.T.);
#7727=ORIENTED_EDGE('',*,*,#5935,.F.);
#7728=ORIENTED_EDGE('',*,*,#5936,.F.);
#7729=ORIENTED_EDGE('',*,*,#5937,.T.);
#7730=ORIENTED_EDGE('',*,*,#5938,.F.);
#7731=ORIENTED_EDGE('',*,*,#5933,.F.);
#7732=ORIENTED_EDGE('',*,*,#5939,.F.);
#7733=ORIENTED_EDGE('',*,*,#5940,.T.);
#7734=ORIENTED_EDGE('',*,*,#5941,.F.);
#7735=ORIENTED_EDGE('',*,*,#5940,.F.);
#7736=ORIENTED_EDGE('',*,*,#5942,.F.);
#7737=ORIENTED_EDGE('',*,*,#5937,.F.);
#7738=ORIENTED_EDGE('',*,*,#5943,.F.);
#7739=ORIENTED_EDGE('',*,*,#5935,.T.);
#7740=ORIENTED_EDGE('',*,*,#5944,.T.);
#7741=ORIENTED_EDGE('',*,*,#5945,.T.);
#7742=ORIENTED_EDGE('',*,*,#5946,.T.);
#7743=ORIENTED_EDGE('',*,*,#5947,.F.);
#7744=ORIENTED_EDGE('',*,*,#5948,.F.);
#7745=ORIENTED_EDGE('',*,*,#5949,.T.);
#7746=ORIENTED_EDGE('',*,*,#5950,.F.);
#7747=ORIENTED_EDGE('',*,*,#5945,.F.);
#7748=ORIENTED_EDGE('',*,*,#5951,.F.);
#7749=ORIENTED_EDGE('',*,*,#5952,.T.);
#7750=ORIENTED_EDGE('',*,*,#5953,.F.);
#7751=ORIENTED_EDGE('',*,*,#5952,.F.);
#7752=ORIENTED_EDGE('',*,*,#5954,.F.);
#7753=ORIENTED_EDGE('',*,*,#5949,.F.);
#7754=ORIENTED_EDGE('',*,*,#5955,.F.);
#7755=ORIENTED_EDGE('',*,*,#5947,.T.);
#7756=ORIENTED_EDGE('',*,*,#5956,.T.);
#7757=ORIENTED_EDGE('',*,*,#5957,.T.);
#7758=ORIENTED_EDGE('',*,*,#5958,.T.);
#7759=ORIENTED_EDGE('',*,*,#5959,.F.);
#7760=ORIENTED_EDGE('',*,*,#5960,.F.);
#7761=ORIENTED_EDGE('',*,*,#5961,.T.);
#7762=ORIENTED_EDGE('',*,*,#5962,.F.);
#7763=ORIENTED_EDGE('',*,*,#5957,.F.);
#7764=ORIENTED_EDGE('',*,*,#5963,.F.);
#7765=ORIENTED_EDGE('',*,*,#5964,.T.);
#7766=ORIENTED_EDGE('',*,*,#5965,.F.);
#7767=ORIENTED_EDGE('',*,*,#5964,.F.);
#7768=ORIENTED_EDGE('',*,*,#5966,.F.);
#7769=ORIENTED_EDGE('',*,*,#5961,.F.);
#7770=ORIENTED_EDGE('',*,*,#5967,.F.);
#7771=ORIENTED_EDGE('',*,*,#5959,.T.);
#7772=ORIENTED_EDGE('',*,*,#5968,.T.);
#7773=ORIENTED_EDGE('',*,*,#5969,.T.);
#7774=ORIENTED_EDGE('',*,*,#5970,.T.);
#7775=ORIENTED_EDGE('',*,*,#5971,.F.);
#7776=ORIENTED_EDGE('',*,*,#5972,.F.);
#7777=ORIENTED_EDGE('',*,*,#5973,.T.);
#7778=ORIENTED_EDGE('',*,*,#5974,.F.);
#7779=ORIENTED_EDGE('',*,*,#5969,.F.);
#7780=ORIENTED_EDGE('',*,*,#5975,.F.);
#7781=ORIENTED_EDGE('',*,*,#5976,.T.);
#7782=ORIENTED_EDGE('',*,*,#5977,.F.);
#7783=ORIENTED_EDGE('',*,*,#5976,.F.);
#7784=ORIENTED_EDGE('',*,*,#5978,.F.);
#7785=ORIENTED_EDGE('',*,*,#5973,.F.);
#7786=ORIENTED_EDGE('',*,*,#5979,.F.);
#7787=ORIENTED_EDGE('',*,*,#5971,.T.);
#7788=ORIENTED_EDGE('',*,*,#5980,.T.);
#7789=ORIENTED_EDGE('',*,*,#5981,.T.);
#7790=ORIENTED_EDGE('',*,*,#5982,.T.);
#7791=ORIENTED_EDGE('',*,*,#5817,.F.);
#7792=ORIENTED_EDGE('',*,*,#5983,.F.);
#7793=ORIENTED_EDGE('',*,*,#5984,.T.);
#7794=ORIENTED_EDGE('',*,*,#5985,.F.);
#7795=ORIENTED_EDGE('',*,*,#5981,.F.);
#7796=ORIENTED_EDGE('',*,*,#5986,.F.);
#7797=ORIENTED_EDGE('',*,*,#5987,.T.);
#7798=ORIENTED_EDGE('',*,*,#5988,.F.);
#7799=ORIENTED_EDGE('',*,*,#5987,.F.);
#7800=ORIENTED_EDGE('',*,*,#5989,.F.);
#7801=ORIENTED_EDGE('',*,*,#5984,.F.);
#7802=ORIENTED_EDGE('',*,*,#5990,.F.);
#7803=ORIENTED_EDGE('',*,*,#5788,.T.);
#7804=ORIENTED_EDGE('',*,*,#5792,.T.);
#7805=ORIENTED_EDGE('',*,*,#5802,.T.);
#7806=ORIENTED_EDGE('',*,*,#5805,.T.);
#7807=ORIENTED_EDGE('',*,*,#5822,.T.);
#7808=ORIENTED_EDGE('',*,*,#5685,.T.);
#7809=ORIENTED_EDGE('',*,*,#5606,.T.);
#7810=ORIENTED_EDGE('',*,*,#5991,.T.);
#7811=ORIENTED_EDGE('',*,*,#5689,.F.);
#7812=ORIENTED_EDGE('',*,*,#5725,.F.);
#7813=ORIENTED_EDGE('',*,*,#5992,.F.);
#7814=ORIENTED_EDGE('',*,*,#5647,.T.);
#7815=ORIENTED_EDGE('',*,*,#5824,.F.);
#7816=ORIENTED_EDGE('',*,*,#5993,.F.);
#7817=ORIENTED_EDGE('',*,*,#5729,.F.);
#7818=ORIENTED_EDGE('',*,*,#5826,.T.);
#7819=ORIENTED_EDGE('',*,*,#5644,.F.);
#7820=ORIENTED_EDGE('',*,*,#5994,.F.);
#7821=ORIENTED_EDGE('',*,*,#5648,.T.);
#7822=ORIENTED_EDGE('',*,*,#5992,.T.);
#7823=ORIENTED_EDGE('',*,*,#5724,.F.);
#7824=ORIENTED_EDGE('',*,*,#5995,.F.);
#7825=ORIENTED_EDGE('',*,*,#5730,.F.);
#7826=ORIENTED_EDGE('',*,*,#5993,.T.);
#7827=ORIENTED_EDGE('',*,*,#5643,.F.);
#7828=ORIENTED_EDGE('',*,*,#5996,.F.);
#7829=ORIENTED_EDGE('',*,*,#5649,.T.);
#7830=ORIENTED_EDGE('',*,*,#5994,.T.);
#7831=ORIENTED_EDGE('',*,*,#5723,.F.);
#7832=ORIENTED_EDGE('',*,*,#5997,.F.);
#7833=ORIENTED_EDGE('',*,*,#5731,.F.);
#7834=ORIENTED_EDGE('',*,*,#5995,.T.);
#7835=ORIENTED_EDGE('',*,*,#5642,.F.);
#7836=ORIENTED_EDGE('',*,*,#5998,.F.);
#7837=ORIENTED_EDGE('',*,*,#5650,.T.);
#7838=ORIENTED_EDGE('',*,*,#5996,.T.);
#7839=ORIENTED_EDGE('',*,*,#5722,.F.);
#7840=ORIENTED_EDGE('',*,*,#5999,.F.);
#7841=ORIENTED_EDGE('',*,*,#5732,.F.);
#7842=ORIENTED_EDGE('',*,*,#5997,.T.);
#7843=ORIENTED_EDGE('',*,*,#5641,.F.);
#7844=ORIENTED_EDGE('',*,*,#6000,.F.);
#7845=ORIENTED_EDGE('',*,*,#5651,.T.);
#7846=ORIENTED_EDGE('',*,*,#5998,.T.);
#7847=ORIENTED_EDGE('',*,*,#5721,.F.);
#7848=ORIENTED_EDGE('',*,*,#6001,.F.);
#7849=ORIENTED_EDGE('',*,*,#5733,.F.);
#7850=ORIENTED_EDGE('',*,*,#5999,.T.);
#7851=ORIENTED_EDGE('',*,*,#5640,.F.);
#7852=ORIENTED_EDGE('',*,*,#6002,.F.);
#7853=ORIENTED_EDGE('',*,*,#5652,.T.);
#7854=ORIENTED_EDGE('',*,*,#6000,.T.);
#7855=ORIENTED_EDGE('',*,*,#5720,.F.);
#7856=ORIENTED_EDGE('',*,*,#6003,.F.);
#7857=ORIENTED_EDGE('',*,*,#5734,.F.);
#7858=ORIENTED_EDGE('',*,*,#6001,.T.);
#7859=ORIENTED_EDGE('',*,*,#5639,.F.);
#7860=ORIENTED_EDGE('',*,*,#6004,.F.);
#7861=ORIENTED_EDGE('',*,*,#5653,.T.);
#7862=ORIENTED_EDGE('',*,*,#6002,.T.);
#7863=ORIENTED_EDGE('',*,*,#5719,.F.);
#7864=ORIENTED_EDGE('',*,*,#6005,.F.);
#7865=ORIENTED_EDGE('',*,*,#5735,.F.);
#7866=ORIENTED_EDGE('',*,*,#6003,.T.);
#7867=ORIENTED_EDGE('',*,*,#5638,.F.);
#7868=ORIENTED_EDGE('',*,*,#6006,.F.);
#7869=ORIENTED_EDGE('',*,*,#5654,.T.);
#7870=ORIENTED_EDGE('',*,*,#6004,.T.);
#7871=ORIENTED_EDGE('',*,*,#5718,.F.);
#7872=ORIENTED_EDGE('',*,*,#6007,.F.);
#7873=ORIENTED_EDGE('',*,*,#5736,.F.);
#7874=ORIENTED_EDGE('',*,*,#6005,.T.);
#7875=ORIENTED_EDGE('',*,*,#5637,.F.);
#7876=ORIENTED_EDGE('',*,*,#6008,.F.);
#7877=ORIENTED_EDGE('',*,*,#5655,.T.);
#7878=ORIENTED_EDGE('',*,*,#6006,.T.);
#7879=ORIENTED_EDGE('',*,*,#5717,.F.);
#7880=ORIENTED_EDGE('',*,*,#6009,.F.);
#7881=ORIENTED_EDGE('',*,*,#5737,.F.);
#7882=ORIENTED_EDGE('',*,*,#6007,.T.);
#7883=ORIENTED_EDGE('',*,*,#5636,.F.);
#7884=ORIENTED_EDGE('',*,*,#6010,.F.);
#7885=ORIENTED_EDGE('',*,*,#5656,.T.);
#7886=ORIENTED_EDGE('',*,*,#6008,.T.);
#7887=ORIENTED_EDGE('',*,*,#5716,.F.);
#7888=ORIENTED_EDGE('',*,*,#6011,.F.);
#7889=ORIENTED_EDGE('',*,*,#5738,.F.);
#7890=ORIENTED_EDGE('',*,*,#6009,.T.);
#7891=ORIENTED_EDGE('',*,*,#5635,.F.);
#7892=ORIENTED_EDGE('',*,*,#6012,.F.);
#7893=ORIENTED_EDGE('',*,*,#5657,.T.);
#7894=ORIENTED_EDGE('',*,*,#6010,.T.);
#7895=ORIENTED_EDGE('',*,*,#5715,.F.);
#7896=ORIENTED_EDGE('',*,*,#6013,.F.);
#7897=ORIENTED_EDGE('',*,*,#5739,.F.);
#7898=ORIENTED_EDGE('',*,*,#6011,.T.);
#7899=ORIENTED_EDGE('',*,*,#5634,.F.);
#7900=ORIENTED_EDGE('',*,*,#6014,.F.);
#7901=ORIENTED_EDGE('',*,*,#5658,.T.);
#7902=ORIENTED_EDGE('',*,*,#6012,.T.);
#7903=ORIENTED_EDGE('',*,*,#5714,.F.);
#7904=ORIENTED_EDGE('',*,*,#6015,.F.);
#7905=ORIENTED_EDGE('',*,*,#5740,.F.);
#7906=ORIENTED_EDGE('',*,*,#6013,.T.);
#7907=ORIENTED_EDGE('',*,*,#5633,.F.);
#7908=ORIENTED_EDGE('',*,*,#6016,.F.);
#7909=ORIENTED_EDGE('',*,*,#5659,.T.);
#7910=ORIENTED_EDGE('',*,*,#6014,.T.);
#7911=ORIENTED_EDGE('',*,*,#5713,.F.);
#7912=ORIENTED_EDGE('',*,*,#6017,.F.);
#7913=ORIENTED_EDGE('',*,*,#5741,.F.);
#7914=ORIENTED_EDGE('',*,*,#6015,.T.);
#7915=ORIENTED_EDGE('',*,*,#5632,.F.);
#7916=ORIENTED_EDGE('',*,*,#6018,.F.);
#7917=ORIENTED_EDGE('',*,*,#5660,.T.);
#7918=ORIENTED_EDGE('',*,*,#6016,.T.);
#7919=ORIENTED_EDGE('',*,*,#5712,.F.);
#7920=ORIENTED_EDGE('',*,*,#6019,.F.);
#7921=ORIENTED_EDGE('',*,*,#5742,.F.);
#7922=ORIENTED_EDGE('',*,*,#6017,.T.);
#7923=ORIENTED_EDGE('',*,*,#5631,.F.);
#7924=ORIENTED_EDGE('',*,*,#6020,.F.);
#7925=ORIENTED_EDGE('',*,*,#5661,.T.);
#7926=ORIENTED_EDGE('',*,*,#6018,.T.);
#7927=ORIENTED_EDGE('',*,*,#5711,.F.);
#7928=ORIENTED_EDGE('',*,*,#6021,.F.);
#7929=ORIENTED_EDGE('',*,*,#5743,.F.);
#7930=ORIENTED_EDGE('',*,*,#6019,.T.);
#7931=ORIENTED_EDGE('',*,*,#5630,.F.);
#7932=ORIENTED_EDGE('',*,*,#6022,.F.);
#7933=ORIENTED_EDGE('',*,*,#5662,.T.);
#7934=ORIENTED_EDGE('',*,*,#6020,.T.);
#7935=ORIENTED_EDGE('',*,*,#5710,.F.);
#7936=ORIENTED_EDGE('',*,*,#6023,.F.);
#7937=ORIENTED_EDGE('',*,*,#5744,.F.);
#7938=ORIENTED_EDGE('',*,*,#6021,.T.);
#7939=ORIENTED_EDGE('',*,*,#5629,.F.);
#7940=ORIENTED_EDGE('',*,*,#6024,.F.);
#7941=ORIENTED_EDGE('',*,*,#5663,.T.);
#7942=ORIENTED_EDGE('',*,*,#6022,.T.);
#7943=ORIENTED_EDGE('',*,*,#5709,.F.);
#7944=ORIENTED_EDGE('',*,*,#6025,.F.);
#7945=ORIENTED_EDGE('',*,*,#5745,.F.);
#7946=ORIENTED_EDGE('',*,*,#6023,.T.);
#7947=ORIENTED_EDGE('',*,*,#5628,.F.);
#7948=ORIENTED_EDGE('',*,*,#6026,.F.);
#7949=ORIENTED_EDGE('',*,*,#5664,.T.);
#7950=ORIENTED_EDGE('',*,*,#6024,.T.);
#7951=ORIENTED_EDGE('',*,*,#5708,.F.);
#7952=ORIENTED_EDGE('',*,*,#6027,.F.);
#7953=ORIENTED_EDGE('',*,*,#5746,.F.);
#7954=ORIENTED_EDGE('',*,*,#6025,.T.);
#7955=ORIENTED_EDGE('',*,*,#5627,.F.);
#7956=ORIENTED_EDGE('',*,*,#6028,.F.);
#7957=ORIENTED_EDGE('',*,*,#5665,.T.);
#7958=ORIENTED_EDGE('',*,*,#6026,.T.);
#7959=ORIENTED_EDGE('',*,*,#5707,.F.);
#7960=ORIENTED_EDGE('',*,*,#6029,.F.);
#7961=ORIENTED_EDGE('',*,*,#5747,.F.);
#7962=ORIENTED_EDGE('',*,*,#6027,.T.);
#7963=ORIENTED_EDGE('',*,*,#5626,.F.);
#7964=ORIENTED_EDGE('',*,*,#6030,.F.);
#7965=ORIENTED_EDGE('',*,*,#5666,.T.);
#7966=ORIENTED_EDGE('',*,*,#6028,.T.);
#7967=ORIENTED_EDGE('',*,*,#5706,.F.);
#7968=ORIENTED_EDGE('',*,*,#6031,.F.);
#7969=ORIENTED_EDGE('',*,*,#5748,.F.);
#7970=ORIENTED_EDGE('',*,*,#6029,.T.);
#7971=ORIENTED_EDGE('',*,*,#5625,.F.);
#7972=ORIENTED_EDGE('',*,*,#6032,.F.);
#7973=ORIENTED_EDGE('',*,*,#5667,.T.);
#7974=ORIENTED_EDGE('',*,*,#6030,.T.);
#7975=ORIENTED_EDGE('',*,*,#5705,.F.);
#7976=ORIENTED_EDGE('',*,*,#6033,.F.);
#7977=ORIENTED_EDGE('',*,*,#5749,.F.);
#7978=ORIENTED_EDGE('',*,*,#6031,.T.);
#7979=ORIENTED_EDGE('',*,*,#5624,.F.);
#7980=ORIENTED_EDGE('',*,*,#6034,.F.);
#7981=ORIENTED_EDGE('',*,*,#5668,.T.);
#7982=ORIENTED_EDGE('',*,*,#6032,.T.);
#7983=ORIENTED_EDGE('',*,*,#5704,.F.);
#7984=ORIENTED_EDGE('',*,*,#6035,.F.);
#7985=ORIENTED_EDGE('',*,*,#5750,.F.);
#7986=ORIENTED_EDGE('',*,*,#6033,.T.);
#7987=ORIENTED_EDGE('',*,*,#5623,.F.);
#7988=ORIENTED_EDGE('',*,*,#6036,.F.);
#7989=ORIENTED_EDGE('',*,*,#5669,.T.);
#7990=ORIENTED_EDGE('',*,*,#6034,.T.);
#7991=ORIENTED_EDGE('',*,*,#5703,.F.);
#7992=ORIENTED_EDGE('',*,*,#6037,.F.);
#7993=ORIENTED_EDGE('',*,*,#5751,.F.);
#7994=ORIENTED_EDGE('',*,*,#6035,.T.);
#7995=ORIENTED_EDGE('',*,*,#5622,.F.);
#7996=ORIENTED_EDGE('',*,*,#6038,.F.);
#7997=ORIENTED_EDGE('',*,*,#5670,.T.);
#7998=ORIENTED_EDGE('',*,*,#6036,.T.);
#7999=ORIENTED_EDGE('',*,*,#5702,.F.);
#8000=ORIENTED_EDGE('',*,*,#6039,.F.);
#8001=ORIENTED_EDGE('',*,*,#5752,.F.);
#8002=ORIENTED_EDGE('',*,*,#6037,.T.);
#8003=ORIENTED_EDGE('',*,*,#5621,.F.);
#8004=ORIENTED_EDGE('',*,*,#6040,.F.);
#8005=ORIENTED_EDGE('',*,*,#5671,.T.);
#8006=ORIENTED_EDGE('',*,*,#6038,.T.);
#8007=ORIENTED_EDGE('',*,*,#5701,.F.);
#8008=ORIENTED_EDGE('',*,*,#6041,.F.);
#8009=ORIENTED_EDGE('',*,*,#5753,.F.);
#8010=ORIENTED_EDGE('',*,*,#6039,.T.);
#8011=ORIENTED_EDGE('',*,*,#5620,.F.);
#8012=ORIENTED_EDGE('',*,*,#6042,.F.);
#8013=ORIENTED_EDGE('',*,*,#5672,.T.);
#8014=ORIENTED_EDGE('',*,*,#6040,.T.);
#8015=ORIENTED_EDGE('',*,*,#5700,.F.);
#8016=ORIENTED_EDGE('',*,*,#6043,.F.);
#8017=ORIENTED_EDGE('',*,*,#5754,.F.);
#8018=ORIENTED_EDGE('',*,*,#6041,.T.);
#8019=ORIENTED_EDGE('',*,*,#5619,.F.);
#8020=ORIENTED_EDGE('',*,*,#6044,.F.);
#8021=ORIENTED_EDGE('',*,*,#5673,.T.);
#8022=ORIENTED_EDGE('',*,*,#6042,.T.);
#8023=ORIENTED_EDGE('',*,*,#5699,.F.);
#8024=ORIENTED_EDGE('',*,*,#6045,.F.);
#8025=ORIENTED_EDGE('',*,*,#5755,.F.);
#8026=ORIENTED_EDGE('',*,*,#6043,.T.);
#8027=ORIENTED_EDGE('',*,*,#5618,.F.);
#8028=ORIENTED_EDGE('',*,*,#6046,.F.);
#8029=ORIENTED_EDGE('',*,*,#5674,.T.);
#8030=ORIENTED_EDGE('',*,*,#6044,.T.);
#8031=ORIENTED_EDGE('',*,*,#5698,.F.);
#8032=ORIENTED_EDGE('',*,*,#6047,.F.);
#8033=ORIENTED_EDGE('',*,*,#5756,.F.);
#8034=ORIENTED_EDGE('',*,*,#6045,.T.);
#8035=ORIENTED_EDGE('',*,*,#5617,.F.);
#8036=ORIENTED_EDGE('',*,*,#6048,.F.);
#8037=ORIENTED_EDGE('',*,*,#5675,.T.);
#8038=ORIENTED_EDGE('',*,*,#6046,.T.);
#8039=ORIENTED_EDGE('',*,*,#5697,.F.);
#8040=ORIENTED_EDGE('',*,*,#6049,.F.);
#8041=ORIENTED_EDGE('',*,*,#5757,.F.);
#8042=ORIENTED_EDGE('',*,*,#6047,.T.);
#8043=ORIENTED_EDGE('',*,*,#5616,.F.);
#8044=ORIENTED_EDGE('',*,*,#6050,.F.);
#8045=ORIENTED_EDGE('',*,*,#5676,.T.);
#8046=ORIENTED_EDGE('',*,*,#6048,.T.);
#8047=ORIENTED_EDGE('',*,*,#5696,.F.);
#8048=ORIENTED_EDGE('',*,*,#6051,.F.);
#8049=ORIENTED_EDGE('',*,*,#5758,.F.);
#8050=ORIENTED_EDGE('',*,*,#6049,.T.);
#8051=ORIENTED_EDGE('',*,*,#5615,.F.);
#8052=ORIENTED_EDGE('',*,*,#6052,.F.);
#8053=ORIENTED_EDGE('',*,*,#5677,.T.);
#8054=ORIENTED_EDGE('',*,*,#6050,.T.);
#8055=ORIENTED_EDGE('',*,*,#5695,.F.);
#8056=ORIENTED_EDGE('',*,*,#6053,.F.);
#8057=ORIENTED_EDGE('',*,*,#5759,.F.);
#8058=ORIENTED_EDGE('',*,*,#6051,.T.);
#8059=ORIENTED_EDGE('',*,*,#5614,.F.);
#8060=ORIENTED_EDGE('',*,*,#6054,.F.);
#8061=ORIENTED_EDGE('',*,*,#5678,.T.);
#8062=ORIENTED_EDGE('',*,*,#6052,.T.);
#8063=ORIENTED_EDGE('',*,*,#5694,.F.);
#8064=ORIENTED_EDGE('',*,*,#6055,.F.);
#8065=ORIENTED_EDGE('',*,*,#5760,.F.);
#8066=ORIENTED_EDGE('',*,*,#6053,.T.);
#8067=ORIENTED_EDGE('',*,*,#5613,.F.);
#8068=ORIENTED_EDGE('',*,*,#6056,.F.);
#8069=ORIENTED_EDGE('',*,*,#5679,.T.);
#8070=ORIENTED_EDGE('',*,*,#6054,.T.);
#8071=ORIENTED_EDGE('',*,*,#5693,.F.);
#8072=ORIENTED_EDGE('',*,*,#6057,.F.);
#8073=ORIENTED_EDGE('',*,*,#5761,.F.);
#8074=ORIENTED_EDGE('',*,*,#6055,.T.);
#8075=ORIENTED_EDGE('',*,*,#5612,.F.);
#8076=ORIENTED_EDGE('',*,*,#6058,.F.);
#8077=ORIENTED_EDGE('',*,*,#5680,.T.);
#8078=ORIENTED_EDGE('',*,*,#6056,.T.);
#8079=ORIENTED_EDGE('',*,*,#5692,.F.);
#8080=ORIENTED_EDGE('',*,*,#6059,.F.);
#8081=ORIENTED_EDGE('',*,*,#5762,.F.);
#8082=ORIENTED_EDGE('',*,*,#6057,.T.);
#8083=ORIENTED_EDGE('',*,*,#5611,.F.);
#8084=ORIENTED_EDGE('',*,*,#6060,.F.);
#8085=ORIENTED_EDGE('',*,*,#5681,.T.);
#8086=ORIENTED_EDGE('',*,*,#6058,.T.);
#8087=ORIENTED_EDGE('',*,*,#5691,.F.);
#8088=ORIENTED_EDGE('',*,*,#5602,.T.);
#8089=ORIENTED_EDGE('',*,*,#5763,.F.);
#8090=ORIENTED_EDGE('',*,*,#6059,.T.);
#8091=ORIENTED_EDGE('',*,*,#5610,.F.);
#8092=ORIENTED_EDGE('',*,*,#5991,.F.);
#8093=ORIENTED_EDGE('',*,*,#5682,.T.);
#8094=ORIENTED_EDGE('',*,*,#6060,.T.);
#8095=ORIENTED_EDGE('',*,*,#5690,.F.);
#8096=ORIENTED_EDGE('',*,*,#5688,.F.);
#8097=ORIENTED_EDGE('',*,*,#5604,.F.);
#8098=ORIENTED_EDGE('',*,*,#5609,.T.);
#8099=ORIENTED_EDGE('',*,*,#5687,.F.);
#8100=ORIENTED_EDGE('',*,*,#5831,.T.);
#8101=ORIENTED_EDGE('',*,*,#5815,.F.);
#8102=ORIENTED_EDGE('',*,*,#6061,.T.);
#8103=ORIENTED_EDGE('',*,*,#5597,.F.);
#8104=ORIENTED_EDGE('',*,*,#6062,.F.);
#8105=ORIENTED_EDGE('',*,*,#5818,.F.);
#8106=ORIENTED_EDGE('',*,*,#5985,.T.);
#8107=ORIENTED_EDGE('',*,*,#5989,.T.);
#8108=ORIENTED_EDGE('',*,*,#5986,.T.);
#8109=ORIENTED_EDGE('',*,*,#5980,.F.);
#8110=ORIENTED_EDGE('',*,*,#5974,.T.);
#8111=ORIENTED_EDGE('',*,*,#5978,.T.);
#8112=ORIENTED_EDGE('',*,*,#5975,.T.);
#8113=ORIENTED_EDGE('',*,*,#5968,.F.);
#8114=ORIENTED_EDGE('',*,*,#5962,.T.);
#8115=ORIENTED_EDGE('',*,*,#5966,.T.);
#8116=ORIENTED_EDGE('',*,*,#5963,.T.);
#8117=ORIENTED_EDGE('',*,*,#5956,.F.);
#8118=ORIENTED_EDGE('',*,*,#5950,.T.);
#8119=ORIENTED_EDGE('',*,*,#5954,.T.);
#8120=ORIENTED_EDGE('',*,*,#5951,.T.);
#8121=ORIENTED_EDGE('',*,*,#5944,.F.);
#8122=ORIENTED_EDGE('',*,*,#5938,.T.);
#8123=ORIENTED_EDGE('',*,*,#5942,.T.);
#8124=ORIENTED_EDGE('',*,*,#5939,.T.);
#8125=ORIENTED_EDGE('',*,*,#5932,.F.);
#8126=ORIENTED_EDGE('',*,*,#5926,.T.);
#8127=ORIENTED_EDGE('',*,*,#5930,.T.);
#8128=ORIENTED_EDGE('',*,*,#5927,.T.);
#8129=ORIENTED_EDGE('',*,*,#5920,.F.);
#8130=ORIENTED_EDGE('',*,*,#5914,.T.);
#8131=ORIENTED_EDGE('',*,*,#5918,.T.);
#8132=ORIENTED_EDGE('',*,*,#5915,.T.);
#8133=ORIENTED_EDGE('',*,*,#5908,.F.);
#8134=ORIENTED_EDGE('',*,*,#5902,.T.);
#8135=ORIENTED_EDGE('',*,*,#5906,.T.);
#8136=ORIENTED_EDGE('',*,*,#5903,.T.);
#8137=ORIENTED_EDGE('',*,*,#5896,.F.);
#8138=ORIENTED_EDGE('',*,*,#5890,.T.);
#8139=ORIENTED_EDGE('',*,*,#5894,.T.);
#8140=ORIENTED_EDGE('',*,*,#5891,.T.);
#8141=ORIENTED_EDGE('',*,*,#5884,.F.);
#8142=ORIENTED_EDGE('',*,*,#5878,.T.);
#8143=ORIENTED_EDGE('',*,*,#5882,.T.);
#8144=ORIENTED_EDGE('',*,*,#5879,.T.);
#8145=ORIENTED_EDGE('',*,*,#5872,.F.);
#8146=ORIENTED_EDGE('',*,*,#5866,.T.);
#8147=ORIENTED_EDGE('',*,*,#5870,.T.);
#8148=ORIENTED_EDGE('',*,*,#5867,.T.);
#8149=ORIENTED_EDGE('',*,*,#5860,.F.);
#8150=ORIENTED_EDGE('',*,*,#5854,.T.);
#8151=ORIENTED_EDGE('',*,*,#5858,.T.);
#8152=ORIENTED_EDGE('',*,*,#5855,.T.);
#8153=ORIENTED_EDGE('',*,*,#5848,.F.);
#8154=ORIENTED_EDGE('',*,*,#5842,.T.);
#8155=ORIENTED_EDGE('',*,*,#5846,.T.);
#8156=ORIENTED_EDGE('',*,*,#5843,.T.);
#8157=ORIENTED_EDGE('',*,*,#5836,.F.);
#8158=ORIENTED_EDGE('',*,*,#5830,.T.);
#8159=ORIENTED_EDGE('',*,*,#5834,.T.);
#8160=ORIENTED_EDGE('',*,*,#5600,.F.);
#8161=ORIENTED_EDGE('',*,*,#6063,.T.);
#8162=ORIENTED_EDGE('',*,*,#5816,.T.);
#8163=ORIENTED_EDGE('',*,*,#6063,.F.);
#8164=ORIENTED_EDGE('',*,*,#5601,.F.);
#8165=ORIENTED_EDGE('',*,*,#6064,.T.);
#8166=ORIENTED_EDGE('',*,*,#5821,.T.);
#8167=ORIENTED_EDGE('',*,*,#6064,.F.);
#8168=ORIENTED_EDGE('',*,*,#5828,.T.);
#8169=ORIENTED_EDGE('',*,*,#5838,.F.);
#8170=ORIENTED_EDGE('',*,*,#5845,.T.);
#8171=ORIENTED_EDGE('',*,*,#5847,.T.);
#8172=ORIENTED_EDGE('',*,*,#5840,.T.);
#8173=ORIENTED_EDGE('',*,*,#5850,.F.);
#8174=ORIENTED_EDGE('',*,*,#5857,.T.);
#8175=ORIENTED_EDGE('',*,*,#5859,.T.);
#8176=ORIENTED_EDGE('',*,*,#5852,.T.);
#8177=ORIENTED_EDGE('',*,*,#5862,.F.);
#8178=ORIENTED_EDGE('',*,*,#5869,.T.);
#8179=ORIENTED_EDGE('',*,*,#5871,.T.);
#8180=ORIENTED_EDGE('',*,*,#5864,.T.);
#8181=ORIENTED_EDGE('',*,*,#5874,.F.);
#8182=ORIENTED_EDGE('',*,*,#5881,.T.);
#8183=ORIENTED_EDGE('',*,*,#5883,.T.);
#8184=ORIENTED_EDGE('',*,*,#5876,.T.);
#8185=ORIENTED_EDGE('',*,*,#5886,.F.);
#8186=ORIENTED_EDGE('',*,*,#5893,.T.);
#8187=ORIENTED_EDGE('',*,*,#5895,.T.);
#8188=ORIENTED_EDGE('',*,*,#5888,.T.);
#8189=ORIENTED_EDGE('',*,*,#5898,.F.);
#8190=ORIENTED_EDGE('',*,*,#5905,.T.);
#8191=ORIENTED_EDGE('',*,*,#5907,.T.);
#8192=ORIENTED_EDGE('',*,*,#5900,.T.);
#8193=ORIENTED_EDGE('',*,*,#5910,.F.);
#8194=ORIENTED_EDGE('',*,*,#5917,.T.);
#8195=ORIENTED_EDGE('',*,*,#5919,.T.);
#8196=ORIENTED_EDGE('',*,*,#5912,.T.);
#8197=ORIENTED_EDGE('',*,*,#5922,.F.);
#8198=ORIENTED_EDGE('',*,*,#5929,.T.);
#8199=ORIENTED_EDGE('',*,*,#5931,.T.);
#8200=ORIENTED_EDGE('',*,*,#5924,.T.);
#8201=ORIENTED_EDGE('',*,*,#5934,.F.);
#8202=ORIENTED_EDGE('',*,*,#5941,.T.);
#8203=ORIENTED_EDGE('',*,*,#5943,.T.);
#8204=ORIENTED_EDGE('',*,*,#5936,.T.);
#8205=ORIENTED_EDGE('',*,*,#5946,.F.);
#8206=ORIENTED_EDGE('',*,*,#5953,.T.);
#8207=ORIENTED_EDGE('',*,*,#5955,.T.);
#8208=ORIENTED_EDGE('',*,*,#5948,.T.);
#8209=ORIENTED_EDGE('',*,*,#5958,.F.);
#8210=ORIENTED_EDGE('',*,*,#5965,.T.);
#8211=ORIENTED_EDGE('',*,*,#5967,.T.);
#8212=ORIENTED_EDGE('',*,*,#5960,.T.);
#8213=ORIENTED_EDGE('',*,*,#5970,.F.);
#8214=ORIENTED_EDGE('',*,*,#5977,.T.);
#8215=ORIENTED_EDGE('',*,*,#5979,.T.);
#8216=ORIENTED_EDGE('',*,*,#5972,.T.);
#8217=ORIENTED_EDGE('',*,*,#5982,.F.);
#8218=ORIENTED_EDGE('',*,*,#5988,.T.);
#8219=ORIENTED_EDGE('',*,*,#5990,.T.);
#8220=ORIENTED_EDGE('',*,*,#5983,.T.);
#8221=ORIENTED_EDGE('',*,*,#5820,.F.);
#8222=ORIENTED_EDGE('',*,*,#6065,.T.);
#8223=ORIENTED_EDGE('',*,*,#5599,.F.);
#8224=ORIENTED_EDGE('',*,*,#6066,.F.);
#8225=ORIENTED_EDGE('',*,*,#5813,.F.);
#8226=ORIENTED_EDGE('',*,*,#5833,.T.);
#8227=ORIENTED_EDGE('',*,*,#5835,.T.);
#8228=ORIENTED_EDGE('',*,*,#5814,.F.);
#8229=ORIENTED_EDGE('',*,*,#6066,.T.);
#8230=ORIENTED_EDGE('',*,*,#5598,.F.);
#8231=ORIENTED_EDGE('',*,*,#6061,.F.);
#8232=ORIENTED_EDGE('',*,*,#5819,.F.);
#8233=ORIENTED_EDGE('',*,*,#6062,.T.);
#8234=ORIENTED_EDGE('',*,*,#5596,.F.);
#8235=ORIENTED_EDGE('',*,*,#6065,.F.);
#8236=ORIENTED_EDGE('',*,*,#6067,.T.);
#8237=ORIENTED_EDGE('',*,*,#6068,.T.);
#8238=ORIENTED_EDGE('',*,*,#6069,.F.);
#8239=ORIENTED_EDGE('',*,*,#6070,.F.);
#8240=ORIENTED_EDGE('',*,*,#6071,.T.);
#8241=ORIENTED_EDGE('',*,*,#6070,.T.);
#8242=ORIENTED_EDGE('',*,*,#6072,.F.);
#8243=ORIENTED_EDGE('',*,*,#6073,.F.);
#8244=ORIENTED_EDGE('',*,*,#6074,.T.);
#8245=ORIENTED_EDGE('',*,*,#6073,.T.);
#8246=ORIENTED_EDGE('',*,*,#6075,.F.);
#8247=ORIENTED_EDGE('',*,*,#6076,.F.);
#8248=ORIENTED_EDGE('',*,*,#6077,.T.);
#8249=ORIENTED_EDGE('',*,*,#6076,.T.);
#8250=ORIENTED_EDGE('',*,*,#6078,.F.);
#8251=ORIENTED_EDGE('',*,*,#6068,.F.);
#8252=ORIENTED_EDGE('',*,*,#6078,.T.);
#8253=ORIENTED_EDGE('',*,*,#6075,.T.);
#8254=ORIENTED_EDGE('',*,*,#6072,.T.);
#8255=ORIENTED_EDGE('',*,*,#6069,.T.);
#8256=ORIENTED_EDGE('',*,*,#6077,.F.);
#8257=ORIENTED_EDGE('',*,*,#6067,.F.);
#8258=ORIENTED_EDGE('',*,*,#6071,.F.);
#8259=ORIENTED_EDGE('',*,*,#6074,.F.);
#8260=ORIENTED_EDGE('',*,*,#6079,.T.);
#8261=ORIENTED_EDGE('',*,*,#6080,.T.);
#8262=ORIENTED_EDGE('',*,*,#6081,.F.);
#8263=ORIENTED_EDGE('',*,*,#6082,.F.);
#8264=ORIENTED_EDGE('',*,*,#6083,.T.);
#8265=ORIENTED_EDGE('',*,*,#6082,.T.);
#8266=ORIENTED_EDGE('',*,*,#6084,.F.);
#8267=ORIENTED_EDGE('',*,*,#6085,.F.);
#8268=ORIENTED_EDGE('',*,*,#6086,.T.);
#8269=ORIENTED_EDGE('',*,*,#6085,.T.);
#8270=ORIENTED_EDGE('',*,*,#6087,.F.);
#8271=ORIENTED_EDGE('',*,*,#6088,.F.);
#8272=ORIENTED_EDGE('',*,*,#6089,.T.);
#8273=ORIENTED_EDGE('',*,*,#6088,.T.);
#8274=ORIENTED_EDGE('',*,*,#6090,.F.);
#8275=ORIENTED_EDGE('',*,*,#6080,.F.);
#8276=ORIENTED_EDGE('',*,*,#6090,.T.);
#8277=ORIENTED_EDGE('',*,*,#6087,.T.);
#8278=ORIENTED_EDGE('',*,*,#6084,.T.);
#8279=ORIENTED_EDGE('',*,*,#6081,.T.);
#8280=ORIENTED_EDGE('',*,*,#6089,.F.);
#8281=ORIENTED_EDGE('',*,*,#6079,.F.);
#8282=ORIENTED_EDGE('',*,*,#6083,.F.);
#8283=ORIENTED_EDGE('',*,*,#6086,.F.);
#8284=ORIENTED_EDGE('',*,*,#6091,.F.);
#8285=ORIENTED_EDGE('',*,*,#6092,.T.);
#8286=ORIENTED_EDGE('',*,*,#6093,.F.);
#8287=ORIENTED_EDGE('',*,*,#6094,.F.);
#8288=ORIENTED_EDGE('',*,*,#6095,.F.);
#8289=ORIENTED_EDGE('',*,*,#6094,.T.);
#8290=ORIENTED_EDGE('',*,*,#6096,.F.);
#8291=ORIENTED_EDGE('',*,*,#6097,.F.);
#8292=ORIENTED_EDGE('',*,*,#6098,.F.);
#8293=ORIENTED_EDGE('',*,*,#6097,.T.);
#8294=ORIENTED_EDGE('',*,*,#6099,.F.);
#8295=ORIENTED_EDGE('',*,*,#6100,.F.);
#8296=ORIENTED_EDGE('',*,*,#6101,.F.);
#8297=ORIENTED_EDGE('',*,*,#6100,.T.);
#8298=ORIENTED_EDGE('',*,*,#6102,.F.);
#8299=ORIENTED_EDGE('',*,*,#6092,.F.);
#8300=ORIENTED_EDGE('',*,*,#6102,.T.);
#8301=ORIENTED_EDGE('',*,*,#6099,.T.);
#8302=ORIENTED_EDGE('',*,*,#6096,.T.);
#8303=ORIENTED_EDGE('',*,*,#6093,.T.);
#8304=ORIENTED_EDGE('',*,*,#6101,.T.);
#8305=ORIENTED_EDGE('',*,*,#6091,.T.);
#8306=ORIENTED_EDGE('',*,*,#6095,.T.);
#8307=ORIENTED_EDGE('',*,*,#6098,.T.);
#8308=ORIENTED_EDGE('',*,*,#6103,.F.);
#8309=ORIENTED_EDGE('',*,*,#6104,.T.);
#8310=ORIENTED_EDGE('',*,*,#6105,.F.);
#8311=ORIENTED_EDGE('',*,*,#6106,.F.);
#8312=ORIENTED_EDGE('',*,*,#6107,.F.);
#8313=ORIENTED_EDGE('',*,*,#6106,.T.);
#8314=ORIENTED_EDGE('',*,*,#6108,.F.);
#8315=ORIENTED_EDGE('',*,*,#6109,.F.);
#8316=ORIENTED_EDGE('',*,*,#6110,.F.);
#8317=ORIENTED_EDGE('',*,*,#6109,.T.);
#8318=ORIENTED_EDGE('',*,*,#6111,.F.);
#8319=ORIENTED_EDGE('',*,*,#6112,.F.);
#8320=ORIENTED_EDGE('',*,*,#6113,.F.);
#8321=ORIENTED_EDGE('',*,*,#6112,.T.);
#8322=ORIENTED_EDGE('',*,*,#6114,.F.);
#8323=ORIENTED_EDGE('',*,*,#6104,.F.);
#8324=ORIENTED_EDGE('',*,*,#6114,.T.);
#8325=ORIENTED_EDGE('',*,*,#6111,.T.);
#8326=ORIENTED_EDGE('',*,*,#6108,.T.);
#8327=ORIENTED_EDGE('',*,*,#6105,.T.);
#8328=ORIENTED_EDGE('',*,*,#6113,.T.);
#8329=ORIENTED_EDGE('',*,*,#6103,.T.);
#8330=ORIENTED_EDGE('',*,*,#6107,.T.);
#8331=ORIENTED_EDGE('',*,*,#6110,.T.);
#8332=ORIENTED_EDGE('',*,*,#6115,.F.);
#8333=ORIENTED_EDGE('',*,*,#6116,.F.);
#8334=ORIENTED_EDGE('',*,*,#6117,.F.);
#8335=ORIENTED_EDGE('',*,*,#6118,.T.);
#8336=ORIENTED_EDGE('',*,*,#6119,.F.);
#8337=ORIENTED_EDGE('',*,*,#6118,.F.);
#8338=ORIENTED_EDGE('',*,*,#6120,.F.);
#8339=ORIENTED_EDGE('',*,*,#6121,.T.);
#8340=ORIENTED_EDGE('',*,*,#6122,.F.);
#8341=ORIENTED_EDGE('',*,*,#6121,.F.);
#8342=ORIENTED_EDGE('',*,*,#6123,.F.);
#8343=ORIENTED_EDGE('',*,*,#6124,.T.);
#8344=ORIENTED_EDGE('',*,*,#6125,.F.);
#8345=ORIENTED_EDGE('',*,*,#6124,.F.);
#8346=ORIENTED_EDGE('',*,*,#6126,.F.);
#8347=ORIENTED_EDGE('',*,*,#6127,.T.);
#8348=ORIENTED_EDGE('',*,*,#6128,.F.);
#8349=ORIENTED_EDGE('',*,*,#6127,.F.);
#8350=ORIENTED_EDGE('',*,*,#6129,.F.);
#8351=ORIENTED_EDGE('',*,*,#6130,.T.);
#8352=ORIENTED_EDGE('',*,*,#6131,.F.);
#8353=ORIENTED_EDGE('',*,*,#6130,.F.);
#8354=ORIENTED_EDGE('',*,*,#6132,.F.);
#8355=ORIENTED_EDGE('',*,*,#6133,.T.);
#8356=ORIENTED_EDGE('',*,*,#6134,.F.);
#8357=ORIENTED_EDGE('',*,*,#6133,.F.);
#8358=ORIENTED_EDGE('',*,*,#6135,.F.);
#8359=ORIENTED_EDGE('',*,*,#6136,.T.);
#8360=ORIENTED_EDGE('',*,*,#6137,.F.);
#8361=ORIENTED_EDGE('',*,*,#6136,.F.);
#8362=ORIENTED_EDGE('',*,*,#6138,.F.);
#8363=ORIENTED_EDGE('',*,*,#6139,.T.);
#8364=ORIENTED_EDGE('',*,*,#6140,.F.);
#8365=ORIENTED_EDGE('',*,*,#6139,.F.);
#8366=ORIENTED_EDGE('',*,*,#6141,.F.);
#8367=ORIENTED_EDGE('',*,*,#6142,.T.);
#8368=ORIENTED_EDGE('',*,*,#6143,.F.);
#8369=ORIENTED_EDGE('',*,*,#6142,.F.);
#8370=ORIENTED_EDGE('',*,*,#6144,.F.);
#8371=ORIENTED_EDGE('',*,*,#6145,.T.);
#8372=ORIENTED_EDGE('',*,*,#6146,.F.);
#8373=ORIENTED_EDGE('',*,*,#6147,.F.);
#8374=ORIENTED_EDGE('',*,*,#6148,.T.);
#8375=ORIENTED_EDGE('',*,*,#6149,.T.);
#8376=ORIENTED_EDGE('',*,*,#6150,.F.);
#8377=ORIENTED_EDGE('',*,*,#6149,.F.);
#8378=ORIENTED_EDGE('',*,*,#6151,.T.);
#8379=ORIENTED_EDGE('',*,*,#6152,.T.);
#8380=ORIENTED_EDGE('',*,*,#6153,.F.);
#8381=ORIENTED_EDGE('',*,*,#6152,.F.);
#8382=ORIENTED_EDGE('',*,*,#6154,.T.);
#8383=ORIENTED_EDGE('',*,*,#6155,.T.);
#8384=ORIENTED_EDGE('',*,*,#6156,.F.);
#8385=ORIENTED_EDGE('',*,*,#6155,.F.);
#8386=ORIENTED_EDGE('',*,*,#6157,.T.);
#8387=ORIENTED_EDGE('',*,*,#6158,.T.);
#8388=ORIENTED_EDGE('',*,*,#6159,.F.);
#8389=ORIENTED_EDGE('',*,*,#6158,.F.);
#8390=ORIENTED_EDGE('',*,*,#6160,.T.);
#8391=ORIENTED_EDGE('',*,*,#6161,.T.);
#8392=ORIENTED_EDGE('',*,*,#6162,.F.);
#8393=ORIENTED_EDGE('',*,*,#6161,.F.);
#8394=ORIENTED_EDGE('',*,*,#6163,.T.);
#8395=ORIENTED_EDGE('',*,*,#6164,.T.);
#8396=ORIENTED_EDGE('',*,*,#6165,.F.);
#8397=ORIENTED_EDGE('',*,*,#6164,.F.);
#8398=ORIENTED_EDGE('',*,*,#6166,.T.);
#8399=ORIENTED_EDGE('',*,*,#6167,.T.);
#8400=ORIENTED_EDGE('',*,*,#6168,.F.);
#8401=ORIENTED_EDGE('',*,*,#6167,.F.);
#8402=ORIENTED_EDGE('',*,*,#6169,.T.);
#8403=ORIENTED_EDGE('',*,*,#6170,.T.);
#8404=ORIENTED_EDGE('',*,*,#6171,.F.);
#8405=ORIENTED_EDGE('',*,*,#6170,.F.);
#8406=ORIENTED_EDGE('',*,*,#6172,.T.);
#8407=ORIENTED_EDGE('',*,*,#6173,.T.);
#8408=ORIENTED_EDGE('',*,*,#6174,.F.);
#8409=ORIENTED_EDGE('',*,*,#6173,.F.);
#8410=ORIENTED_EDGE('',*,*,#6175,.T.);
#8411=ORIENTED_EDGE('',*,*,#6176,.T.);
#8412=ORIENTED_EDGE('',*,*,#6177,.F.);
#8413=ORIENTED_EDGE('',*,*,#6145,.F.);
#8414=ORIENTED_EDGE('',*,*,#6178,.F.);
#8415=ORIENTED_EDGE('',*,*,#6179,.T.);
#8416=ORIENTED_EDGE('',*,*,#6180,.F.);
#8417=ORIENTED_EDGE('',*,*,#6179,.F.);
#8418=ORIENTED_EDGE('',*,*,#6181,.F.);
#8419=ORIENTED_EDGE('',*,*,#6182,.T.);
#8420=ORIENTED_EDGE('',*,*,#6183,.F.);
#8421=ORIENTED_EDGE('',*,*,#6182,.F.);
#8422=ORIENTED_EDGE('',*,*,#6184,.F.);
#8423=ORIENTED_EDGE('',*,*,#6185,.T.);
#8424=ORIENTED_EDGE('',*,*,#6186,.F.);
#8425=ORIENTED_EDGE('',*,*,#6185,.F.);
#8426=ORIENTED_EDGE('',*,*,#6187,.F.);
#8427=ORIENTED_EDGE('',*,*,#6188,.T.);
#8428=ORIENTED_EDGE('',*,*,#6189,.F.);
#8429=ORIENTED_EDGE('',*,*,#6188,.F.);
#8430=ORIENTED_EDGE('',*,*,#6190,.F.);
#8431=ORIENTED_EDGE('',*,*,#6191,.T.);
#8432=ORIENTED_EDGE('',*,*,#6192,.F.);
#8433=ORIENTED_EDGE('',*,*,#6191,.F.);
#8434=ORIENTED_EDGE('',*,*,#6193,.F.);
#8435=ORIENTED_EDGE('',*,*,#6194,.T.);
#8436=ORIENTED_EDGE('',*,*,#6195,.F.);
#8437=ORIENTED_EDGE('',*,*,#6194,.F.);
#8438=ORIENTED_EDGE('',*,*,#6196,.F.);
#8439=ORIENTED_EDGE('',*,*,#6197,.T.);
#8440=ORIENTED_EDGE('',*,*,#6198,.F.);
#8441=ORIENTED_EDGE('',*,*,#6197,.F.);
#8442=ORIENTED_EDGE('',*,*,#6199,.F.);
#8443=ORIENTED_EDGE('',*,*,#6200,.T.);
#8444=ORIENTED_EDGE('',*,*,#6201,.F.);
#8445=ORIENTED_EDGE('',*,*,#6200,.F.);
#8446=ORIENTED_EDGE('',*,*,#6202,.F.);
#8447=ORIENTED_EDGE('',*,*,#6203,.T.);
#8448=ORIENTED_EDGE('',*,*,#6204,.F.);
#8449=ORIENTED_EDGE('',*,*,#6203,.F.);
#8450=ORIENTED_EDGE('',*,*,#6205,.F.);
#8451=ORIENTED_EDGE('',*,*,#6116,.T.);
#8452=ORIENTED_EDGE('',*,*,#6206,.F.);
#8453=ORIENTED_EDGE('',*,*,#6176,.F.);
#8454=ORIENTED_EDGE('',*,*,#6207,.T.);
#8455=ORIENTED_EDGE('',*,*,#6208,.T.);
#8456=ORIENTED_EDGE('',*,*,#6209,.F.);
#8457=ORIENTED_EDGE('',*,*,#6208,.F.);
#8458=ORIENTED_EDGE('',*,*,#6210,.T.);
#8459=ORIENTED_EDGE('',*,*,#6211,.T.);
#8460=ORIENTED_EDGE('',*,*,#6212,.F.);
#8461=ORIENTED_EDGE('',*,*,#6211,.F.);
#8462=ORIENTED_EDGE('',*,*,#6213,.T.);
#8463=ORIENTED_EDGE('',*,*,#6214,.T.);
#8464=ORIENTED_EDGE('',*,*,#6215,.F.);
#8465=ORIENTED_EDGE('',*,*,#6214,.F.);
#8466=ORIENTED_EDGE('',*,*,#6216,.T.);
#8467=ORIENTED_EDGE('',*,*,#6217,.T.);
#8468=ORIENTED_EDGE('',*,*,#6218,.F.);
#8469=ORIENTED_EDGE('',*,*,#6217,.F.);
#8470=ORIENTED_EDGE('',*,*,#6219,.T.);
#8471=ORIENTED_EDGE('',*,*,#6220,.T.);
#8472=ORIENTED_EDGE('',*,*,#6221,.F.);
#8473=ORIENTED_EDGE('',*,*,#6220,.F.);
#8474=ORIENTED_EDGE('',*,*,#6222,.T.);
#8475=ORIENTED_EDGE('',*,*,#6223,.T.);
#8476=ORIENTED_EDGE('',*,*,#6224,.F.);
#8477=ORIENTED_EDGE('',*,*,#6223,.F.);
#8478=ORIENTED_EDGE('',*,*,#6225,.T.);
#8479=ORIENTED_EDGE('',*,*,#6226,.T.);
#8480=ORIENTED_EDGE('',*,*,#6227,.F.);
#8481=ORIENTED_EDGE('',*,*,#6226,.F.);
#8482=ORIENTED_EDGE('',*,*,#6228,.T.);
#8483=ORIENTED_EDGE('',*,*,#6229,.T.);
#8484=ORIENTED_EDGE('',*,*,#6230,.F.);
#8485=ORIENTED_EDGE('',*,*,#6229,.F.);
#8486=ORIENTED_EDGE('',*,*,#6231,.T.);
#8487=ORIENTED_EDGE('',*,*,#6232,.T.);
#8488=ORIENTED_EDGE('',*,*,#6233,.F.);
#8489=ORIENTED_EDGE('',*,*,#6232,.F.);
#8490=ORIENTED_EDGE('',*,*,#6234,.T.);
#8491=ORIENTED_EDGE('',*,*,#6147,.T.);
#8492=ORIENTED_EDGE('',*,*,#6175,.F.);
#8493=ORIENTED_EDGE('',*,*,#6172,.F.);
#8494=ORIENTED_EDGE('',*,*,#6169,.F.);
#8495=ORIENTED_EDGE('',*,*,#6166,.F.);
#8496=ORIENTED_EDGE('',*,*,#6163,.F.);
#8497=ORIENTED_EDGE('',*,*,#6160,.F.);
#8498=ORIENTED_EDGE('',*,*,#6157,.F.);
#8499=ORIENTED_EDGE('',*,*,#6154,.F.);
#8500=ORIENTED_EDGE('',*,*,#6151,.F.);
#8501=ORIENTED_EDGE('',*,*,#6148,.F.);
#8502=ORIENTED_EDGE('',*,*,#6234,.F.);
#8503=ORIENTED_EDGE('',*,*,#6231,.F.);
#8504=ORIENTED_EDGE('',*,*,#6228,.F.);
#8505=ORIENTED_EDGE('',*,*,#6225,.F.);
#8506=ORIENTED_EDGE('',*,*,#6222,.F.);
#8507=ORIENTED_EDGE('',*,*,#6219,.F.);
#8508=ORIENTED_EDGE('',*,*,#6216,.F.);
#8509=ORIENTED_EDGE('',*,*,#6213,.F.);
#8510=ORIENTED_EDGE('',*,*,#6210,.F.);
#8511=ORIENTED_EDGE('',*,*,#6207,.F.);
#8512=ORIENTED_EDGE('',*,*,#6144,.T.);
#8513=ORIENTED_EDGE('',*,*,#6141,.T.);
#8514=ORIENTED_EDGE('',*,*,#6138,.T.);
#8515=ORIENTED_EDGE('',*,*,#6135,.T.);
#8516=ORIENTED_EDGE('',*,*,#6132,.T.);
#8517=ORIENTED_EDGE('',*,*,#6129,.T.);
#8518=ORIENTED_EDGE('',*,*,#6126,.T.);
#8519=ORIENTED_EDGE('',*,*,#6123,.T.);
#8520=ORIENTED_EDGE('',*,*,#6120,.T.);
#8521=ORIENTED_EDGE('',*,*,#6117,.T.);
#8522=ORIENTED_EDGE('',*,*,#6205,.T.);
#8523=ORIENTED_EDGE('',*,*,#6202,.T.);
#8524=ORIENTED_EDGE('',*,*,#6199,.T.);
#8525=ORIENTED_EDGE('',*,*,#6196,.T.);
#8526=ORIENTED_EDGE('',*,*,#6193,.T.);
#8527=ORIENTED_EDGE('',*,*,#6190,.T.);
#8528=ORIENTED_EDGE('',*,*,#6187,.T.);
#8529=ORIENTED_EDGE('',*,*,#6184,.T.);
#8530=ORIENTED_EDGE('',*,*,#6181,.T.);
#8531=ORIENTED_EDGE('',*,*,#6178,.T.);
#8532=ORIENTED_EDGE('',*,*,#6235,.T.);
#8533=ORIENTED_EDGE('',*,*,#6236,.T.);
#8534=ORIENTED_EDGE('',*,*,#6237,.T.);
#8535=ORIENTED_EDGE('',*,*,#6238,.T.);
#8536=ORIENTED_EDGE('',*,*,#6239,.T.);
#8537=ORIENTED_EDGE('',*,*,#6240,.T.);
#8538=ORIENTED_EDGE('',*,*,#6146,.T.);
#8539=ORIENTED_EDGE('',*,*,#6150,.T.);
#8540=ORIENTED_EDGE('',*,*,#6153,.T.);
#8541=ORIENTED_EDGE('',*,*,#6156,.T.);
#8542=ORIENTED_EDGE('',*,*,#6159,.T.);
#8543=ORIENTED_EDGE('',*,*,#6162,.T.);
#8544=ORIENTED_EDGE('',*,*,#6165,.T.);
#8545=ORIENTED_EDGE('',*,*,#6168,.T.);
#8546=ORIENTED_EDGE('',*,*,#6171,.T.);
#8547=ORIENTED_EDGE('',*,*,#6174,.T.);
#8548=ORIENTED_EDGE('',*,*,#6206,.T.);
#8549=ORIENTED_EDGE('',*,*,#6209,.T.);
#8550=ORIENTED_EDGE('',*,*,#6212,.T.);
#8551=ORIENTED_EDGE('',*,*,#6215,.T.);
#8552=ORIENTED_EDGE('',*,*,#6218,.T.);
#8553=ORIENTED_EDGE('',*,*,#6221,.T.);
#8554=ORIENTED_EDGE('',*,*,#6224,.T.);
#8555=ORIENTED_EDGE('',*,*,#6227,.T.);
#8556=ORIENTED_EDGE('',*,*,#6230,.T.);
#8557=ORIENTED_EDGE('',*,*,#6233,.T.);
#8558=ORIENTED_EDGE('',*,*,#6241,.F.);
#8559=ORIENTED_EDGE('',*,*,#6242,.T.);
#8560=ORIENTED_EDGE('',*,*,#6243,.T.);
#8561=ORIENTED_EDGE('',*,*,#6244,.F.);
#8562=ORIENTED_EDGE('',*,*,#6245,.F.);
#8563=ORIENTED_EDGE('',*,*,#6246,.T.);
#8564=ORIENTED_EDGE('',*,*,#6247,.T.);
#8565=ORIENTED_EDGE('',*,*,#6248,.F.);
#8566=ORIENTED_EDGE('',*,*,#6242,.F.);
#8567=ORIENTED_EDGE('',*,*,#6249,.T.);
#8568=ORIENTED_EDGE('',*,*,#6250,.T.);
#8569=ORIENTED_EDGE('',*,*,#6251,.T.);
#8570=ORIENTED_EDGE('',*,*,#6252,.T.);
#8571=ORIENTED_EDGE('',*,*,#6253,.T.);
#8572=ORIENTED_EDGE('',*,*,#6254,.T.);
#8573=ORIENTED_EDGE('',*,*,#6255,.T.);
#8574=ORIENTED_EDGE('',*,*,#6256,.T.);
#8575=ORIENTED_EDGE('',*,*,#6257,.T.);
#8576=ORIENTED_EDGE('',*,*,#6258,.T.);
#8577=ORIENTED_EDGE('',*,*,#6259,.T.);
#8578=ORIENTED_EDGE('',*,*,#6260,.T.);
#8579=ORIENTED_EDGE('',*,*,#6261,.T.);
#8580=ORIENTED_EDGE('',*,*,#6262,.T.);
#8581=ORIENTED_EDGE('',*,*,#6263,.T.);
#8582=ORIENTED_EDGE('',*,*,#6264,.T.);
#8583=ORIENTED_EDGE('',*,*,#6265,.T.);
#8584=ORIENTED_EDGE('',*,*,#6266,.T.);
#8585=ORIENTED_EDGE('',*,*,#6267,.T.);
#8586=ORIENTED_EDGE('',*,*,#6268,.T.);
#8587=ORIENTED_EDGE('',*,*,#6269,.T.);
#8588=ORIENTED_EDGE('',*,*,#6270,.T.);
#8589=ORIENTED_EDGE('',*,*,#6271,.T.);
#8590=ORIENTED_EDGE('',*,*,#6272,.T.);
#8591=ORIENTED_EDGE('',*,*,#6273,.T.);
#8592=ORIENTED_EDGE('',*,*,#6274,.T.);
#8593=ORIENTED_EDGE('',*,*,#6275,.T.);
#8594=ORIENTED_EDGE('',*,*,#6276,.T.);
#8595=ORIENTED_EDGE('',*,*,#6277,.T.);
#8596=ORIENTED_EDGE('',*,*,#6278,.T.);
#8597=ORIENTED_EDGE('',*,*,#6279,.T.);
#8598=ORIENTED_EDGE('',*,*,#6280,.T.);
#8599=ORIENTED_EDGE('',*,*,#6281,.T.);
#8600=ORIENTED_EDGE('',*,*,#6282,.T.);
#8601=ORIENTED_EDGE('',*,*,#6283,.T.);
#8602=ORIENTED_EDGE('',*,*,#6284,.T.);
#8603=ORIENTED_EDGE('',*,*,#6285,.F.);
#8604=ORIENTED_EDGE('',*,*,#6286,.F.);
#8605=ORIENTED_EDGE('',*,*,#6287,.F.);
#8606=ORIENTED_EDGE('',*,*,#6288,.F.);
#8607=ORIENTED_EDGE('',*,*,#6289,.F.);
#8608=ORIENTED_EDGE('',*,*,#6290,.F.);
#8609=ORIENTED_EDGE('',*,*,#6291,.F.);
#8610=ORIENTED_EDGE('',*,*,#6292,.F.);
#8611=ORIENTED_EDGE('',*,*,#6293,.F.);
#8612=ORIENTED_EDGE('',*,*,#6294,.F.);
#8613=ORIENTED_EDGE('',*,*,#6295,.F.);
#8614=ORIENTED_EDGE('',*,*,#6296,.F.);
#8615=ORIENTED_EDGE('',*,*,#6297,.F.);
#8616=ORIENTED_EDGE('',*,*,#6298,.F.);
#8617=ORIENTED_EDGE('',*,*,#6299,.F.);
#8618=ORIENTED_EDGE('',*,*,#6300,.F.);
#8619=ORIENTED_EDGE('',*,*,#6301,.F.);
#8620=ORIENTED_EDGE('',*,*,#6302,.F.);
#8621=ORIENTED_EDGE('',*,*,#6303,.F.);
#8622=ORIENTED_EDGE('',*,*,#6304,.F.);
#8623=ORIENTED_EDGE('',*,*,#6305,.F.);
#8624=ORIENTED_EDGE('',*,*,#6306,.F.);
#8625=ORIENTED_EDGE('',*,*,#6307,.F.);
#8626=ORIENTED_EDGE('',*,*,#6308,.F.);
#8627=ORIENTED_EDGE('',*,*,#6309,.F.);
#8628=ORIENTED_EDGE('',*,*,#6310,.F.);
#8629=ORIENTED_EDGE('',*,*,#6311,.F.);
#8630=ORIENTED_EDGE('',*,*,#6312,.F.);
#8631=ORIENTED_EDGE('',*,*,#6313,.F.);
#8632=ORIENTED_EDGE('',*,*,#6314,.F.);
#8633=ORIENTED_EDGE('',*,*,#6315,.F.);
#8634=ORIENTED_EDGE('',*,*,#6316,.F.);
#8635=ORIENTED_EDGE('',*,*,#6317,.F.);
#8636=ORIENTED_EDGE('',*,*,#6318,.F.);
#8637=ORIENTED_EDGE('',*,*,#6319,.F.);
#8638=ORIENTED_EDGE('',*,*,#6320,.F.);
#8639=ORIENTED_EDGE('',*,*,#6321,.F.);
#8640=ORIENTED_EDGE('',*,*,#6322,.F.);
#8641=ORIENTED_EDGE('',*,*,#6323,.T.);
#8642=ORIENTED_EDGE('',*,*,#6246,.F.);
#8643=ORIENTED_EDGE('',*,*,#6324,.F.);
#8644=ORIENTED_EDGE('',*,*,#6325,.F.);
#8645=ORIENTED_EDGE('',*,*,#6326,.T.);
#8646=ORIENTED_EDGE('',*,*,#6247,.F.);
#8647=ORIENTED_EDGE('',*,*,#6323,.F.);
#8648=ORIENTED_EDGE('',*,*,#6115,.T.);
#8649=ORIENTED_EDGE('',*,*,#6119,.T.);
#8650=ORIENTED_EDGE('',*,*,#6122,.T.);
#8651=ORIENTED_EDGE('',*,*,#6125,.T.);
#8652=ORIENTED_EDGE('',*,*,#6128,.T.);
#8653=ORIENTED_EDGE('',*,*,#6131,.T.);
#8654=ORIENTED_EDGE('',*,*,#6134,.T.);
#8655=ORIENTED_EDGE('',*,*,#6137,.T.);
#8656=ORIENTED_EDGE('',*,*,#6140,.T.);
#8657=ORIENTED_EDGE('',*,*,#6143,.T.);
#8658=ORIENTED_EDGE('',*,*,#6177,.T.);
#8659=ORIENTED_EDGE('',*,*,#6180,.T.);
#8660=ORIENTED_EDGE('',*,*,#6183,.T.);
#8661=ORIENTED_EDGE('',*,*,#6186,.T.);
#8662=ORIENTED_EDGE('',*,*,#6189,.T.);
#8663=ORIENTED_EDGE('',*,*,#6192,.T.);
#8664=ORIENTED_EDGE('',*,*,#6195,.T.);
#8665=ORIENTED_EDGE('',*,*,#6198,.T.);
#8666=ORIENTED_EDGE('',*,*,#6201,.T.);
#8667=ORIENTED_EDGE('',*,*,#6204,.T.);
#8668=ORIENTED_EDGE('',*,*,#6244,.T.);
#8669=ORIENTED_EDGE('',*,*,#6327,.T.);
#8670=ORIENTED_EDGE('',*,*,#6325,.T.);
#8671=ORIENTED_EDGE('',*,*,#6328,.T.);
#8672=ORIENTED_EDGE('',*,*,#6329,.T.);
#8673=ORIENTED_EDGE('',*,*,#6330,.T.);
#8674=ORIENTED_EDGE('',*,*,#6331,.T.);
#8675=ORIENTED_EDGE('',*,*,#6332,.T.);
#8676=ORIENTED_EDGE('',*,*,#6333,.T.);
#8677=ORIENTED_EDGE('',*,*,#6334,.T.);
#8678=ORIENTED_EDGE('',*,*,#6335,.T.);
#8679=ORIENTED_EDGE('',*,*,#6336,.T.);
#8680=ORIENTED_EDGE('',*,*,#6337,.T.);
#8681=ORIENTED_EDGE('',*,*,#6338,.T.);
#8682=ORIENTED_EDGE('',*,*,#6339,.T.);
#8683=ORIENTED_EDGE('',*,*,#6340,.T.);
#8684=ORIENTED_EDGE('',*,*,#6341,.T.);
#8685=ORIENTED_EDGE('',*,*,#6342,.T.);
#8686=ORIENTED_EDGE('',*,*,#6343,.T.);
#8687=ORIENTED_EDGE('',*,*,#6344,.T.);
#8688=ORIENTED_EDGE('',*,*,#6345,.T.);
#8689=ORIENTED_EDGE('',*,*,#6346,.T.);
#8690=ORIENTED_EDGE('',*,*,#6347,.T.);
#8691=ORIENTED_EDGE('',*,*,#6348,.T.);
#8692=ORIENTED_EDGE('',*,*,#6349,.T.);
#8693=ORIENTED_EDGE('',*,*,#6350,.T.);
#8694=ORIENTED_EDGE('',*,*,#6351,.T.);
#8695=ORIENTED_EDGE('',*,*,#6352,.T.);
#8696=ORIENTED_EDGE('',*,*,#6353,.T.);
#8697=ORIENTED_EDGE('',*,*,#6354,.T.);
#8698=ORIENTED_EDGE('',*,*,#6355,.T.);
#8699=ORIENTED_EDGE('',*,*,#6356,.T.);
#8700=ORIENTED_EDGE('',*,*,#6357,.T.);
#8701=ORIENTED_EDGE('',*,*,#6358,.T.);
#8702=ORIENTED_EDGE('',*,*,#6359,.T.);
#8703=ORIENTED_EDGE('',*,*,#6360,.T.);
#8704=ORIENTED_EDGE('',*,*,#6361,.T.);
#8705=ORIENTED_EDGE('',*,*,#6362,.T.);
#8706=ORIENTED_EDGE('',*,*,#6363,.T.);
#8707=ORIENTED_EDGE('',*,*,#6364,.T.);
#8708=ORIENTED_EDGE('',*,*,#6365,.T.);
#8709=ORIENTED_EDGE('',*,*,#6366,.T.);
#8710=ORIENTED_EDGE('',*,*,#6367,.T.);
#8711=ORIENTED_EDGE('',*,*,#6368,.T.);
#8712=ORIENTED_EDGE('',*,*,#6369,.T.);
#8713=ORIENTED_EDGE('',*,*,#6370,.T.);
#8714=ORIENTED_EDGE('',*,*,#6371,.T.);
#8715=ORIENTED_EDGE('',*,*,#6372,.T.);
#8716=ORIENTED_EDGE('',*,*,#6373,.T.);
#8717=ORIENTED_EDGE('',*,*,#6374,.T.);
#8718=ORIENTED_EDGE('',*,*,#6375,.T.);
#8719=ORIENTED_EDGE('',*,*,#6376,.T.);
#8720=ORIENTED_EDGE('',*,*,#6377,.T.);
#8721=ORIENTED_EDGE('',*,*,#6378,.T.);
#8722=ORIENTED_EDGE('',*,*,#6379,.T.);
#8723=ORIENTED_EDGE('',*,*,#6380,.T.);
#8724=ORIENTED_EDGE('',*,*,#6381,.T.);
#8725=ORIENTED_EDGE('',*,*,#6382,.T.);
#8726=ORIENTED_EDGE('',*,*,#6383,.T.);
#8727=ORIENTED_EDGE('',*,*,#6384,.T.);
#8728=ORIENTED_EDGE('',*,*,#6385,.T.);
#8729=ORIENTED_EDGE('',*,*,#6386,.T.);
#8730=ORIENTED_EDGE('',*,*,#6387,.T.);
#8731=ORIENTED_EDGE('',*,*,#6388,.T.);
#8732=ORIENTED_EDGE('',*,*,#6389,.T.);
#8733=ORIENTED_EDGE('',*,*,#6390,.T.);
#8734=ORIENTED_EDGE('',*,*,#6391,.T.);
#8735=ORIENTED_EDGE('',*,*,#6392,.T.);
#8736=ORIENTED_EDGE('',*,*,#6393,.T.);
#8737=ORIENTED_EDGE('',*,*,#6394,.T.);
#8738=ORIENTED_EDGE('',*,*,#6395,.T.);
#8739=ORIENTED_EDGE('',*,*,#6396,.T.);
#8740=ORIENTED_EDGE('',*,*,#6397,.T.);
#8741=ORIENTED_EDGE('',*,*,#6398,.T.);
#8742=ORIENTED_EDGE('',*,*,#6399,.T.);
#8743=ORIENTED_EDGE('',*,*,#6400,.T.);
#8744=ORIENTED_EDGE('',*,*,#6401,.T.);
#8745=ORIENTED_EDGE('',*,*,#6402,.T.);
#8746=ORIENTED_EDGE('',*,*,#6403,.F.);
#8747=ORIENTED_EDGE('',*,*,#6404,.F.);
#8748=ORIENTED_EDGE('',*,*,#6405,.F.);
#8749=ORIENTED_EDGE('',*,*,#6406,.T.);
#8750=ORIENTED_EDGE('',*,*,#6407,.F.);
#8751=ORIENTED_EDGE('',*,*,#6406,.F.);
#8752=ORIENTED_EDGE('',*,*,#6408,.F.);
#8753=ORIENTED_EDGE('',*,*,#6409,.T.);
#8754=ORIENTED_EDGE('',*,*,#6410,.F.);
#8755=ORIENTED_EDGE('',*,*,#6411,.F.);
#8756=ORIENTED_EDGE('',*,*,#6412,.T.);
#8757=ORIENTED_EDGE('',*,*,#6413,.T.);
#8758=ORIENTED_EDGE('',*,*,#6414,.F.);
#8759=ORIENTED_EDGE('',*,*,#6413,.F.);
#8760=ORIENTED_EDGE('',*,*,#6415,.T.);
#8761=ORIENTED_EDGE('',*,*,#6416,.T.);
#8762=ORIENTED_EDGE('',*,*,#6417,.F.);
#8763=ORIENTED_EDGE('',*,*,#6409,.F.);
#8764=ORIENTED_EDGE('',*,*,#6418,.F.);
#8765=ORIENTED_EDGE('',*,*,#6419,.T.);
#8766=ORIENTED_EDGE('',*,*,#6420,.F.);
#8767=ORIENTED_EDGE('',*,*,#6419,.F.);
#8768=ORIENTED_EDGE('',*,*,#6421,.F.);
#8769=ORIENTED_EDGE('',*,*,#6404,.T.);
#8770=ORIENTED_EDGE('',*,*,#6422,.F.);
#8771=ORIENTED_EDGE('',*,*,#6416,.F.);
#8772=ORIENTED_EDGE('',*,*,#6423,.T.);
#8773=ORIENTED_EDGE('',*,*,#6424,.T.);
#8774=ORIENTED_EDGE('',*,*,#6425,.F.);
#8775=ORIENTED_EDGE('',*,*,#6424,.F.);
#8776=ORIENTED_EDGE('',*,*,#6426,.T.);
#8777=ORIENTED_EDGE('',*,*,#6411,.T.);
#8778=ORIENTED_EDGE('',*,*,#6415,.F.);
#8779=ORIENTED_EDGE('',*,*,#6412,.F.);
#8780=ORIENTED_EDGE('',*,*,#6426,.F.);
#8781=ORIENTED_EDGE('',*,*,#6423,.F.);
#8782=ORIENTED_EDGE('',*,*,#6408,.T.);
#8783=ORIENTED_EDGE('',*,*,#6405,.T.);
#8784=ORIENTED_EDGE('',*,*,#6421,.T.);
#8785=ORIENTED_EDGE('',*,*,#6418,.T.);
#8786=ORIENTED_EDGE('',*,*,#6427,.F.);
#8787=ORIENTED_EDGE('',*,*,#6428,.F.);
#8788=ORIENTED_EDGE('',*,*,#6429,.F.);
#8789=ORIENTED_EDGE('',*,*,#6430,.T.);
#8790=ORIENTED_EDGE('',*,*,#6431,.F.);
#8791=ORIENTED_EDGE('',*,*,#6430,.F.);
#8792=ORIENTED_EDGE('',*,*,#6432,.F.);
#8793=ORIENTED_EDGE('',*,*,#6433,.T.);
#8794=ORIENTED_EDGE('',*,*,#6434,.F.);
#8795=ORIENTED_EDGE('',*,*,#6435,.F.);
#8796=ORIENTED_EDGE('',*,*,#6436,.T.);
#8797=ORIENTED_EDGE('',*,*,#6437,.T.);
#8798=ORIENTED_EDGE('',*,*,#6438,.F.);
#8799=ORIENTED_EDGE('',*,*,#6437,.F.);
#8800=ORIENTED_EDGE('',*,*,#6439,.T.);
#8801=ORIENTED_EDGE('',*,*,#6440,.T.);
#8802=ORIENTED_EDGE('',*,*,#6441,.F.);
#8803=ORIENTED_EDGE('',*,*,#6433,.F.);
#8804=ORIENTED_EDGE('',*,*,#6442,.F.);
#8805=ORIENTED_EDGE('',*,*,#6443,.T.);
#8806=ORIENTED_EDGE('',*,*,#6444,.F.);
#8807=ORIENTED_EDGE('',*,*,#6443,.F.);
#8808=ORIENTED_EDGE('',*,*,#6445,.F.);
#8809=ORIENTED_EDGE('',*,*,#6428,.T.);
#8810=ORIENTED_EDGE('',*,*,#6446,.F.);
#8811=ORIENTED_EDGE('',*,*,#6440,.F.);
#8812=ORIENTED_EDGE('',*,*,#6447,.T.);
#8813=ORIENTED_EDGE('',*,*,#6448,.T.);
#8814=ORIENTED_EDGE('',*,*,#6449,.F.);
#8815=ORIENTED_EDGE('',*,*,#6448,.F.);
#8816=ORIENTED_EDGE('',*,*,#6450,.T.);
#8817=ORIENTED_EDGE('',*,*,#6435,.T.);
#8818=ORIENTED_EDGE('',*,*,#6439,.F.);
#8819=ORIENTED_EDGE('',*,*,#6436,.F.);
#8820=ORIENTED_EDGE('',*,*,#6450,.F.);
#8821=ORIENTED_EDGE('',*,*,#6447,.F.);
#8822=ORIENTED_EDGE('',*,*,#6432,.T.);
#8823=ORIENTED_EDGE('',*,*,#6429,.T.);
#8824=ORIENTED_EDGE('',*,*,#6445,.T.);
#8825=ORIENTED_EDGE('',*,*,#6442,.T.);
#8826=ORIENTED_EDGE('',*,*,#6451,.T.);
#8827=ORIENTED_EDGE('',*,*,#6452,.T.);
#8828=ORIENTED_EDGE('',*,*,#6453,.T.);
#8829=ORIENTED_EDGE('',*,*,#6454,.T.);
#8830=ORIENTED_EDGE('',*,*,#6455,.F.);
#8831=ORIENTED_EDGE('',*,*,#6410,.T.);
#8832=ORIENTED_EDGE('',*,*,#6414,.T.);
#8833=ORIENTED_EDGE('',*,*,#6422,.T.);
#8834=ORIENTED_EDGE('',*,*,#6425,.T.);
#8835=ORIENTED_EDGE('',*,*,#6456,.T.);
#8836=ORIENTED_EDGE('',*,*,#6457,.T.);
#8837=ORIENTED_EDGE('',*,*,#6458,.T.);
#8838=ORIENTED_EDGE('',*,*,#6459,.T.);
#8839=ORIENTED_EDGE('',*,*,#6460,.F.);
#8840=ORIENTED_EDGE('',*,*,#6434,.T.);
#8841=ORIENTED_EDGE('',*,*,#6438,.T.);
#8842=ORIENTED_EDGE('',*,*,#6446,.T.);
#8843=ORIENTED_EDGE('',*,*,#6449,.T.);
#8844=ORIENTED_EDGE('',*,*,#6461,.F.);
#8845=ORIENTED_EDGE('',*,*,#6462,.T.);
#8846=ORIENTED_EDGE('',*,*,#6365,.F.);
#8847=ORIENTED_EDGE('',*,*,#6463,.T.);
#8848=ORIENTED_EDGE('',*,*,#6285,.T.);
#8849=ORIENTED_EDGE('',*,*,#6464,.F.);
#8850=ORIENTED_EDGE('',*,*,#6366,.F.);
#8851=ORIENTED_EDGE('',*,*,#6462,.F.);
#8852=ORIENTED_EDGE('',*,*,#6464,.T.);
#8853=ORIENTED_EDGE('',*,*,#6284,.F.);
#8854=ORIENTED_EDGE('',*,*,#6465,.F.);
#8855=ORIENTED_EDGE('',*,*,#6367,.F.);
#8856=ORIENTED_EDGE('',*,*,#6466,.F.);
#8857=ORIENTED_EDGE('',*,*,#6467,.F.);
#8858=ORIENTED_EDGE('',*,*,#6468,.T.);
#8859=ORIENTED_EDGE('',*,*,#6469,.F.);
#8860=ORIENTED_EDGE('',*,*,#6451,.F.);
#8861=ORIENTED_EDGE('',*,*,#6470,.F.);
#8862=ORIENTED_EDGE('',*,*,#6471,.T.);
#8863=ORIENTED_EDGE('',*,*,#6472,.F.);
#8864=ORIENTED_EDGE('',*,*,#6471,.F.);
#8865=ORIENTED_EDGE('',*,*,#6473,.F.);
#8866=ORIENTED_EDGE('',*,*,#6468,.F.);
#8867=ORIENTED_EDGE('',*,*,#6474,.F.);
#8868=ORIENTED_EDGE('',*,*,#6403,.T.);
#8869=ORIENTED_EDGE('',*,*,#6407,.T.);
#8870=ORIENTED_EDGE('',*,*,#6417,.T.);
#8871=ORIENTED_EDGE('',*,*,#6420,.T.);
#8872=ORIENTED_EDGE('',*,*,#6322,.T.);
#8873=ORIENTED_EDGE('',*,*,#6466,.T.);
#8874=ORIENTED_EDGE('',*,*,#6475,.T.);
#8875=ORIENTED_EDGE('',*,*,#6476,.T.);
#8876=ORIENTED_EDGE('',*,*,#6477,.T.);
#8877=ORIENTED_EDGE('',*,*,#6478,.F.);
#8878=ORIENTED_EDGE('',*,*,#6479,.F.);
#8879=ORIENTED_EDGE('',*,*,#6480,.T.);
#8880=ORIENTED_EDGE('',*,*,#6481,.F.);
#8881=ORIENTED_EDGE('',*,*,#6476,.F.);
#8882=ORIENTED_EDGE('',*,*,#6482,.F.);
#8883=ORIENTED_EDGE('',*,*,#6483,.T.);
#8884=ORIENTED_EDGE('',*,*,#6484,.F.);
#8885=ORIENTED_EDGE('',*,*,#6483,.F.);
#8886=ORIENTED_EDGE('',*,*,#6485,.F.);
#8887=ORIENTED_EDGE('',*,*,#6480,.F.);
#8888=ORIENTED_EDGE('',*,*,#6486,.F.);
#8889=ORIENTED_EDGE('',*,*,#6478,.T.);
#8890=ORIENTED_EDGE('',*,*,#6487,.T.);
#8891=ORIENTED_EDGE('',*,*,#6488,.T.);
#8892=ORIENTED_EDGE('',*,*,#6489,.T.);
#8893=ORIENTED_EDGE('',*,*,#6490,.F.);
#8894=ORIENTED_EDGE('',*,*,#6491,.F.);
#8895=ORIENTED_EDGE('',*,*,#6492,.T.);
#8896=ORIENTED_EDGE('',*,*,#6493,.F.);
#8897=ORIENTED_EDGE('',*,*,#6488,.F.);
#8898=ORIENTED_EDGE('',*,*,#6494,.F.);
#8899=ORIENTED_EDGE('',*,*,#6495,.T.);
#8900=ORIENTED_EDGE('',*,*,#6496,.F.);
#8901=ORIENTED_EDGE('',*,*,#6495,.F.);
#8902=ORIENTED_EDGE('',*,*,#6497,.F.);
#8903=ORIENTED_EDGE('',*,*,#6492,.F.);
#8904=ORIENTED_EDGE('',*,*,#6498,.F.);
#8905=ORIENTED_EDGE('',*,*,#6490,.T.);
#8906=ORIENTED_EDGE('',*,*,#6499,.T.);
#8907=ORIENTED_EDGE('',*,*,#6500,.T.);
#8908=ORIENTED_EDGE('',*,*,#6501,.T.);
#8909=ORIENTED_EDGE('',*,*,#6502,.F.);
#8910=ORIENTED_EDGE('',*,*,#6503,.F.);
#8911=ORIENTED_EDGE('',*,*,#6504,.T.);
#8912=ORIENTED_EDGE('',*,*,#6505,.F.);
#8913=ORIENTED_EDGE('',*,*,#6500,.F.);
#8914=ORIENTED_EDGE('',*,*,#6506,.F.);
#8915=ORIENTED_EDGE('',*,*,#6507,.T.);
#8916=ORIENTED_EDGE('',*,*,#6508,.F.);
#8917=ORIENTED_EDGE('',*,*,#6507,.F.);
#8918=ORIENTED_EDGE('',*,*,#6509,.F.);
#8919=ORIENTED_EDGE('',*,*,#6504,.F.);
#8920=ORIENTED_EDGE('',*,*,#6510,.F.);
#8921=ORIENTED_EDGE('',*,*,#6502,.T.);
#8922=ORIENTED_EDGE('',*,*,#6511,.T.);
#8923=ORIENTED_EDGE('',*,*,#6512,.T.);
#8924=ORIENTED_EDGE('',*,*,#6513,.T.);
#8925=ORIENTED_EDGE('',*,*,#6514,.F.);
#8926=ORIENTED_EDGE('',*,*,#6515,.F.);
#8927=ORIENTED_EDGE('',*,*,#6516,.T.);
#8928=ORIENTED_EDGE('',*,*,#6517,.F.);
#8929=ORIENTED_EDGE('',*,*,#6512,.F.);
#8930=ORIENTED_EDGE('',*,*,#6518,.F.);
#8931=ORIENTED_EDGE('',*,*,#6519,.T.);
#8932=ORIENTED_EDGE('',*,*,#6520,.F.);
#8933=ORIENTED_EDGE('',*,*,#6519,.F.);
#8934=ORIENTED_EDGE('',*,*,#6521,.F.);
#8935=ORIENTED_EDGE('',*,*,#6516,.F.);
#8936=ORIENTED_EDGE('',*,*,#6522,.F.);
#8937=ORIENTED_EDGE('',*,*,#6514,.T.);
#8938=ORIENTED_EDGE('',*,*,#6523,.T.);
#8939=ORIENTED_EDGE('',*,*,#6524,.T.);
#8940=ORIENTED_EDGE('',*,*,#6525,.T.);
#8941=ORIENTED_EDGE('',*,*,#6526,.F.);
#8942=ORIENTED_EDGE('',*,*,#6527,.F.);
#8943=ORIENTED_EDGE('',*,*,#6528,.T.);
#8944=ORIENTED_EDGE('',*,*,#6529,.F.);
#8945=ORIENTED_EDGE('',*,*,#6524,.F.);
#8946=ORIENTED_EDGE('',*,*,#6530,.F.);
#8947=ORIENTED_EDGE('',*,*,#6531,.T.);
#8948=ORIENTED_EDGE('',*,*,#6532,.F.);
#8949=ORIENTED_EDGE('',*,*,#6531,.F.);
#8950=ORIENTED_EDGE('',*,*,#6533,.F.);
#8951=ORIENTED_EDGE('',*,*,#6528,.F.);
#8952=ORIENTED_EDGE('',*,*,#6534,.F.);
#8953=ORIENTED_EDGE('',*,*,#6526,.T.);
#8954=ORIENTED_EDGE('',*,*,#6535,.T.);
#8955=ORIENTED_EDGE('',*,*,#6536,.T.);
#8956=ORIENTED_EDGE('',*,*,#6537,.T.);
#8957=ORIENTED_EDGE('',*,*,#6538,.F.);
#8958=ORIENTED_EDGE('',*,*,#6539,.F.);
#8959=ORIENTED_EDGE('',*,*,#6540,.T.);
#8960=ORIENTED_EDGE('',*,*,#6541,.F.);
#8961=ORIENTED_EDGE('',*,*,#6536,.F.);
#8962=ORIENTED_EDGE('',*,*,#6542,.F.);
#8963=ORIENTED_EDGE('',*,*,#6543,.T.);
#8964=ORIENTED_EDGE('',*,*,#6544,.F.);
#8965=ORIENTED_EDGE('',*,*,#6543,.F.);
#8966=ORIENTED_EDGE('',*,*,#6545,.F.);
#8967=ORIENTED_EDGE('',*,*,#6540,.F.);
#8968=ORIENTED_EDGE('',*,*,#6546,.F.);
#8969=ORIENTED_EDGE('',*,*,#6538,.T.);
#8970=ORIENTED_EDGE('',*,*,#6547,.T.);
#8971=ORIENTED_EDGE('',*,*,#6548,.T.);
#8972=ORIENTED_EDGE('',*,*,#6549,.T.);
#8973=ORIENTED_EDGE('',*,*,#6550,.F.);
#8974=ORIENTED_EDGE('',*,*,#6551,.F.);
#8975=ORIENTED_EDGE('',*,*,#6552,.T.);
#8976=ORIENTED_EDGE('',*,*,#6553,.F.);
#8977=ORIENTED_EDGE('',*,*,#6548,.F.);
#8978=ORIENTED_EDGE('',*,*,#6554,.F.);
#8979=ORIENTED_EDGE('',*,*,#6555,.T.);
#8980=ORIENTED_EDGE('',*,*,#6556,.F.);
#8981=ORIENTED_EDGE('',*,*,#6555,.F.);
#8982=ORIENTED_EDGE('',*,*,#6557,.F.);
#8983=ORIENTED_EDGE('',*,*,#6552,.F.);
#8984=ORIENTED_EDGE('',*,*,#6558,.F.);
#8985=ORIENTED_EDGE('',*,*,#6550,.T.);
#8986=ORIENTED_EDGE('',*,*,#6559,.T.);
#8987=ORIENTED_EDGE('',*,*,#6560,.T.);
#8988=ORIENTED_EDGE('',*,*,#6561,.T.);
#8989=ORIENTED_EDGE('',*,*,#6562,.F.);
#8990=ORIENTED_EDGE('',*,*,#6563,.F.);
#8991=ORIENTED_EDGE('',*,*,#6564,.T.);
#8992=ORIENTED_EDGE('',*,*,#6565,.F.);
#8993=ORIENTED_EDGE('',*,*,#6560,.F.);
#8994=ORIENTED_EDGE('',*,*,#6566,.F.);
#8995=ORIENTED_EDGE('',*,*,#6567,.T.);
#8996=ORIENTED_EDGE('',*,*,#6568,.F.);
#8997=ORIENTED_EDGE('',*,*,#6567,.F.);
#8998=ORIENTED_EDGE('',*,*,#6569,.F.);
#8999=ORIENTED_EDGE('',*,*,#6564,.F.);
#9000=ORIENTED_EDGE('',*,*,#6570,.F.);
#9001=ORIENTED_EDGE('',*,*,#6562,.T.);
#9002=ORIENTED_EDGE('',*,*,#6571,.T.);
#9003=ORIENTED_EDGE('',*,*,#6572,.T.);
#9004=ORIENTED_EDGE('',*,*,#6573,.T.);
#9005=ORIENTED_EDGE('',*,*,#6574,.F.);
#9006=ORIENTED_EDGE('',*,*,#6575,.F.);
#9007=ORIENTED_EDGE('',*,*,#6576,.T.);
#9008=ORIENTED_EDGE('',*,*,#6577,.F.);
#9009=ORIENTED_EDGE('',*,*,#6572,.F.);
#9010=ORIENTED_EDGE('',*,*,#6578,.F.);
#9011=ORIENTED_EDGE('',*,*,#6579,.T.);
#9012=ORIENTED_EDGE('',*,*,#6580,.F.);
#9013=ORIENTED_EDGE('',*,*,#6579,.F.);
#9014=ORIENTED_EDGE('',*,*,#6581,.F.);
#9015=ORIENTED_EDGE('',*,*,#6576,.F.);
#9016=ORIENTED_EDGE('',*,*,#6582,.F.);
#9017=ORIENTED_EDGE('',*,*,#6574,.T.);
#9018=ORIENTED_EDGE('',*,*,#6583,.T.);
#9019=ORIENTED_EDGE('',*,*,#6584,.T.);
#9020=ORIENTED_EDGE('',*,*,#6585,.T.);
#9021=ORIENTED_EDGE('',*,*,#6586,.F.);
#9022=ORIENTED_EDGE('',*,*,#6587,.F.);
#9023=ORIENTED_EDGE('',*,*,#6588,.T.);
#9024=ORIENTED_EDGE('',*,*,#6589,.F.);
#9025=ORIENTED_EDGE('',*,*,#6584,.F.);
#9026=ORIENTED_EDGE('',*,*,#6590,.F.);
#9027=ORIENTED_EDGE('',*,*,#6591,.T.);
#9028=ORIENTED_EDGE('',*,*,#6592,.F.);
#9029=ORIENTED_EDGE('',*,*,#6591,.F.);
#9030=ORIENTED_EDGE('',*,*,#6593,.F.);
#9031=ORIENTED_EDGE('',*,*,#6588,.F.);
#9032=ORIENTED_EDGE('',*,*,#6594,.F.);
#9033=ORIENTED_EDGE('',*,*,#6586,.T.);
#9034=ORIENTED_EDGE('',*,*,#6595,.T.);
#9035=ORIENTED_EDGE('',*,*,#6596,.T.);
#9036=ORIENTED_EDGE('',*,*,#6597,.T.);
#9037=ORIENTED_EDGE('',*,*,#6598,.F.);
#9038=ORIENTED_EDGE('',*,*,#6599,.F.);
#9039=ORIENTED_EDGE('',*,*,#6600,.T.);
#9040=ORIENTED_EDGE('',*,*,#6601,.F.);
#9041=ORIENTED_EDGE('',*,*,#6596,.F.);
#9042=ORIENTED_EDGE('',*,*,#6602,.F.);
#9043=ORIENTED_EDGE('',*,*,#6603,.T.);
#9044=ORIENTED_EDGE('',*,*,#6604,.F.);
#9045=ORIENTED_EDGE('',*,*,#6603,.F.);
#9046=ORIENTED_EDGE('',*,*,#6605,.F.);
#9047=ORIENTED_EDGE('',*,*,#6600,.F.);
#9048=ORIENTED_EDGE('',*,*,#6606,.F.);
#9049=ORIENTED_EDGE('',*,*,#6598,.T.);
#9050=ORIENTED_EDGE('',*,*,#6607,.T.);
#9051=ORIENTED_EDGE('',*,*,#6608,.T.);
#9052=ORIENTED_EDGE('',*,*,#6609,.T.);
#9053=ORIENTED_EDGE('',*,*,#6610,.F.);
#9054=ORIENTED_EDGE('',*,*,#6611,.F.);
#9055=ORIENTED_EDGE('',*,*,#6612,.T.);
#9056=ORIENTED_EDGE('',*,*,#6613,.F.);
#9057=ORIENTED_EDGE('',*,*,#6608,.F.);
#9058=ORIENTED_EDGE('',*,*,#6614,.F.);
#9059=ORIENTED_EDGE('',*,*,#6615,.T.);
#9060=ORIENTED_EDGE('',*,*,#6616,.F.);
#9061=ORIENTED_EDGE('',*,*,#6615,.F.);
#9062=ORIENTED_EDGE('',*,*,#6617,.F.);
#9063=ORIENTED_EDGE('',*,*,#6612,.F.);
#9064=ORIENTED_EDGE('',*,*,#6618,.F.);
#9065=ORIENTED_EDGE('',*,*,#6610,.T.);
#9066=ORIENTED_EDGE('',*,*,#6619,.T.);
#9067=ORIENTED_EDGE('',*,*,#6620,.T.);
#9068=ORIENTED_EDGE('',*,*,#6621,.T.);
#9069=ORIENTED_EDGE('',*,*,#6456,.F.);
#9070=ORIENTED_EDGE('',*,*,#6622,.F.);
#9071=ORIENTED_EDGE('',*,*,#6623,.T.);
#9072=ORIENTED_EDGE('',*,*,#6624,.F.);
#9073=ORIENTED_EDGE('',*,*,#6620,.F.);
#9074=ORIENTED_EDGE('',*,*,#6625,.F.);
#9075=ORIENTED_EDGE('',*,*,#6626,.T.);
#9076=ORIENTED_EDGE('',*,*,#6627,.F.);
#9077=ORIENTED_EDGE('',*,*,#6626,.F.);
#9078=ORIENTED_EDGE('',*,*,#6628,.F.);
#9079=ORIENTED_EDGE('',*,*,#6623,.F.);
#9080=ORIENTED_EDGE('',*,*,#6629,.F.);
#9081=ORIENTED_EDGE('',*,*,#6427,.T.);
#9082=ORIENTED_EDGE('',*,*,#6431,.T.);
#9083=ORIENTED_EDGE('',*,*,#6441,.T.);
#9084=ORIENTED_EDGE('',*,*,#6444,.T.);
#9085=ORIENTED_EDGE('',*,*,#6461,.T.);
#9086=ORIENTED_EDGE('',*,*,#6324,.T.);
#9087=ORIENTED_EDGE('',*,*,#6245,.T.);
#9088=ORIENTED_EDGE('',*,*,#6630,.T.);
#9089=ORIENTED_EDGE('',*,*,#6328,.F.);
#9090=ORIENTED_EDGE('',*,*,#6364,.F.);
#9091=ORIENTED_EDGE('',*,*,#6631,.F.);
#9092=ORIENTED_EDGE('',*,*,#6286,.T.);
#9093=ORIENTED_EDGE('',*,*,#6463,.F.);
#9094=ORIENTED_EDGE('',*,*,#6632,.F.);
#9095=ORIENTED_EDGE('',*,*,#6368,.F.);
#9096=ORIENTED_EDGE('',*,*,#6465,.T.);
#9097=ORIENTED_EDGE('',*,*,#6283,.F.);
#9098=ORIENTED_EDGE('',*,*,#6633,.F.);
#9099=ORIENTED_EDGE('',*,*,#6287,.T.);
#9100=ORIENTED_EDGE('',*,*,#6631,.T.);
#9101=ORIENTED_EDGE('',*,*,#6363,.F.);
#9102=ORIENTED_EDGE('',*,*,#6634,.F.);
#9103=ORIENTED_EDGE('',*,*,#6369,.F.);
#9104=ORIENTED_EDGE('',*,*,#6632,.T.);
#9105=ORIENTED_EDGE('',*,*,#6282,.F.);
#9106=ORIENTED_EDGE('',*,*,#6635,.F.);
#9107=ORIENTED_EDGE('',*,*,#6288,.T.);
#9108=ORIENTED_EDGE('',*,*,#6633,.T.);
#9109=ORIENTED_EDGE('',*,*,#6362,.F.);
#9110=ORIENTED_EDGE('',*,*,#6636,.F.);
#9111=ORIENTED_EDGE('',*,*,#6370,.F.);
#9112=ORIENTED_EDGE('',*,*,#6634,.T.);
#9113=ORIENTED_EDGE('',*,*,#6281,.F.);
#9114=ORIENTED_EDGE('',*,*,#6637,.F.);
#9115=ORIENTED_EDGE('',*,*,#6289,.T.);
#9116=ORIENTED_EDGE('',*,*,#6635,.T.);
#9117=ORIENTED_EDGE('',*,*,#6361,.F.);
#9118=ORIENTED_EDGE('',*,*,#6638,.F.);
#9119=ORIENTED_EDGE('',*,*,#6371,.F.);
#9120=ORIENTED_EDGE('',*,*,#6636,.T.);
#9121=ORIENTED_EDGE('',*,*,#6280,.F.);
#9122=ORIENTED_EDGE('',*,*,#6639,.F.);
#9123=ORIENTED_EDGE('',*,*,#6290,.T.);
#9124=ORIENTED_EDGE('',*,*,#6637,.T.);
#9125=ORIENTED_EDGE('',*,*,#6360,.F.);
#9126=ORIENTED_EDGE('',*,*,#6640,.F.);
#9127=ORIENTED_EDGE('',*,*,#6372,.F.);
#9128=ORIENTED_EDGE('',*,*,#6638,.T.);
#9129=ORIENTED_EDGE('',*,*,#6279,.F.);
#9130=ORIENTED_EDGE('',*,*,#6641,.F.);
#9131=ORIENTED_EDGE('',*,*,#6291,.T.);
#9132=ORIENTED_EDGE('',*,*,#6639,.T.);
#9133=ORIENTED_EDGE('',*,*,#6359,.F.);
#9134=ORIENTED_EDGE('',*,*,#6642,.F.);
#9135=ORIENTED_EDGE('',*,*,#6373,.F.);
#9136=ORIENTED_EDGE('',*,*,#6640,.T.);
#9137=ORIENTED_EDGE('',*,*,#6278,.F.);
#9138=ORIENTED_EDGE('',*,*,#6643,.F.);
#9139=ORIENTED_EDGE('',*,*,#6292,.T.);
#9140=ORIENTED_EDGE('',*,*,#6641,.T.);
#9141=ORIENTED_EDGE('',*,*,#6358,.F.);
#9142=ORIENTED_EDGE('',*,*,#6644,.F.);
#9143=ORIENTED_EDGE('',*,*,#6374,.F.);
#9144=ORIENTED_EDGE('',*,*,#6642,.T.);
#9145=ORIENTED_EDGE('',*,*,#6277,.F.);
#9146=ORIENTED_EDGE('',*,*,#6645,.F.);
#9147=ORIENTED_EDGE('',*,*,#6293,.T.);
#9148=ORIENTED_EDGE('',*,*,#6643,.T.);
#9149=ORIENTED_EDGE('',*,*,#6357,.F.);
#9150=ORIENTED_EDGE('',*,*,#6646,.F.);
#9151=ORIENTED_EDGE('',*,*,#6375,.F.);
#9152=ORIENTED_EDGE('',*,*,#6644,.T.);
#9153=ORIENTED_EDGE('',*,*,#6276,.F.);
#9154=ORIENTED_EDGE('',*,*,#6647,.F.);
#9155=ORIENTED_EDGE('',*,*,#6294,.T.);
#9156=ORIENTED_EDGE('',*,*,#6645,.T.);
#9157=ORIENTED_EDGE('',*,*,#6356,.F.);
#9158=ORIENTED_EDGE('',*,*,#6648,.F.);
#9159=ORIENTED_EDGE('',*,*,#6376,.F.);
#9160=ORIENTED_EDGE('',*,*,#6646,.T.);
#9161=ORIENTED_EDGE('',*,*,#6275,.F.);
#9162=ORIENTED_EDGE('',*,*,#6649,.F.);
#9163=ORIENTED_EDGE('',*,*,#6295,.T.);
#9164=ORIENTED_EDGE('',*,*,#6647,.T.);
#9165=ORIENTED_EDGE('',*,*,#6355,.F.);
#9166=ORIENTED_EDGE('',*,*,#6650,.F.);
#9167=ORIENTED_EDGE('',*,*,#6377,.F.);
#9168=ORIENTED_EDGE('',*,*,#6648,.T.);
#9169=ORIENTED_EDGE('',*,*,#6274,.F.);
#9170=ORIENTED_EDGE('',*,*,#6651,.F.);
#9171=ORIENTED_EDGE('',*,*,#6296,.T.);
#9172=ORIENTED_EDGE('',*,*,#6649,.T.);
#9173=ORIENTED_EDGE('',*,*,#6354,.F.);
#9174=ORIENTED_EDGE('',*,*,#6652,.F.);
#9175=ORIENTED_EDGE('',*,*,#6378,.F.);
#9176=ORIENTED_EDGE('',*,*,#6650,.T.);
#9177=ORIENTED_EDGE('',*,*,#6273,.F.);
#9178=ORIENTED_EDGE('',*,*,#6653,.F.);
#9179=ORIENTED_EDGE('',*,*,#6297,.T.);
#9180=ORIENTED_EDGE('',*,*,#6651,.T.);
#9181=ORIENTED_EDGE('',*,*,#6353,.F.);
#9182=ORIENTED_EDGE('',*,*,#6654,.F.);
#9183=ORIENTED_EDGE('',*,*,#6379,.F.);
#9184=ORIENTED_EDGE('',*,*,#6652,.T.);
#9185=ORIENTED_EDGE('',*,*,#6272,.F.);
#9186=ORIENTED_EDGE('',*,*,#6655,.F.);
#9187=ORIENTED_EDGE('',*,*,#6298,.T.);
#9188=ORIENTED_EDGE('',*,*,#6653,.T.);
#9189=ORIENTED_EDGE('',*,*,#6352,.F.);
#9190=ORIENTED_EDGE('',*,*,#6656,.F.);
#9191=ORIENTED_EDGE('',*,*,#6380,.F.);
#9192=ORIENTED_EDGE('',*,*,#6654,.T.);
#9193=ORIENTED_EDGE('',*,*,#6271,.F.);
#9194=ORIENTED_EDGE('',*,*,#6657,.F.);
#9195=ORIENTED_EDGE('',*,*,#6299,.T.);
#9196=ORIENTED_EDGE('',*,*,#6655,.T.);
#9197=ORIENTED_EDGE('',*,*,#6351,.F.);
#9198=ORIENTED_EDGE('',*,*,#6658,.F.);
#9199=ORIENTED_EDGE('',*,*,#6381,.F.);
#9200=ORIENTED_EDGE('',*,*,#6656,.T.);
#9201=ORIENTED_EDGE('',*,*,#6270,.F.);
#9202=ORIENTED_EDGE('',*,*,#6659,.F.);
#9203=ORIENTED_EDGE('',*,*,#6300,.T.);
#9204=ORIENTED_EDGE('',*,*,#6657,.T.);
#9205=ORIENTED_EDGE('',*,*,#6350,.F.);
#9206=ORIENTED_EDGE('',*,*,#6660,.F.);
#9207=ORIENTED_EDGE('',*,*,#6382,.F.);
#9208=ORIENTED_EDGE('',*,*,#6658,.T.);
#9209=ORIENTED_EDGE('',*,*,#6269,.F.);
#9210=ORIENTED_EDGE('',*,*,#6661,.F.);
#9211=ORIENTED_EDGE('',*,*,#6301,.T.);
#9212=ORIENTED_EDGE('',*,*,#6659,.T.);
#9213=ORIENTED_EDGE('',*,*,#6349,.F.);
#9214=ORIENTED_EDGE('',*,*,#6662,.F.);
#9215=ORIENTED_EDGE('',*,*,#6383,.F.);
#9216=ORIENTED_EDGE('',*,*,#6660,.T.);
#9217=ORIENTED_EDGE('',*,*,#6268,.F.);
#9218=ORIENTED_EDGE('',*,*,#6663,.F.);
#9219=ORIENTED_EDGE('',*,*,#6302,.T.);
#9220=ORIENTED_EDGE('',*,*,#6661,.T.);
#9221=ORIENTED_EDGE('',*,*,#6348,.F.);
#9222=ORIENTED_EDGE('',*,*,#6664,.F.);
#9223=ORIENTED_EDGE('',*,*,#6384,.F.);
#9224=ORIENTED_EDGE('',*,*,#6662,.T.);
#9225=ORIENTED_EDGE('',*,*,#6267,.F.);
#9226=ORIENTED_EDGE('',*,*,#6665,.F.);
#9227=ORIENTED_EDGE('',*,*,#6303,.T.);
#9228=ORIENTED_EDGE('',*,*,#6663,.T.);
#9229=ORIENTED_EDGE('',*,*,#6347,.F.);
#9230=ORIENTED_EDGE('',*,*,#6666,.F.);
#9231=ORIENTED_EDGE('',*,*,#6385,.F.);
#9232=ORIENTED_EDGE('',*,*,#6664,.T.);
#9233=ORIENTED_EDGE('',*,*,#6266,.F.);
#9234=ORIENTED_EDGE('',*,*,#6667,.F.);
#9235=ORIENTED_EDGE('',*,*,#6304,.T.);
#9236=ORIENTED_EDGE('',*,*,#6665,.T.);
#9237=ORIENTED_EDGE('',*,*,#6346,.F.);
#9238=ORIENTED_EDGE('',*,*,#6668,.F.);
#9239=ORIENTED_EDGE('',*,*,#6386,.F.);
#9240=ORIENTED_EDGE('',*,*,#6666,.T.);
#9241=ORIENTED_EDGE('',*,*,#6265,.F.);
#9242=ORIENTED_EDGE('',*,*,#6669,.F.);
#9243=ORIENTED_EDGE('',*,*,#6305,.T.);
#9244=ORIENTED_EDGE('',*,*,#6667,.T.);
#9245=ORIENTED_EDGE('',*,*,#6345,.F.);
#9246=ORIENTED_EDGE('',*,*,#6670,.F.);
#9247=ORIENTED_EDGE('',*,*,#6387,.F.);
#9248=ORIENTED_EDGE('',*,*,#6668,.T.);
#9249=ORIENTED_EDGE('',*,*,#6264,.F.);
#9250=ORIENTED_EDGE('',*,*,#6671,.F.);
#9251=ORIENTED_EDGE('',*,*,#6306,.T.);
#9252=ORIENTED_EDGE('',*,*,#6669,.T.);
#9253=ORIENTED_EDGE('',*,*,#6344,.F.);
#9254=ORIENTED_EDGE('',*,*,#6672,.F.);
#9255=ORIENTED_EDGE('',*,*,#6388,.F.);
#9256=ORIENTED_EDGE('',*,*,#6670,.T.);
#9257=ORIENTED_EDGE('',*,*,#6263,.F.);
#9258=ORIENTED_EDGE('',*,*,#6673,.F.);
#9259=ORIENTED_EDGE('',*,*,#6307,.T.);
#9260=ORIENTED_EDGE('',*,*,#6671,.T.);
#9261=ORIENTED_EDGE('',*,*,#6343,.F.);
#9262=ORIENTED_EDGE('',*,*,#6674,.F.);
#9263=ORIENTED_EDGE('',*,*,#6389,.F.);
#9264=ORIENTED_EDGE('',*,*,#6672,.T.);
#9265=ORIENTED_EDGE('',*,*,#6262,.F.);
#9266=ORIENTED_EDGE('',*,*,#6675,.F.);
#9267=ORIENTED_EDGE('',*,*,#6308,.T.);
#9268=ORIENTED_EDGE('',*,*,#6673,.T.);
#9269=ORIENTED_EDGE('',*,*,#6342,.F.);
#9270=ORIENTED_EDGE('',*,*,#6676,.F.);
#9271=ORIENTED_EDGE('',*,*,#6390,.F.);
#9272=ORIENTED_EDGE('',*,*,#6674,.T.);
#9273=ORIENTED_EDGE('',*,*,#6261,.F.);
#9274=ORIENTED_EDGE('',*,*,#6677,.F.);
#9275=ORIENTED_EDGE('',*,*,#6309,.T.);
#9276=ORIENTED_EDGE('',*,*,#6675,.T.);
#9277=ORIENTED_EDGE('',*,*,#6341,.F.);
#9278=ORIENTED_EDGE('',*,*,#6678,.F.);
#9279=ORIENTED_EDGE('',*,*,#6391,.F.);
#9280=ORIENTED_EDGE('',*,*,#6676,.T.);
#9281=ORIENTED_EDGE('',*,*,#6260,.F.);
#9282=ORIENTED_EDGE('',*,*,#6679,.F.);
#9283=ORIENTED_EDGE('',*,*,#6310,.T.);
#9284=ORIENTED_EDGE('',*,*,#6677,.T.);
#9285=ORIENTED_EDGE('',*,*,#6340,.F.);
#9286=ORIENTED_EDGE('',*,*,#6680,.F.);
#9287=ORIENTED_EDGE('',*,*,#6392,.F.);
#9288=ORIENTED_EDGE('',*,*,#6678,.T.);
#9289=ORIENTED_EDGE('',*,*,#6259,.F.);
#9290=ORIENTED_EDGE('',*,*,#6681,.F.);
#9291=ORIENTED_EDGE('',*,*,#6311,.T.);
#9292=ORIENTED_EDGE('',*,*,#6679,.T.);
#9293=ORIENTED_EDGE('',*,*,#6339,.F.);
#9294=ORIENTED_EDGE('',*,*,#6682,.F.);
#9295=ORIENTED_EDGE('',*,*,#6393,.F.);
#9296=ORIENTED_EDGE('',*,*,#6680,.T.);
#9297=ORIENTED_EDGE('',*,*,#6258,.F.);
#9298=ORIENTED_EDGE('',*,*,#6683,.F.);
#9299=ORIENTED_EDGE('',*,*,#6312,.T.);
#9300=ORIENTED_EDGE('',*,*,#6681,.T.);
#9301=ORIENTED_EDGE('',*,*,#6338,.F.);
#9302=ORIENTED_EDGE('',*,*,#6684,.F.);
#9303=ORIENTED_EDGE('',*,*,#6394,.F.);
#9304=ORIENTED_EDGE('',*,*,#6682,.T.);
#9305=ORIENTED_EDGE('',*,*,#6257,.F.);
#9306=ORIENTED_EDGE('',*,*,#6685,.F.);
#9307=ORIENTED_EDGE('',*,*,#6313,.T.);
#9308=ORIENTED_EDGE('',*,*,#6683,.T.);
#9309=ORIENTED_EDGE('',*,*,#6337,.F.);
#9310=ORIENTED_EDGE('',*,*,#6686,.F.);
#9311=ORIENTED_EDGE('',*,*,#6395,.F.);
#9312=ORIENTED_EDGE('',*,*,#6684,.T.);
#9313=ORIENTED_EDGE('',*,*,#6256,.F.);
#9314=ORIENTED_EDGE('',*,*,#6687,.F.);
#9315=ORIENTED_EDGE('',*,*,#6314,.T.);
#9316=ORIENTED_EDGE('',*,*,#6685,.T.);
#9317=ORIENTED_EDGE('',*,*,#6336,.F.);
#9318=ORIENTED_EDGE('',*,*,#6688,.F.);
#9319=ORIENTED_EDGE('',*,*,#6396,.F.);
#9320=ORIENTED_EDGE('',*,*,#6686,.T.);
#9321=ORIENTED_EDGE('',*,*,#6255,.F.);
#9322=ORIENTED_EDGE('',*,*,#6689,.F.);
#9323=ORIENTED_EDGE('',*,*,#6315,.T.);
#9324=ORIENTED_EDGE('',*,*,#6687,.T.);
#9325=ORIENTED_EDGE('',*,*,#6335,.F.);
#9326=ORIENTED_EDGE('',*,*,#6690,.F.);
#9327=ORIENTED_EDGE('',*,*,#6397,.F.);
#9328=ORIENTED_EDGE('',*,*,#6688,.T.);
#9329=ORIENTED_EDGE('',*,*,#6254,.F.);
#9330=ORIENTED_EDGE('',*,*,#6691,.F.);
#9331=ORIENTED_EDGE('',*,*,#6316,.T.);
#9332=ORIENTED_EDGE('',*,*,#6689,.T.);
#9333=ORIENTED_EDGE('',*,*,#6334,.F.);
#9334=ORIENTED_EDGE('',*,*,#6692,.F.);
#9335=ORIENTED_EDGE('',*,*,#6398,.F.);
#9336=ORIENTED_EDGE('',*,*,#6690,.T.);
#9337=ORIENTED_EDGE('',*,*,#6253,.F.);
#9338=ORIENTED_EDGE('',*,*,#6693,.F.);
#9339=ORIENTED_EDGE('',*,*,#6317,.T.);
#9340=ORIENTED_EDGE('',*,*,#6691,.T.);
#9341=ORIENTED_EDGE('',*,*,#6333,.F.);
#9342=ORIENTED_EDGE('',*,*,#6694,.F.);
#9343=ORIENTED_EDGE('',*,*,#6399,.F.);
#9344=ORIENTED_EDGE('',*,*,#6692,.T.);
#9345=ORIENTED_EDGE('',*,*,#6252,.F.);
#9346=ORIENTED_EDGE('',*,*,#6695,.F.);
#9347=ORIENTED_EDGE('',*,*,#6318,.T.);
#9348=ORIENTED_EDGE('',*,*,#6693,.T.);
#9349=ORIENTED_EDGE('',*,*,#6332,.F.);
#9350=ORIENTED_EDGE('',*,*,#6696,.F.);
#9351=ORIENTED_EDGE('',*,*,#6400,.F.);
#9352=ORIENTED_EDGE('',*,*,#6694,.T.);
#9353=ORIENTED_EDGE('',*,*,#6251,.F.);
#9354=ORIENTED_EDGE('',*,*,#6697,.F.);
#9355=ORIENTED_EDGE('',*,*,#6319,.T.);
#9356=ORIENTED_EDGE('',*,*,#6695,.T.);
#9357=ORIENTED_EDGE('',*,*,#6331,.F.);
#9358=ORIENTED_EDGE('',*,*,#6698,.F.);
#9359=ORIENTED_EDGE('',*,*,#6401,.F.);
#9360=ORIENTED_EDGE('',*,*,#6696,.T.);
#9361=ORIENTED_EDGE('',*,*,#6250,.F.);
#9362=ORIENTED_EDGE('',*,*,#6699,.F.);
#9363=ORIENTED_EDGE('',*,*,#6320,.T.);
#9364=ORIENTED_EDGE('',*,*,#6697,.T.);
#9365=ORIENTED_EDGE('',*,*,#6330,.F.);
#9366=ORIENTED_EDGE('',*,*,#6241,.T.);
#9367=ORIENTED_EDGE('',*,*,#6402,.F.);
#9368=ORIENTED_EDGE('',*,*,#6698,.T.);
#9369=ORIENTED_EDGE('',*,*,#6249,.F.);
#9370=ORIENTED_EDGE('',*,*,#6630,.F.);
#9371=ORIENTED_EDGE('',*,*,#6321,.T.);
#9372=ORIENTED_EDGE('',*,*,#6699,.T.);
#9373=ORIENTED_EDGE('',*,*,#6329,.F.);
#9374=ORIENTED_EDGE('',*,*,#6327,.F.);
#9375=ORIENTED_EDGE('',*,*,#6243,.F.);
#9376=ORIENTED_EDGE('',*,*,#6248,.T.);
#9377=ORIENTED_EDGE('',*,*,#6326,.F.);
#9378=ORIENTED_EDGE('',*,*,#6470,.T.);
#9379=ORIENTED_EDGE('',*,*,#6454,.F.);
#9380=ORIENTED_EDGE('',*,*,#6700,.T.);
#9381=ORIENTED_EDGE('',*,*,#6236,.F.);
#9382=ORIENTED_EDGE('',*,*,#6701,.F.);
#9383=ORIENTED_EDGE('',*,*,#6457,.F.);
#9384=ORIENTED_EDGE('',*,*,#6624,.T.);
#9385=ORIENTED_EDGE('',*,*,#6628,.T.);
#9386=ORIENTED_EDGE('',*,*,#6625,.T.);
#9387=ORIENTED_EDGE('',*,*,#6619,.F.);
#9388=ORIENTED_EDGE('',*,*,#6613,.T.);
#9389=ORIENTED_EDGE('',*,*,#6617,.T.);
#9390=ORIENTED_EDGE('',*,*,#6614,.T.);
#9391=ORIENTED_EDGE('',*,*,#6607,.F.);
#9392=ORIENTED_EDGE('',*,*,#6601,.T.);
#9393=ORIENTED_EDGE('',*,*,#6605,.T.);
#9394=ORIENTED_EDGE('',*,*,#6602,.T.);
#9395=ORIENTED_EDGE('',*,*,#6595,.F.);
#9396=ORIENTED_EDGE('',*,*,#6589,.T.);
#9397=ORIENTED_EDGE('',*,*,#6593,.T.);
#9398=ORIENTED_EDGE('',*,*,#6590,.T.);
#9399=ORIENTED_EDGE('',*,*,#6583,.F.);
#9400=ORIENTED_EDGE('',*,*,#6577,.T.);
#9401=ORIENTED_EDGE('',*,*,#6581,.T.);
#9402=ORIENTED_EDGE('',*,*,#6578,.T.);
#9403=ORIENTED_EDGE('',*,*,#6571,.F.);
#9404=ORIENTED_EDGE('',*,*,#6565,.T.);
#9405=ORIENTED_EDGE('',*,*,#6569,.T.);
#9406=ORIENTED_EDGE('',*,*,#6566,.T.);
#9407=ORIENTED_EDGE('',*,*,#6559,.F.);
#9408=ORIENTED_EDGE('',*,*,#6553,.T.);
#9409=ORIENTED_EDGE('',*,*,#6557,.T.);
#9410=ORIENTED_EDGE('',*,*,#6554,.T.);
#9411=ORIENTED_EDGE('',*,*,#6547,.F.);
#9412=ORIENTED_EDGE('',*,*,#6541,.T.);
#9413=ORIENTED_EDGE('',*,*,#6545,.T.);
#9414=ORIENTED_EDGE('',*,*,#6542,.T.);
#9415=ORIENTED_EDGE('',*,*,#6535,.F.);
#9416=ORIENTED_EDGE('',*,*,#6529,.T.);
#9417=ORIENTED_EDGE('',*,*,#6533,.T.);
#9418=ORIENTED_EDGE('',*,*,#6530,.T.);
#9419=ORIENTED_EDGE('',*,*,#6523,.F.);
#9420=ORIENTED_EDGE('',*,*,#6517,.T.);
#9421=ORIENTED_EDGE('',*,*,#6521,.T.);
#9422=ORIENTED_EDGE('',*,*,#6518,.T.);
#9423=ORIENTED_EDGE('',*,*,#6511,.F.);
#9424=ORIENTED_EDGE('',*,*,#6505,.T.);
#9425=ORIENTED_EDGE('',*,*,#6509,.T.);
#9426=ORIENTED_EDGE('',*,*,#6506,.T.);
#9427=ORIENTED_EDGE('',*,*,#6499,.F.);
#9428=ORIENTED_EDGE('',*,*,#6493,.T.);
#9429=ORIENTED_EDGE('',*,*,#6497,.T.);
#9430=ORIENTED_EDGE('',*,*,#6494,.T.);
#9431=ORIENTED_EDGE('',*,*,#6487,.F.);
#9432=ORIENTED_EDGE('',*,*,#6481,.T.);
#9433=ORIENTED_EDGE('',*,*,#6485,.T.);
#9434=ORIENTED_EDGE('',*,*,#6482,.T.);
#9435=ORIENTED_EDGE('',*,*,#6475,.F.);
#9436=ORIENTED_EDGE('',*,*,#6469,.T.);
#9437=ORIENTED_EDGE('',*,*,#6473,.T.);
#9438=ORIENTED_EDGE('',*,*,#6239,.F.);
#9439=ORIENTED_EDGE('',*,*,#6702,.T.);
#9440=ORIENTED_EDGE('',*,*,#6455,.T.);
#9441=ORIENTED_EDGE('',*,*,#6702,.F.);
#9442=ORIENTED_EDGE('',*,*,#6240,.F.);
#9443=ORIENTED_EDGE('',*,*,#6703,.T.);
#9444=ORIENTED_EDGE('',*,*,#6460,.T.);
#9445=ORIENTED_EDGE('',*,*,#6703,.F.);
#9446=ORIENTED_EDGE('',*,*,#6467,.T.);
#9447=ORIENTED_EDGE('',*,*,#6477,.F.);
#9448=ORIENTED_EDGE('',*,*,#6484,.T.);
#9449=ORIENTED_EDGE('',*,*,#6486,.T.);
#9450=ORIENTED_EDGE('',*,*,#6479,.T.);
#9451=ORIENTED_EDGE('',*,*,#6489,.F.);
#9452=ORIENTED_EDGE('',*,*,#6496,.T.);
#9453=ORIENTED_EDGE('',*,*,#6498,.T.);
#9454=ORIENTED_EDGE('',*,*,#6491,.T.);
#9455=ORIENTED_EDGE('',*,*,#6501,.F.);
#9456=ORIENTED_EDGE('',*,*,#6508,.T.);
#9457=ORIENTED_EDGE('',*,*,#6510,.T.);
#9458=ORIENTED_EDGE('',*,*,#6503,.T.);
#9459=ORIENTED_EDGE('',*,*,#6513,.F.);
#9460=ORIENTED_EDGE('',*,*,#6520,.T.);
#9461=ORIENTED_EDGE('',*,*,#6522,.T.);
#9462=ORIENTED_EDGE('',*,*,#6515,.T.);
#9463=ORIENTED_EDGE('',*,*,#6525,.F.);
#9464=ORIENTED_EDGE('',*,*,#6532,.T.);
#9465=ORIENTED_EDGE('',*,*,#6534,.T.);
#9466=ORIENTED_EDGE('',*,*,#6527,.T.);
#9467=ORIENTED_EDGE('',*,*,#6537,.F.);
#9468=ORIENTED_EDGE('',*,*,#6544,.T.);
#9469=ORIENTED_EDGE('',*,*,#6546,.T.);
#9470=ORIENTED_EDGE('',*,*,#6539,.T.);
#9471=ORIENTED_EDGE('',*,*,#6549,.F.);
#9472=ORIENTED_EDGE('',*,*,#6556,.T.);
#9473=ORIENTED_EDGE('',*,*,#6558,.T.);
#9474=ORIENTED_EDGE('',*,*,#6551,.T.);
#9475=ORIENTED_EDGE('',*,*,#6561,.F.);
#9476=ORIENTED_EDGE('',*,*,#6568,.T.);
#9477=ORIENTED_EDGE('',*,*,#6570,.T.);
#9478=ORIENTED_EDGE('',*,*,#6563,.T.);
#9479=ORIENTED_EDGE('',*,*,#6573,.F.);
#9480=ORIENTED_EDGE('',*,*,#6580,.T.);
#9481=ORIENTED_EDGE('',*,*,#6582,.T.);
#9482=ORIENTED_EDGE('',*,*,#6575,.T.);
#9483=ORIENTED_EDGE('',*,*,#6585,.F.);
#9484=ORIENTED_EDGE('',*,*,#6592,.T.);
#9485=ORIENTED_EDGE('',*,*,#6594,.T.);
#9486=ORIENTED_EDGE('',*,*,#6587,.T.);
#9487=ORIENTED_EDGE('',*,*,#6597,.F.);
#9488=ORIENTED_EDGE('',*,*,#6604,.T.);
#9489=ORIENTED_EDGE('',*,*,#6606,.T.);
#9490=ORIENTED_EDGE('',*,*,#6599,.T.);
#9491=ORIENTED_EDGE('',*,*,#6609,.F.);
#9492=ORIENTED_EDGE('',*,*,#6616,.T.);
#9493=ORIENTED_EDGE('',*,*,#6618,.T.);
#9494=ORIENTED_EDGE('',*,*,#6611,.T.);
#9495=ORIENTED_EDGE('',*,*,#6621,.F.);
#9496=ORIENTED_EDGE('',*,*,#6627,.T.);
#9497=ORIENTED_EDGE('',*,*,#6629,.T.);
#9498=ORIENTED_EDGE('',*,*,#6622,.T.);
#9499=ORIENTED_EDGE('',*,*,#6459,.F.);
#9500=ORIENTED_EDGE('',*,*,#6704,.T.);
#9501=ORIENTED_EDGE('',*,*,#6238,.F.);
#9502=ORIENTED_EDGE('',*,*,#6705,.F.);
#9503=ORIENTED_EDGE('',*,*,#6452,.F.);
#9504=ORIENTED_EDGE('',*,*,#6472,.T.);
#9505=ORIENTED_EDGE('',*,*,#6474,.T.);
#9506=ORIENTED_EDGE('',*,*,#6453,.F.);
#9507=ORIENTED_EDGE('',*,*,#6705,.T.);
#9508=ORIENTED_EDGE('',*,*,#6237,.F.);
#9509=ORIENTED_EDGE('',*,*,#6700,.F.);
#9510=ORIENTED_EDGE('',*,*,#6458,.F.);
#9511=ORIENTED_EDGE('',*,*,#6701,.T.);
#9512=ORIENTED_EDGE('',*,*,#6235,.F.);
#9513=ORIENTED_EDGE('',*,*,#6704,.F.);
#9514=ORIENTED_EDGE('',*,*,#6706,.T.);
#9515=ORIENTED_EDGE('',*,*,#6707,.T.);
#9516=ORIENTED_EDGE('',*,*,#6708,.T.);
#9517=ORIENTED_EDGE('',*,*,#6709,.T.);
#9518=ORIENTED_EDGE('',*,*,#6707,.F.);
#9519=ORIENTED_EDGE('',*,*,#6710,.T.);
#9520=ORIENTED_EDGE('',*,*,#6711,.F.);
#9521=ORIENTED_EDGE('',*,*,#6712,.F.);
#9522=ORIENTED_EDGE('',*,*,#6713,.T.);
#9523=ORIENTED_EDGE('',*,*,#6714,.T.);
#9524=ORIENTED_EDGE('',*,*,#6715,.T.);
#9525=ORIENTED_EDGE('',*,*,#6711,.T.);
#9526=ORIENTED_EDGE('',*,*,#6714,.F.);
#9527=ORIENTED_EDGE('',*,*,#6716,.T.);
#9528=ORIENTED_EDGE('',*,*,#6717,.F.);
#9529=ORIENTED_EDGE('',*,*,#6718,.F.);
#9530=ORIENTED_EDGE('',*,*,#6719,.T.);
#9531=ORIENTED_EDGE('',*,*,#6720,.T.);
#9532=ORIENTED_EDGE('',*,*,#6721,.T.);
#9533=ORIENTED_EDGE('',*,*,#6717,.T.);
#9534=ORIENTED_EDGE('',*,*,#6720,.F.);
#9535=ORIENTED_EDGE('',*,*,#6722,.T.);
#9536=ORIENTED_EDGE('',*,*,#6723,.F.);
#9537=ORIENTED_EDGE('',*,*,#6724,.F.);
#9538=ORIENTED_EDGE('',*,*,#6725,.T.);
#9539=ORIENTED_EDGE('',*,*,#6723,.T.);
#9540=ORIENTED_EDGE('',*,*,#6726,.T.);
#9541=ORIENTED_EDGE('',*,*,#6727,.T.);
#9542=ORIENTED_EDGE('',*,*,#6709,.F.);
#9543=ORIENTED_EDGE('',*,*,#6728,.F.);
#9544=ORIENTED_EDGE('',*,*,#6727,.F.);
#9545=ORIENTED_EDGE('',*,*,#6729,.T.);
#9546=ORIENTED_EDGE('',*,*,#6730,.F.);
#9547=ORIENTED_EDGE('',*,*,#6731,.T.);
#9548=ORIENTED_EDGE('',*,*,#6732,.T.);
#9549=ORIENTED_EDGE('',*,*,#6731,.F.);
#9550=ORIENTED_EDGE('',*,*,#6733,.F.);
#9551=ORIENTED_EDGE('',*,*,#6734,.T.);
#9552=ORIENTED_EDGE('',*,*,#6735,.T.);
#9553=ORIENTED_EDGE('',*,*,#6734,.F.);
#9554=ORIENTED_EDGE('',*,*,#6736,.F.);
#9555=ORIENTED_EDGE('',*,*,#6737,.T.);
#9556=ORIENTED_EDGE('',*,*,#6738,.T.);
#9557=ORIENTED_EDGE('',*,*,#6737,.F.);
#9558=ORIENTED_EDGE('',*,*,#6739,.F.);
#9559=ORIENTED_EDGE('',*,*,#6740,.T.);
#9560=ORIENTED_EDGE('',*,*,#6741,.T.);
#9561=ORIENTED_EDGE('',*,*,#6740,.F.);
#9562=ORIENTED_EDGE('',*,*,#6742,.T.);
#9563=ORIENTED_EDGE('',*,*,#6743,.T.);
#9564=ORIENTED_EDGE('',*,*,#6744,.F.);
#9565=ORIENTED_EDGE('',*,*,#6745,.F.);
#9566=ORIENTED_EDGE('',*,*,#6746,.F.);
#9567=ORIENTED_EDGE('',*,*,#6745,.T.);
#9568=ORIENTED_EDGE('',*,*,#6747,.F.);
#9569=ORIENTED_EDGE('',*,*,#6748,.F.);
#9570=ORIENTED_EDGE('',*,*,#6749,.T.);
#9571=ORIENTED_EDGE('',*,*,#6748,.T.);
#9572=ORIENTED_EDGE('',*,*,#6750,.F.);
#9573=ORIENTED_EDGE('',*,*,#6751,.F.);
#9574=ORIENTED_EDGE('',*,*,#6752,.F.);
#9575=ORIENTED_EDGE('',*,*,#6751,.T.);
#9576=ORIENTED_EDGE('',*,*,#6753,.F.);
#9577=ORIENTED_EDGE('',*,*,#6754,.F.);
#9578=ORIENTED_EDGE('',*,*,#6755,.T.);
#9579=ORIENTED_EDGE('',*,*,#6754,.T.);
#9580=ORIENTED_EDGE('',*,*,#6756,.F.);
#9581=ORIENTED_EDGE('',*,*,#6757,.F.);
#9582=ORIENTED_EDGE('',*,*,#6758,.F.);
#9583=ORIENTED_EDGE('',*,*,#6757,.T.);
#9584=ORIENTED_EDGE('',*,*,#6759,.F.);
#9585=ORIENTED_EDGE('',*,*,#6760,.F.);
#9586=ORIENTED_EDGE('',*,*,#6761,.T.);
#9587=ORIENTED_EDGE('',*,*,#6760,.T.);
#9588=ORIENTED_EDGE('',*,*,#6762,.F.);
#9589=ORIENTED_EDGE('',*,*,#6763,.F.);
#9590=ORIENTED_EDGE('',*,*,#6764,.F.);
#9591=ORIENTED_EDGE('',*,*,#6763,.T.);
#9592=ORIENTED_EDGE('',*,*,#6765,.F.);
#9593=ORIENTED_EDGE('',*,*,#6743,.F.);
#9594=ORIENTED_EDGE('',*,*,#6765,.T.);
#9595=ORIENTED_EDGE('',*,*,#6762,.T.);
#9596=ORIENTED_EDGE('',*,*,#6759,.T.);
#9597=ORIENTED_EDGE('',*,*,#6756,.T.);
#9598=ORIENTED_EDGE('',*,*,#6753,.T.);
#9599=ORIENTED_EDGE('',*,*,#6750,.T.);
#9600=ORIENTED_EDGE('',*,*,#6747,.T.);
#9601=ORIENTED_EDGE('',*,*,#6744,.T.);
#9602=ORIENTED_EDGE('',*,*,#6728,.T.);
#9603=ORIENTED_EDGE('',*,*,#6708,.F.);
#9604=ORIENTED_EDGE('',*,*,#6712,.T.);
#9605=ORIENTED_EDGE('',*,*,#6715,.F.);
#9606=ORIENTED_EDGE('',*,*,#6718,.T.);
#9607=ORIENTED_EDGE('',*,*,#6721,.F.);
#9608=ORIENTED_EDGE('',*,*,#6724,.T.);
#9609=ORIENTED_EDGE('',*,*,#6725,.F.);
#9610=ORIENTED_EDGE('',*,*,#6739,.T.);
#9611=ORIENTED_EDGE('',*,*,#6736,.T.);
#9612=ORIENTED_EDGE('',*,*,#6733,.T.);
#9613=ORIENTED_EDGE('',*,*,#6730,.T.);
#9614=ORIENTED_EDGE('',*,*,#6764,.T.);
#9615=ORIENTED_EDGE('',*,*,#6742,.F.);
#9616=ORIENTED_EDGE('',*,*,#6746,.T.);
#9617=ORIENTED_EDGE('',*,*,#6749,.F.);
#9618=ORIENTED_EDGE('',*,*,#6752,.T.);
#9619=ORIENTED_EDGE('',*,*,#6755,.F.);
#9620=ORIENTED_EDGE('',*,*,#6758,.T.);
#9621=ORIENTED_EDGE('',*,*,#6761,.F.);
#9622=ORIENTED_EDGE('',*,*,#6713,.F.);
#9623=ORIENTED_EDGE('',*,*,#6710,.F.);
#9624=ORIENTED_EDGE('',*,*,#6706,.F.);
#9625=ORIENTED_EDGE('',*,*,#6729,.F.);
#9626=ORIENTED_EDGE('',*,*,#6726,.F.);
#9627=ORIENTED_EDGE('',*,*,#6722,.F.);
#9628=ORIENTED_EDGE('',*,*,#6719,.F.);
#9629=ORIENTED_EDGE('',*,*,#6716,.F.);
#9630=ORIENTED_EDGE('',*,*,#6741,.F.);
#9631=ORIENTED_EDGE('',*,*,#6738,.F.);
#9632=ORIENTED_EDGE('',*,*,#6735,.F.);
#9633=ORIENTED_EDGE('',*,*,#6732,.F.);
#9634=ORIENTED_EDGE('',*,*,#6766,.T.);
#9635=ORIENTED_EDGE('',*,*,#6767,.F.);
#9636=ORIENTED_EDGE('',*,*,#6768,.F.);
#9637=ORIENTED_EDGE('',*,*,#6769,.T.);
#9638=ORIENTED_EDGE('',*,*,#6770,.F.);
#9639=ORIENTED_EDGE('',*,*,#6771,.T.);
#9640=ORIENTED_EDGE('',*,*,#6772,.F.);
#9641=ORIENTED_EDGE('',*,*,#6773,.T.);
#9642=ORIENTED_EDGE('',*,*,#6774,.F.);
#9643=ORIENTED_EDGE('',*,*,#6773,.F.);
#9644=ORIENTED_EDGE('',*,*,#6775,.F.);
#9645=ORIENTED_EDGE('',*,*,#6776,.T.);
#9646=ORIENTED_EDGE('',*,*,#6777,.F.);
#9647=ORIENTED_EDGE('',*,*,#6776,.F.);
#9648=ORIENTED_EDGE('',*,*,#6778,.F.);
#9649=ORIENTED_EDGE('',*,*,#6779,.T.);
#9650=ORIENTED_EDGE('',*,*,#6780,.F.);
#9651=ORIENTED_EDGE('',*,*,#6779,.F.);
#9652=ORIENTED_EDGE('',*,*,#6781,.F.);
#9653=ORIENTED_EDGE('',*,*,#6767,.T.);
#9654=ORIENTED_EDGE('',*,*,#6782,.F.);
#9655=ORIENTED_EDGE('',*,*,#6769,.F.);
#9656=ORIENTED_EDGE('',*,*,#6783,.F.);
#9657=ORIENTED_EDGE('',*,*,#6784,.T.);
#9658=ORIENTED_EDGE('',*,*,#6785,.F.);
#9659=ORIENTED_EDGE('',*,*,#6784,.F.);
#9660=ORIENTED_EDGE('',*,*,#6786,.F.);
#9661=ORIENTED_EDGE('',*,*,#6787,.T.);
#9662=ORIENTED_EDGE('',*,*,#6771,.F.);
#9663=ORIENTED_EDGE('',*,*,#6788,.T.);
#9664=ORIENTED_EDGE('',*,*,#6789,.T.);
#9665=ORIENTED_EDGE('',*,*,#6790,.F.);
#9666=ORIENTED_EDGE('',*,*,#6791,.T.);
#9667=ORIENTED_EDGE('',*,*,#6792,.T.);
#9668=ORIENTED_EDGE('',*,*,#6793,.T.);
#9669=ORIENTED_EDGE('',*,*,#6794,.T.);
#9670=ORIENTED_EDGE('',*,*,#6795,.T.);
#9671=ORIENTED_EDGE('',*,*,#6796,.T.);
#9672=ORIENTED_EDGE('',*,*,#6797,.T.);
#9673=ORIENTED_EDGE('',*,*,#6798,.T.);
#9674=ORIENTED_EDGE('',*,*,#6799,.T.);
#9675=ORIENTED_EDGE('',*,*,#6800,.F.);
#9676=ORIENTED_EDGE('',*,*,#6801,.F.);
#9677=ORIENTED_EDGE('',*,*,#6802,.F.);
#9678=ORIENTED_EDGE('',*,*,#6803,.T.);
#9679=ORIENTED_EDGE('',*,*,#6804,.T.);
#9680=ORIENTED_EDGE('',*,*,#6805,.T.);
#9681=ORIENTED_EDGE('',*,*,#6806,.T.);
#9682=ORIENTED_EDGE('',*,*,#6807,.T.);
#9683=ORIENTED_EDGE('',*,*,#6808,.T.);
#9684=ORIENTED_EDGE('',*,*,#6809,.T.);
#9685=ORIENTED_EDGE('',*,*,#6810,.T.);
#9686=ORIENTED_EDGE('',*,*,#6811,.T.);
#9687=ORIENTED_EDGE('',*,*,#6812,.F.);
#9688=ORIENTED_EDGE('',*,*,#6813,.F.);
#9689=ORIENTED_EDGE('',*,*,#6814,.F.);
#9690=ORIENTED_EDGE('',*,*,#6815,.T.);
#9691=ORIENTED_EDGE('',*,*,#6816,.T.);
#9692=ORIENTED_EDGE('',*,*,#6817,.T.);
#9693=ORIENTED_EDGE('',*,*,#6818,.F.);
#9694=ORIENTED_EDGE('',*,*,#6819,.F.);
#9695=ORIENTED_EDGE('',*,*,#6820,.T.);
#9696=ORIENTED_EDGE('',*,*,#6821,.T.);
#9697=ORIENTED_EDGE('',*,*,#6822,.T.);
#9698=ORIENTED_EDGE('',*,*,#6823,.T.);
#9699=ORIENTED_EDGE('',*,*,#6824,.T.);
#9700=ORIENTED_EDGE('',*,*,#6825,.T.);
#9701=ORIENTED_EDGE('',*,*,#6826,.T.);
#9702=ORIENTED_EDGE('',*,*,#6827,.T.);
#9703=ORIENTED_EDGE('',*,*,#6828,.T.);
#9704=ORIENTED_EDGE('',*,*,#6829,.T.);
#9705=ORIENTED_EDGE('',*,*,#6830,.T.);
#9706=ORIENTED_EDGE('',*,*,#6831,.T.);
#9707=ORIENTED_EDGE('',*,*,#6832,.T.);
#9708=ORIENTED_EDGE('',*,*,#6833,.T.);
#9709=ORIENTED_EDGE('',*,*,#6834,.T.);
#9710=ORIENTED_EDGE('',*,*,#6835,.T.);
#9711=ORIENTED_EDGE('',*,*,#6836,.T.);
#9712=ORIENTED_EDGE('',*,*,#6837,.T.);
#9713=ORIENTED_EDGE('',*,*,#6838,.T.);
#9714=ORIENTED_EDGE('',*,*,#6839,.T.);
#9715=ORIENTED_EDGE('',*,*,#6840,.T.);
#9716=ORIENTED_EDGE('',*,*,#6841,.T.);
#9717=ORIENTED_EDGE('',*,*,#6842,.T.);
#9718=ORIENTED_EDGE('',*,*,#6781,.T.);
#9719=ORIENTED_EDGE('',*,*,#6778,.T.);
#9720=ORIENTED_EDGE('',*,*,#6775,.T.);
#9721=ORIENTED_EDGE('',*,*,#6772,.T.);
#9722=ORIENTED_EDGE('',*,*,#6790,.T.);
#9723=ORIENTED_EDGE('',*,*,#6843,.T.);
#9724=ORIENTED_EDGE('',*,*,#6844,.T.);
#9725=ORIENTED_EDGE('',*,*,#6845,.T.);
#9726=ORIENTED_EDGE('',*,*,#6846,.T.);
#9727=ORIENTED_EDGE('',*,*,#6847,.T.);
#9728=ORIENTED_EDGE('',*,*,#6848,.T.);
#9729=ORIENTED_EDGE('',*,*,#6849,.T.);
#9730=ORIENTED_EDGE('',*,*,#6850,.T.);
#9731=ORIENTED_EDGE('',*,*,#6851,.T.);
#9732=ORIENTED_EDGE('',*,*,#6852,.T.);
#9733=ORIENTED_EDGE('',*,*,#6853,.T.);
#9734=ORIENTED_EDGE('',*,*,#6854,.T.);
#9735=ORIENTED_EDGE('',*,*,#6855,.T.);
#9736=ORIENTED_EDGE('',*,*,#6856,.T.);
#9737=ORIENTED_EDGE('',*,*,#6857,.T.);
#9738=ORIENTED_EDGE('',*,*,#6858,.T.);
#9739=ORIENTED_EDGE('',*,*,#6859,.T.);
#9740=ORIENTED_EDGE('',*,*,#6860,.T.);
#9741=ORIENTED_EDGE('',*,*,#6861,.T.);
#9742=ORIENTED_EDGE('',*,*,#6862,.T.);
#9743=ORIENTED_EDGE('',*,*,#6786,.T.);
#9744=ORIENTED_EDGE('',*,*,#6783,.T.);
#9745=ORIENTED_EDGE('',*,*,#6768,.T.);
#9746=ORIENTED_EDGE('',*,*,#6863,.T.);
#9747=ORIENTED_EDGE('',*,*,#6864,.F.);
#9748=ORIENTED_EDGE('',*,*,#6851,.F.);
#9749=ORIENTED_EDGE('',*,*,#6865,.T.);
#9750=ORIENTED_EDGE('',*,*,#6866,.F.);
#9751=ORIENTED_EDGE('',*,*,#6867,.T.);
#9752=ORIENTED_EDGE('',*,*,#6855,.F.);
#9753=ORIENTED_EDGE('',*,*,#6868,.T.);
#9754=ORIENTED_EDGE('',*,*,#6869,.F.);
#9755=ORIENTED_EDGE('',*,*,#6868,.F.);
#9756=ORIENTED_EDGE('',*,*,#6854,.F.);
#9757=ORIENTED_EDGE('',*,*,#6870,.T.);
#9758=ORIENTED_EDGE('',*,*,#6871,.F.);
#9759=ORIENTED_EDGE('',*,*,#6870,.F.);
#9760=ORIENTED_EDGE('',*,*,#6853,.F.);
#9761=ORIENTED_EDGE('',*,*,#6872,.T.);
#9762=ORIENTED_EDGE('',*,*,#6873,.F.);
#9763=ORIENTED_EDGE('',*,*,#6872,.F.);
#9764=ORIENTED_EDGE('',*,*,#6852,.F.);
#9765=ORIENTED_EDGE('',*,*,#6864,.T.);
#9766=ORIENTED_EDGE('',*,*,#6874,.F.);
#9767=ORIENTED_EDGE('',*,*,#6865,.F.);
#9768=ORIENTED_EDGE('',*,*,#6850,.F.);
#9769=ORIENTED_EDGE('',*,*,#6875,.T.);
#9770=ORIENTED_EDGE('',*,*,#6876,.F.);
#9771=ORIENTED_EDGE('',*,*,#6875,.F.);
#9772=ORIENTED_EDGE('',*,*,#6849,.F.);
#9773=ORIENTED_EDGE('',*,*,#6877,.T.);
#9774=ORIENTED_EDGE('',*,*,#6867,.F.);
#9775=ORIENTED_EDGE('',*,*,#6878,.T.);
#9776=ORIENTED_EDGE('',*,*,#6879,.T.);
#9777=ORIENTED_EDGE('',*,*,#6856,.F.);
#9778=ORIENTED_EDGE('',*,*,#6877,.F.);
#9779=ORIENTED_EDGE('',*,*,#6848,.F.);
#9780=ORIENTED_EDGE('',*,*,#6880,.F.);
#9781=ORIENTED_EDGE('',*,*,#6881,.T.);
#9782=ORIENTED_EDGE('',*,*,#6802,.T.);
#9783=ORIENTED_EDGE('',*,*,#6882,.T.);
#9784=ORIENTED_EDGE('',*,*,#6883,.T.);
#9785=ORIENTED_EDGE('',*,*,#6884,.T.);
#9786=ORIENTED_EDGE('',*,*,#6882,.F.);
#9787=ORIENTED_EDGE('',*,*,#6801,.T.);
#9788=ORIENTED_EDGE('',*,*,#6885,.F.);
#9789=ORIENTED_EDGE('',*,*,#6886,.T.);
#9790=ORIENTED_EDGE('',*,*,#6887,.T.);
#9791=ORIENTED_EDGE('',*,*,#6885,.T.);
#9792=ORIENTED_EDGE('',*,*,#6800,.T.);
#9793=ORIENTED_EDGE('',*,*,#6888,.T.);
#9794=ORIENTED_EDGE('',*,*,#6889,.T.);
#9795=ORIENTED_EDGE('',*,*,#6890,.T.);
#9796=ORIENTED_EDGE('',*,*,#6812,.T.);
#9797=ORIENTED_EDGE('',*,*,#6891,.T.);
#9798=ORIENTED_EDGE('',*,*,#6890,.F.);
#9799=ORIENTED_EDGE('',*,*,#6892,.T.);
#9800=ORIENTED_EDGE('',*,*,#6893,.F.);
#9801=ORIENTED_EDGE('',*,*,#6813,.T.);
#9802=ORIENTED_EDGE('',*,*,#6814,.T.);
#9803=ORIENTED_EDGE('',*,*,#6893,.T.);
#9804=ORIENTED_EDGE('',*,*,#6894,.T.);
#9805=ORIENTED_EDGE('',*,*,#6895,.T.);
#9806=ORIENTED_EDGE('',*,*,#6896,.F.);
#9807=ORIENTED_EDGE('',*,*,#6818,.T.);
#9808=ORIENTED_EDGE('',*,*,#6897,.F.);
#9809=ORIENTED_EDGE('',*,*,#6898,.T.);
#9810=ORIENTED_EDGE('',*,*,#6899,.F.);
#9811=ORIENTED_EDGE('',*,*,#6900,.T.);
#9812=ORIENTED_EDGE('',*,*,#6901,.F.);
#9813=ORIENTED_EDGE('',*,*,#6902,.T.);
#9814=ORIENTED_EDGE('',*,*,#6903,.F.);
#9815=ORIENTED_EDGE('',*,*,#6904,.F.);
#9816=ORIENTED_EDGE('',*,*,#6905,.F.);
#9817=ORIENTED_EDGE('',*,*,#6906,.T.);
#9818=ORIENTED_EDGE('',*,*,#6907,.F.);
#9819=ORIENTED_EDGE('',*,*,#6883,.F.);
#9820=ORIENTED_EDGE('',*,*,#6886,.F.);
#9821=ORIENTED_EDGE('',*,*,#6887,.F.);
#9822=ORIENTED_EDGE('',*,*,#6908,.F.);
#9823=ORIENTED_EDGE('',*,*,#6909,.T.);
#9824=ORIENTED_EDGE('',*,*,#6910,.F.);
#9825=ORIENTED_EDGE('',*,*,#6911,.T.);
#9826=ORIENTED_EDGE('',*,*,#6912,.F.);
#9827=ORIENTED_EDGE('',*,*,#6913,.F.);
#9828=ORIENTED_EDGE('',*,*,#6914,.F.);
#9829=ORIENTED_EDGE('',*,*,#6915,.T.);
#9830=ORIENTED_EDGE('',*,*,#6916,.F.);
#9831=ORIENTED_EDGE('',*,*,#6894,.F.);
#9832=ORIENTED_EDGE('',*,*,#6892,.F.);
#9833=ORIENTED_EDGE('',*,*,#6889,.F.);
#9834=ORIENTED_EDGE('',*,*,#6780,.T.);
#9835=ORIENTED_EDGE('',*,*,#6766,.F.);
#9836=ORIENTED_EDGE('',*,*,#6782,.T.);
#9837=ORIENTED_EDGE('',*,*,#6785,.T.);
#9838=ORIENTED_EDGE('',*,*,#6917,.F.);
#9839=ORIENTED_EDGE('',*,*,#6918,.F.);
#9840=ORIENTED_EDGE('',*,*,#6919,.F.);
#9841=ORIENTED_EDGE('',*,*,#6920,.F.);
#9842=ORIENTED_EDGE('',*,*,#6921,.F.);
#9843=ORIENTED_EDGE('',*,*,#6922,.F.);
#9844=ORIENTED_EDGE('',*,*,#6878,.F.);
#9845=ORIENTED_EDGE('',*,*,#6866,.T.);
#9846=ORIENTED_EDGE('',*,*,#6869,.T.);
#9847=ORIENTED_EDGE('',*,*,#6871,.T.);
#9848=ORIENTED_EDGE('',*,*,#6873,.T.);
#9849=ORIENTED_EDGE('',*,*,#6863,.F.);
#9850=ORIENTED_EDGE('',*,*,#6874,.T.);
#9851=ORIENTED_EDGE('',*,*,#6876,.T.);
#9852=ORIENTED_EDGE('',*,*,#6881,.F.);
#9853=ORIENTED_EDGE('',*,*,#6923,.F.);
#9854=ORIENTED_EDGE('',*,*,#6924,.F.);
#9855=ORIENTED_EDGE('',*,*,#6925,.F.);
#9856=ORIENTED_EDGE('',*,*,#6926,.F.);
#9857=ORIENTED_EDGE('',*,*,#6927,.F.);
#9858=ORIENTED_EDGE('',*,*,#6788,.F.);
#9859=ORIENTED_EDGE('',*,*,#6770,.T.);
#9860=ORIENTED_EDGE('',*,*,#6774,.T.);
#9861=ORIENTED_EDGE('',*,*,#6777,.T.);
#9862=ORIENTED_EDGE('',*,*,#6898,.F.);
#9863=ORIENTED_EDGE('',*,*,#6928,.F.);
#9864=ORIENTED_EDGE('',*,*,#6929,.T.);
#9865=ORIENTED_EDGE('',*,*,#6930,.F.);
#9866=ORIENTED_EDGE('',*,*,#6931,.T.);
#9867=ORIENTED_EDGE('',*,*,#6932,.T.);
#9868=ORIENTED_EDGE('',*,*,#6933,.T.);
#9869=ORIENTED_EDGE('',*,*,#6934,.T.);
#9870=ORIENTED_EDGE('',*,*,#6935,.T.);
#9871=ORIENTED_EDGE('',*,*,#6936,.T.);
#9872=ORIENTED_EDGE('',*,*,#6937,.T.);
#9873=ORIENTED_EDGE('',*,*,#6938,.T.);
#9874=ORIENTED_EDGE('',*,*,#6939,.T.);
#9875=ORIENTED_EDGE('',*,*,#6940,.T.);
#9876=ORIENTED_EDGE('',*,*,#6941,.T.);
#9877=ORIENTED_EDGE('',*,*,#6942,.T.);
#9878=ORIENTED_EDGE('',*,*,#6943,.T.);
#9879=ORIENTED_EDGE('',*,*,#6944,.T.);
#9880=ORIENTED_EDGE('',*,*,#6945,.T.);
#9881=ORIENTED_EDGE('',*,*,#6946,.T.);
#9882=ORIENTED_EDGE('',*,*,#6947,.T.);
#9883=ORIENTED_EDGE('',*,*,#6948,.T.);
#9884=ORIENTED_EDGE('',*,*,#6949,.T.);
#9885=ORIENTED_EDGE('',*,*,#6950,.T.);
#9886=ORIENTED_EDGE('',*,*,#6951,.F.);
#9887=ORIENTED_EDGE('',*,*,#6952,.T.);
#9888=ORIENTED_EDGE('',*,*,#6953,.F.);
#9889=ORIENTED_EDGE('',*,*,#6954,.F.);
#9890=ORIENTED_EDGE('',*,*,#6896,.T.);
#9891=ORIENTED_EDGE('',*,*,#6930,.T.);
#9892=ORIENTED_EDGE('',*,*,#6955,.T.);
#9893=ORIENTED_EDGE('',*,*,#6815,.F.);
#9894=ORIENTED_EDGE('',*,*,#6891,.F.);
#9895=ORIENTED_EDGE('',*,*,#6811,.F.);
#9896=ORIENTED_EDGE('',*,*,#6956,.F.);
#9897=ORIENTED_EDGE('',*,*,#6899,.T.);
#9898=ORIENTED_EDGE('',*,*,#6897,.T.);
#9899=ORIENTED_EDGE('',*,*,#6817,.F.);
#9900=ORIENTED_EDGE('',*,*,#6957,.F.);
#9901=ORIENTED_EDGE('',*,*,#6928,.T.);
#9902=ORIENTED_EDGE('',*,*,#6958,.F.);
#9903=ORIENTED_EDGE('',*,*,#6954,.T.);
#9904=ORIENTED_EDGE('',*,*,#6959,.F.);
#9905=ORIENTED_EDGE('',*,*,#6819,.T.);
#9906=ORIENTED_EDGE('',*,*,#6884,.F.);
#9907=ORIENTED_EDGE('',*,*,#6907,.T.);
#9908=ORIENTED_EDGE('',*,*,#6960,.T.);
#9909=ORIENTED_EDGE('',*,*,#6803,.F.);
#9910=ORIENTED_EDGE('',*,*,#6888,.F.);
#9911=ORIENTED_EDGE('',*,*,#6799,.F.);
#9912=ORIENTED_EDGE('',*,*,#6961,.F.);
#9913=ORIENTED_EDGE('',*,*,#6908,.T.);
#9914=ORIENTED_EDGE('',*,*,#6959,.T.);
#9915=ORIENTED_EDGE('',*,*,#6953,.T.);
#9916=ORIENTED_EDGE('',*,*,#6962,.T.);
#9917=ORIENTED_EDGE('',*,*,#6820,.F.);
#9918=ORIENTED_EDGE('',*,*,#6921,.T.);
#9919=ORIENTED_EDGE('',*,*,#6963,.T.);
#9920=ORIENTED_EDGE('',*,*,#6858,.F.);
#9921=ORIENTED_EDGE('',*,*,#6964,.F.);
#9922=ORIENTED_EDGE('',*,*,#6931,.F.);
#9923=ORIENTED_EDGE('',*,*,#6965,.F.);
#9924=ORIENTED_EDGE('',*,*,#6823,.F.);
#9925=ORIENTED_EDGE('',*,*,#6966,.T.);
#9926=ORIENTED_EDGE('',*,*,#6932,.F.);
#9927=ORIENTED_EDGE('',*,*,#6966,.F.);
#9928=ORIENTED_EDGE('',*,*,#6832,.F.);
#9929=ORIENTED_EDGE('',*,*,#6967,.T.);
#9930=ORIENTED_EDGE('',*,*,#6933,.F.);
#9931=ORIENTED_EDGE('',*,*,#6967,.F.);
#9932=ORIENTED_EDGE('',*,*,#6831,.F.);
#9933=ORIENTED_EDGE('',*,*,#6968,.T.);
#9934=ORIENTED_EDGE('',*,*,#6934,.F.);
#9935=ORIENTED_EDGE('',*,*,#6968,.F.);
#9936=ORIENTED_EDGE('',*,*,#6830,.F.);
#9937=ORIENTED_EDGE('',*,*,#6969,.T.);
#9938=ORIENTED_EDGE('',*,*,#6935,.F.);
#9939=ORIENTED_EDGE('',*,*,#6969,.F.);
#9940=ORIENTED_EDGE('',*,*,#6829,.F.);
#9941=ORIENTED_EDGE('',*,*,#6970,.T.);
#9942=ORIENTED_EDGE('',*,*,#6936,.F.);
#9943=ORIENTED_EDGE('',*,*,#6970,.F.);
#9944=ORIENTED_EDGE('',*,*,#6828,.F.);
#9945=ORIENTED_EDGE('',*,*,#6971,.T.);
#9946=ORIENTED_EDGE('',*,*,#6937,.F.);
#9947=ORIENTED_EDGE('',*,*,#6971,.F.);
#9948=ORIENTED_EDGE('',*,*,#6827,.F.);
#9949=ORIENTED_EDGE('',*,*,#6972,.T.);
#9950=ORIENTED_EDGE('',*,*,#6938,.F.);
#9951=ORIENTED_EDGE('',*,*,#6972,.F.);
#9952=ORIENTED_EDGE('',*,*,#6826,.F.);
#9953=ORIENTED_EDGE('',*,*,#6973,.T.);
#9954=ORIENTED_EDGE('',*,*,#6939,.F.);
#9955=ORIENTED_EDGE('',*,*,#6973,.F.);
#9956=ORIENTED_EDGE('',*,*,#6825,.F.);
#9957=ORIENTED_EDGE('',*,*,#6974,.T.);
#9958=ORIENTED_EDGE('',*,*,#6940,.F.);
#9959=ORIENTED_EDGE('',*,*,#6974,.F.);
#9960=ORIENTED_EDGE('',*,*,#6824,.F.);
#9961=ORIENTED_EDGE('',*,*,#6965,.T.);
#9962=ORIENTED_EDGE('',*,*,#6941,.F.);
#9963=ORIENTED_EDGE('',*,*,#6975,.F.);
#9964=ORIENTED_EDGE('',*,*,#6833,.F.);
#9965=ORIENTED_EDGE('',*,*,#6976,.T.);
#9966=ORIENTED_EDGE('',*,*,#6942,.F.);
#9967=ORIENTED_EDGE('',*,*,#6976,.F.);
#9968=ORIENTED_EDGE('',*,*,#6842,.F.);
#9969=ORIENTED_EDGE('',*,*,#6977,.T.);
#9970=ORIENTED_EDGE('',*,*,#6943,.F.);
#9971=ORIENTED_EDGE('',*,*,#6977,.F.);
#9972=ORIENTED_EDGE('',*,*,#6841,.F.);
#9973=ORIENTED_EDGE('',*,*,#6978,.T.);
#9974=ORIENTED_EDGE('',*,*,#6944,.F.);
#9975=ORIENTED_EDGE('',*,*,#6978,.F.);
#9976=ORIENTED_EDGE('',*,*,#6840,.F.);
#9977=ORIENTED_EDGE('',*,*,#6979,.T.);
#9978=ORIENTED_EDGE('',*,*,#6945,.F.);
#9979=ORIENTED_EDGE('',*,*,#6979,.F.);
#9980=ORIENTED_EDGE('',*,*,#6839,.F.);
#9981=ORIENTED_EDGE('',*,*,#6980,.T.);
#9982=ORIENTED_EDGE('',*,*,#6946,.F.);
#9983=ORIENTED_EDGE('',*,*,#6980,.F.);
#9984=ORIENTED_EDGE('',*,*,#6838,.F.);
#9985=ORIENTED_EDGE('',*,*,#6981,.T.);
#9986=ORIENTED_EDGE('',*,*,#6947,.F.);
#9987=ORIENTED_EDGE('',*,*,#6981,.F.);
#9988=ORIENTED_EDGE('',*,*,#6837,.F.);
#9989=ORIENTED_EDGE('',*,*,#6982,.T.);
#9990=ORIENTED_EDGE('',*,*,#6948,.F.);
#9991=ORIENTED_EDGE('',*,*,#6982,.F.);
#9992=ORIENTED_EDGE('',*,*,#6836,.F.);
#9993=ORIENTED_EDGE('',*,*,#6983,.T.);
#9994=ORIENTED_EDGE('',*,*,#6949,.F.);
#9995=ORIENTED_EDGE('',*,*,#6983,.F.);
#9996=ORIENTED_EDGE('',*,*,#6835,.F.);
#9997=ORIENTED_EDGE('',*,*,#6984,.T.);
#9998=ORIENTED_EDGE('',*,*,#6950,.F.);
#9999=ORIENTED_EDGE('',*,*,#6984,.F.);
#10000=ORIENTED_EDGE('',*,*,#6834,.F.);
#10001=ORIENTED_EDGE('',*,*,#6975,.T.);
#10002=ORIENTED_EDGE('',*,*,#6787,.F.);
#10003=ORIENTED_EDGE('',*,*,#6862,.F.);
#10004=ORIENTED_EDGE('',*,*,#6985,.F.);
#10005=ORIENTED_EDGE('',*,*,#6917,.T.);
#10006=ORIENTED_EDGE('',*,*,#6918,.T.);
#10007=ORIENTED_EDGE('',*,*,#6985,.T.);
#10008=ORIENTED_EDGE('',*,*,#6861,.F.);
#10009=ORIENTED_EDGE('',*,*,#6986,.F.);
#10010=ORIENTED_EDGE('',*,*,#6919,.T.);
#10011=ORIENTED_EDGE('',*,*,#6986,.T.);
#10012=ORIENTED_EDGE('',*,*,#6860,.F.);
#10013=ORIENTED_EDGE('',*,*,#6987,.F.);
#10014=ORIENTED_EDGE('',*,*,#6920,.T.);
#10015=ORIENTED_EDGE('',*,*,#6987,.T.);
#10016=ORIENTED_EDGE('',*,*,#6859,.F.);
#10017=ORIENTED_EDGE('',*,*,#6963,.F.);
#10018=ORIENTED_EDGE('',*,*,#6922,.T.);
#10019=ORIENTED_EDGE('',*,*,#6964,.T.);
#10020=ORIENTED_EDGE('',*,*,#6857,.F.);
#10021=ORIENTED_EDGE('',*,*,#6879,.F.);
#10022=ORIENTED_EDGE('',*,*,#6923,.T.);
#10023=ORIENTED_EDGE('',*,*,#6880,.T.);
#10024=ORIENTED_EDGE('',*,*,#6847,.F.);
#10025=ORIENTED_EDGE('',*,*,#6988,.F.);
#10026=ORIENTED_EDGE('',*,*,#6924,.T.);
#10027=ORIENTED_EDGE('',*,*,#6988,.T.);
#10028=ORIENTED_EDGE('',*,*,#6846,.F.);
#10029=ORIENTED_EDGE('',*,*,#6989,.F.);
#10030=ORIENTED_EDGE('',*,*,#6925,.T.);
#10031=ORIENTED_EDGE('',*,*,#6989,.T.);
#10032=ORIENTED_EDGE('',*,*,#6845,.F.);
#10033=ORIENTED_EDGE('',*,*,#6990,.F.);
#10034=ORIENTED_EDGE('',*,*,#6926,.T.);
#10035=ORIENTED_EDGE('',*,*,#6990,.T.);
#10036=ORIENTED_EDGE('',*,*,#6844,.F.);
#10037=ORIENTED_EDGE('',*,*,#6991,.F.);
#10038=ORIENTED_EDGE('',*,*,#6927,.T.);
#10039=ORIENTED_EDGE('',*,*,#6991,.T.);
#10040=ORIENTED_EDGE('',*,*,#6843,.F.);
#10041=ORIENTED_EDGE('',*,*,#6789,.F.);
#10042=ORIENTED_EDGE('',*,*,#6909,.F.);
#10043=ORIENTED_EDGE('',*,*,#6961,.T.);
#10044=ORIENTED_EDGE('',*,*,#6798,.F.);
#10045=ORIENTED_EDGE('',*,*,#6992,.F.);
#10046=ORIENTED_EDGE('',*,*,#6910,.T.);
#10047=ORIENTED_EDGE('',*,*,#6992,.T.);
#10048=ORIENTED_EDGE('',*,*,#6797,.F.);
#10049=ORIENTED_EDGE('',*,*,#6993,.F.);
#10050=ORIENTED_EDGE('',*,*,#6911,.F.);
#10051=ORIENTED_EDGE('',*,*,#6993,.T.);
#10052=ORIENTED_EDGE('',*,*,#6796,.F.);
#10053=ORIENTED_EDGE('',*,*,#6994,.F.);
#10054=ORIENTED_EDGE('',*,*,#6912,.T.);
#10055=ORIENTED_EDGE('',*,*,#6994,.T.);
#10056=ORIENTED_EDGE('',*,*,#6795,.F.);
#10057=ORIENTED_EDGE('',*,*,#6995,.F.);
#10058=ORIENTED_EDGE('',*,*,#6913,.T.);
#10059=ORIENTED_EDGE('',*,*,#6995,.T.);
#10060=ORIENTED_EDGE('',*,*,#6794,.F.);
#10061=ORIENTED_EDGE('',*,*,#6996,.F.);
#10062=ORIENTED_EDGE('',*,*,#6914,.T.);
#10063=ORIENTED_EDGE('',*,*,#6996,.T.);
#10064=ORIENTED_EDGE('',*,*,#6793,.F.);
#10065=ORIENTED_EDGE('',*,*,#6997,.F.);
#10066=ORIENTED_EDGE('',*,*,#6915,.F.);
#10067=ORIENTED_EDGE('',*,*,#6997,.T.);
#10068=ORIENTED_EDGE('',*,*,#6792,.F.);
#10069=ORIENTED_EDGE('',*,*,#6998,.F.);
#10070=ORIENTED_EDGE('',*,*,#6895,.F.);
#10071=ORIENTED_EDGE('',*,*,#6916,.T.);
#10072=ORIENTED_EDGE('',*,*,#6998,.T.);
#10073=ORIENTED_EDGE('',*,*,#6791,.F.);
#10074=ORIENTED_EDGE('',*,*,#6929,.F.);
#10075=ORIENTED_EDGE('',*,*,#6957,.T.);
#10076=ORIENTED_EDGE('',*,*,#6816,.F.);
#10077=ORIENTED_EDGE('',*,*,#6955,.F.);
#10078=ORIENTED_EDGE('',*,*,#6900,.F.);
#10079=ORIENTED_EDGE('',*,*,#6956,.T.);
#10080=ORIENTED_EDGE('',*,*,#6810,.F.);
#10081=ORIENTED_EDGE('',*,*,#6999,.F.);
#10082=ORIENTED_EDGE('',*,*,#6901,.T.);
#10083=ORIENTED_EDGE('',*,*,#6999,.T.);
#10084=ORIENTED_EDGE('',*,*,#6809,.F.);
#10085=ORIENTED_EDGE('',*,*,#7000,.F.);
#10086=ORIENTED_EDGE('',*,*,#6902,.F.);
#10087=ORIENTED_EDGE('',*,*,#7000,.T.);
#10088=ORIENTED_EDGE('',*,*,#6808,.F.);
#10089=ORIENTED_EDGE('',*,*,#7001,.F.);
#10090=ORIENTED_EDGE('',*,*,#6903,.T.);
#10091=ORIENTED_EDGE('',*,*,#7001,.T.);
#10092=ORIENTED_EDGE('',*,*,#6807,.F.);
#10093=ORIENTED_EDGE('',*,*,#7002,.F.);
#10094=ORIENTED_EDGE('',*,*,#6904,.T.);
#10095=ORIENTED_EDGE('',*,*,#7002,.T.);
#10096=ORIENTED_EDGE('',*,*,#6806,.F.);
#10097=ORIENTED_EDGE('',*,*,#7003,.F.);
#10098=ORIENTED_EDGE('',*,*,#6905,.T.);
#10099=ORIENTED_EDGE('',*,*,#7003,.T.);
#10100=ORIENTED_EDGE('',*,*,#6805,.F.);
#10101=ORIENTED_EDGE('',*,*,#7004,.F.);
#10102=ORIENTED_EDGE('',*,*,#6906,.F.);
#10103=ORIENTED_EDGE('',*,*,#7004,.T.);
#10104=ORIENTED_EDGE('',*,*,#6804,.F.);
#10105=ORIENTED_EDGE('',*,*,#6960,.F.);
#10106=ORIENTED_EDGE('',*,*,#6958,.T.);
#10107=ORIENTED_EDGE('',*,*,#6822,.F.);
#10108=ORIENTED_EDGE('',*,*,#7005,.F.);
#10109=ORIENTED_EDGE('',*,*,#6951,.T.);
#10110=ORIENTED_EDGE('',*,*,#6952,.F.);
#10111=ORIENTED_EDGE('',*,*,#7005,.T.);
#10112=ORIENTED_EDGE('',*,*,#6821,.F.);
#10113=ORIENTED_EDGE('',*,*,#6962,.F.);
#10114=ORIENTED_EDGE('',*,*,#7006,.T.);
#10115=ORIENTED_EDGE('',*,*,#7007,.T.);
#10116=ORIENTED_EDGE('',*,*,#7008,.T.);
#10117=ORIENTED_EDGE('',*,*,#7009,.T.);
#10118=ORIENTED_EDGE('',*,*,#7007,.F.);
#10119=ORIENTED_EDGE('',*,*,#7010,.F.);
#10120=ORIENTED_EDGE('',*,*,#7011,.F.);
#10121=ORIENTED_EDGE('',*,*,#7012,.F.);
#10122=ORIENTED_EDGE('',*,*,#7006,.F.);
#10123=ORIENTED_EDGE('',*,*,#7013,.T.);
#10124=ORIENTED_EDGE('',*,*,#7014,.F.);
#10125=ORIENTED_EDGE('',*,*,#7015,.T.);
#10126=ORIENTED_EDGE('',*,*,#7016,.F.);
#10127=ORIENTED_EDGE('',*,*,#7017,.T.);
#10128=ORIENTED_EDGE('',*,*,#7018,.F.);
#10129=ORIENTED_EDGE('',*,*,#7010,.T.);
#10130=ORIENTED_EDGE('',*,*,#7019,.T.);
#10131=ORIENTED_EDGE('',*,*,#7020,.T.);
#10132=ORIENTED_EDGE('',*,*,#7021,.T.);
#10133=ORIENTED_EDGE('',*,*,#7022,.T.);
#10134=ORIENTED_EDGE('',*,*,#7018,.T.);
#10135=ORIENTED_EDGE('',*,*,#7023,.T.);
#10136=ORIENTED_EDGE('',*,*,#7024,.T.);
#10137=ORIENTED_EDGE('',*,*,#7011,.T.);
#10138=ORIENTED_EDGE('',*,*,#7023,.F.);
#10139=ORIENTED_EDGE('',*,*,#7017,.F.);
#10140=ORIENTED_EDGE('',*,*,#7025,.F.);
#10141=ORIENTED_EDGE('',*,*,#7026,.F.);
#10142=ORIENTED_EDGE('',*,*,#7016,.T.);
#10143=ORIENTED_EDGE('',*,*,#7027,.T.);
#10144=ORIENTED_EDGE('',*,*,#7028,.T.);
#10145=ORIENTED_EDGE('',*,*,#7025,.T.);
#10146=ORIENTED_EDGE('',*,*,#7027,.F.);
#10147=ORIENTED_EDGE('',*,*,#7015,.F.);
#10148=ORIENTED_EDGE('',*,*,#7029,.F.);
#10149=ORIENTED_EDGE('',*,*,#7030,.F.);
#10150=ORIENTED_EDGE('',*,*,#7014,.T.);
#10151=ORIENTED_EDGE('',*,*,#7031,.T.);
#10152=ORIENTED_EDGE('',*,*,#7032,.T.);
#10153=ORIENTED_EDGE('',*,*,#7029,.T.);
#10154=ORIENTED_EDGE('',*,*,#7022,.F.);
#10155=ORIENTED_EDGE('',*,*,#7033,.T.);
#10156=ORIENTED_EDGE('',*,*,#7034,.T.);
#10157=ORIENTED_EDGE('',*,*,#7033,.F.);
#10158=ORIENTED_EDGE('',*,*,#7021,.F.);
#10159=ORIENTED_EDGE('',*,*,#7035,.T.);
#10160=ORIENTED_EDGE('',*,*,#7036,.T.);
#10161=ORIENTED_EDGE('',*,*,#7035,.F.);
#10162=ORIENTED_EDGE('',*,*,#7020,.F.);
#10163=ORIENTED_EDGE('',*,*,#7037,.T.);
#10164=ORIENTED_EDGE('',*,*,#7038,.T.);
#10165=ORIENTED_EDGE('',*,*,#7037,.F.);
#10166=ORIENTED_EDGE('',*,*,#7019,.F.);
#10167=ORIENTED_EDGE('',*,*,#7039,.T.);
#10168=ORIENTED_EDGE('',*,*,#7040,.T.);
#10169=ORIENTED_EDGE('',*,*,#7039,.F.);
#10170=ORIENTED_EDGE('',*,*,#7009,.F.);
#10171=ORIENTED_EDGE('',*,*,#7041,.F.);
#10172=ORIENTED_EDGE('',*,*,#7031,.F.);
#10173=ORIENTED_EDGE('',*,*,#7013,.F.);
#10174=ORIENTED_EDGE('',*,*,#7008,.F.);
#10175=ORIENTED_EDGE('',*,*,#7012,.T.);
#10176=ORIENTED_EDGE('',*,*,#7024,.F.);
#10177=ORIENTED_EDGE('',*,*,#7026,.T.);
#10178=ORIENTED_EDGE('',*,*,#7028,.F.);
#10179=ORIENTED_EDGE('',*,*,#7030,.T.);
#10180=ORIENTED_EDGE('',*,*,#7032,.F.);
#10181=ORIENTED_EDGE('',*,*,#7041,.T.);
#10182=ORIENTED_EDGE('',*,*,#7040,.F.);
#10183=ORIENTED_EDGE('',*,*,#7038,.F.);
#10184=ORIENTED_EDGE('',*,*,#7036,.F.);
#10185=ORIENTED_EDGE('',*,*,#7034,.F.);
#10186=ORIENTED_EDGE('',*,*,#7042,.F.);
#10187=ORIENTED_EDGE('',*,*,#7043,.T.);
#10188=ORIENTED_EDGE('',*,*,#7044,.F.);
#10189=ORIENTED_EDGE('',*,*,#7045,.F.);
#10190=ORIENTED_EDGE('',*,*,#7046,.F.);
#10191=ORIENTED_EDGE('',*,*,#7045,.T.);
#10192=ORIENTED_EDGE('',*,*,#7047,.F.);
#10193=ORIENTED_EDGE('',*,*,#7048,.F.);
#10194=ORIENTED_EDGE('',*,*,#7049,.F.);
#10195=ORIENTED_EDGE('',*,*,#7048,.T.);
#10196=ORIENTED_EDGE('',*,*,#7050,.F.);
#10197=ORIENTED_EDGE('',*,*,#7051,.F.);
#10198=ORIENTED_EDGE('',*,*,#7052,.F.);
#10199=ORIENTED_EDGE('',*,*,#7051,.T.);
#10200=ORIENTED_EDGE('',*,*,#7053,.F.);
#10201=ORIENTED_EDGE('',*,*,#7043,.F.);
#10202=ORIENTED_EDGE('',*,*,#7053,.T.);
#10203=ORIENTED_EDGE('',*,*,#7050,.T.);
#10204=ORIENTED_EDGE('',*,*,#7047,.T.);
#10205=ORIENTED_EDGE('',*,*,#7044,.T.);
#10206=ORIENTED_EDGE('',*,*,#7052,.T.);
#10207=ORIENTED_EDGE('',*,*,#7042,.T.);
#10208=ORIENTED_EDGE('',*,*,#7046,.T.);
#10209=ORIENTED_EDGE('',*,*,#7049,.T.);
#10210=CYLINDRICAL_SURFACE('',#11006,19.1031815614089);
#10211=CYLINDRICAL_SURFACE('',#11009,2.90000000000157);
#10212=CYLINDRICAL_SURFACE('',#11012,8.82908049339814);
#10213=CYLINDRICAL_SURFACE('',#11016,4.50000000000001);
#10214=CYLINDRICAL_SURFACE('',#11019,2.9);
#10215=CYLINDRICAL_SURFACE('',#11023,2.89999999999999);
#10216=CYLINDRICAL_SURFACE('',#11026,24.1271739129706);
#10217=CYLINDRICAL_SURFACE('',#11030,22.5271739129705);
#10218=CYLINDRICAL_SURFACE('',#11033,4.49999999999999);
#10219=CYLINDRICAL_SURFACE('',#11037,4.49999999999999);
#10220=CYLINDRICAL_SURFACE('',#11040,2.90000000000002);
#10221=CYLINDRICAL_SURFACE('',#11044,7.22908049339817);
#10222=CYLINDRICAL_SURFACE('',#11047,4.50000000000156);
#10223=CYLINDRICAL_SURFACE('',#11050,17.5031815614088);
#10224=CYLINDRICAL_SURFACE('',#11054,19.1031815614089);
#10225=CYLINDRICAL_SURFACE('',#11057,2.90000000000157);
#10226=CYLINDRICAL_SURFACE('',#11060,8.82908049339814);
#10227=CYLINDRICAL_SURFACE('',#11064,4.50000000000001);
#10228=CYLINDRICAL_SURFACE('',#11067,2.9);
#10229=CYLINDRICAL_SURFACE('',#11071,2.89999999999999);
#10230=CYLINDRICAL_SURFACE('',#11074,24.1271739129706);
#10231=CYLINDRICAL_SURFACE('',#11078,22.5271739129705);
#10232=CYLINDRICAL_SURFACE('',#11081,4.49999999999999);
#10233=CYLINDRICAL_SURFACE('',#11085,4.49999999999999);
#10234=CYLINDRICAL_SURFACE('',#11088,2.90000000000002);
#10235=CYLINDRICAL_SURFACE('',#11092,7.22908049339817);
#10236=CYLINDRICAL_SURFACE('',#11095,4.50000000000156);
#10237=CYLINDRICAL_SURFACE('',#11098,17.5031815614088);
#10238=CYLINDRICAL_SURFACE('',#11147,1.5);
#10239=CYLINDRICAL_SURFACE('',#11189,2.05000000000001);
#10240=CYLINDRICAL_SURFACE('',#11194,4.55);
#10241=CYLINDRICAL_SURFACE('',#11197,2.05000000000001);
#10242=CYLINDRICAL_SURFACE('',#11202,4.55);
#10243=CYLINDRICAL_SURFACE('',#11206,2.05000000000001);
#10244=CYLINDRICAL_SURFACE('',#11211,4.55000000000005);
#10245=CYLINDRICAL_SURFACE('',#11214,2.05000000000001);
#10246=CYLINDRICAL_SURFACE('',#11219,4.54999999999996);
#10247=CYLINDRICAL_SURFACE('',#11227,1.5);
#10248=CYLINDRICAL_SURFACE('',#11289,0.449999999999993);
#10249=CYLINDRICAL_SURFACE('',#11290,1.54999999999999);
#10250=CYLINDRICAL_SURFACE('',#11293,0.348214285714274);
#10251=CYLINDRICAL_SURFACE('',#11294,1.44821428571428);
#10252=CYLINDRICAL_SURFACE('',#11297,1.44821428571429);
#10253=CYLINDRICAL_SURFACE('',#11298,0.34821428571429);
#10254=CYLINDRICAL_SURFACE('',#11301,0.348214285714272);
#10255=CYLINDRICAL_SURFACE('',#11302,1.44821428571427);
#10256=CYLINDRICAL_SURFACE('',#11305,1.44821428571429);
#10257=CYLINDRICAL_SURFACE('',#11306,0.34821428571429);
#10258=CYLINDRICAL_SURFACE('',#11309,0.348214285714272);
#10259=CYLINDRICAL_SURFACE('',#11310,1.44821428571427);
#10260=CYLINDRICAL_SURFACE('',#11313,1.44821428571429);
#10261=CYLINDRICAL_SURFACE('',#11314,0.34821428571429);
#10262=CYLINDRICAL_SURFACE('',#11317,0.348214285714278);
#10263=CYLINDRICAL_SURFACE('',#11318,1.44821428571428);
#10264=CYLINDRICAL_SURFACE('',#11321,1.44821428571428);
#10265=CYLINDRICAL_SURFACE('',#11322,0.348214285714283);
#10266=CYLINDRICAL_SURFACE('',#11325,0.348214285714287);
#10267=CYLINDRICAL_SURFACE('',#11326,1.44821428571429);
#10268=CYLINDRICAL_SURFACE('',#11329,1.44821428571428);
#10269=CYLINDRICAL_SURFACE('',#11330,0.348214285714274);
#10270=CYLINDRICAL_SURFACE('',#11333,0.348214285714294);
#10271=CYLINDRICAL_SURFACE('',#11334,1.4482142857143);
#10272=CYLINDRICAL_SURFACE('',#11337,1.44821428571427);
#10273=CYLINDRICAL_SURFACE('',#11338,0.348214285714267);
#10274=CYLINDRICAL_SURFACE('',#11341,0.34821428571429);
#10275=CYLINDRICAL_SURFACE('',#11342,1.44821428571429);
#10276=CYLINDRICAL_SURFACE('',#11345,1.44821428571428);
#10277=CYLINDRICAL_SURFACE('',#11346,0.348214285714277);
#10278=CYLINDRICAL_SURFACE('',#11349,0.348214285714283);
#10279=CYLINDRICAL_SURFACE('',#11350,1.44821428571428);
#10280=CYLINDRICAL_SURFACE('',#11353,1.44821428571428);
#10281=CYLINDRICAL_SURFACE('',#11354,0.348214285714279);
#10282=CYLINDRICAL_SURFACE('',#11357,1.55000000000001);
#10283=CYLINDRICAL_SURFACE('',#11358,0.450000000000004);
#10284=CYLINDRICAL_SURFACE('',#11361,2.025);
#10285=CYLINDRICAL_SURFACE('',#11362,2.025);
#10286=CYLINDRICAL_SURFACE('',#11397,19.1031815614089);
#10287=CYLINDRICAL_SURFACE('',#11400,2.90000000000157);
#10288=CYLINDRICAL_SURFACE('',#11403,8.82908049339814);
#10289=CYLINDRICAL_SURFACE('',#11407,4.50000000000001);
#10290=CYLINDRICAL_SURFACE('',#11410,2.9);
#10291=CYLINDRICAL_SURFACE('',#11414,2.89999999999999);
#10292=CYLINDRICAL_SURFACE('',#11417,24.1271739129706);
#10293=CYLINDRICAL_SURFACE('',#11421,22.5271739129705);
#10294=CYLINDRICAL_SURFACE('',#11424,4.49999999999999);
#10295=CYLINDRICAL_SURFACE('',#11428,4.49999999999999);
#10296=CYLINDRICAL_SURFACE('',#11431,2.90000000000002);
#10297=CYLINDRICAL_SURFACE('',#11435,7.22908049339817);
#10298=CYLINDRICAL_SURFACE('',#11438,4.50000000000156);
#10299=CYLINDRICAL_SURFACE('',#11441,17.5031815614088);
#10300=CYLINDRICAL_SURFACE('',#11445,19.1031815614089);
#10301=CYLINDRICAL_SURFACE('',#11448,2.90000000000157);
#10302=CYLINDRICAL_SURFACE('',#11451,8.82908049339814);
#10303=CYLINDRICAL_SURFACE('',#11455,4.50000000000001);
#10304=CYLINDRICAL_SURFACE('',#11458,2.9);
#10305=CYLINDRICAL_SURFACE('',#11462,2.89999999999999);
#10306=CYLINDRICAL_SURFACE('',#11465,24.1271739129706);
#10307=CYLINDRICAL_SURFACE('',#11469,22.5271739129705);
#10308=CYLINDRICAL_SURFACE('',#11472,4.49999999999999);
#10309=CYLINDRICAL_SURFACE('',#11476,4.49999999999999);
#10310=CYLINDRICAL_SURFACE('',#11479,2.90000000000002);
#10311=CYLINDRICAL_SURFACE('',#11483,7.22908049339817);
#10312=CYLINDRICAL_SURFACE('',#11486,4.50000000000156);
#10313=CYLINDRICAL_SURFACE('',#11489,17.5031815614088);
#10314=CYLINDRICAL_SURFACE('',#11538,1.5);
#10315=CYLINDRICAL_SURFACE('',#11580,2.05000000000001);
#10316=CYLINDRICAL_SURFACE('',#11585,4.55);
#10317=CYLINDRICAL_SURFACE('',#11588,2.05000000000001);
#10318=CYLINDRICAL_SURFACE('',#11593,4.55);
#10319=CYLINDRICAL_SURFACE('',#11597,2.05000000000001);
#10320=CYLINDRICAL_SURFACE('',#11602,4.55000000000005);
#10321=CYLINDRICAL_SURFACE('',#11605,2.05000000000001);
#10322=CYLINDRICAL_SURFACE('',#11610,4.54999999999996);
#10323=CYLINDRICAL_SURFACE('',#11618,1.5);
#10324=CYLINDRICAL_SURFACE('',#11680,0.449999999999993);
#10325=CYLINDRICAL_SURFACE('',#11681,1.54999999999999);
#10326=CYLINDRICAL_SURFACE('',#11684,0.348214285714274);
#10327=CYLINDRICAL_SURFACE('',#11685,1.44821428571428);
#10328=CYLINDRICAL_SURFACE('',#11688,1.44821428571429);
#10329=CYLINDRICAL_SURFACE('',#11689,0.34821428571429);
#10330=CYLINDRICAL_SURFACE('',#11692,0.348214285714272);
#10331=CYLINDRICAL_SURFACE('',#11693,1.44821428571427);
#10332=CYLINDRICAL_SURFACE('',#11696,1.44821428571429);
#10333=CYLINDRICAL_SURFACE('',#11697,0.34821428571429);
#10334=CYLINDRICAL_SURFACE('',#11700,0.348214285714272);
#10335=CYLINDRICAL_SURFACE('',#11701,1.44821428571427);
#10336=CYLINDRICAL_SURFACE('',#11704,1.44821428571429);
#10337=CYLINDRICAL_SURFACE('',#11705,0.34821428571429);
#10338=CYLINDRICAL_SURFACE('',#11708,0.348214285714278);
#10339=CYLINDRICAL_SURFACE('',#11709,1.44821428571428);
#10340=CYLINDRICAL_SURFACE('',#11712,1.44821428571428);
#10341=CYLINDRICAL_SURFACE('',#11713,0.348214285714283);
#10342=CYLINDRICAL_SURFACE('',#11716,0.348214285714287);
#10343=CYLINDRICAL_SURFACE('',#11717,1.44821428571429);
#10344=CYLINDRICAL_SURFACE('',#11720,1.44821428571428);
#10345=CYLINDRICAL_SURFACE('',#11721,0.348214285714274);
#10346=CYLINDRICAL_SURFACE('',#11724,0.348214285714294);
#10347=CYLINDRICAL_SURFACE('',#11725,1.4482142857143);
#10348=CYLINDRICAL_SURFACE('',#11728,1.44821428571427);
#10349=CYLINDRICAL_SURFACE('',#11729,0.348214285714267);
#10350=CYLINDRICAL_SURFACE('',#11732,0.34821428571429);
#10351=CYLINDRICAL_SURFACE('',#11733,1.44821428571429);
#10352=CYLINDRICAL_SURFACE('',#11736,1.44821428571428);
#10353=CYLINDRICAL_SURFACE('',#11737,0.348214285714277);
#10354=CYLINDRICAL_SURFACE('',#11740,0.348214285714283);
#10355=CYLINDRICAL_SURFACE('',#11741,1.44821428571428);
#10356=CYLINDRICAL_SURFACE('',#11744,1.44821428571428);
#10357=CYLINDRICAL_SURFACE('',#11745,0.348214285714279);
#10358=CYLINDRICAL_SURFACE('',#11748,1.55000000000001);
#10359=CYLINDRICAL_SURFACE('',#11749,0.450000000000004);
#10360=CYLINDRICAL_SURFACE('',#11752,2.025);
#10361=CYLINDRICAL_SURFACE('',#11753,2.025);
#10362=CYLINDRICAL_SURFACE('',#11758,2.);
#10363=CYLINDRICAL_SURFACE('',#11762,2.);
#10364=CYLINDRICAL_SURFACE('',#11766,2.);
#10365=CYLINDRICAL_SURFACE('',#11770,2.);
#10366=CYLINDRICAL_SURFACE('',#11774,2.1);
#10367=CYLINDRICAL_SURFACE('',#11777,2.1);
#10368=CYLINDRICAL_SURFACE('',#11780,1.8);
#10369=CYLINDRICAL_SURFACE('',#11783,1.8);
#10370=CYLINDRICAL_SURFACE('',#11787,4.5);
#10371=CYLINDRICAL_SURFACE('',#11791,4.5);
#10372=CYLINDRICAL_SURFACE('',#11795,4.5);
#10373=CYLINDRICAL_SURFACE('',#11799,4.5);
#10374=CYLINDRICAL_SURFACE('',#11807,3.70000000000001);
#10375=CYLINDRICAL_SURFACE('',#11810,2.5);
#10376=CYLINDRICAL_SURFACE('',#11814,3.50000000000002);
#10377=CYLINDRICAL_SURFACE('',#11817,4.12257622358242);
#10378=CYLINDRICAL_SURFACE('',#11820,2.49759723461437);
#10379=CYLINDRICAL_SURFACE('',#11877,3.70000000000001);
#10380=CYLINDRICAL_SURFACE('',#11879,2.5);
#10381=CYLINDRICAL_SURFACE('',#11882,3.50000000000002);
#10382=CYLINDRICAL_SURFACE('',#11884,4.12257622358242);
#10383=CYLINDRICAL_SURFACE('',#11886,2.49759723461437);
#10384=CYLINDRICAL_SURFACE('',#11889,1.79999999998008);
#10385=CYLINDRICAL_SURFACE('',#11891,1.);
#10386=CYLINDRICAL_SURFACE('',#11893,4.225);
#10387=CYLINDRICAL_SURFACE('',#11895,1.);
#10388=CYLINDRICAL_SURFACE('',#11897,1.);
#10389=CYLINDRICAL_SURFACE('',#11899,4.225);
#10390=CYLINDRICAL_SURFACE('',#11901,1.);
#10391=CYLINDRICAL_SURFACE('',#11903,2.425);
#10392=CYLINDRICAL_SURFACE('',#11944,5.50000000000157);
#10393=CYLINDRICAL_SURFACE('',#11945,5.50000000000157);
#10394=CYLINDRICAL_SURFACE('',#11947,2.425);
#10395=CYLINDRICAL_SURFACE('',#11949,5.50000000000156);
#10396=CYLINDRICAL_SURFACE('',#11950,5.50000000000156);
#10397=CYLINDRICAL_SURFACE('',#11951,3.70000000000157);
#10398=CYLINDRICAL_SURFACE('',#11952,1.5);
#10399=CYLINDRICAL_SURFACE('',#11954,2.01854823523281);
#10400=CYLINDRICAL_SURFACE('',#11955,3.00060185214622);
#10401=CYLINDRICAL_SURFACE('',#11956,1.8);
#10402=CYLINDRICAL_SURFACE('',#11958,2.);
#10403=CYLINDRICAL_SURFACE('',#11960,1.5);
#10404=CYLINDRICAL_SURFACE('',#11962,1.5);
#10405=CYLINDRICAL_SURFACE('',#11964,2.01854823523281);
#10406=CYLINDRICAL_SURFACE('',#11965,3.00060185214622);
#10407=CYLINDRICAL_SURFACE('',#11966,1.8);
#10408=CYLINDRICAL_SURFACE('',#11968,2.);
#10409=CYLINDRICAL_SURFACE('',#11970,1.5);
#10410=CYLINDRICAL_SURFACE('',#11972,1.80000000000143);
#10411=CYLINDRICAL_SURFACE('',#11973,23.3271739129706);
#10412=CYLINDRICAL_SURFACE('',#11975,18.3031815614089);
#10413=CYLINDRICAL_SURFACE('',#11976,8.02908049339814);
#10414=CYLINDRICAL_SURFACE('',#11977,23.3271739129706);
#10415=CYLINDRICAL_SURFACE('',#11979,18.3031815614089);
#10416=CYLINDRICAL_SURFACE('',#11980,3.70000000000157);
#10417=CYLINDRICAL_SURFACE('',#11981,8.02908049339814);
#10418=CYLINDRICAL_SURFACE('',#11982,16.5031815614089);
#10419=CYLINDRICAL_SURFACE('',#11984,21.5271739129706);
#10420=CYLINDRICAL_SURFACE('',#11985,5.49999999999999);
#10421=CYLINDRICAL_SURFACE('',#11987,5.49999999999999);
#10422=CYLINDRICAL_SURFACE('',#11988,1.90000000000001);
#10423=CYLINDRICAL_SURFACE('',#11990,6.22908049339814);
#10424=CYLINDRICAL_SURFACE('',#11991,16.5031815614089);
#10425=CYLINDRICAL_SURFACE('',#11993,21.5271739129706);
#10426=CYLINDRICAL_SURFACE('',#11994,5.49999999999999);
#10427=CYLINDRICAL_SURFACE('',#11996,5.49999999999999);
#10428=CYLINDRICAL_SURFACE('',#11997,1.90000000000001);
#10429=CYLINDRICAL_SURFACE('',#11999,6.22908049339814);
#10430=CYLINDRICAL_SURFACE('',#12005,4.);
#10431=CYLINDRICAL_SURFACE('',#12017,4.);
#10432=CYLINDRICAL_SURFACE('',#12020,4.);
#10433=CYLINDRICAL_SURFACE('',#12023,4.);
#10434=CYLINDRICAL_SURFACE('',#12025,1.8);
#10435=CYLINDRICAL_SURFACE('',#12027,1.8);
#10436=CYLINDRICAL_SURFACE('',#12029,2.425);
#10437=CYLINDRICAL_SURFACE('',#12031,2.425);
#10438=ADVANCED_FACE('',(#566),#10210,.F.);
#10439=ADVANCED_FACE('',(#567),#10211,.T.);
#10440=ADVANCED_FACE('',(#568),#10212,.F.);
#10441=ADVANCED_FACE('',(#569),#238,.F.);
#10442=ADVANCED_FACE('',(#570),#10213,.F.);
#10443=ADVANCED_FACE('',(#571),#10214,.T.);
#10444=ADVANCED_FACE('',(#572),#239,.F.);
#10445=ADVANCED_FACE('',(#573),#10215,.T.);
#10446=ADVANCED_FACE('',(#574),#10216,.F.);
#10447=ADVANCED_FACE('',(#575),#240,.F.);
#10448=ADVANCED_FACE('',(#576),#10217,.T.);
#10449=ADVANCED_FACE('',(#577),#10218,.F.);
#10450=ADVANCED_FACE('',(#578),#241,.F.);
#10451=ADVANCED_FACE('',(#579),#10219,.F.);
#10452=ADVANCED_FACE('',(#580),#10220,.T.);
#10453=ADVANCED_FACE('',(#581),#242,.F.);
#10454=ADVANCED_FACE('',(#582),#10221,.T.);
#10455=ADVANCED_FACE('',(#583),#10222,.F.);
#10456=ADVANCED_FACE('',(#584),#10223,.T.);
#10457=ADVANCED_FACE('',(#585),#243,.F.);
#10458=ADVANCED_FACE('',(#586),#10224,.F.);
#10459=ADVANCED_FACE('',(#587),#10225,.T.);
#10460=ADVANCED_FACE('',(#588),#10226,.F.);
#10461=ADVANCED_FACE('',(#589),#244,.F.);
#10462=ADVANCED_FACE('',(#590),#10227,.F.);
#10463=ADVANCED_FACE('',(#591),#10228,.T.);
#10464=ADVANCED_FACE('',(#592),#245,.F.);
#10465=ADVANCED_FACE('',(#593),#10229,.T.);
#10466=ADVANCED_FACE('',(#594),#10230,.F.);
#10467=ADVANCED_FACE('',(#595),#246,.F.);
#10468=ADVANCED_FACE('',(#596),#10231,.T.);
#10469=ADVANCED_FACE('',(#597),#10232,.F.);
#10470=ADVANCED_FACE('',(#598),#247,.F.);
#10471=ADVANCED_FACE('',(#599),#10233,.F.);
#10472=ADVANCED_FACE('',(#600),#10234,.T.);
#10473=ADVANCED_FACE('',(#601),#248,.F.);
#10474=ADVANCED_FACE('',(#602),#10235,.T.);
#10475=ADVANCED_FACE('',(#603),#10236,.F.);
#10476=ADVANCED_FACE('',(#604),#10237,.T.);
#10477=ADVANCED_FACE('',(#605),#249,.F.);
#10478=ADVANCED_FACE('',(#606,#184),#250,.F.);
#10479=ADVANCED_FACE('',(#607,#185,#186,#187),#251,.T.);
#10480=ADVANCED_FACE('',(#608),#252,.F.);
#10481=ADVANCED_FACE('',(#609),#253,.F.);
#10482=ADVANCED_FACE('',(#610),#10238,.F.);
#10483=ADVANCED_FACE('',(#611,#188),#254,.T.);
#10484=ADVANCED_FACE('',(#612),#10239,.T.);
#10485=ADVANCED_FACE('',(#613),#255,.F.);
#10486=ADVANCED_FACE('',(#614),#256,.F.);
#10487=ADVANCED_FACE('',(#615),#10240,.F.);
#10488=ADVANCED_FACE('',(#616),#10241,.T.);
#10489=ADVANCED_FACE('',(#617),#257,.F.);
#10490=ADVANCED_FACE('',(#618),#258,.F.);
#10491=ADVANCED_FACE('',(#619),#10242,.F.);
#10492=ADVANCED_FACE('',(#620,#189),#259,.F.);
#10493=ADVANCED_FACE('',(#621),#10243,.T.);
#10494=ADVANCED_FACE('',(#622),#260,.F.);
#10495=ADVANCED_FACE('',(#623),#261,.F.);
#10496=ADVANCED_FACE('',(#624),#10244,.F.);
#10497=ADVANCED_FACE('',(#625),#10245,.T.);
#10498=ADVANCED_FACE('',(#626),#262,.F.);
#10499=ADVANCED_FACE('',(#627),#263,.F.);
#10500=ADVANCED_FACE('',(#628),#10246,.F.);
#10501=ADVANCED_FACE('',(#629,#190),#264,.F.);
#10502=ADVANCED_FACE('',(#630,#191,#192),#265,.F.);
#10503=ADVANCED_FACE('',(#631,#193,#194),#266,.F.);
#10504=ADVANCED_FACE('',(#632),#10247,.F.);
#10505=ADVANCED_FACE('',(#633),#267,.F.);
#10506=ADVANCED_FACE('',(#634),#268,.F.);
#10507=ADVANCED_FACE('',(#635),#269,.F.);
#10508=ADVANCED_FACE('',(#636),#270,.F.);
#10509=ADVANCED_FACE('',(#637,#195),#271,.F.);
#10510=ADVANCED_FACE('',(#638),#272,.F.);
#10511=ADVANCED_FACE('',(#639),#273,.F.);
#10512=ADVANCED_FACE('',(#640),#274,.F.);
#10513=ADVANCED_FACE('',(#641),#275,.F.);
#10514=ADVANCED_FACE('',(#642),#276,.F.);
#10515=ADVANCED_FACE('',(#643),#277,.F.);
#10516=ADVANCED_FACE('',(#644),#278,.F.);
#10517=ADVANCED_FACE('',(#645),#279,.F.);
#10518=ADVANCED_FACE('',(#646),#280,.F.);
#10519=ADVANCED_FACE('',(#647),#281,.F.);
#10520=ADVANCED_FACE('',(#648),#282,.F.);
#10521=ADVANCED_FACE('',(#649),#283,.F.);
#10522=ADVANCED_FACE('',(#650),#284,.F.);
#10523=ADVANCED_FACE('',(#651),#285,.F.);
#10524=ADVANCED_FACE('',(#652),#286,.F.);
#10525=ADVANCED_FACE('',(#653),#287,.F.);
#10526=ADVANCED_FACE('',(#654),#288,.F.);
#10527=ADVANCED_FACE('',(#655),#289,.F.);
#10528=ADVANCED_FACE('',(#656),#290,.F.);
#10529=ADVANCED_FACE('',(#657),#291,.F.);
#10530=ADVANCED_FACE('',(#658),#292,.F.);
#10531=ADVANCED_FACE('',(#659),#293,.F.);
#10532=ADVANCED_FACE('',(#660),#294,.F.);
#10533=ADVANCED_FACE('',(#661),#295,.F.);
#10534=ADVANCED_FACE('',(#662),#296,.F.);
#10535=ADVANCED_FACE('',(#663),#297,.F.);
#10536=ADVANCED_FACE('',(#664),#298,.F.);
#10537=ADVANCED_FACE('',(#665),#299,.F.);
#10538=ADVANCED_FACE('',(#666),#300,.F.);
#10539=ADVANCED_FACE('',(#667),#301,.F.);
#10540=ADVANCED_FACE('',(#668),#302,.F.);
#10541=ADVANCED_FACE('',(#669),#303,.F.);
#10542=ADVANCED_FACE('',(#670),#304,.F.);
#10543=ADVANCED_FACE('',(#671),#305,.F.);
#10544=ADVANCED_FACE('',(#672),#306,.F.);
#10545=ADVANCED_FACE('',(#673),#307,.F.);
#10546=ADVANCED_FACE('',(#674),#308,.F.);
#10547=ADVANCED_FACE('',(#675),#309,.F.);
#10548=ADVANCED_FACE('',(#676),#310,.F.);
#10549=ADVANCED_FACE('',(#677),#311,.F.);
#10550=ADVANCED_FACE('',(#678),#312,.F.);
#10551=ADVANCED_FACE('',(#679),#313,.F.);
#10552=ADVANCED_FACE('',(#680),#314,.F.);
#10553=ADVANCED_FACE('',(#681),#315,.F.);
#10554=ADVANCED_FACE('',(#682),#316,.F.);
#10555=ADVANCED_FACE('',(#683),#317,.F.);
#10556=ADVANCED_FACE('',(#684),#318,.F.);
#10557=ADVANCED_FACE('',(#685),#319,.F.);
#10558=ADVANCED_FACE('',(#686),#320,.F.);
#10559=ADVANCED_FACE('',(#687),#321,.F.);
#10560=ADVANCED_FACE('',(#688),#322,.F.);
#10561=ADVANCED_FACE('',(#689),#323,.F.);
#10562=ADVANCED_FACE('',(#690,#196),#324,.F.);
#10563=ADVANCED_FACE('',(#691),#325,.F.);
#10564=ADVANCED_FACE('',(#692),#326,.F.);
#10565=ADVANCED_FACE('',(#693),#10248,.T.);
#10566=ADVANCED_FACE('',(#694),#10249,.F.);
#10567=ADVANCED_FACE('',(#695),#327,.F.);
#10568=ADVANCED_FACE('',(#696),#328,.F.);
#10569=ADVANCED_FACE('',(#697),#10250,.T.);
#10570=ADVANCED_FACE('',(#698),#10251,.F.);
#10571=ADVANCED_FACE('',(#699),#329,.F.);
#10572=ADVANCED_FACE('',(#700),#330,.F.);
#10573=ADVANCED_FACE('',(#701),#10252,.F.);
#10574=ADVANCED_FACE('',(#702),#10253,.T.);
#10575=ADVANCED_FACE('',(#703),#331,.F.);
#10576=ADVANCED_FACE('',(#704),#332,.F.);
#10577=ADVANCED_FACE('',(#705),#10254,.T.);
#10578=ADVANCED_FACE('',(#706),#10255,.F.);
#10579=ADVANCED_FACE('',(#707),#333,.F.);
#10580=ADVANCED_FACE('',(#708),#334,.F.);
#10581=ADVANCED_FACE('',(#709),#10256,.F.);
#10582=ADVANCED_FACE('',(#710),#10257,.T.);
#10583=ADVANCED_FACE('',(#711),#335,.F.);
#10584=ADVANCED_FACE('',(#712),#336,.F.);
#10585=ADVANCED_FACE('',(#713),#10258,.T.);
#10586=ADVANCED_FACE('',(#714),#10259,.F.);
#10587=ADVANCED_FACE('',(#715),#337,.F.);
#10588=ADVANCED_FACE('',(#716),#338,.F.);
#10589=ADVANCED_FACE('',(#717),#10260,.F.);
#10590=ADVANCED_FACE('',(#718),#10261,.T.);
#10591=ADVANCED_FACE('',(#719),#339,.F.);
#10592=ADVANCED_FACE('',(#720),#340,.F.);
#10593=ADVANCED_FACE('',(#721),#10262,.T.);
#10594=ADVANCED_FACE('',(#722),#10263,.F.);
#10595=ADVANCED_FACE('',(#723),#341,.F.);
#10596=ADVANCED_FACE('',(#724),#342,.F.);
#10597=ADVANCED_FACE('',(#725),#10264,.F.);
#10598=ADVANCED_FACE('',(#726),#10265,.T.);
#10599=ADVANCED_FACE('',(#727),#343,.F.);
#10600=ADVANCED_FACE('',(#728),#344,.F.);
#10601=ADVANCED_FACE('',(#729),#10266,.T.);
#10602=ADVANCED_FACE('',(#730),#10267,.F.);
#10603=ADVANCED_FACE('',(#731),#345,.F.);
#10604=ADVANCED_FACE('',(#732),#346,.F.);
#10605=ADVANCED_FACE('',(#733),#10268,.F.);
#10606=ADVANCED_FACE('',(#734),#10269,.T.);
#10607=ADVANCED_FACE('',(#735),#347,.F.);
#10608=ADVANCED_FACE('',(#736),#348,.F.);
#10609=ADVANCED_FACE('',(#737),#10270,.T.);
#10610=ADVANCED_FACE('',(#738),#10271,.F.);
#10611=ADVANCED_FACE('',(#739),#349,.F.);
#10612=ADVANCED_FACE('',(#740),#350,.F.);
#10613=ADVANCED_FACE('',(#741),#10272,.F.);
#10614=ADVANCED_FACE('',(#742),#10273,.T.);
#10615=ADVANCED_FACE('',(#743),#351,.F.);
#10616=ADVANCED_FACE('',(#744),#352,.F.);
#10617=ADVANCED_FACE('',(#745),#10274,.T.);
#10618=ADVANCED_FACE('',(#746),#10275,.F.);
#10619=ADVANCED_FACE('',(#747),#353,.F.);
#10620=ADVANCED_FACE('',(#748),#354,.F.);
#10621=ADVANCED_FACE('',(#749),#10276,.F.);
#10622=ADVANCED_FACE('',(#750),#10277,.T.);
#10623=ADVANCED_FACE('',(#751),#355,.F.);
#10624=ADVANCED_FACE('',(#752),#356,.F.);
#10625=ADVANCED_FACE('',(#753),#10278,.T.);
#10626=ADVANCED_FACE('',(#754),#10279,.F.);
#10627=ADVANCED_FACE('',(#755),#357,.F.);
#10628=ADVANCED_FACE('',(#756),#358,.F.);
#10629=ADVANCED_FACE('',(#757),#10280,.F.);
#10630=ADVANCED_FACE('',(#758),#10281,.T.);
#10631=ADVANCED_FACE('',(#759),#359,.F.);
#10632=ADVANCED_FACE('',(#760),#360,.F.);
#10633=ADVANCED_FACE('',(#761),#10282,.F.);
#10634=ADVANCED_FACE('',(#762),#10283,.T.);
#10635=ADVANCED_FACE('',(#763),#361,.F.);
#10636=ADVANCED_FACE('',(#764),#362,.T.);
#10637=ADVANCED_FACE('',(#765),#10284,.F.);
#10638=ADVANCED_FACE('',(#766),#10285,.F.);
#10639=ADVANCED_FACE('',(#767),#363,.T.);
#10640=ADVANCED_FACE('',(#768),#364,.T.);
#10641=ADVANCED_FACE('',(#769),#365,.T.);
#10642=ADVANCED_FACE('',(#770),#366,.T.);
#10643=ADVANCED_FACE('',(#771),#367,.T.);
#10644=ADVANCED_FACE('',(#772),#368,.T.);
#10645=ADVANCED_FACE('',(#773),#369,.T.);
#10646=ADVANCED_FACE('',(#774),#370,.T.);
#10647=ADVANCED_FACE('',(#775),#371,.F.);
#10648=ADVANCED_FACE('',(#776),#372,.T.);
#10649=ADVANCED_FACE('',(#777),#373,.T.);
#10650=ADVANCED_FACE('',(#778),#374,.T.);
#10651=ADVANCED_FACE('',(#779),#375,.T.);
#10652=ADVANCED_FACE('',(#780),#376,.T.);
#10653=ADVANCED_FACE('',(#781),#377,.F.);
#10654=ADVANCED_FACE('',(#782),#378,.T.);
#10655=ADVANCED_FACE('',(#783),#379,.T.);
#10656=ADVANCED_FACE('',(#784),#380,.T.);
#10657=ADVANCED_FACE('',(#785),#381,.T.);
#10658=ADVANCED_FACE('',(#786),#382,.T.);
#10659=ADVANCED_FACE('',(#787),#383,.F.);
#10660=ADVANCED_FACE('',(#788),#384,.T.);
#10661=ADVANCED_FACE('',(#789),#385,.T.);
#10662=ADVANCED_FACE('',(#790),#386,.T.);
#10663=ADVANCED_FACE('',(#791),#387,.T.);
#10664=ADVANCED_FACE('',(#792),#388,.T.);
#10665=ADVANCED_FACE('',(#793),#389,.F.);
#10666=ADVANCED_FACE('',(#794),#10286,.F.);
#10667=ADVANCED_FACE('',(#795),#10287,.T.);
#10668=ADVANCED_FACE('',(#796),#10288,.F.);
#10669=ADVANCED_FACE('',(#797),#390,.F.);
#10670=ADVANCED_FACE('',(#798),#10289,.F.);
#10671=ADVANCED_FACE('',(#799),#10290,.T.);
#10672=ADVANCED_FACE('',(#800),#391,.F.);
#10673=ADVANCED_FACE('',(#801),#10291,.T.);
#10674=ADVANCED_FACE('',(#802),#10292,.F.);
#10675=ADVANCED_FACE('',(#803),#392,.F.);
#10676=ADVANCED_FACE('',(#804),#10293,.T.);
#10677=ADVANCED_FACE('',(#805),#10294,.F.);
#10678=ADVANCED_FACE('',(#806),#393,.F.);
#10679=ADVANCED_FACE('',(#807),#10295,.F.);
#10680=ADVANCED_FACE('',(#808),#10296,.T.);
#10681=ADVANCED_FACE('',(#809),#394,.F.);
#10682=ADVANCED_FACE('',(#810),#10297,.T.);
#10683=ADVANCED_FACE('',(#811),#10298,.F.);
#10684=ADVANCED_FACE('',(#812),#10299,.T.);
#10685=ADVANCED_FACE('',(#813),#395,.F.);
#10686=ADVANCED_FACE('',(#814),#10300,.F.);
#10687=ADVANCED_FACE('',(#815),#10301,.T.);
#10688=ADVANCED_FACE('',(#816),#10302,.F.);
#10689=ADVANCED_FACE('',(#817),#396,.F.);
#10690=ADVANCED_FACE('',(#818),#10303,.F.);
#10691=ADVANCED_FACE('',(#819),#10304,.T.);
#10692=ADVANCED_FACE('',(#820),#397,.F.);
#10693=ADVANCED_FACE('',(#821),#10305,.T.);
#10694=ADVANCED_FACE('',(#822),#10306,.F.);
#10695=ADVANCED_FACE('',(#823),#398,.F.);
#10696=ADVANCED_FACE('',(#824),#10307,.T.);
#10697=ADVANCED_FACE('',(#825),#10308,.F.);
#10698=ADVANCED_FACE('',(#826),#399,.F.);
#10699=ADVANCED_FACE('',(#827),#10309,.F.);
#10700=ADVANCED_FACE('',(#828),#10310,.T.);
#10701=ADVANCED_FACE('',(#829),#400,.F.);
#10702=ADVANCED_FACE('',(#830),#10311,.T.);
#10703=ADVANCED_FACE('',(#831),#10312,.F.);
#10704=ADVANCED_FACE('',(#832),#10313,.T.);
#10705=ADVANCED_FACE('',(#833),#401,.F.);
#10706=ADVANCED_FACE('',(#834,#197),#402,.F.);
#10707=ADVANCED_FACE('',(#835,#198,#199,#200),#403,.T.);
#10708=ADVANCED_FACE('',(#836),#404,.F.);
#10709=ADVANCED_FACE('',(#837),#405,.F.);
#10710=ADVANCED_FACE('',(#838),#10314,.F.);
#10711=ADVANCED_FACE('',(#839,#201),#406,.T.);
#10712=ADVANCED_FACE('',(#840),#10315,.T.);
#10713=ADVANCED_FACE('',(#841),#407,.F.);
#10714=ADVANCED_FACE('',(#842),#408,.F.);
#10715=ADVANCED_FACE('',(#843),#10316,.F.);
#10716=ADVANCED_FACE('',(#844),#10317,.T.);
#10717=ADVANCED_FACE('',(#845),#409,.F.);
#10718=ADVANCED_FACE('',(#846),#410,.F.);
#10719=ADVANCED_FACE('',(#847),#10318,.F.);
#10720=ADVANCED_FACE('',(#848,#202),#411,.F.);
#10721=ADVANCED_FACE('',(#849),#10319,.T.);
#10722=ADVANCED_FACE('',(#850),#412,.F.);
#10723=ADVANCED_FACE('',(#851),#413,.F.);
#10724=ADVANCED_FACE('',(#852),#10320,.F.);
#10725=ADVANCED_FACE('',(#853),#10321,.T.);
#10726=ADVANCED_FACE('',(#854),#414,.F.);
#10727=ADVANCED_FACE('',(#855),#415,.F.);
#10728=ADVANCED_FACE('',(#856),#10322,.F.);
#10729=ADVANCED_FACE('',(#857,#203),#416,.F.);
#10730=ADVANCED_FACE('',(#858,#204,#205),#417,.F.);
#10731=ADVANCED_FACE('',(#859,#206,#207),#418,.F.);
#10732=ADVANCED_FACE('',(#860),#10323,.F.);
#10733=ADVANCED_FACE('',(#861),#419,.F.);
#10734=ADVANCED_FACE('',(#862),#420,.F.);
#10735=ADVANCED_FACE('',(#863),#421,.F.);
#10736=ADVANCED_FACE('',(#864),#422,.F.);
#10737=ADVANCED_FACE('',(#865,#208),#423,.F.);
#10738=ADVANCED_FACE('',(#866),#424,.F.);
#10739=ADVANCED_FACE('',(#867),#425,.F.);
#10740=ADVANCED_FACE('',(#868),#426,.F.);
#10741=ADVANCED_FACE('',(#869),#427,.F.);
#10742=ADVANCED_FACE('',(#870),#428,.F.);
#10743=ADVANCED_FACE('',(#871),#429,.F.);
#10744=ADVANCED_FACE('',(#872),#430,.F.);
#10745=ADVANCED_FACE('',(#873),#431,.F.);
#10746=ADVANCED_FACE('',(#874),#432,.F.);
#10747=ADVANCED_FACE('',(#875),#433,.F.);
#10748=ADVANCED_FACE('',(#876),#434,.F.);
#10749=ADVANCED_FACE('',(#877),#435,.F.);
#10750=ADVANCED_FACE('',(#878),#436,.F.);
#10751=ADVANCED_FACE('',(#879),#437,.F.);
#10752=ADVANCED_FACE('',(#880),#438,.F.);
#10753=ADVANCED_FACE('',(#881),#439,.F.);
#10754=ADVANCED_FACE('',(#882),#440,.F.);
#10755=ADVANCED_FACE('',(#883),#441,.F.);
#10756=ADVANCED_FACE('',(#884),#442,.F.);
#10757=ADVANCED_FACE('',(#885),#443,.F.);
#10758=ADVANCED_FACE('',(#886),#444,.F.);
#10759=ADVANCED_FACE('',(#887),#445,.F.);
#10760=ADVANCED_FACE('',(#888),#446,.F.);
#10761=ADVANCED_FACE('',(#889),#447,.F.);
#10762=ADVANCED_FACE('',(#890),#448,.F.);
#10763=ADVANCED_FACE('',(#891),#449,.F.);
#10764=ADVANCED_FACE('',(#892),#450,.F.);
#10765=ADVANCED_FACE('',(#893),#451,.F.);
#10766=ADVANCED_FACE('',(#894),#452,.F.);
#10767=ADVANCED_FACE('',(#895),#453,.F.);
#10768=ADVANCED_FACE('',(#896),#454,.F.);
#10769=ADVANCED_FACE('',(#897),#455,.F.);
#10770=ADVANCED_FACE('',(#898),#456,.F.);
#10771=ADVANCED_FACE('',(#899),#457,.F.);
#10772=ADVANCED_FACE('',(#900),#458,.F.);
#10773=ADVANCED_FACE('',(#901),#459,.F.);
#10774=ADVANCED_FACE('',(#902),#460,.F.);
#10775=ADVANCED_FACE('',(#903),#461,.F.);
#10776=ADVANCED_FACE('',(#904),#462,.F.);
#10777=ADVANCED_FACE('',(#905),#463,.F.);
#10778=ADVANCED_FACE('',(#906),#464,.F.);
#10779=ADVANCED_FACE('',(#907),#465,.F.);
#10780=ADVANCED_FACE('',(#908),#466,.F.);
#10781=ADVANCED_FACE('',(#909),#467,.F.);
#10782=ADVANCED_FACE('',(#910),#468,.F.);
#10783=ADVANCED_FACE('',(#911),#469,.F.);
#10784=ADVANCED_FACE('',(#912),#470,.F.);
#10785=ADVANCED_FACE('',(#913),#471,.F.);
#10786=ADVANCED_FACE('',(#914),#472,.F.);
#10787=ADVANCED_FACE('',(#915),#473,.F.);
#10788=ADVANCED_FACE('',(#916),#474,.F.);
#10789=ADVANCED_FACE('',(#917),#475,.F.);
#10790=ADVANCED_FACE('',(#918,#209),#476,.F.);
#10791=ADVANCED_FACE('',(#919),#477,.F.);
#10792=ADVANCED_FACE('',(#920),#478,.F.);
#10793=ADVANCED_FACE('',(#921),#10324,.T.);
#10794=ADVANCED_FACE('',(#922),#10325,.F.);
#10795=ADVANCED_FACE('',(#923),#479,.F.);
#10796=ADVANCED_FACE('',(#924),#480,.F.);
#10797=ADVANCED_FACE('',(#925),#10326,.T.);
#10798=ADVANCED_FACE('',(#926),#10327,.F.);
#10799=ADVANCED_FACE('',(#927),#481,.F.);
#10800=ADVANCED_FACE('',(#928),#482,.F.);
#10801=ADVANCED_FACE('',(#929),#10328,.F.);
#10802=ADVANCED_FACE('',(#930),#10329,.T.);
#10803=ADVANCED_FACE('',(#931),#483,.F.);
#10804=ADVANCED_FACE('',(#932),#484,.F.);
#10805=ADVANCED_FACE('',(#933),#10330,.T.);
#10806=ADVANCED_FACE('',(#934),#10331,.F.);
#10807=ADVANCED_FACE('',(#935),#485,.F.);
#10808=ADVANCED_FACE('',(#936),#486,.F.);
#10809=ADVANCED_FACE('',(#937),#10332,.F.);
#10810=ADVANCED_FACE('',(#938),#10333,.T.);
#10811=ADVANCED_FACE('',(#939),#487,.F.);
#10812=ADVANCED_FACE('',(#940),#488,.F.);
#10813=ADVANCED_FACE('',(#941),#10334,.T.);
#10814=ADVANCED_FACE('',(#942),#10335,.F.);
#10815=ADVANCED_FACE('',(#943),#489,.F.);
#10816=ADVANCED_FACE('',(#944),#490,.F.);
#10817=ADVANCED_FACE('',(#945),#10336,.F.);
#10818=ADVANCED_FACE('',(#946),#10337,.T.);
#10819=ADVANCED_FACE('',(#947),#491,.F.);
#10820=ADVANCED_FACE('',(#948),#492,.F.);
#10821=ADVANCED_FACE('',(#949),#10338,.T.);
#10822=ADVANCED_FACE('',(#950),#10339,.F.);
#10823=ADVANCED_FACE('',(#951),#493,.F.);
#10824=ADVANCED_FACE('',(#952),#494,.F.);
#10825=ADVANCED_FACE('',(#953),#10340,.F.);
#10826=ADVANCED_FACE('',(#954),#10341,.T.);
#10827=ADVANCED_FACE('',(#955),#495,.F.);
#10828=ADVANCED_FACE('',(#956),#496,.F.);
#10829=ADVANCED_FACE('',(#957),#10342,.T.);
#10830=ADVANCED_FACE('',(#958),#10343,.F.);
#10831=ADVANCED_FACE('',(#959),#497,.F.);
#10832=ADVANCED_FACE('',(#960),#498,.F.);
#10833=ADVANCED_FACE('',(#961),#10344,.F.);
#10834=ADVANCED_FACE('',(#962),#10345,.T.);
#10835=ADVANCED_FACE('',(#963),#499,.F.);
#10836=ADVANCED_FACE('',(#964),#500,.F.);
#10837=ADVANCED_FACE('',(#965),#10346,.T.);
#10838=ADVANCED_FACE('',(#966),#10347,.F.);
#10839=ADVANCED_FACE('',(#967),#501,.F.);
#10840=ADVANCED_FACE('',(#968),#502,.F.);
#10841=ADVANCED_FACE('',(#969),#10348,.F.);
#10842=ADVANCED_FACE('',(#970),#10349,.T.);
#10843=ADVANCED_FACE('',(#971),#503,.F.);
#10844=ADVANCED_FACE('',(#972),#504,.F.);
#10845=ADVANCED_FACE('',(#973),#10350,.T.);
#10846=ADVANCED_FACE('',(#974),#10351,.F.);
#10847=ADVANCED_FACE('',(#975),#505,.F.);
#10848=ADVANCED_FACE('',(#976),#506,.F.);
#10849=ADVANCED_FACE('',(#977),#10352,.F.);
#10850=ADVANCED_FACE('',(#978),#10353,.T.);
#10851=ADVANCED_FACE('',(#979),#507,.F.);
#10852=ADVANCED_FACE('',(#980),#508,.F.);
#10853=ADVANCED_FACE('',(#981),#10354,.T.);
#10854=ADVANCED_FACE('',(#982),#10355,.F.);
#10855=ADVANCED_FACE('',(#983),#509,.F.);
#10856=ADVANCED_FACE('',(#984),#510,.F.);
#10857=ADVANCED_FACE('',(#985),#10356,.F.);
#10858=ADVANCED_FACE('',(#986),#10357,.T.);
#10859=ADVANCED_FACE('',(#987),#511,.F.);
#10860=ADVANCED_FACE('',(#988),#512,.F.);
#10861=ADVANCED_FACE('',(#989),#10358,.F.);
#10862=ADVANCED_FACE('',(#990),#10359,.T.);
#10863=ADVANCED_FACE('',(#991),#513,.F.);
#10864=ADVANCED_FACE('',(#992),#514,.T.);
#10865=ADVANCED_FACE('',(#993),#10360,.F.);
#10866=ADVANCED_FACE('',(#994),#10361,.F.);
#10867=ADVANCED_FACE('',(#995),#515,.T.);
#10868=ADVANCED_FACE('',(#996),#516,.T.);
#10869=ADVANCED_FACE('',(#997),#517,.T.);
#10870=ADVANCED_FACE('',(#998),#10362,.F.);
#10871=ADVANCED_FACE('',(#999),#518,.T.);
#10872=ADVANCED_FACE('',(#1000),#10363,.F.);
#10873=ADVANCED_FACE('',(#1001),#519,.T.);
#10874=ADVANCED_FACE('',(#1002),#10364,.F.);
#10875=ADVANCED_FACE('',(#1003),#520,.T.);
#10876=ADVANCED_FACE('',(#1004),#10365,.F.);
#10877=ADVANCED_FACE('',(#1005),#521,.T.);
#10878=ADVANCED_FACE('',(#1006),#10366,.F.);
#10879=ADVANCED_FACE('',(#1007),#10367,.F.);
#10880=ADVANCED_FACE('',(#1008),#10368,.F.);
#10881=ADVANCED_FACE('',(#1009),#10369,.F.);
#10882=ADVANCED_FACE('',(#1010),#522,.T.);
#10883=ADVANCED_FACE('',(#1011),#10370,.T.);
#10884=ADVANCED_FACE('',(#1012),#523,.T.);
#10885=ADVANCED_FACE('',(#1013),#10371,.T.);
#10886=ADVANCED_FACE('',(#1014),#524,.T.);
#10887=ADVANCED_FACE('',(#1015),#10372,.T.);
#10888=ADVANCED_FACE('',(#1016),#525,.T.);
#10889=ADVANCED_FACE('',(#1017),#10373,.T.);
#10890=ADVANCED_FACE('',(#1018,#210,#211,#212,#213,#214),#526,.T.);
#10891=ADVANCED_FACE('',(#1019,#215,#216,#217,#218,#219),#527,.F.);
#10892=ADVANCED_FACE('',(#1020),#528,.T.);
#10893=ADVANCED_FACE('',(#1021),#10374,.T.);
#10894=ADVANCED_FACE('',(#1022),#10375,.F.);
#10895=ADVANCED_FACE('',(#1023),#529,.F.);
#10896=ADVANCED_FACE('',(#1024),#10376,.T.);
#10897=ADVANCED_FACE('',(#1025),#10377,.T.);
#10898=ADVANCED_FACE('',(#1026),#10378,.F.);
#10899=ADVANCED_FACE('',(#1027),#530,.T.);
#10900=ADVANCED_FACE('',(#1028,#220,#221,#222,#223,#224),#531,.T.);
#10901=ADVANCED_FACE('',(#1029),#532,.T.);
#10902=ADVANCED_FACE('',(#1030),#10379,.T.);
#10903=ADVANCED_FACE('',(#1031),#10380,.F.);
#10904=ADVANCED_FACE('',(#1032),#533,.F.);
#10905=ADVANCED_FACE('',(#1033),#10381,.T.);
#10906=ADVANCED_FACE('',(#1034),#10382,.T.);
#10907=ADVANCED_FACE('',(#1035),#10383,.F.);
#10908=ADVANCED_FACE('',(#1036),#534,.T.);
#10909=ADVANCED_FACE('',(#1037),#10384,.F.);
#10910=ADVANCED_FACE('',(#1038),#10385,.F.);
#10911=ADVANCED_FACE('',(#1039),#10386,.T.);
#10912=ADVANCED_FACE('',(#1040),#10387,.F.);
#10913=ADVANCED_FACE('',(#1041),#10388,.F.);
#10914=ADVANCED_FACE('',(#1042),#10389,.T.);
#10915=ADVANCED_FACE('',(#1043),#10390,.F.);
#10916=ADVANCED_FACE('',(#1044),#10391,.F.);
#10917=ADVANCED_FACE('',(#1045,#225,#226,#227,#228,#229),#535,.F.);
#10918=ADVANCED_FACE('',(#1046),#10392,.T.);
#10919=ADVANCED_FACE('',(#1047),#10393,.T.);
#10920=ADVANCED_FACE('',(#1048),#536,.T.);
#10921=ADVANCED_FACE('',(#1049),#10394,.F.);
#10922=ADVANCED_FACE('',(#1050),#537,.T.);
#10923=ADVANCED_FACE('',(#1051),#10395,.T.);
#10924=ADVANCED_FACE('',(#1052),#10396,.T.);
#10925=ADVANCED_FACE('',(#1053),#10397,.F.);
#10926=ADVANCED_FACE('',(#1054),#10398,.F.);
#10927=ADVANCED_FACE('',(#1055),#538,.F.);
#10928=ADVANCED_FACE('',(#1056),#10399,.F.);
#10929=ADVANCED_FACE('',(#1057),#10400,.T.);
#10930=ADVANCED_FACE('',(#1058),#10401,.F.);
#10931=ADVANCED_FACE('',(#1059),#539,.F.);
#10932=ADVANCED_FACE('',(#1060),#10402,.F.);
#10933=ADVANCED_FACE('',(#1061),#540,.F.);
#10934=ADVANCED_FACE('',(#1062),#10403,.F.);
#10935=ADVANCED_FACE('',(#1063),#541,.F.);
#10936=ADVANCED_FACE('',(#1064),#10404,.F.);
#10937=ADVANCED_FACE('',(#1065),#542,.F.);
#10938=ADVANCED_FACE('',(#1066),#10405,.F.);
#10939=ADVANCED_FACE('',(#1067),#10406,.T.);
#10940=ADVANCED_FACE('',(#1068),#10407,.F.);
#10941=ADVANCED_FACE('',(#1069),#543,.F.);
#10942=ADVANCED_FACE('',(#1070),#10408,.F.);
#10943=ADVANCED_FACE('',(#1071),#544,.F.);
#10944=ADVANCED_FACE('',(#1072),#10409,.F.);
#10945=ADVANCED_FACE('',(#1073),#545,.F.);
#10946=ADVANCED_FACE('',(#1074),#10410,.F.);
#10947=ADVANCED_FACE('',(#1075),#10411,.T.);
#10948=ADVANCED_FACE('',(#1076),#546,.T.);
#10949=ADVANCED_FACE('',(#1077),#10412,.T.);
#10950=ADVANCED_FACE('',(#1078),#10413,.T.);
#10951=ADVANCED_FACE('',(#1079),#10414,.T.);
#10952=ADVANCED_FACE('',(#1080),#547,.T.);
#10953=ADVANCED_FACE('',(#1081),#10415,.T.);
#10954=ADVANCED_FACE('',(#1082),#10416,.F.);
#10955=ADVANCED_FACE('',(#1083),#10417,.T.);
#10956=ADVANCED_FACE('',(#1084),#10418,.F.);
#10957=ADVANCED_FACE('',(#1085),#548,.T.);
#10958=ADVANCED_FACE('',(#1086),#10419,.F.);
#10959=ADVANCED_FACE('',(#1087),#10420,.T.);
#10960=ADVANCED_FACE('',(#1088),#549,.T.);
#10961=ADVANCED_FACE('',(#1089),#10421,.T.);
#10962=ADVANCED_FACE('',(#1090),#10422,.F.);
#10963=ADVANCED_FACE('',(#1091),#550,.T.);
#10964=ADVANCED_FACE('',(#1092),#10423,.F.);
#10965=ADVANCED_FACE('',(#1093),#10424,.F.);
#10966=ADVANCED_FACE('',(#1094),#551,.T.);
#10967=ADVANCED_FACE('',(#1095),#10425,.F.);
#10968=ADVANCED_FACE('',(#1096),#10426,.T.);
#10969=ADVANCED_FACE('',(#1097),#552,.T.);
#10970=ADVANCED_FACE('',(#1098),#10427,.T.);
#10971=ADVANCED_FACE('',(#1099),#10428,.F.);
#10972=ADVANCED_FACE('',(#1100),#553,.T.);
#10973=ADVANCED_FACE('',(#1101),#10429,.F.);
#10974=ADVANCED_FACE('',(#1102),#10430,.T.);
#10975=ADVANCED_FACE('',(#1103),#554,.T.);
#10976=ADVANCED_FACE('',(#1104,#230,#231,#232,#233),#555,.T.);
#10977=ADVANCED_FACE('',(#1105),#10431,.T.);
#10978=ADVANCED_FACE('',(#1106),#556,.T.);
#10979=ADVANCED_FACE('',(#1107),#10432,.T.);
#10980=ADVANCED_FACE('',(#1108),#557,.T.);
#10981=ADVANCED_FACE('',(#1109),#10433,.T.);
#10982=ADVANCED_FACE('',(#1110),#10434,.F.);
#10983=ADVANCED_FACE('',(#1111),#10435,.F.);
#10984=ADVANCED_FACE('',(#1112),#10436,.F.);
#10985=ADVANCED_FACE('',(#1113),#10437,.F.);
#10986=ADVANCED_FACE('',(#1114),#558,.T.);
#10987=ADVANCED_FACE('',(#1115,#234,#235,#236,#237),#559,.F.);
#10988=ADVANCED_FACE('',(#1116),#560,.T.);
#10989=ADVANCED_FACE('',(#1117),#561,.T.);
#10990=ADVANCED_FACE('',(#1118),#562,.T.);
#10991=ADVANCED_FACE('',(#1119),#563,.T.);
#10992=ADVANCED_FACE('',(#1120),#564,.T.);
#10993=ADVANCED_FACE('',(#1121),#565,.F.);
#10994=CLOSED_SHELL('',(#10438,#10439,#10440,#10441,#10442,#10443,#10444,
#10445,#10446,#10447,#10448,#10449,#10450,#10451,#10452,#10453,#10454,#10455,
#10456,#10457,#10458,#10459,#10460,#10461,#10462,#10463,#10464,#10465,#10466,
#10467,#10468,#10469,#10470,#10471,#10472,#10473,#10474,#10475,#10476,#10477,
#10478,#10479,#10480,#10481,#10482,#10483,#10484,#10485,#10486,#10487,#10488,
#10489,#10490,#10491,#10492,#10493,#10494,#10495,#10496,#10497,#10498,#10499,
#10500,#10501,#10502,#10503,#10504,#10505,#10506,#10507,#10508,#10509,#10510,
#10511,#10512,#10513,#10514,#10515,#10516,#10517,#10518,#10519,#10520,#10521,
#10522,#10523,#10524,#10525,#10526,#10527,#10528,#10529,#10530,#10531,#10532,
#10533,#10534,#10535,#10536,#10537,#10538,#10539,#10540,#10541,#10542,#10543,
#10544,#10545,#10546,#10547,#10548,#10549,#10550,#10551,#10552,#10553,#10554,
#10555,#10556,#10557,#10558,#10559,#10560,#10561,#10562,#10563,#10564,#10565,
#10566,#10567,#10568,#10569,#10570,#10571,#10572,#10573,#10574,#10575,#10576,
#10577,#10578,#10579,#10580,#10581,#10582,#10583,#10584,#10585,#10586,#10587,
#10588,#10589,#10590,#10591,#10592,#10593,#10594,#10595,#10596,#10597,#10598,
#10599,#10600,#10601,#10602,#10603,#10604,#10605,#10606,#10607,#10608,#10609,
#10610,#10611,#10612,#10613,#10614,#10615,#10616,#10617,#10618,#10619,#10620,
#10621,#10622,#10623,#10624,#10625,#10626,#10627,#10628,#10629,#10630,#10631,
#10632,#10633,#10634,#10635,#10636,#10637,#10638,#10639,#10640,#10641));
#10995=CLOSED_SHELL('',(#10642,#10643,#10644,#10645,#10646,#10647));
#10996=CLOSED_SHELL('',(#10648,#10649,#10650,#10651,#10652,#10653));
#10997=CLOSED_SHELL('',(#10654,#10655,#10656,#10657,#10658,#10659));
#10998=CLOSED_SHELL('',(#10660,#10661,#10662,#10663,#10664,#10665));
#10999=CLOSED_SHELL('',(#10666,#10667,#10668,#10669,#10670,#10671,#10672,
#10673,#10674,#10675,#10676,#10677,#10678,#10679,#10680,#10681,#10682,#10683,
#10684,#10685,#10686,#10687,#10688,#10689,#10690,#10691,#10692,#10693,#10694,
#10695,#10696,#10697,#10698,#10699,#10700,#10701,#10702,#10703,#10704,#10705,
#10706,#10707,#10708,#10709,#10710,#10711,#10712,#10713,#10714,#10715,#10716,
#10717,#10718,#10719,#10720,#10721,#10722,#10723,#10724,#10725,#10726,#10727,
#10728,#10729,#10730,#10731,#10732,#10733,#10734,#10735,#10736,#10737,#10738,
#10739,#10740,#10741,#10742,#10743,#10744,#10745,#10746,#10747,#10748,#10749,
#10750,#10751,#10752,#10753,#10754,#10755,#10756,#10757,#10758,#10759,#10760,
#10761,#10762,#10763,#10764,#10765,#10766,#10767,#10768,#10769,#10770,#10771,
#10772,#10773,#10774,#10775,#10776,#10777,#10778,#10779,#10780,#10781,#10782,
#10783,#10784,#10785,#10786,#10787,#10788,#10789,#10790,#10791,#10792,#10793,
#10794,#10795,#10796,#10797,#10798,#10799,#10800,#10801,#10802,#10803,#10804,
#10805,#10806,#10807,#10808,#10809,#10810,#10811,#10812,#10813,#10814,#10815,
#10816,#10817,#10818,#10819,#10820,#10821,#10822,#10823,#10824,#10825,#10826,
#10827,#10828,#10829,#10830,#10831,#10832,#10833,#10834,#10835,#10836,#10837,
#10838,#10839,#10840,#10841,#10842,#10843,#10844,#10845,#10846,#10847,#10848,
#10849,#10850,#10851,#10852,#10853,#10854,#10855,#10856,#10857,#10858,#10859,
#10860,#10861,#10862,#10863,#10864,#10865,#10866,#10867,#10868,#10869));
#11000=CLOSED_SHELL('',(#10870,#10871,#10872,#10873,#10874,#10875,#10876,
#10877,#10878,#10879,#10880,#10881,#10882,#10883,#10884,#10885,#10886,#10887,
#10888,#10889,#10890,#10891));
#11001=CLOSED_SHELL('',(#10892,#10893,#10894,#10895,#10896,#10897,#10898,
#10899,#10900,#10901,#10902,#10903,#10904,#10905,#10906,#10907,#10908,#10909,
#10910,#10911,#10912,#10913,#10914,#10915,#10916,#10917,#10918,#10919,#10920,
#10921,#10922,#10923,#10924,#10925,#10926,#10927,#10928,#10929,#10930,#10931,
#10932,#10933,#10934,#10935,#10936,#10937,#10938,#10939,#10940,#10941,#10942,
#10943,#10944,#10945,#10946,#10947,#10948,#10949,#10950,#10951,#10952,#10953,
#10954,#10955,#10956,#10957,#10958,#10959,#10960,#10961,#10962,#10963,#10964,
#10965,#10966,#10967,#10968,#10969,#10970,#10971,#10972,#10973));
#11002=CLOSED_SHELL('',(#10974,#10975,#10976,#10977,#10978,#10979,#10980,
#10981,#10982,#10983,#10984,#10985,#10986,#10987));
#11003=CLOSED_SHELL('',(#10988,#10989,#10990,#10991,#10992,#10993));
#11004=AXIS2_PLACEMENT_3D('',#15271,#12055,#12056);
#11005=AXIS2_PLACEMENT_3D('',#15272,#12057,#12058);
#11006=AXIS2_PLACEMENT_3D('',#15273,#12059,#12060);
#11007=AXIS2_PLACEMENT_3D('',#15276,#12061,#12062);
#11008=AXIS2_PLACEMENT_3D('',#15280,#12064,#12065);
#11009=AXIS2_PLACEMENT_3D('',#15282,#12067,#12068);
#11010=AXIS2_PLACEMENT_3D('',#15284,#12069,#12070);
#11011=AXIS2_PLACEMENT_3D('',#15286,#12071,#12072);
#11012=AXIS2_PLACEMENT_3D('',#15288,#12074,#12075);
#11013=AXIS2_PLACEMENT_3D('',#15290,#12076,#12077);
#11014=AXIS2_PLACEMENT_3D('',#15292,#12078,#12079);
#11015=AXIS2_PLACEMENT_3D('',#15294,#12081,#12082);
#11016=AXIS2_PLACEMENT_3D('',#15300,#12086,#12087);
#11017=AXIS2_PLACEMENT_3D('',#15302,#12088,#12089);
#11018=AXIS2_PLACEMENT_3D('',#15304,#12090,#12091);
#11019=AXIS2_PLACEMENT_3D('',#15306,#12093,#12094);
#11020=AXIS2_PLACEMENT_3D('',#15308,#12095,#12096);
#11021=AXIS2_PLACEMENT_3D('',#15310,#12097,#12098);
#11022=AXIS2_PLACEMENT_3D('',#15312,#12100,#12101);
#11023=AXIS2_PLACEMENT_3D('',#15318,#12105,#12106);
#11024=AXIS2_PLACEMENT_3D('',#15320,#12107,#12108);
#11025=AXIS2_PLACEMENT_3D('',#15322,#12109,#12110);
#11026=AXIS2_PLACEMENT_3D('',#15324,#12112,#12113);
#11027=AXIS2_PLACEMENT_3D('',#15326,#12114,#12115);
#11028=AXIS2_PLACEMENT_3D('',#15328,#12116,#12117);
#11029=AXIS2_PLACEMENT_3D('',#15330,#12119,#12120);
#11030=AXIS2_PLACEMENT_3D('',#15336,#12124,#12125);
#11031=AXIS2_PLACEMENT_3D('',#15339,#12126,#12127);
#11032=AXIS2_PLACEMENT_3D('',#15343,#12129,#12130);
#11033=AXIS2_PLACEMENT_3D('',#15345,#12132,#12133);
#11034=AXIS2_PLACEMENT_3D('',#15347,#12134,#12135);
#11035=AXIS2_PLACEMENT_3D('',#15349,#12136,#12137);
#11036=AXIS2_PLACEMENT_3D('',#15351,#12139,#12140);
#11037=AXIS2_PLACEMENT_3D('',#15357,#12144,#12145);
#11038=AXIS2_PLACEMENT_3D('',#15359,#12146,#12147);
#11039=AXIS2_PLACEMENT_3D('',#15361,#12148,#12149);
#11040=AXIS2_PLACEMENT_3D('',#15363,#12151,#12152);
#11041=AXIS2_PLACEMENT_3D('',#15365,#12153,#12154);
#11042=AXIS2_PLACEMENT_3D('',#15367,#12155,#12156);
#11043=AXIS2_PLACEMENT_3D('',#15369,#12158,#12159);
#11044=AXIS2_PLACEMENT_3D('',#15375,#12163,#12164);
#11045=AXIS2_PLACEMENT_3D('',#15377,#12165,#12166);
#11046=AXIS2_PLACEMENT_3D('',#15379,#12167,#12168);
#11047=AXIS2_PLACEMENT_3D('',#15381,#12170,#12171);
#11048=AXIS2_PLACEMENT_3D('',#15383,#12172,#12173);
#11049=AXIS2_PLACEMENT_3D('',#15385,#12174,#12175);
#11050=AXIS2_PLACEMENT_3D('',#15387,#12177,#12178);
#11051=AXIS2_PLACEMENT_3D('',#15389,#12179,#12180);
#11052=AXIS2_PLACEMENT_3D('',#15391,#12181,#12182);
#11053=AXIS2_PLACEMENT_3D('',#15393,#12184,#12185);
#11054=AXIS2_PLACEMENT_3D('',#15399,#12189,#12190);
#11055=AXIS2_PLACEMENT_3D('',#15401,#12191,#12192);
#11056=AXIS2_PLACEMENT_3D('',#15403,#12193,#12194);
#11057=AXIS2_PLACEMENT_3D('',#15405,#12196,#12197);
#11058=AXIS2_PLACEMENT_3D('',#15407,#12198,#12199);
#11059=AXIS2_PLACEMENT_3D('',#15409,#12200,#12201);
#11060=AXIS2_PLACEMENT_3D('',#15411,#12203,#12204);
#11061=AXIS2_PLACEMENT_3D('',#15413,#12205,#12206);
#11062=AXIS2_PLACEMENT_3D('',#15415,#12207,#12208);
#11063=AXIS2_PLACEMENT_3D('',#15417,#12210,#12211);
#11064=AXIS2_PLACEMENT_3D('',#15423,#12215,#12216);
#11065=AXIS2_PLACEMENT_3D('',#15425,#12217,#12218);
#11066=AXIS2_PLACEMENT_3D('',#15427,#12219,#12220);
#11067=AXIS2_PLACEMENT_3D('',#15429,#12222,#12223);
#11068=AXIS2_PLACEMENT_3D('',#15431,#12224,#12225);
#11069=AXIS2_PLACEMENT_3D('',#15433,#12226,#12227);
#11070=AXIS2_PLACEMENT_3D('',#15435,#12229,#12230);
#11071=AXIS2_PLACEMENT_3D('',#15441,#12234,#12235);
#11072=AXIS2_PLACEMENT_3D('',#15443,#12236,#12237);
#11073=AXIS2_PLACEMENT_3D('',#15445,#12238,#12239);
#11074=AXIS2_PLACEMENT_3D('',#15447,#12241,#12242);
#11075=AXIS2_PLACEMENT_3D('',#15449,#12243,#12244);
#11076=AXIS2_PLACEMENT_3D('',#15451,#12245,#12246);
#11077=AXIS2_PLACEMENT_3D('',#15453,#12248,#12249);
#11078=AXIS2_PLACEMENT_3D('',#15456,#12252,#12253);
#11079=AXIS2_PLACEMENT_3D('',#15458,#12254,#12255);
#11080=AXIS2_PLACEMENT_3D('',#15460,#12256,#12257);
#11081=AXIS2_PLACEMENT_3D('',#15462,#12259,#12260);
#11082=AXIS2_PLACEMENT_3D('',#15464,#12261,#12262);
#11083=AXIS2_PLACEMENT_3D('',#15466,#12263,#12264);
#11084=AXIS2_PLACEMENT_3D('',#15468,#12266,#12267);
#11085=AXIS2_PLACEMENT_3D('',#15474,#12271,#12272);
#11086=AXIS2_PLACEMENT_3D('',#15476,#12273,#12274);
#11087=AXIS2_PLACEMENT_3D('',#15478,#12275,#12276);
#11088=AXIS2_PLACEMENT_3D('',#15480,#12278,#12279);
#11089=AXIS2_PLACEMENT_3D('',#15482,#12280,#12281);
#11090=AXIS2_PLACEMENT_3D('',#15484,#12282,#12283);
#11091=AXIS2_PLACEMENT_3D('',#15486,#12285,#12286);
#11092=AXIS2_PLACEMENT_3D('',#15492,#12290,#12291);
#11093=AXIS2_PLACEMENT_3D('',#15494,#12292,#12293);
#11094=AXIS2_PLACEMENT_3D('',#15496,#12294,#12295);
#11095=AXIS2_PLACEMENT_3D('',#15498,#12297,#12298);
#11096=AXIS2_PLACEMENT_3D('',#15500,#12299,#12300);
#11097=AXIS2_PLACEMENT_3D('',#15502,#12301,#12302);
#11098=AXIS2_PLACEMENT_3D('',#15504,#12304,#12305);
#11099=AXIS2_PLACEMENT_3D('',#15506,#12306,#12307);
#11100=AXIS2_PLACEMENT_3D('',#15508,#12308,#12309);
#11101=AXIS2_PLACEMENT_3D('',#15510,#12311,#12312);
#11102=AXIS2_PLACEMENT_3D('',#15513,#12315,#12316);
#11103=AXIS2_PLACEMENT_3D('',#15514,#12317,#12318);
#11104=AXIS2_PLACEMENT_3D('',#15524,#12323,#12324);
#11105=AXIS2_PLACEMENT_3D('',#15526,#12325,#12326);
#11106=AXIS2_PLACEMENT_3D('',#15527,#12327,#12328);
#11107=AXIS2_PLACEMENT_3D('',#15536,#12333,#12334);
#11108=AXIS2_PLACEMENT_3D('',#15541,#12336,#12337);
#11109=AXIS2_PLACEMENT_3D('',#15543,#12338,#12339);
#11110=AXIS2_PLACEMENT_3D('',#15546,#12341,#12342);
#11111=AXIS2_PLACEMENT_3D('',#15550,#12344,#12345);
#11112=AXIS2_PLACEMENT_3D('',#15554,#12347,#12348);
#11113=AXIS2_PLACEMENT_3D('',#15558,#12350,#12351);
#11114=AXIS2_PLACEMENT_3D('',#15562,#12353,#12354);
#11115=AXIS2_PLACEMENT_3D('',#15566,#12356,#12357);
#11116=AXIS2_PLACEMENT_3D('',#15570,#12359,#12360);
#11117=AXIS2_PLACEMENT_3D('',#15574,#12362,#12363);
#11118=AXIS2_PLACEMENT_3D('',#15578,#12365,#12366);
#11119=AXIS2_PLACEMENT_3D('',#15582,#12368,#12369);
#11120=AXIS2_PLACEMENT_3D('',#15586,#12371,#12372);
#11121=AXIS2_PLACEMENT_3D('',#15590,#12374,#12375);
#11122=AXIS2_PLACEMENT_3D('',#15594,#12377,#12378);
#11123=AXIS2_PLACEMENT_3D('',#15598,#12380,#12381);
#11124=AXIS2_PLACEMENT_3D('',#15602,#12383,#12384);
#11125=AXIS2_PLACEMENT_3D('',#15606,#12386,#12387);
#11126=AXIS2_PLACEMENT_3D('',#15610,#12389,#12390);
#11127=AXIS2_PLACEMENT_3D('',#15614,#12392,#12393);
#11128=AXIS2_PLACEMENT_3D('',#15618,#12395,#12396);
#11129=AXIS2_PLACEMENT_3D('',#15622,#12398,#12399);
#11130=AXIS2_PLACEMENT_3D('',#15626,#12401,#12402);
#11131=AXIS2_PLACEMENT_3D('',#15630,#12404,#12405);
#11132=AXIS2_PLACEMENT_3D('',#15634,#12407,#12408);
#11133=AXIS2_PLACEMENT_3D('',#15638,#12410,#12411);
#11134=AXIS2_PLACEMENT_3D('',#15642,#12413,#12414);
#11135=AXIS2_PLACEMENT_3D('',#15646,#12416,#12417);
#11136=AXIS2_PLACEMENT_3D('',#15650,#12419,#12420);
#11137=AXIS2_PLACEMENT_3D('',#15654,#12422,#12423);
#11138=AXIS2_PLACEMENT_3D('',#15658,#12425,#12426);
#11139=AXIS2_PLACEMENT_3D('',#15662,#12428,#12429);
#11140=AXIS2_PLACEMENT_3D('',#15666,#12431,#12432);
#11141=AXIS2_PLACEMENT_3D('',#15670,#12434,#12435);
#11142=AXIS2_PLACEMENT_3D('',#15674,#12437,#12438);
#11143=AXIS2_PLACEMENT_3D('',#15678,#12440,#12441);
#11144=AXIS2_PLACEMENT_3D('',#15682,#12443,#12444);
#11145=AXIS2_PLACEMENT_3D('',#15686,#12446,#12447);
#11146=AXIS2_PLACEMENT_3D('',#15689,#12449,#12450);
#11147=AXIS2_PLACEMENT_3D('',#15690,#12451,#12452);
#11148=AXIS2_PLACEMENT_3D('',#15692,#12453,#12454);
#11149=AXIS2_PLACEMENT_3D('',#15697,#12457,#12458);
#11150=AXIS2_PLACEMENT_3D('',#15699,#12460,#12461);
#11151=AXIS2_PLACEMENT_3D('',#15704,#12464,#12465);
#11152=AXIS2_PLACEMENT_3D('',#15708,#12467,#12468);
#11153=AXIS2_PLACEMENT_3D('',#15712,#12470,#12471);
#11154=AXIS2_PLACEMENT_3D('',#15716,#12473,#12474);
#11155=AXIS2_PLACEMENT_3D('',#15720,#12476,#12477);
#11156=AXIS2_PLACEMENT_3D('',#15724,#12479,#12480);
#11157=AXIS2_PLACEMENT_3D('',#15728,#12482,#12483);
#11158=AXIS2_PLACEMENT_3D('',#15732,#12485,#12486);
#11159=AXIS2_PLACEMENT_3D('',#15736,#12488,#12489);
#11160=AXIS2_PLACEMENT_3D('',#15740,#12491,#12492);
#11161=AXIS2_PLACEMENT_3D('',#15744,#12494,#12495);
#11162=AXIS2_PLACEMENT_3D('',#15748,#12497,#12498);
#11163=AXIS2_PLACEMENT_3D('',#15752,#12500,#12501);
#11164=AXIS2_PLACEMENT_3D('',#15756,#12503,#12504);
#11165=AXIS2_PLACEMENT_3D('',#15760,#12506,#12507);
#11166=AXIS2_PLACEMENT_3D('',#15764,#12509,#12510);
#11167=AXIS2_PLACEMENT_3D('',#15768,#12512,#12513);
#11168=AXIS2_PLACEMENT_3D('',#15772,#12515,#12516);
#11169=AXIS2_PLACEMENT_3D('',#15776,#12518,#12519);
#11170=AXIS2_PLACEMENT_3D('',#15778,#12520,#12521);
#11171=AXIS2_PLACEMENT_3D('',#15782,#12523,#12524);
#11172=AXIS2_PLACEMENT_3D('',#15786,#12526,#12527);
#11173=AXIS2_PLACEMENT_3D('',#15790,#12529,#12530);
#11174=AXIS2_PLACEMENT_3D('',#15794,#12532,#12533);
#11175=AXIS2_PLACEMENT_3D('',#15798,#12535,#12536);
#11176=AXIS2_PLACEMENT_3D('',#15802,#12538,#12539);
#11177=AXIS2_PLACEMENT_3D('',#15806,#12541,#12542);
#11178=AXIS2_PLACEMENT_3D('',#15810,#12544,#12545);
#11179=AXIS2_PLACEMENT_3D('',#15814,#12547,#12548);
#11180=AXIS2_PLACEMENT_3D('',#15818,#12550,#12551);
#11181=AXIS2_PLACEMENT_3D('',#15822,#12553,#12554);
#11182=AXIS2_PLACEMENT_3D('',#15826,#12556,#12557);
#11183=AXIS2_PLACEMENT_3D('',#15830,#12559,#12560);
#11184=AXIS2_PLACEMENT_3D('',#15834,#12562,#12563);
#11185=AXIS2_PLACEMENT_3D('',#15838,#12565,#12566);
#11186=AXIS2_PLACEMENT_3D('',#15842,#12568,#12569);
#11187=AXIS2_PLACEMENT_3D('',#15846,#12571,#12572);
#11188=AXIS2_PLACEMENT_3D('',#15849,#12574,#12575);
#11189=AXIS2_PLACEMENT_3D('',#15850,#12576,#12577);
#11190=AXIS2_PLACEMENT_3D('',#15853,#12578,#12579);
#11191=AXIS2_PLACEMENT_3D('',#15857,#12581,#12582);
#11192=AXIS2_PLACEMENT_3D('',#15859,#12584,#12585);
#11193=AXIS2_PLACEMENT_3D('',#15865,#12589,#12590);
#11194=AXIS2_PLACEMENT_3D('',#15874,#12595,#12596);
#11195=AXIS2_PLACEMENT_3D('',#15876,#12597,#12598);
#11196=AXIS2_PLACEMENT_3D('',#15878,#12599,#12600);
#11197=AXIS2_PLACEMENT_3D('',#15880,#12602,#12603);
#11198=AXIS2_PLACEMENT_3D('',#15882,#12604,#12605);
#11199=AXIS2_PLACEMENT_3D('',#15884,#12606,#12607);
#11200=AXIS2_PLACEMENT_3D('',#15886,#12609,#12610);
#11201=AXIS2_PLACEMENT_3D('',#15889,#12613,#12614);
#11202=AXIS2_PLACEMENT_3D('',#15895,#12618,#12619);
#11203=AXIS2_PLACEMENT_3D('',#15896,#12620,#12621);
#11204=AXIS2_PLACEMENT_3D('',#15897,#12622,#12623);
#11205=AXIS2_PLACEMENT_3D('',#15898,#12624,#12625);
#11206=AXIS2_PLACEMENT_3D('',#15899,#12626,#12627);
#11207=AXIS2_PLACEMENT_3D('',#15902,#12628,#12629);
#11208=AXIS2_PLACEMENT_3D('',#15906,#12631,#12632);
#11209=AXIS2_PLACEMENT_3D('',#15908,#12634,#12635);
#11210=AXIS2_PLACEMENT_3D('',#15914,#12639,#12640);
#11211=AXIS2_PLACEMENT_3D('',#15923,#12645,#12646);
#11212=AXIS2_PLACEMENT_3D('',#15925,#12647,#12648);
#11213=AXIS2_PLACEMENT_3D('',#15927,#12649,#12650);
#11214=AXIS2_PLACEMENT_3D('',#15929,#12652,#12653);
#11215=AXIS2_PLACEMENT_3D('',#15931,#12654,#12655);
#11216=AXIS2_PLACEMENT_3D('',#15933,#12656,#12657);
#11217=AXIS2_PLACEMENT_3D('',#15935,#12659,#12660);
#11218=AXIS2_PLACEMENT_3D('',#15938,#12663,#12664);
#11219=AXIS2_PLACEMENT_3D('',#15944,#12668,#12669);
#11220=AXIS2_PLACEMENT_3D('',#15945,#12670,#12671);
#11221=AXIS2_PLACEMENT_3D('',#15946,#12672,#12673);
#11222=AXIS2_PLACEMENT_3D('',#15947,#12674,#12675);
#11223=AXIS2_PLACEMENT_3D('',#15948,#12676,#12677);
#11224=AXIS2_PLACEMENT_3D('',#15958,#12682,#12683);
#11225=AXIS2_PLACEMENT_3D('',#15959,#12684,#12685);
#11226=AXIS2_PLACEMENT_3D('',#15969,#12690,#12691);
#11227=AXIS2_PLACEMENT_3D('',#15970,#12692,#12693);
#11228=AXIS2_PLACEMENT_3D('',#15972,#12694,#12695);
#11229=AXIS2_PLACEMENT_3D('',#15976,#12699,#12700);
#11230=AXIS2_PLACEMENT_3D('',#15978,#12702,#12703);
#11231=AXIS2_PLACEMENT_3D('',#15987,#12708,#12709);
#11232=AXIS2_PLACEMENT_3D('',#15993,#12713,#12714);
#11233=AXIS2_PLACEMENT_3D('',#15996,#12717,#12718);
#11234=AXIS2_PLACEMENT_3D('',#15997,#12719,#12720);
#11235=AXIS2_PLACEMENT_3D('',#16003,#12724,#12725);
#11236=AXIS2_PLACEMENT_3D('',#16012,#12730,#12731);
#11237=AXIS2_PLACEMENT_3D('',#16018,#12735,#12736);
#11238=AXIS2_PLACEMENT_3D('',#16021,#12739,#12740);
#11239=AXIS2_PLACEMENT_3D('',#16027,#12744,#12745);
#11240=AXIS2_PLACEMENT_3D('',#16036,#12750,#12751);
#11241=AXIS2_PLACEMENT_3D('',#16042,#12755,#12756);
#11242=AXIS2_PLACEMENT_3D('',#16045,#12759,#12760);
#11243=AXIS2_PLACEMENT_3D('',#16051,#12764,#12765);
#11244=AXIS2_PLACEMENT_3D('',#16060,#12770,#12771);
#11245=AXIS2_PLACEMENT_3D('',#16066,#12775,#12776);
#11246=AXIS2_PLACEMENT_3D('',#16069,#12779,#12780);
#11247=AXIS2_PLACEMENT_3D('',#16075,#12784,#12785);
#11248=AXIS2_PLACEMENT_3D('',#16084,#12790,#12791);
#11249=AXIS2_PLACEMENT_3D('',#16090,#12795,#12796);
#11250=AXIS2_PLACEMENT_3D('',#16093,#12799,#12800);
#11251=AXIS2_PLACEMENT_3D('',#16099,#12804,#12805);
#11252=AXIS2_PLACEMENT_3D('',#16108,#12810,#12811);
#11253=AXIS2_PLACEMENT_3D('',#16114,#12815,#12816);
#11254=AXIS2_PLACEMENT_3D('',#16117,#12819,#12820);
#11255=AXIS2_PLACEMENT_3D('',#16123,#12824,#12825);
#11256=AXIS2_PLACEMENT_3D('',#16132,#12830,#12831);
#11257=AXIS2_PLACEMENT_3D('',#16138,#12835,#12836);
#11258=AXIS2_PLACEMENT_3D('',#16141,#12839,#12840);
#11259=AXIS2_PLACEMENT_3D('',#16147,#12844,#12845);
#11260=AXIS2_PLACEMENT_3D('',#16156,#12850,#12851);
#11261=AXIS2_PLACEMENT_3D('',#16162,#12855,#12856);
#11262=AXIS2_PLACEMENT_3D('',#16165,#12859,#12860);
#11263=AXIS2_PLACEMENT_3D('',#16171,#12864,#12865);
#11264=AXIS2_PLACEMENT_3D('',#16180,#12870,#12871);
#11265=AXIS2_PLACEMENT_3D('',#16186,#12875,#12876);
#11266=AXIS2_PLACEMENT_3D('',#16189,#12879,#12880);
#11267=AXIS2_PLACEMENT_3D('',#16195,#12884,#12885);
#11268=AXIS2_PLACEMENT_3D('',#16204,#12890,#12891);
#11269=AXIS2_PLACEMENT_3D('',#16210,#12895,#12896);
#11270=AXIS2_PLACEMENT_3D('',#16213,#12899,#12900);
#11271=AXIS2_PLACEMENT_3D('',#16219,#12904,#12905);
#11272=AXIS2_PLACEMENT_3D('',#16228,#12910,#12911);
#11273=AXIS2_PLACEMENT_3D('',#16234,#12915,#12916);
#11274=AXIS2_PLACEMENT_3D('',#16237,#12919,#12920);
#11275=AXIS2_PLACEMENT_3D('',#16243,#12924,#12925);
#11276=AXIS2_PLACEMENT_3D('',#16252,#12930,#12931);
#11277=AXIS2_PLACEMENT_3D('',#16258,#12935,#12936);
#11278=AXIS2_PLACEMENT_3D('',#16261,#12939,#12940);
#11279=AXIS2_PLACEMENT_3D('',#16267,#12944,#12945);
#11280=AXIS2_PLACEMENT_3D('',#16276,#12950,#12951);
#11281=AXIS2_PLACEMENT_3D('',#16282,#12955,#12956);
#11282=AXIS2_PLACEMENT_3D('',#16285,#12959,#12960);
#11283=AXIS2_PLACEMENT_3D('',#16291,#12964,#12965);
#11284=AXIS2_PLACEMENT_3D('',#16297,#12969,#12970);
#11285=AXIS2_PLACEMENT_3D('',#16303,#12974,#12975);
#11286=AXIS2_PLACEMENT_3D('',#16306,#12978,#12979);
#11287=AXIS2_PLACEMENT_3D('',#16307,#12980,#12981);
#11288=AXIS2_PLACEMENT_3D('',#16309,#12983,#12984);
#11289=AXIS2_PLACEMENT_3D('',#16311,#12986,#12987);
#11290=AXIS2_PLACEMENT_3D('',#16313,#12989,#12990);
#11291=AXIS2_PLACEMENT_3D('',#16315,#12992,#12993);
#11292=AXIS2_PLACEMENT_3D('',#16317,#12995,#12996);
#11293=AXIS2_PLACEMENT_3D('',#16319,#12998,#12999);
#11294=AXIS2_PLACEMENT_3D('',#16321,#13001,#13002);
#11295=AXIS2_PLACEMENT_3D('',#16323,#13004,#13005);
#11296=AXIS2_PLACEMENT_3D('',#16325,#13007,#13008);
#11297=AXIS2_PLACEMENT_3D('',#16327,#13010,#13011);
#11298=AXIS2_PLACEMENT_3D('',#16329,#13013,#13014);
#11299=AXIS2_PLACEMENT_3D('',#16331,#13016,#13017);
#11300=AXIS2_PLACEMENT_3D('',#16333,#13019,#13020);
#11301=AXIS2_PLACEMENT_3D('',#16335,#13022,#13023);
#11302=AXIS2_PLACEMENT_3D('',#16337,#13025,#13026);
#11303=AXIS2_PLACEMENT_3D('',#16339,#13028,#13029);
#11304=AXIS2_PLACEMENT_3D('',#16341,#13031,#13032);
#11305=AXIS2_PLACEMENT_3D('',#16343,#13034,#13035);
#11306=AXIS2_PLACEMENT_3D('',#16345,#13037,#13038);
#11307=AXIS2_PLACEMENT_3D('',#16347,#13040,#13041);
#11308=AXIS2_PLACEMENT_3D('',#16349,#13043,#13044);
#11309=AXIS2_PLACEMENT_3D('',#16351,#13046,#13047);
#11310=AXIS2_PLACEMENT_3D('',#16353,#13049,#13050);
#11311=AXIS2_PLACEMENT_3D('',#16355,#13052,#13053);
#11312=AXIS2_PLACEMENT_3D('',#16357,#13055,#13056);
#11313=AXIS2_PLACEMENT_3D('',#16359,#13058,#13059);
#11314=AXIS2_PLACEMENT_3D('',#16361,#13061,#13062);
#11315=AXIS2_PLACEMENT_3D('',#16363,#13064,#13065);
#11316=AXIS2_PLACEMENT_3D('',#16365,#13067,#13068);
#11317=AXIS2_PLACEMENT_3D('',#16367,#13070,#13071);
#11318=AXIS2_PLACEMENT_3D('',#16369,#13073,#13074);
#11319=AXIS2_PLACEMENT_3D('',#16371,#13076,#13077);
#11320=AXIS2_PLACEMENT_3D('',#16373,#13079,#13080);
#11321=AXIS2_PLACEMENT_3D('',#16375,#13082,#13083);
#11322=AXIS2_PLACEMENT_3D('',#16377,#13085,#13086);
#11323=AXIS2_PLACEMENT_3D('',#16379,#13088,#13089);
#11324=AXIS2_PLACEMENT_3D('',#16381,#13091,#13092);
#11325=AXIS2_PLACEMENT_3D('',#16383,#13094,#13095);
#11326=AXIS2_PLACEMENT_3D('',#16385,#13097,#13098);
#11327=AXIS2_PLACEMENT_3D('',#16387,#13100,#13101);
#11328=AXIS2_PLACEMENT_3D('',#16389,#13103,#13104);
#11329=AXIS2_PLACEMENT_3D('',#16391,#13106,#13107);
#11330=AXIS2_PLACEMENT_3D('',#16393,#13109,#13110);
#11331=AXIS2_PLACEMENT_3D('',#16395,#13112,#13113);
#11332=AXIS2_PLACEMENT_3D('',#16397,#13115,#13116);
#11333=AXIS2_PLACEMENT_3D('',#16399,#13118,#13119);
#11334=AXIS2_PLACEMENT_3D('',#16401,#13121,#13122);
#11335=AXIS2_PLACEMENT_3D('',#16403,#13124,#13125);
#11336=AXIS2_PLACEMENT_3D('',#16405,#13127,#13128);
#11337=AXIS2_PLACEMENT_3D('',#16407,#13130,#13131);
#11338=AXIS2_PLACEMENT_3D('',#16409,#13133,#13134);
#11339=AXIS2_PLACEMENT_3D('',#16411,#13136,#13137);
#11340=AXIS2_PLACEMENT_3D('',#16413,#13139,#13140);
#11341=AXIS2_PLACEMENT_3D('',#16415,#13142,#13143);
#11342=AXIS2_PLACEMENT_3D('',#16417,#13145,#13146);
#11343=AXIS2_PLACEMENT_3D('',#16419,#13148,#13149);
#11344=AXIS2_PLACEMENT_3D('',#16421,#13151,#13152);
#11345=AXIS2_PLACEMENT_3D('',#16423,#13154,#13155);
#11346=AXIS2_PLACEMENT_3D('',#16425,#13157,#13158);
#11347=AXIS2_PLACEMENT_3D('',#16427,#13160,#13161);
#11348=AXIS2_PLACEMENT_3D('',#16429,#13163,#13164);
#11349=AXIS2_PLACEMENT_3D('',#16431,#13166,#13167);
#11350=AXIS2_PLACEMENT_3D('',#16433,#13169,#13170);
#11351=AXIS2_PLACEMENT_3D('',#16435,#13172,#13173);
#11352=AXIS2_PLACEMENT_3D('',#16437,#13175,#13176);
#11353=AXIS2_PLACEMENT_3D('',#16439,#13178,#13179);
#11354=AXIS2_PLACEMENT_3D('',#16441,#13181,#13182);
#11355=AXIS2_PLACEMENT_3D('',#16443,#13184,#13185);
#11356=AXIS2_PLACEMENT_3D('',#16445,#13187,#13188);
#11357=AXIS2_PLACEMENT_3D('',#16447,#13190,#13191);
#11358=AXIS2_PLACEMENT_3D('',#16448,#13192,#13193);
#11359=AXIS2_PLACEMENT_3D('',#16449,#13194,#13195);
#11360=AXIS2_PLACEMENT_3D('',#16450,#13196,#13197);
#11361=AXIS2_PLACEMENT_3D('',#16453,#13200,#13201);
#11362=AXIS2_PLACEMENT_3D('',#16455,#13203,#13204);
#11363=AXIS2_PLACEMENT_3D('',#16457,#13206,#13207);
#11364=AXIS2_PLACEMENT_3D('',#16460,#13210,#13211);
#11365=AXIS2_PLACEMENT_3D('',#16461,#13212,#13213);
#11366=AXIS2_PLACEMENT_3D('',#16462,#13214,#13215);
#11367=AXIS2_PLACEMENT_3D('',#16463,#13216,#13217);
#11368=AXIS2_PLACEMENT_3D('',#16464,#13218,#13219);
#11369=AXIS2_PLACEMENT_3D('',#16465,#13220,#13221);
#11370=AXIS2_PLACEMENT_3D('',#16474,#13226,#13227);
#11371=AXIS2_PLACEMENT_3D('',#16480,#13231,#13232);
#11372=AXIS2_PLACEMENT_3D('',#16486,#13236,#13237);
#11373=AXIS2_PLACEMENT_3D('',#16489,#13240,#13241);
#11374=AXIS2_PLACEMENT_3D('',#16490,#13242,#13243);
#11375=AXIS2_PLACEMENT_3D('',#16491,#13244,#13245);
#11376=AXIS2_PLACEMENT_3D('',#16500,#13250,#13251);
#11377=AXIS2_PLACEMENT_3D('',#16506,#13255,#13256);
#11378=AXIS2_PLACEMENT_3D('',#16512,#13260,#13261);
#11379=AXIS2_PLACEMENT_3D('',#16515,#13264,#13265);
#11380=AXIS2_PLACEMENT_3D('',#16516,#13266,#13267);
#11381=AXIS2_PLACEMENT_3D('',#16517,#13268,#13269);
#11382=AXIS2_PLACEMENT_3D('',#16518,#13270,#13271);
#11383=AXIS2_PLACEMENT_3D('',#16527,#13276,#13277);
#11384=AXIS2_PLACEMENT_3D('',#16533,#13281,#13282);
#11385=AXIS2_PLACEMENT_3D('',#16539,#13286,#13287);
#11386=AXIS2_PLACEMENT_3D('',#16542,#13290,#13291);
#11387=AXIS2_PLACEMENT_3D('',#16543,#13292,#13293);
#11388=AXIS2_PLACEMENT_3D('',#16544,#13294,#13295);
#11389=AXIS2_PLACEMENT_3D('',#16553,#13300,#13301);
#11390=AXIS2_PLACEMENT_3D('',#16559,#13305,#13306);
#11391=AXIS2_PLACEMENT_3D('',#16565,#13310,#13311);
#11392=AXIS2_PLACEMENT_3D('',#16568,#13314,#13315);
#11393=AXIS2_PLACEMENT_3D('',#16569,#13316,#13317);
#11394=AXIS2_PLACEMENT_3D('',#16570,#13318,#13319);
#11395=AXIS2_PLACEMENT_3D('',#16571,#13320,#13321);
#11396=AXIS2_PLACEMENT_3D('',#16572,#13322,#13323);
#11397=AXIS2_PLACEMENT_3D('',#16573,#13324,#13325);
#11398=AXIS2_PLACEMENT_3D('',#16576,#13326,#13327);
#11399=AXIS2_PLACEMENT_3D('',#16580,#13329,#13330);
#11400=AXIS2_PLACEMENT_3D('',#16582,#13332,#13333);
#11401=AXIS2_PLACEMENT_3D('',#16584,#13334,#13335);
#11402=AXIS2_PLACEMENT_3D('',#16586,#13336,#13337);
#11403=AXIS2_PLACEMENT_3D('',#16588,#13339,#13340);
#11404=AXIS2_PLACEMENT_3D('',#16590,#13341,#13342);
#11405=AXIS2_PLACEMENT_3D('',#16592,#13343,#13344);
#11406=AXIS2_PLACEMENT_3D('',#16594,#13346,#13347);
#11407=AXIS2_PLACEMENT_3D('',#16600,#13351,#13352);
#11408=AXIS2_PLACEMENT_3D('',#16602,#13353,#13354);
#11409=AXIS2_PLACEMENT_3D('',#16604,#13355,#13356);
#11410=AXIS2_PLACEMENT_3D('',#16606,#13358,#13359);
#11411=AXIS2_PLACEMENT_3D('',#16608,#13360,#13361);
#11412=AXIS2_PLACEMENT_3D('',#16610,#13362,#13363);
#11413=AXIS2_PLACEMENT_3D('',#16612,#13365,#13366);
#11414=AXIS2_PLACEMENT_3D('',#16618,#13370,#13371);
#11415=AXIS2_PLACEMENT_3D('',#16620,#13372,#13373);
#11416=AXIS2_PLACEMENT_3D('',#16622,#13374,#13375);
#11417=AXIS2_PLACEMENT_3D('',#16624,#13377,#13378);
#11418=AXIS2_PLACEMENT_3D('',#16626,#13379,#13380);
#11419=AXIS2_PLACEMENT_3D('',#16628,#13381,#13382);
#11420=AXIS2_PLACEMENT_3D('',#16630,#13384,#13385);
#11421=AXIS2_PLACEMENT_3D('',#16636,#13389,#13390);
#11422=AXIS2_PLACEMENT_3D('',#16639,#13391,#13392);
#11423=AXIS2_PLACEMENT_3D('',#16643,#13394,#13395);
#11424=AXIS2_PLACEMENT_3D('',#16645,#13397,#13398);
#11425=AXIS2_PLACEMENT_3D('',#16647,#13399,#13400);
#11426=AXIS2_PLACEMENT_3D('',#16649,#13401,#13402);
#11427=AXIS2_PLACEMENT_3D('',#16651,#13404,#13405);
#11428=AXIS2_PLACEMENT_3D('',#16657,#13409,#13410);
#11429=AXIS2_PLACEMENT_3D('',#16659,#13411,#13412);
#11430=AXIS2_PLACEMENT_3D('',#16661,#13413,#13414);
#11431=AXIS2_PLACEMENT_3D('',#16663,#13416,#13417);
#11432=AXIS2_PLACEMENT_3D('',#16665,#13418,#13419);
#11433=AXIS2_PLACEMENT_3D('',#16667,#13420,#13421);
#11434=AXIS2_PLACEMENT_3D('',#16669,#13423,#13424);
#11435=AXIS2_PLACEMENT_3D('',#16675,#13428,#13429);
#11436=AXIS2_PLACEMENT_3D('',#16677,#13430,#13431);
#11437=AXIS2_PLACEMENT_3D('',#16679,#13432,#13433);
#11438=AXIS2_PLACEMENT_3D('',#16681,#13435,#13436);
#11439=AXIS2_PLACEMENT_3D('',#16683,#13437,#13438);
#11440=AXIS2_PLACEMENT_3D('',#16685,#13439,#13440);
#11441=AXIS2_PLACEMENT_3D('',#16687,#13442,#13443);
#11442=AXIS2_PLACEMENT_3D('',#16689,#13444,#13445);
#11443=AXIS2_PLACEMENT_3D('',#16691,#13446,#13447);
#11444=AXIS2_PLACEMENT_3D('',#16693,#13449,#13450);
#11445=AXIS2_PLACEMENT_3D('',#16699,#13454,#13455);
#11446=AXIS2_PLACEMENT_3D('',#16701,#13456,#13457);
#11447=AXIS2_PLACEMENT_3D('',#16703,#13458,#13459);
#11448=AXIS2_PLACEMENT_3D('',#16705,#13461,#13462);
#11449=AXIS2_PLACEMENT_3D('',#16707,#13463,#13464);
#11450=AXIS2_PLACEMENT_3D('',#16709,#13465,#13466);
#11451=AXIS2_PLACEMENT_3D('',#16711,#13468,#13469);
#11452=AXIS2_PLACEMENT_3D('',#16713,#13470,#13471);
#11453=AXIS2_PLACEMENT_3D('',#16715,#13472,#13473);
#11454=AXIS2_PLACEMENT_3D('',#16717,#13475,#13476);
#11455=AXIS2_PLACEMENT_3D('',#16723,#13480,#13481);
#11456=AXIS2_PLACEMENT_3D('',#16725,#13482,#13483);
#11457=AXIS2_PLACEMENT_3D('',#16727,#13484,#13485);
#11458=AXIS2_PLACEMENT_3D('',#16729,#13487,#13488);
#11459=AXIS2_PLACEMENT_3D('',#16731,#13489,#13490);
#11460=AXIS2_PLACEMENT_3D('',#16733,#13491,#13492);
#11461=AXIS2_PLACEMENT_3D('',#16735,#13494,#13495);
#11462=AXIS2_PLACEMENT_3D('',#16741,#13499,#13500);
#11463=AXIS2_PLACEMENT_3D('',#16743,#13501,#13502);
#11464=AXIS2_PLACEMENT_3D('',#16745,#13503,#13504);
#11465=AXIS2_PLACEMENT_3D('',#16747,#13506,#13507);
#11466=AXIS2_PLACEMENT_3D('',#16749,#13508,#13509);
#11467=AXIS2_PLACEMENT_3D('',#16751,#13510,#13511);
#11468=AXIS2_PLACEMENT_3D('',#16753,#13513,#13514);
#11469=AXIS2_PLACEMENT_3D('',#16756,#13517,#13518);
#11470=AXIS2_PLACEMENT_3D('',#16758,#13519,#13520);
#11471=AXIS2_PLACEMENT_3D('',#16760,#13521,#13522);
#11472=AXIS2_PLACEMENT_3D('',#16762,#13524,#13525);
#11473=AXIS2_PLACEMENT_3D('',#16764,#13526,#13527);
#11474=AXIS2_PLACEMENT_3D('',#16766,#13528,#13529);
#11475=AXIS2_PLACEMENT_3D('',#16768,#13531,#13532);
#11476=AXIS2_PLACEMENT_3D('',#16774,#13536,#13537);
#11477=AXIS2_PLACEMENT_3D('',#16776,#13538,#13539);
#11478=AXIS2_PLACEMENT_3D('',#16778,#13540,#13541);
#11479=AXIS2_PLACEMENT_3D('',#16780,#13543,#13544);
#11480=AXIS2_PLACEMENT_3D('',#16782,#13545,#13546);
#11481=AXIS2_PLACEMENT_3D('',#16784,#13547,#13548);
#11482=AXIS2_PLACEMENT_3D('',#16786,#13550,#13551);
#11483=AXIS2_PLACEMENT_3D('',#16792,#13555,#13556);
#11484=AXIS2_PLACEMENT_3D('',#16794,#13557,#13558);
#11485=AXIS2_PLACEMENT_3D('',#16796,#13559,#13560);
#11486=AXIS2_PLACEMENT_3D('',#16798,#13562,#13563);
#11487=AXIS2_PLACEMENT_3D('',#16800,#13564,#13565);
#11488=AXIS2_PLACEMENT_3D('',#16802,#13566,#13567);
#11489=AXIS2_PLACEMENT_3D('',#16804,#13569,#13570);
#11490=AXIS2_PLACEMENT_3D('',#16806,#13571,#13572);
#11491=AXIS2_PLACEMENT_3D('',#16808,#13573,#13574);
#11492=AXIS2_PLACEMENT_3D('',#16810,#13576,#13577);
#11493=AXIS2_PLACEMENT_3D('',#16813,#13580,#13581);
#11494=AXIS2_PLACEMENT_3D('',#16814,#13582,#13583);
#11495=AXIS2_PLACEMENT_3D('',#16824,#13588,#13589);
#11496=AXIS2_PLACEMENT_3D('',#16826,#13590,#13591);
#11497=AXIS2_PLACEMENT_3D('',#16827,#13592,#13593);
#11498=AXIS2_PLACEMENT_3D('',#16836,#13598,#13599);
#11499=AXIS2_PLACEMENT_3D('',#16841,#13601,#13602);
#11500=AXIS2_PLACEMENT_3D('',#16843,#13603,#13604);
#11501=AXIS2_PLACEMENT_3D('',#16846,#13606,#13607);
#11502=AXIS2_PLACEMENT_3D('',#16850,#13609,#13610);
#11503=AXIS2_PLACEMENT_3D('',#16854,#13612,#13613);
#11504=AXIS2_PLACEMENT_3D('',#16858,#13615,#13616);
#11505=AXIS2_PLACEMENT_3D('',#16862,#13618,#13619);
#11506=AXIS2_PLACEMENT_3D('',#16866,#13621,#13622);
#11507=AXIS2_PLACEMENT_3D('',#16870,#13624,#13625);
#11508=AXIS2_PLACEMENT_3D('',#16874,#13627,#13628);
#11509=AXIS2_PLACEMENT_3D('',#16878,#13630,#13631);
#11510=AXIS2_PLACEMENT_3D('',#16882,#13633,#13634);
#11511=AXIS2_PLACEMENT_3D('',#16886,#13636,#13637);
#11512=AXIS2_PLACEMENT_3D('',#16890,#13639,#13640);
#11513=AXIS2_PLACEMENT_3D('',#16894,#13642,#13643);
#11514=AXIS2_PLACEMENT_3D('',#16898,#13645,#13646);
#11515=AXIS2_PLACEMENT_3D('',#16902,#13648,#13649);
#11516=AXIS2_PLACEMENT_3D('',#16906,#13651,#13652);
#11517=AXIS2_PLACEMENT_3D('',#16910,#13654,#13655);
#11518=AXIS2_PLACEMENT_3D('',#16914,#13657,#13658);
#11519=AXIS2_PLACEMENT_3D('',#16918,#13660,#13661);
#11520=AXIS2_PLACEMENT_3D('',#16922,#13663,#13664);
#11521=AXIS2_PLACEMENT_3D('',#16926,#13666,#13667);
#11522=AXIS2_PLACEMENT_3D('',#16930,#13669,#13670);
#11523=AXIS2_PLACEMENT_3D('',#16934,#13672,#13673);
#11524=AXIS2_PLACEMENT_3D('',#16938,#13675,#13676);
#11525=AXIS2_PLACEMENT_3D('',#16942,#13678,#13679);
#11526=AXIS2_PLACEMENT_3D('',#16946,#13681,#13682);
#11527=AXIS2_PLACEMENT_3D('',#16950,#13684,#13685);
#11528=AXIS2_PLACEMENT_3D('',#16954,#13687,#13688);
#11529=AXIS2_PLACEMENT_3D('',#16958,#13690,#13691);
#11530=AXIS2_PLACEMENT_3D('',#16962,#13693,#13694);
#11531=AXIS2_PLACEMENT_3D('',#16966,#13696,#13697);
#11532=AXIS2_PLACEMENT_3D('',#16970,#13699,#13700);
#11533=AXIS2_PLACEMENT_3D('',#16974,#13702,#13703);
#11534=AXIS2_PLACEMENT_3D('',#16978,#13705,#13706);
#11535=AXIS2_PLACEMENT_3D('',#16982,#13708,#13709);
#11536=AXIS2_PLACEMENT_3D('',#16986,#13711,#13712);
#11537=AXIS2_PLACEMENT_3D('',#16989,#13714,#13715);
#11538=AXIS2_PLACEMENT_3D('',#16990,#13716,#13717);
#11539=AXIS2_PLACEMENT_3D('',#16992,#13718,#13719);
#11540=AXIS2_PLACEMENT_3D('',#16997,#13722,#13723);
#11541=AXIS2_PLACEMENT_3D('',#16999,#13725,#13726);
#11542=AXIS2_PLACEMENT_3D('',#17004,#13729,#13730);
#11543=AXIS2_PLACEMENT_3D('',#17008,#13732,#13733);
#11544=AXIS2_PLACEMENT_3D('',#17012,#13735,#13736);
#11545=AXIS2_PLACEMENT_3D('',#17016,#13738,#13739);
#11546=AXIS2_PLACEMENT_3D('',#17020,#13741,#13742);
#11547=AXIS2_PLACEMENT_3D('',#17024,#13744,#13745);
#11548=AXIS2_PLACEMENT_3D('',#17028,#13747,#13748);
#11549=AXIS2_PLACEMENT_3D('',#17032,#13750,#13751);
#11550=AXIS2_PLACEMENT_3D('',#17036,#13753,#13754);
#11551=AXIS2_PLACEMENT_3D('',#17040,#13756,#13757);
#11552=AXIS2_PLACEMENT_3D('',#17044,#13759,#13760);
#11553=AXIS2_PLACEMENT_3D('',#17048,#13762,#13763);
#11554=AXIS2_PLACEMENT_3D('',#17052,#13765,#13766);
#11555=AXIS2_PLACEMENT_3D('',#17056,#13768,#13769);
#11556=AXIS2_PLACEMENT_3D('',#17060,#13771,#13772);
#11557=AXIS2_PLACEMENT_3D('',#17064,#13774,#13775);
#11558=AXIS2_PLACEMENT_3D('',#17068,#13777,#13778);
#11559=AXIS2_PLACEMENT_3D('',#17072,#13780,#13781);
#11560=AXIS2_PLACEMENT_3D('',#17076,#13783,#13784);
#11561=AXIS2_PLACEMENT_3D('',#17078,#13785,#13786);
#11562=AXIS2_PLACEMENT_3D('',#17082,#13788,#13789);
#11563=AXIS2_PLACEMENT_3D('',#17086,#13791,#13792);
#11564=AXIS2_PLACEMENT_3D('',#17090,#13794,#13795);
#11565=AXIS2_PLACEMENT_3D('',#17094,#13797,#13798);
#11566=AXIS2_PLACEMENT_3D('',#17098,#13800,#13801);
#11567=AXIS2_PLACEMENT_3D('',#17102,#13803,#13804);
#11568=AXIS2_PLACEMENT_3D('',#17106,#13806,#13807);
#11569=AXIS2_PLACEMENT_3D('',#17110,#13809,#13810);
#11570=AXIS2_PLACEMENT_3D('',#17114,#13812,#13813);
#11571=AXIS2_PLACEMENT_3D('',#17118,#13815,#13816);
#11572=AXIS2_PLACEMENT_3D('',#17122,#13818,#13819);
#11573=AXIS2_PLACEMENT_3D('',#17126,#13821,#13822);
#11574=AXIS2_PLACEMENT_3D('',#17130,#13824,#13825);
#11575=AXIS2_PLACEMENT_3D('',#17134,#13827,#13828);
#11576=AXIS2_PLACEMENT_3D('',#17138,#13830,#13831);
#11577=AXIS2_PLACEMENT_3D('',#17142,#13833,#13834);
#11578=AXIS2_PLACEMENT_3D('',#17146,#13836,#13837);
#11579=AXIS2_PLACEMENT_3D('',#17149,#13839,#13840);
#11580=AXIS2_PLACEMENT_3D('',#17150,#13841,#13842);
#11581=AXIS2_PLACEMENT_3D('',#17153,#13843,#13844);
#11582=AXIS2_PLACEMENT_3D('',#17157,#13846,#13847);
#11583=AXIS2_PLACEMENT_3D('',#17159,#13849,#13850);
#11584=AXIS2_PLACEMENT_3D('',#17165,#13854,#13855);
#11585=AXIS2_PLACEMENT_3D('',#17174,#13860,#13861);
#11586=AXIS2_PLACEMENT_3D('',#17176,#13862,#13863);
#11587=AXIS2_PLACEMENT_3D('',#17178,#13864,#13865);
#11588=AXIS2_PLACEMENT_3D('',#17180,#13867,#13868);
#11589=AXIS2_PLACEMENT_3D('',#17182,#13869,#13870);
#11590=AXIS2_PLACEMENT_3D('',#17184,#13871,#13872);
#11591=AXIS2_PLACEMENT_3D('',#17186,#13874,#13875);
#11592=AXIS2_PLACEMENT_3D('',#17189,#13878,#13879);
#11593=AXIS2_PLACEMENT_3D('',#17195,#13883,#13884);
#11594=AXIS2_PLACEMENT_3D('',#17196,#13885,#13886);
#11595=AXIS2_PLACEMENT_3D('',#17197,#13887,#13888);
#11596=AXIS2_PLACEMENT_3D('',#17198,#13889,#13890);
#11597=AXIS2_PLACEMENT_3D('',#17199,#13891,#13892);
#11598=AXIS2_PLACEMENT_3D('',#17202,#13893,#13894);
#11599=AXIS2_PLACEMENT_3D('',#17206,#13896,#13897);
#11600=AXIS2_PLACEMENT_3D('',#17208,#13899,#13900);
#11601=AXIS2_PLACEMENT_3D('',#17214,#13904,#13905);
#11602=AXIS2_PLACEMENT_3D('',#17223,#13910,#13911);
#11603=AXIS2_PLACEMENT_3D('',#17225,#13912,#13913);
#11604=AXIS2_PLACEMENT_3D('',#17227,#13914,#13915);
#11605=AXIS2_PLACEMENT_3D('',#17229,#13917,#13918);
#11606=AXIS2_PLACEMENT_3D('',#17231,#13919,#13920);
#11607=AXIS2_PLACEMENT_3D('',#17233,#13921,#13922);
#11608=AXIS2_PLACEMENT_3D('',#17235,#13924,#13925);
#11609=AXIS2_PLACEMENT_3D('',#17238,#13928,#13929);
#11610=AXIS2_PLACEMENT_3D('',#17244,#13933,#13934);
#11611=AXIS2_PLACEMENT_3D('',#17245,#13935,#13936);
#11612=AXIS2_PLACEMENT_3D('',#17246,#13937,#13938);
#11613=AXIS2_PLACEMENT_3D('',#17247,#13939,#13940);
#11614=AXIS2_PLACEMENT_3D('',#17248,#13941,#13942);
#11615=AXIS2_PLACEMENT_3D('',#17258,#13947,#13948);
#11616=AXIS2_PLACEMENT_3D('',#17259,#13949,#13950);
#11617=AXIS2_PLACEMENT_3D('',#17269,#13955,#13956);
#11618=AXIS2_PLACEMENT_3D('',#17270,#13957,#13958);
#11619=AXIS2_PLACEMENT_3D('',#17272,#13959,#13960);
#11620=AXIS2_PLACEMENT_3D('',#17276,#13964,#13965);
#11621=AXIS2_PLACEMENT_3D('',#17278,#13967,#13968);
#11622=AXIS2_PLACEMENT_3D('',#17287,#13973,#13974);
#11623=AXIS2_PLACEMENT_3D('',#17293,#13978,#13979);
#11624=AXIS2_PLACEMENT_3D('',#17296,#13982,#13983);
#11625=AXIS2_PLACEMENT_3D('',#17297,#13984,#13985);
#11626=AXIS2_PLACEMENT_3D('',#17303,#13989,#13990);
#11627=AXIS2_PLACEMENT_3D('',#17312,#13995,#13996);
#11628=AXIS2_PLACEMENT_3D('',#17318,#14000,#14001);
#11629=AXIS2_PLACEMENT_3D('',#17321,#14004,#14005);
#11630=AXIS2_PLACEMENT_3D('',#17327,#14009,#14010);
#11631=AXIS2_PLACEMENT_3D('',#17336,#14015,#14016);
#11632=AXIS2_PLACEMENT_3D('',#17342,#14020,#14021);
#11633=AXIS2_PLACEMENT_3D('',#17345,#14024,#14025);
#11634=AXIS2_PLACEMENT_3D('',#17351,#14029,#14030);
#11635=AXIS2_PLACEMENT_3D('',#17360,#14035,#14036);
#11636=AXIS2_PLACEMENT_3D('',#17366,#14040,#14041);
#11637=AXIS2_PLACEMENT_3D('',#17369,#14044,#14045);
#11638=AXIS2_PLACEMENT_3D('',#17375,#14049,#14050);
#11639=AXIS2_PLACEMENT_3D('',#17384,#14055,#14056);
#11640=AXIS2_PLACEMENT_3D('',#17390,#14060,#14061);
#11641=AXIS2_PLACEMENT_3D('',#17393,#14064,#14065);
#11642=AXIS2_PLACEMENT_3D('',#17399,#14069,#14070);
#11643=AXIS2_PLACEMENT_3D('',#17408,#14075,#14076);
#11644=AXIS2_PLACEMENT_3D('',#17414,#14080,#14081);
#11645=AXIS2_PLACEMENT_3D('',#17417,#14084,#14085);
#11646=AXIS2_PLACEMENT_3D('',#17423,#14089,#14090);
#11647=AXIS2_PLACEMENT_3D('',#17432,#14095,#14096);
#11648=AXIS2_PLACEMENT_3D('',#17438,#14100,#14101);
#11649=AXIS2_PLACEMENT_3D('',#17441,#14104,#14105);
#11650=AXIS2_PLACEMENT_3D('',#17447,#14109,#14110);
#11651=AXIS2_PLACEMENT_3D('',#17456,#14115,#14116);
#11652=AXIS2_PLACEMENT_3D('',#17462,#14120,#14121);
#11653=AXIS2_PLACEMENT_3D('',#17465,#14124,#14125);
#11654=AXIS2_PLACEMENT_3D('',#17471,#14129,#14130);
#11655=AXIS2_PLACEMENT_3D('',#17480,#14135,#14136);
#11656=AXIS2_PLACEMENT_3D('',#17486,#14140,#14141);
#11657=AXIS2_PLACEMENT_3D('',#17489,#14144,#14145);
#11658=AXIS2_PLACEMENT_3D('',#17495,#14149,#14150);
#11659=AXIS2_PLACEMENT_3D('',#17504,#14155,#14156);
#11660=AXIS2_PLACEMENT_3D('',#17510,#14160,#14161);
#11661=AXIS2_PLACEMENT_3D('',#17513,#14164,#14165);
#11662=AXIS2_PLACEMENT_3D('',#17519,#14169,#14170);
#11663=AXIS2_PLACEMENT_3D('',#17528,#14175,#14176);
#11664=AXIS2_PLACEMENT_3D('',#17534,#14180,#14181);
#11665=AXIS2_PLACEMENT_3D('',#17537,#14184,#14185);
#11666=AXIS2_PLACEMENT_3D('',#17543,#14189,#14190);
#11667=AXIS2_PLACEMENT_3D('',#17552,#14195,#14196);
#11668=AXIS2_PLACEMENT_3D('',#17558,#14200,#14201);
#11669=AXIS2_PLACEMENT_3D('',#17561,#14204,#14205);
#11670=AXIS2_PLACEMENT_3D('',#17567,#14209,#14210);
#11671=AXIS2_PLACEMENT_3D('',#17576,#14215,#14216);
#11672=AXIS2_PLACEMENT_3D('',#17582,#14220,#14221);
#11673=AXIS2_PLACEMENT_3D('',#17585,#14224,#14225);
#11674=AXIS2_PLACEMENT_3D('',#17591,#14229,#14230);
#11675=AXIS2_PLACEMENT_3D('',#17597,#14234,#14235);
#11676=AXIS2_PLACEMENT_3D('',#17603,#14239,#14240);
#11677=AXIS2_PLACEMENT_3D('',#17606,#14243,#14244);
#11678=AXIS2_PLACEMENT_3D('',#17607,#14245,#14246);
#11679=AXIS2_PLACEMENT_3D('',#17609,#14248,#14249);
#11680=AXIS2_PLACEMENT_3D('',#17611,#14251,#14252);
#11681=AXIS2_PLACEMENT_3D('',#17613,#14254,#14255);
#11682=AXIS2_PLACEMENT_3D('',#17615,#14257,#14258);
#11683=AXIS2_PLACEMENT_3D('',#17617,#14260,#14261);
#11684=AXIS2_PLACEMENT_3D('',#17619,#14263,#14264);
#11685=AXIS2_PLACEMENT_3D('',#17621,#14266,#14267);
#11686=AXIS2_PLACEMENT_3D('',#17623,#14269,#14270);
#11687=AXIS2_PLACEMENT_3D('',#17625,#14272,#14273);
#11688=AXIS2_PLACEMENT_3D('',#17627,#14275,#14276);
#11689=AXIS2_PLACEMENT_3D('',#17629,#14278,#14279);
#11690=AXIS2_PLACEMENT_3D('',#17631,#14281,#14282);
#11691=AXIS2_PLACEMENT_3D('',#17633,#14284,#14285);
#11692=AXIS2_PLACEMENT_3D('',#17635,#14287,#14288);
#11693=AXIS2_PLACEMENT_3D('',#17637,#14290,#14291);
#11694=AXIS2_PLACEMENT_3D('',#17639,#14293,#14294);
#11695=AXIS2_PLACEMENT_3D('',#17641,#14296,#14297);
#11696=AXIS2_PLACEMENT_3D('',#17643,#14299,#14300);
#11697=AXIS2_PLACEMENT_3D('',#17645,#14302,#14303);
#11698=AXIS2_PLACEMENT_3D('',#17647,#14305,#14306);
#11699=AXIS2_PLACEMENT_3D('',#17649,#14308,#14309);
#11700=AXIS2_PLACEMENT_3D('',#17651,#14311,#14312);
#11701=AXIS2_PLACEMENT_3D('',#17653,#14314,#14315);
#11702=AXIS2_PLACEMENT_3D('',#17655,#14317,#14318);
#11703=AXIS2_PLACEMENT_3D('',#17657,#14320,#14321);
#11704=AXIS2_PLACEMENT_3D('',#17659,#14323,#14324);
#11705=AXIS2_PLACEMENT_3D('',#17661,#14326,#14327);
#11706=AXIS2_PLACEMENT_3D('',#17663,#14329,#14330);
#11707=AXIS2_PLACEMENT_3D('',#17665,#14332,#14333);
#11708=AXIS2_PLACEMENT_3D('',#17667,#14335,#14336);
#11709=AXIS2_PLACEMENT_3D('',#17669,#14338,#14339);
#11710=AXIS2_PLACEMENT_3D('',#17671,#14341,#14342);
#11711=AXIS2_PLACEMENT_3D('',#17673,#14344,#14345);
#11712=AXIS2_PLACEMENT_3D('',#17675,#14347,#14348);
#11713=AXIS2_PLACEMENT_3D('',#17677,#14350,#14351);
#11714=AXIS2_PLACEMENT_3D('',#17679,#14353,#14354);
#11715=AXIS2_PLACEMENT_3D('',#17681,#14356,#14357);
#11716=AXIS2_PLACEMENT_3D('',#17683,#14359,#14360);
#11717=AXIS2_PLACEMENT_3D('',#17685,#14362,#14363);
#11718=AXIS2_PLACEMENT_3D('',#17687,#14365,#14366);
#11719=AXIS2_PLACEMENT_3D('',#17689,#14368,#14369);
#11720=AXIS2_PLACEMENT_3D('',#17691,#14371,#14372);
#11721=AXIS2_PLACEMENT_3D('',#17693,#14374,#14375);
#11722=AXIS2_PLACEMENT_3D('',#17695,#14377,#14378);
#11723=AXIS2_PLACEMENT_3D('',#17697,#14380,#14381);
#11724=AXIS2_PLACEMENT_3D('',#17699,#14383,#14384);
#11725=AXIS2_PLACEMENT_3D('',#17701,#14386,#14387);
#11726=AXIS2_PLACEMENT_3D('',#17703,#14389,#14390);
#11727=AXIS2_PLACEMENT_3D('',#17705,#14392,#14393);
#11728=AXIS2_PLACEMENT_3D('',#17707,#14395,#14396);
#11729=AXIS2_PLACEMENT_3D('',#17709,#14398,#14399);
#11730=AXIS2_PLACEMENT_3D('',#17711,#14401,#14402);
#11731=AXIS2_PLACEMENT_3D('',#17713,#14404,#14405);
#11732=AXIS2_PLACEMENT_3D('',#17715,#14407,#14408);
#11733=AXIS2_PLACEMENT_3D('',#17717,#14410,#14411);
#11734=AXIS2_PLACEMENT_3D('',#17719,#14413,#14414);
#11735=AXIS2_PLACEMENT_3D('',#17721,#14416,#14417);
#11736=AXIS2_PLACEMENT_3D('',#17723,#14419,#14420);
#11737=AXIS2_PLACEMENT_3D('',#17725,#14422,#14423);
#11738=AXIS2_PLACEMENT_3D('',#17727,#14425,#14426);
#11739=AXIS2_PLACEMENT_3D('',#17729,#14428,#14429);
#11740=AXIS2_PLACEMENT_3D('',#17731,#14431,#14432);
#11741=AXIS2_PLACEMENT_3D('',#17733,#14434,#14435);
#11742=AXIS2_PLACEMENT_3D('',#17735,#14437,#14438);
#11743=AXIS2_PLACEMENT_3D('',#17737,#14440,#14441);
#11744=AXIS2_PLACEMENT_3D('',#17739,#14443,#14444);
#11745=AXIS2_PLACEMENT_3D('',#17741,#14446,#14447);
#11746=AXIS2_PLACEMENT_3D('',#17743,#14449,#14450);
#11747=AXIS2_PLACEMENT_3D('',#17745,#14452,#14453);
#11748=AXIS2_PLACEMENT_3D('',#17747,#14455,#14456);
#11749=AXIS2_PLACEMENT_3D('',#17748,#14457,#14458);
#11750=AXIS2_PLACEMENT_3D('',#17749,#14459,#14460);
#11751=AXIS2_PLACEMENT_3D('',#17750,#14461,#14462);
#11752=AXIS2_PLACEMENT_3D('',#17753,#14465,#14466);
#11753=AXIS2_PLACEMENT_3D('',#17755,#14468,#14469);
#11754=AXIS2_PLACEMENT_3D('',#17757,#14471,#14472);
#11755=AXIS2_PLACEMENT_3D('',#17760,#14475,#14476);
#11756=AXIS2_PLACEMENT_3D('',#17761,#14477,#14478);
#11757=AXIS2_PLACEMENT_3D('',#17762,#14479,#14480);
#11758=AXIS2_PLACEMENT_3D('',#17763,#14481,#14482);
#11759=AXIS2_PLACEMENT_3D('',#17766,#14483,#14484);
#11760=AXIS2_PLACEMENT_3D('',#17770,#14486,#14487);
#11761=AXIS2_PLACEMENT_3D('',#17772,#14489,#14490);
#11762=AXIS2_PLACEMENT_3D('',#17778,#14494,#14495);
#11763=AXIS2_PLACEMENT_3D('',#17780,#14496,#14497);
#11764=AXIS2_PLACEMENT_3D('',#17783,#14499,#14500);
#11765=AXIS2_PLACEMENT_3D('',#17784,#14501,#14502);
#11766=AXIS2_PLACEMENT_3D('',#17790,#14506,#14507);
#11767=AXIS2_PLACEMENT_3D('',#17792,#14508,#14509);
#11768=AXIS2_PLACEMENT_3D('',#17795,#14511,#14512);
#11769=AXIS2_PLACEMENT_3D('',#17796,#14513,#14514);
#11770=AXIS2_PLACEMENT_3D('',#17802,#14518,#14519);
#11771=AXIS2_PLACEMENT_3D('',#17804,#14520,#14521);
#11772=AXIS2_PLACEMENT_3D('',#17806,#14522,#14523);
#11773=AXIS2_PLACEMENT_3D('',#17808,#14525,#14526);
#11774=AXIS2_PLACEMENT_3D('',#17811,#14529,#14530);
#11775=AXIS2_PLACEMENT_3D('',#17813,#14531,#14532);
#11776=AXIS2_PLACEMENT_3D('',#17816,#14534,#14535);
#11777=AXIS2_PLACEMENT_3D('',#17817,#14536,#14537);
#11778=AXIS2_PLACEMENT_3D('',#17819,#14538,#14539);
#11779=AXIS2_PLACEMENT_3D('',#17822,#14541,#14542);
#11780=AXIS2_PLACEMENT_3D('',#17823,#14543,#14544);
#11781=AXIS2_PLACEMENT_3D('',#17825,#14545,#14546);
#11782=AXIS2_PLACEMENT_3D('',#17828,#14548,#14549);
#11783=AXIS2_PLACEMENT_3D('',#17829,#14550,#14551);
#11784=AXIS2_PLACEMENT_3D('',#17831,#14552,#14553);
#11785=AXIS2_PLACEMENT_3D('',#17834,#14555,#14556);
#11786=AXIS2_PLACEMENT_3D('',#17835,#14557,#14558);
#11787=AXIS2_PLACEMENT_3D('',#17844,#14563,#14564);
#11788=AXIS2_PLACEMENT_3D('',#17846,#14565,#14566);
#11789=AXIS2_PLACEMENT_3D('',#17848,#14567,#14568);
#11790=AXIS2_PLACEMENT_3D('',#17850,#14570,#14571);
#11791=AXIS2_PLACEMENT_3D('',#17856,#14575,#14576);
#11792=AXIS2_PLACEMENT_3D('',#17858,#14577,#14578);
#11793=AXIS2_PLACEMENT_3D('',#17860,#14579,#14580);
#11794=AXIS2_PLACEMENT_3D('',#17862,#14582,#14583);
#11795=AXIS2_PLACEMENT_3D('',#17868,#14587,#14588);
#11796=AXIS2_PLACEMENT_3D('',#17870,#14589,#14590);
#11797=AXIS2_PLACEMENT_3D('',#17872,#14591,#14592);
#11798=AXIS2_PLACEMENT_3D('',#17874,#14594,#14595);
#11799=AXIS2_PLACEMENT_3D('',#17880,#14599,#14600);
#11800=AXIS2_PLACEMENT_3D('',#17881,#14601,#14602);
#11801=AXIS2_PLACEMENT_3D('',#17882,#14603,#14604);
#11802=AXIS2_PLACEMENT_3D('',#17883,#14605,#14606);
#11803=AXIS2_PLACEMENT_3D('',#17884,#14607,#14608);
#11804=AXIS2_PLACEMENT_3D('',#17885,#14609,#14610);
#11805=AXIS2_PLACEMENT_3D('',#17886,#14611,#14612);
#11806=AXIS2_PLACEMENT_3D('',#17887,#14613,#14614);
#11807=AXIS2_PLACEMENT_3D('',#17896,#14619,#14620);
#11808=AXIS2_PLACEMENT_3D('',#17899,#14621,#14622);
#11809=AXIS2_PLACEMENT_3D('',#17903,#14624,#14625);
#11810=AXIS2_PLACEMENT_3D('',#17905,#14627,#14628);
#11811=AXIS2_PLACEMENT_3D('',#17907,#14629,#14630);
#11812=AXIS2_PLACEMENT_3D('',#17909,#14631,#14632);
#11813=AXIS2_PLACEMENT_3D('',#17911,#14634,#14635);
#11814=AXIS2_PLACEMENT_3D('',#17917,#14639,#14640);
#11815=AXIS2_PLACEMENT_3D('',#17918,#14641,#14642);
#11816=AXIS2_PLACEMENT_3D('',#17919,#14643,#14644);
#11817=AXIS2_PLACEMENT_3D('',#17920,#14645,#14646);
#11818=AXIS2_PLACEMENT_3D('',#17922,#14647,#14648);
#11819=AXIS2_PLACEMENT_3D('',#17924,#14649,#14650);
#11820=AXIS2_PLACEMENT_3D('',#17926,#14652,#14653);
#11821=AXIS2_PLACEMENT_3D('',#17928,#14654,#14655);
#11822=AXIS2_PLACEMENT_3D('',#17930,#14656,#14657);
#11823=AXIS2_PLACEMENT_3D('',#17932,#14659,#14660);
#11824=AXIS2_PLACEMENT_3D('',#17938,#14664,#14665);
#11825=AXIS2_PLACEMENT_3D('',#17943,#14667,#14668);
#11826=AXIS2_PLACEMENT_3D('',#17945,#14669,#14670);
#11827=AXIS2_PLACEMENT_3D('',#17949,#14672,#14673);
#11828=AXIS2_PLACEMENT_3D('',#17951,#14674,#14675);
#11829=AXIS2_PLACEMENT_3D('',#17955,#14677,#14678);
#11830=AXIS2_PLACEMENT_3D('',#17957,#14679,#14680);
#11831=AXIS2_PLACEMENT_3D('',#17959,#14681,#14682);
#11832=AXIS2_PLACEMENT_3D('',#17961,#14683,#14684);
#11833=AXIS2_PLACEMENT_3D('',#17963,#14685,#14686);
#11834=AXIS2_PLACEMENT_3D('',#17967,#14688,#14689);
#11835=AXIS2_PLACEMENT_3D('',#17969,#14690,#14691);
#11836=AXIS2_PLACEMENT_3D('',#17973,#14693,#14694);
#11837=AXIS2_PLACEMENT_3D('',#17975,#14695,#14696);
#11838=AXIS2_PLACEMENT_3D('',#17979,#14698,#14699);
#11839=AXIS2_PLACEMENT_3D('',#17981,#14700,#14701);
#11840=AXIS2_PLACEMENT_3D('',#17983,#14702,#14703);
#11841=AXIS2_PLACEMENT_3D('',#17985,#14704,#14705);
#11842=AXIS2_PLACEMENT_3D('',#17986,#14706,#14707);
#11843=AXIS2_PLACEMENT_3D('',#17989,#14708,#14709);
#11844=AXIS2_PLACEMENT_3D('',#17991,#14710,#14711);
#11845=AXIS2_PLACEMENT_3D('',#17994,#14713,#14714);
#11846=AXIS2_PLACEMENT_3D('',#17997,#14715,#14716);
#11847=AXIS2_PLACEMENT_3D('',#17999,#14717,#14718);
#11848=AXIS2_PLACEMENT_3D('',#18001,#14719,#14720);
#11849=AXIS2_PLACEMENT_3D('',#18005,#14722,#14723);
#11850=AXIS2_PLACEMENT_3D('',#18009,#14725,#14726);
#11851=AXIS2_PLACEMENT_3D('',#18013,#14728,#14729);
#11852=AXIS2_PLACEMENT_3D('',#18017,#14731,#14732);
#11853=AXIS2_PLACEMENT_3D('',#18019,#14733,#14734);
#11854=AXIS2_PLACEMENT_3D('',#18021,#14735,#14736);
#11855=AXIS2_PLACEMENT_3D('',#18025,#14738,#14739);
#11856=AXIS2_PLACEMENT_3D('',#18029,#14741,#14742);
#11857=AXIS2_PLACEMENT_3D('',#18033,#14744,#14745);
#11858=AXIS2_PLACEMENT_3D('',#18037,#14747,#14748);
#11859=AXIS2_PLACEMENT_3D('',#18039,#14749,#14750);
#11860=AXIS2_PLACEMENT_3D('',#18041,#14751,#14752);
#11861=AXIS2_PLACEMENT_3D('',#18044,#14754,#14755);
#11862=AXIS2_PLACEMENT_3D('',#18046,#14756,#14757);
#11863=AXIS2_PLACEMENT_3D('',#18048,#14758,#14759);
#11864=AXIS2_PLACEMENT_3D('',#18052,#14761,#14762);
#11865=AXIS2_PLACEMENT_3D('',#18054,#14763,#14764);
#11866=AXIS2_PLACEMENT_3D('',#18056,#14765,#14766);
#11867=AXIS2_PLACEMENT_3D('',#18058,#14767,#14768);
#11868=AXIS2_PLACEMENT_3D('',#18062,#14770,#14771);
#11869=AXIS2_PLACEMENT_3D('',#18066,#14773,#14774);
#11870=AXIS2_PLACEMENT_3D('',#18068,#14775,#14776);
#11871=AXIS2_PLACEMENT_3D('',#18072,#14778,#14779);
#11872=AXIS2_PLACEMENT_3D('',#18074,#14780,#14781);
#11873=AXIS2_PLACEMENT_3D('',#18076,#14782,#14783);
#11874=AXIS2_PLACEMENT_3D('',#18080,#14785,#14786);
#11875=AXIS2_PLACEMENT_3D('',#18081,#14787,#14788);
#11876=AXIS2_PLACEMENT_3D('',#18082,#14789,#14790);
#11877=AXIS2_PLACEMENT_3D('',#18088,#14794,#14795);
#11878=AXIS2_PLACEMENT_3D('',#18091,#14796,#14797);
#11879=AXIS2_PLACEMENT_3D('',#18094,#14800,#14801);
#11880=AXIS2_PLACEMENT_3D('',#18096,#14802,#14803);
#11881=AXIS2_PLACEMENT_3D('',#18098,#14805,#14806);
#11882=AXIS2_PLACEMENT_3D('',#18102,#14809,#14810);
#11883=AXIS2_PLACEMENT_3D('',#18103,#14811,#14812);
#11884=AXIS2_PLACEMENT_3D('',#18104,#14813,#14814);
#11885=AXIS2_PLACEMENT_3D('',#18106,#14815,#14816);
#11886=AXIS2_PLACEMENT_3D('',#18108,#14818,#14819);
#11887=AXIS2_PLACEMENT_3D('',#18110,#14820,#14821);
#11888=AXIS2_PLACEMENT_3D('',#18112,#14823,#14824);
#11889=AXIS2_PLACEMENT_3D('',#18116,#14827,#14828);
#11890=AXIS2_PLACEMENT_3D('',#18119,#14830,#14831);
#11891=AXIS2_PLACEMENT_3D('',#18120,#14832,#14833);
#11892=AXIS2_PLACEMENT_3D('',#18124,#14835,#14836);
#11893=AXIS2_PLACEMENT_3D('',#18126,#14838,#14839);
#11894=AXIS2_PLACEMENT_3D('',#18129,#14841,#14842);
#11895=AXIS2_PLACEMENT_3D('',#18130,#14843,#14844);
#11896=AXIS2_PLACEMENT_3D('',#18132,#14845,#14846);
#11897=AXIS2_PLACEMENT_3D('',#18134,#14848,#14849);
#11898=AXIS2_PLACEMENT_3D('',#18137,#14850,#14851);
#11899=AXIS2_PLACEMENT_3D('',#18140,#14854,#14855);
#11900=AXIS2_PLACEMENT_3D('',#18142,#14856,#14857);
#11901=AXIS2_PLACEMENT_3D('',#18144,#14859,#14860);
#11902=AXIS2_PLACEMENT_3D('',#18146,#14861,#14862);
#11903=AXIS2_PLACEMENT_3D('',#18148,#14864,#14865);
#11904=AXIS2_PLACEMENT_3D('',#18153,#14868,#14869);
#11905=AXIS2_PLACEMENT_3D('',#18154,#14870,#14871);
#11906=AXIS2_PLACEMENT_3D('',#18156,#14872,#14873);
#11907=AXIS2_PLACEMENT_3D('',#18158,#14874,#14875);
#11908=AXIS2_PLACEMENT_3D('',#18162,#14877,#14878);
#11909=AXIS2_PLACEMENT_3D('',#18164,#14879,#14880);
#11910=AXIS2_PLACEMENT_3D('',#18168,#14882,#14883);
#11911=AXIS2_PLACEMENT_3D('',#18170,#14884,#14885);
#11912=AXIS2_PLACEMENT_3D('',#18173,#14887,#14888);
#11913=AXIS2_PLACEMENT_3D('',#18175,#14889,#14890);
#11914=AXIS2_PLACEMENT_3D('',#18179,#14892,#14893);
#11915=AXIS2_PLACEMENT_3D('',#18181,#14894,#14895);
#11916=AXIS2_PLACEMENT_3D('',#18185,#14897,#14898);
#11917=AXIS2_PLACEMENT_3D('',#18187,#14899,#14900);
#11918=AXIS2_PLACEMENT_3D('',#18190,#14902,#14903);
#11919=AXIS2_PLACEMENT_3D('',#18192,#14904,#14905);
#11920=AXIS2_PLACEMENT_3D('',#18196,#14907,#14908);
#11921=AXIS2_PLACEMENT_3D('',#18198,#14909,#14910);
#11922=AXIS2_PLACEMENT_3D('',#18199,#14911,#14912);
#11923=AXIS2_PLACEMENT_3D('',#18201,#14913,#14914);
#11924=AXIS2_PLACEMENT_3D('',#18205,#14916,#14917);
#11925=AXIS2_PLACEMENT_3D('',#18207,#14918,#14919);
#11926=AXIS2_PLACEMENT_3D('',#18208,#14920,#14921);
#11927=AXIS2_PLACEMENT_3D('',#18212,#14923,#14924);
#11928=AXIS2_PLACEMENT_3D('',#18213,#14925,#14926);
#11929=AXIS2_PLACEMENT_3D('',#18216,#14927,#14928);
#11930=AXIS2_PLACEMENT_3D('',#18220,#14930,#14931);
#11931=AXIS2_PLACEMENT_3D('',#18222,#14932,#14933);
#11932=AXIS2_PLACEMENT_3D('',#18224,#14934,#14935);
#11933=AXIS2_PLACEMENT_3D('',#18228,#14937,#14938);
#11934=AXIS2_PLACEMENT_3D('',#18232,#14940,#14941);
#11935=AXIS2_PLACEMENT_3D('',#18236,#14943,#14944);
#11936=AXIS2_PLACEMENT_3D('',#18240,#14946,#14947);
#11937=AXIS2_PLACEMENT_3D('',#18242,#14948,#14949);
#11938=AXIS2_PLACEMENT_3D('',#18244,#14950,#14951);
#11939=AXIS2_PLACEMENT_3D('',#18248,#14953,#14954);
#11940=AXIS2_PLACEMENT_3D('',#18252,#14956,#14957);
#11941=AXIS2_PLACEMENT_3D('',#18258,#14960,#14961);
#11942=AXIS2_PLACEMENT_3D('',#18260,#14962,#14963);
#11943=AXIS2_PLACEMENT_3D('',#18261,#14964,#14965);
#11944=AXIS2_PLACEMENT_3D('',#18262,#14966,#14967);
#11945=AXIS2_PLACEMENT_3D('',#18264,#14969,#14970);
#11946=AXIS2_PLACEMENT_3D('',#18266,#14972,#14973);
#11947=AXIS2_PLACEMENT_3D('',#18268,#14975,#14976);
#11948=AXIS2_PLACEMENT_3D('',#18271,#14979,#14980);
#11949=AXIS2_PLACEMENT_3D('',#18273,#14982,#14983);
#11950=AXIS2_PLACEMENT_3D('',#18275,#14985,#14986);
#11951=AXIS2_PLACEMENT_3D('',#18277,#14988,#14989);
#11952=AXIS2_PLACEMENT_3D('',#18280,#14992,#14993);
#11953=AXIS2_PLACEMENT_3D('',#18283,#14996,#14997);
#11954=AXIS2_PLACEMENT_3D('',#18285,#14999,#15000);
#11955=AXIS2_PLACEMENT_3D('',#18287,#15002,#15003);
#11956=AXIS2_PLACEMENT_3D('',#18289,#15005,#15006);
#11957=AXIS2_PLACEMENT_3D('',#18291,#15008,#15009);
#11958=AXIS2_PLACEMENT_3D('',#18293,#15011,#15012);
#11959=AXIS2_PLACEMENT_3D('',#18295,#15014,#15015);
#11960=AXIS2_PLACEMENT_3D('',#18297,#15017,#15018);
#11961=AXIS2_PLACEMENT_3D('',#18299,#15020,#15021);
#11962=AXIS2_PLACEMENT_3D('',#18300,#15022,#15023);
#11963=AXIS2_PLACEMENT_3D('',#18303,#15026,#15027);
#11964=AXIS2_PLACEMENT_3D('',#18305,#15029,#15030);
#11965=AXIS2_PLACEMENT_3D('',#18307,#15032,#15033);
#11966=AXIS2_PLACEMENT_3D('',#18309,#15035,#15036);
#11967=AXIS2_PLACEMENT_3D('',#18311,#15038,#15039);
#11968=AXIS2_PLACEMENT_3D('',#18313,#15041,#15042);
#11969=AXIS2_PLACEMENT_3D('',#18315,#15044,#15045);
#11970=AXIS2_PLACEMENT_3D('',#18317,#15047,#15048);
#11971=AXIS2_PLACEMENT_3D('',#18319,#15050,#15051);
#11972=AXIS2_PLACEMENT_3D('',#18320,#15052,#15053);
#11973=AXIS2_PLACEMENT_3D('',#18322,#15055,#15056);
#11974=AXIS2_PLACEMENT_3D('',#18324,#15058,#15059);
#11975=AXIS2_PLACEMENT_3D('',#18326,#15061,#15062);
#11976=AXIS2_PLACEMENT_3D('',#18327,#15063,#15064);
#11977=AXIS2_PLACEMENT_3D('',#18328,#15065,#15066);
#11978=AXIS2_PLACEMENT_3D('',#18330,#15068,#15069);
#11979=AXIS2_PLACEMENT_3D('',#18332,#15071,#15072);
#11980=AXIS2_PLACEMENT_3D('',#18334,#15074,#15075);
#11981=AXIS2_PLACEMENT_3D('',#18336,#15077,#15078);
#11982=AXIS2_PLACEMENT_3D('',#18337,#15079,#15080);
#11983=AXIS2_PLACEMENT_3D('',#18339,#15082,#15083);
#11984=AXIS2_PLACEMENT_3D('',#18341,#15085,#15086);
#11985=AXIS2_PLACEMENT_3D('',#18343,#15088,#15089);
#11986=AXIS2_PLACEMENT_3D('',#18345,#15091,#15092);
#11987=AXIS2_PLACEMENT_3D('',#18347,#15094,#15095);
#11988=AXIS2_PLACEMENT_3D('',#18349,#15097,#15098);
#11989=AXIS2_PLACEMENT_3D('',#18351,#15100,#15101);
#11990=AXIS2_PLACEMENT_3D('',#18352,#15102,#15103);
#11991=AXIS2_PLACEMENT_3D('',#18353,#15104,#15105);
#11992=AXIS2_PLACEMENT_3D('',#18355,#15107,#15108);
#11993=AXIS2_PLACEMENT_3D('',#18357,#15110,#15111);
#11994=AXIS2_PLACEMENT_3D('',#18359,#15113,#15114);
#11995=AXIS2_PLACEMENT_3D('',#18361,#15116,#15117);
#11996=AXIS2_PLACEMENT_3D('',#18363,#15119,#15120);
#11997=AXIS2_PLACEMENT_3D('',#18365,#15122,#15123);
#11998=AXIS2_PLACEMENT_3D('',#18366,#15124,#15125);
#11999=AXIS2_PLACEMENT_3D('',#18368,#15127,#15128);
#12000=AXIS2_PLACEMENT_3D('',#18369,#15129,#15130);
#12001=AXIS2_PLACEMENT_3D('',#18370,#15131,#15132);
#12002=AXIS2_PLACEMENT_3D('',#18371,#15133,#15134);
#12003=AXIS2_PLACEMENT_3D('',#18372,#15135,#15136);
#12004=AXIS2_PLACEMENT_3D('',#18373,#15137,#15138);
#12005=AXIS2_PLACEMENT_3D('',#18374,#15139,#15140);
#12006=AXIS2_PLACEMENT_3D('',#18377,#15141,#15142);
#12007=AXIS2_PLACEMENT_3D('',#18381,#15144,#15145);
#12008=AXIS2_PLACEMENT_3D('',#18383,#15147,#15148);
#12009=AXIS2_PLACEMENT_3D('',#18389,#15152,#15153);
#12010=AXIS2_PLACEMENT_3D('',#18393,#15155,#15156);
#12011=AXIS2_PLACEMENT_3D('',#18397,#15158,#15159);
#12012=AXIS2_PLACEMENT_3D('',#18400,#15161,#15162);
#12013=AXIS2_PLACEMENT_3D('',#18402,#15163,#15164);
#12014=AXIS2_PLACEMENT_3D('',#18404,#15165,#15166);
#12015=AXIS2_PLACEMENT_3D('',#18406,#15167,#15168);
#12016=AXIS2_PLACEMENT_3D('',#18408,#15169,#15170);
#12017=AXIS2_PLACEMENT_3D('',#18409,#15171,#15172);
#12018=AXIS2_PLACEMENT_3D('',#18412,#15174,#15175);
#12019=AXIS2_PLACEMENT_3D('',#18413,#15176,#15177);
#12020=AXIS2_PLACEMENT_3D('',#18417,#15180,#15181);
#12021=AXIS2_PLACEMENT_3D('',#18420,#15183,#15184);
#12022=AXIS2_PLACEMENT_3D('',#18421,#15185,#15186);
#12023=AXIS2_PLACEMENT_3D('',#18425,#15189,#15190);
#12024=AXIS2_PLACEMENT_3D('',#18428,#15192,#15193);
#12025=AXIS2_PLACEMENT_3D('',#18429,#15194,#15195);
#12026=AXIS2_PLACEMENT_3D('',#18432,#15197,#15198);
#12027=AXIS2_PLACEMENT_3D('',#18433,#15199,#15200);
#12028=AXIS2_PLACEMENT_3D('',#18436,#15202,#15203);
#12029=AXIS2_PLACEMENT_3D('',#18437,#15204,#15205);
#12030=AXIS2_PLACEMENT_3D('',#18440,#15207,#15208);
#12031=AXIS2_PLACEMENT_3D('',#18441,#15209,#15210);
#12032=AXIS2_PLACEMENT_3D('',#18444,#15212,#15213);
#12033=AXIS2_PLACEMENT_3D('',#18445,#15214,#15215);
#12034=AXIS2_PLACEMENT_3D('',#18447,#15217,#15218);
#12035=AXIS2_PLACEMENT_3D('',#18448,#15219,#15220);
#12036=AXIS2_PLACEMENT_3D('',#18449,#15221,#15222);
#12037=AXIS2_PLACEMENT_3D('',#18450,#15223,#15224);
#12038=AXIS2_PLACEMENT_3D('',#18459,#15229,#15230);
#12039=AXIS2_PLACEMENT_3D('',#18465,#15234,#15235);
#12040=AXIS2_PLACEMENT_3D('',#18471,#15239,#15240);
#12041=AXIS2_PLACEMENT_3D('',#18474,#15243,#15244);
#12042=AXIS2_PLACEMENT_3D('',#18475,#15245,#15246);
#12043=AXIS2_PLACEMENT_3D('',#18476,#15247,#15248);
#12044=AXIS2_PLACEMENT_3D('',#18477,#15249,#15250);
#12045=AXIS2_PLACEMENT_3D('',#18478,#15251,#15252);
#12046=AXIS2_PLACEMENT_3D('',#18479,#15253,#15254);
#12047=AXIS2_PLACEMENT_3D('',#18480,#15255,#15256);
#12048=AXIS2_PLACEMENT_3D('',#18481,#15257,#15258);
#12049=AXIS2_PLACEMENT_3D('',#18482,#15259,#15260);
#12050=AXIS2_PLACEMENT_3D('',#18483,#15261,#15262);
#12051=AXIS2_PLACEMENT_3D('',#18484,#15263,#15264);
#12052=AXIS2_PLACEMENT_3D('',#18485,#15265,#15266);
#12053=AXIS2_PLACEMENT_3D('',#18486,#15267,#15268);
#12054=AXIS2_PLACEMENT_3D('',#18487,#15269,#15270);
#12055=DIRECTION('axis',(0.,0.,1.));
#12056=DIRECTION('refdir',(1.,0.,0.));
#12057=DIRECTION('axis',(0.,0.,1.));
#12058=DIRECTION('refdir',(1.,0.,0.));
#12059=DIRECTION('center_axis',(0.,0.,1.));
#12060=DIRECTION('ref_axis',(0.952279628422519,-0.305226979953392,0.));
#12061=DIRECTION('center_axis',(0.,0.,-1.));
#12062=DIRECTION('ref_axis',(0.952279628422519,-0.305226979953392,0.));
#12063=DIRECTION('',(0.,0.,1.));
#12064=DIRECTION('center_axis',(0.,0.,1.));
#12065=DIRECTION('ref_axis',(0.952279628422519,-0.305226979953392,0.));
#12066=DIRECTION('',(0.,0.,1.));
#12067=DIRECTION('center_axis',(0.,0.,1.));
#12068=DIRECTION('ref_axis',(0.425720129428047,-0.904854889692136,0.));
#12069=DIRECTION('center_axis',(0.,0.,1.));
#12070=DIRECTION('ref_axis',(0.425720129428047,-0.904854889692136,0.));
#12071=DIRECTION('center_axis',(0.,0.,-1.));
#12072=DIRECTION('ref_axis',(0.425720129428047,-0.904854889692136,0.));
#12073=DIRECTION('',(0.,0.,1.));
#12074=DIRECTION('center_axis',(0.,0.,1.));
#12075=DIRECTION('ref_axis',(-5.02984665483712E-16,1.,0.));
#12076=DIRECTION('center_axis',(0.,0.,-1.));
#12077=DIRECTION('ref_axis',(-5.02984665483712E-16,1.,0.));
#12078=DIRECTION('center_axis',(0.,0.,1.));
#12079=DIRECTION('ref_axis',(-5.02984665483712E-16,1.,0.));
#12080=DIRECTION('',(0.,0.,1.));
#12081=DIRECTION('center_axis',(0.,1.,0.));
#12082=DIRECTION('ref_axis',(-1.,0.,0.));
#12083=DIRECTION('',(1.,0.,0.));
#12084=DIRECTION('',(-1.,0.,0.));
#12085=DIRECTION('',(0.,0.,1.));
#12086=DIRECTION('center_axis',(0.,0.,1.));
#12087=DIRECTION('ref_axis',(0.999634703184158,0.0270270270270279,0.));
#12088=DIRECTION('center_axis',(0.,0.,-1.));
#12089=DIRECTION('ref_axis',(0.999634703184158,0.0270270270270279,0.));
#12090=DIRECTION('center_axis',(0.,0.,1.));
#12091=DIRECTION('ref_axis',(0.999634703184158,0.0270270270270279,0.));
#12092=DIRECTION('',(0.,0.,1.));
#12093=DIRECTION('center_axis',(0.,0.,1.));
#12094=DIRECTION('ref_axis',(-3.82835525732813E-15,-1.,0.));
#12095=DIRECTION('center_axis',(0.,0.,1.));
#12096=DIRECTION('ref_axis',(-3.82835525732813E-15,-1.,0.));
#12097=DIRECTION('center_axis',(0.,0.,-1.));
#12098=DIRECTION('ref_axis',(-3.82835525732813E-15,-1.,0.));
#12099=DIRECTION('',(0.,0.,1.));
#12100=DIRECTION('center_axis',(0.,1.,0.));
#12101=DIRECTION('ref_axis',(-1.,0.,0.));
#12102=DIRECTION('',(1.,0.,0.));
#12103=DIRECTION('',(-1.,0.,0.));
#12104=DIRECTION('',(0.,0.,1.));
#12105=DIRECTION('center_axis',(0.,0.,1.));
#12106=DIRECTION('ref_axis',(0.957450231248508,0.288598431531042,0.));
#12107=DIRECTION('center_axis',(0.,0.,1.));
#12108=DIRECTION('ref_axis',(0.957450231248508,0.288598431531042,0.));
#12109=DIRECTION('center_axis',(0.,0.,-1.));
#12110=DIRECTION('ref_axis',(0.957450231248508,0.288598431531042,0.));
#12111=DIRECTION('',(0.,0.,1.));
#12112=DIRECTION('center_axis',(0.,0.,1.));
#12113=DIRECTION('ref_axis',(-1.,-1.6565565876333E-15,0.));
#12114=DIRECTION('center_axis',(0.,0.,-1.));
#12115=DIRECTION('ref_axis',(-1.,-1.6565565876333E-15,0.));
#12116=DIRECTION('center_axis',(0.,0.,1.));
#12117=DIRECTION('ref_axis',(-1.,-1.6565565876333E-15,0.));
#12118=DIRECTION('',(0.,0.,1.));
#12119=DIRECTION('center_axis',(-1.,1.22464679914735E-16,0.));
#12120=DIRECTION('ref_axis',(-1.22464679914735E-16,-1.,0.));
#12121=DIRECTION('',(1.22464679914735E-16,1.,0.));
#12122=DIRECTION('',(-1.22464679914735E-16,-1.,0.));
#12123=DIRECTION('',(0.,0.,1.));
#12124=DIRECTION('center_axis',(0.,0.,1.));
#12125=DIRECTION('ref_axis',(1.,1.73237664883852E-16,0.));
#12126=DIRECTION('center_axis',(0.,0.,1.));
#12127=DIRECTION('ref_axis',(1.,1.73237664883852E-16,0.));
#12128=DIRECTION('',(0.,0.,1.));
#12129=DIRECTION('center_axis',(0.,0.,1.));
#12130=DIRECTION('ref_axis',(1.,1.73237664883852E-16,0.));
#12131=DIRECTION('',(0.,0.,1.));
#12132=DIRECTION('center_axis',(0.,0.,1.));
#12133=DIRECTION('ref_axis',(-0.957450231248508,-0.288598431531043,0.));
#12134=DIRECTION('center_axis',(0.,0.,-1.));
#12135=DIRECTION('ref_axis',(-0.957450231248508,-0.288598431531043,0.));
#12136=DIRECTION('center_axis',(0.,0.,-1.));
#12137=DIRECTION('ref_axis',(-0.957450231248508,-0.288598431531043,0.));
#12138=DIRECTION('',(0.,0.,1.));
#12139=DIRECTION('center_axis',(1.22464679914735E-16,1.,0.));
#12140=DIRECTION('ref_axis',(-1.,1.22464679914735E-16,0.));
#12141=DIRECTION('',(1.,-1.22464679914735E-16,0.));
#12142=DIRECTION('',(1.,-1.22464679914735E-16,0.));
#12143=DIRECTION('',(0.,0.,1.));
#12144=DIRECTION('center_axis',(0.,0.,1.));
#12145=DIRECTION('ref_axis',(1.35604581838713E-15,1.,0.));
#12146=DIRECTION('center_axis',(0.,0.,-1.));
#12147=DIRECTION('ref_axis',(1.35604581838713E-15,1.,0.));
#12148=DIRECTION('center_axis',(0.,0.,-1.));
#12149=DIRECTION('ref_axis',(1.35604581838713E-15,1.,0.));
#12150=DIRECTION('',(0.,0.,1.));
#12151=DIRECTION('center_axis',(0.,0.,1.));
#12152=DIRECTION('ref_axis',(-0.999634703184158,-0.0270270270270292,0.));
#12153=DIRECTION('center_axis',(0.,0.,1.));
#12154=DIRECTION('ref_axis',(-0.999634703184158,-0.0270270270270292,0.));
#12155=DIRECTION('center_axis',(0.,0.,1.));
#12156=DIRECTION('ref_axis',(-0.999634703184158,-0.0270270270270292,0.));
#12157=DIRECTION('',(0.,0.,1.));
#12158=DIRECTION('center_axis',(1.22464679914735E-16,1.,0.));
#12159=DIRECTION('ref_axis',(-1.,1.22464679914735E-16,0.));
#12160=DIRECTION('',(1.,-1.22464679914735E-16,0.));
#12161=DIRECTION('',(1.,-1.22464679914735E-16,0.));
#12162=DIRECTION('',(0.,0.,1.));
#12163=DIRECTION('center_axis',(0.,0.,1.));
#12164=DIRECTION('ref_axis',(1.10615411954564E-15,-1.,0.));
#12165=DIRECTION('center_axis',(0.,0.,1.));
#12166=DIRECTION('ref_axis',(1.10615411954564E-15,-1.,0.));
#12167=DIRECTION('center_axis',(0.,0.,1.));
#12168=DIRECTION('ref_axis',(1.10615411954564E-15,-1.,0.));
#12169=DIRECTION('',(0.,0.,1.));
#12170=DIRECTION('center_axis',(0.,0.,1.));
#12171=DIRECTION('ref_axis',(-0.425720129428191,0.904854889692068,0.));
#12172=DIRECTION('center_axis',(0.,0.,-1.));
#12173=DIRECTION('ref_axis',(-0.425720129428191,0.904854889692068,0.));
#12174=DIRECTION('center_axis',(0.,0.,-1.));
#12175=DIRECTION('ref_axis',(-0.425720129428191,0.904854889692068,0.));
#12176=DIRECTION('',(0.,0.,1.));
#12177=DIRECTION('center_axis',(0.,0.,1.));
#12178=DIRECTION('ref_axis',(-0.952279628422495,0.305226979953467,0.));
#12179=DIRECTION('center_axis',(0.,0.,1.));
#12180=DIRECTION('ref_axis',(-0.952279628422495,0.305226979953467,0.));
#12181=DIRECTION('center_axis',(0.,0.,1.));
#12182=DIRECTION('ref_axis',(-0.952279628422495,0.305226979953467,0.));
#12183=DIRECTION('',(0.,0.,1.));
#12184=DIRECTION('center_axis',(1.,0.,0.));
#12185=DIRECTION('ref_axis',(0.,1.,0.));
#12186=DIRECTION('',(0.,-1.,0.));
#12187=DIRECTION('',(0.,-1.,0.));
#12188=DIRECTION('',(0.,0.,1.));
#12189=DIRECTION('center_axis',(0.,0.,1.));
#12190=DIRECTION('ref_axis',(-0.952279628422519,0.305226979953393,0.));
#12191=DIRECTION('center_axis',(0.,0.,-1.));
#12192=DIRECTION('ref_axis',(-0.952279628422519,0.305226979953393,0.));
#12193=DIRECTION('center_axis',(0.,0.,1.));
#12194=DIRECTION('ref_axis',(-0.952279628422519,0.305226979953393,0.));
#12195=DIRECTION('',(0.,0.,1.));
#12196=DIRECTION('center_axis',(0.,0.,1.));
#12197=DIRECTION('ref_axis',(-0.425720129428047,0.904854889692136,0.));
#12198=DIRECTION('center_axis',(0.,0.,1.));
#12199=DIRECTION('ref_axis',(-0.425720129428047,0.904854889692136,0.));
#12200=DIRECTION('center_axis',(0.,0.,-1.));
#12201=DIRECTION('ref_axis',(-0.425720129428047,0.904854889692136,0.));
#12202=DIRECTION('',(0.,0.,1.));
#12203=DIRECTION('center_axis',(0.,0.,1.));
#12204=DIRECTION('ref_axis',(3.80519985568976E-16,-1.,0.));
#12205=DIRECTION('center_axis',(0.,0.,-1.));
#12206=DIRECTION('ref_axis',(3.80519985568976E-16,-1.,0.));
#12207=DIRECTION('center_axis',(0.,0.,1.));
#12208=DIRECTION('ref_axis',(3.80519985568976E-16,-1.,0.));
#12209=DIRECTION('',(0.,0.,1.));
#12210=DIRECTION('center_axis',(-1.22464679914735E-16,-1.,0.));
#12211=DIRECTION('ref_axis',(1.,-1.22464679914735E-16,0.));
#12212=DIRECTION('',(-1.,1.22464679914735E-16,0.));
#12213=DIRECTION('',(1.,-1.22464679914735E-16,0.));
#12214=DIRECTION('',(0.,0.,1.));
#12215=DIRECTION('center_axis',(0.,0.,1.));
#12216=DIRECTION('ref_axis',(-0.999634703184158,-0.0270270270270278,0.));
#12217=DIRECTION('center_axis',(0.,0.,-1.));
#12218=DIRECTION('ref_axis',(-0.999634703184158,-0.0270270270270278,0.));
#12219=DIRECTION('center_axis',(0.,0.,1.));
#12220=DIRECTION('ref_axis',(-0.999634703184158,-0.0270270270270278,0.));
#12221=DIRECTION('',(0.,0.,1.));
#12222=DIRECTION('center_axis',(0.,0.,1.));
#12223=DIRECTION('ref_axis',(3.95081993724287E-15,1.,0.));
#12224=DIRECTION('center_axis',(0.,0.,1.));
#12225=DIRECTION('ref_axis',(3.95081993724287E-15,1.,0.));
#12226=DIRECTION('center_axis',(0.,0.,-1.));
#12227=DIRECTION('ref_axis',(3.95081993724287E-15,1.,0.));
#12228=DIRECTION('',(0.,0.,1.));
#12229=DIRECTION('center_axis',(-1.22464679914735E-16,-1.,0.));
#12230=DIRECTION('ref_axis',(1.,-1.22464679914735E-16,0.));
#12231=DIRECTION('',(-1.,1.22464679914735E-16,0.));
#12232=DIRECTION('',(1.,-1.22464679914735E-16,0.));
#12233=DIRECTION('',(0.,0.,1.));
#12234=DIRECTION('center_axis',(0.,0.,1.));
#12235=DIRECTION('ref_axis',(-0.957450231248508,-0.288598431531042,0.));
#12236=DIRECTION('center_axis',(0.,0.,1.));
#12237=DIRECTION('ref_axis',(-0.957450231248508,-0.288598431531042,0.));
#12238=DIRECTION('center_axis',(0.,0.,-1.));
#12239=DIRECTION('ref_axis',(-0.957450231248508,-0.288598431531042,0.));
#12240=DIRECTION('',(0.,0.,1.));
#12241=DIRECTION('center_axis',(0.,0.,1.));
#12242=DIRECTION('ref_axis',(1.,1.53409190771856E-15,0.));
#12243=DIRECTION('center_axis',(0.,0.,-1.));
#12244=DIRECTION('ref_axis',(1.,1.53409190771856E-15,0.));
#12245=DIRECTION('center_axis',(0.,0.,1.));
#12246=DIRECTION('ref_axis',(1.,1.53409190771856E-15,0.));
#12247=DIRECTION('',(0.,0.,1.));
#12248=DIRECTION('center_axis',(1.,0.,0.));
#12249=DIRECTION('ref_axis',(0.,1.,0.));
#12250=DIRECTION('',(0.,-1.,0.));
#12251=DIRECTION('',(0.,1.,0.));
#12252=DIRECTION('center_axis',(0.,0.,1.));
#12253=DIRECTION('ref_axis',(-1.,-2.95702344798587E-16,0.));
#12254=DIRECTION('center_axis',(0.,0.,1.));
#12255=DIRECTION('ref_axis',(-1.,-2.95702344798587E-16,0.));
#12256=DIRECTION('center_axis',(0.,0.,1.));
#12257=DIRECTION('ref_axis',(-1.,-2.95702344798587E-16,0.));
#12258=DIRECTION('',(0.,0.,1.));
#12259=DIRECTION('center_axis',(0.,0.,1.));
#12260=DIRECTION('ref_axis',(0.957450231248508,0.288598431531043,0.));
#12261=DIRECTION('center_axis',(0.,0.,-1.));
#12262=DIRECTION('ref_axis',(0.957450231248508,0.288598431531043,0.));
#12263=DIRECTION('center_axis',(0.,0.,-1.));
#12264=DIRECTION('ref_axis',(0.957450231248508,0.288598431531043,0.));
#12265=DIRECTION('',(0.,0.,1.));
#12266=DIRECTION('center_axis',(0.,-1.,0.));
#12267=DIRECTION('ref_axis',(1.,0.,0.));
#12268=DIRECTION('',(-1.,0.,0.));
#12269=DIRECTION('',(-1.,0.,0.));
#12270=DIRECTION('',(0.,0.,1.));
#12271=DIRECTION('center_axis',(0.,0.,1.));
#12272=DIRECTION('ref_axis',(-1.2335811384724E-15,-1.,0.));
#12273=DIRECTION('center_axis',(0.,0.,-1.));
#12274=DIRECTION('ref_axis',(-1.2335811384724E-15,-1.,0.));
#12275=DIRECTION('center_axis',(0.,0.,-1.));
#12276=DIRECTION('ref_axis',(-1.2335811384724E-15,-1.,0.));
#12277=DIRECTION('',(0.,0.,1.));
#12278=DIRECTION('center_axis',(0.,0.,1.));
#12279=DIRECTION('ref_axis',(0.999634703184158,0.0270270270270293,0.));
#12280=DIRECTION('center_axis',(0.,0.,1.));
#12281=DIRECTION('ref_axis',(0.999634703184158,0.0270270270270293,0.));
#12282=DIRECTION('center_axis',(0.,0.,1.));
#12283=DIRECTION('ref_axis',(0.999634703184158,0.0270270270270293,0.));
#12284=DIRECTION('',(0.,0.,1.));
#12285=DIRECTION('center_axis',(0.,-1.,0.));
#12286=DIRECTION('ref_axis',(1.,0.,0.));
#12287=DIRECTION('',(-1.,0.,0.));
#12288=DIRECTION('',(-1.,0.,0.));
#12289=DIRECTION('',(0.,0.,1.));
#12290=DIRECTION('center_axis',(0.,0.,1.));
#12291=DIRECTION('ref_axis',(-1.22861879946037E-15,1.,0.));
#12292=DIRECTION('center_axis',(0.,0.,1.));
#12293=DIRECTION('ref_axis',(-1.22861879946037E-15,1.,0.));
#12294=DIRECTION('center_axis',(0.,0.,1.));
#12295=DIRECTION('ref_axis',(-1.22861879946037E-15,1.,0.));
#12296=DIRECTION('',(0.,0.,1.));
#12297=DIRECTION('center_axis',(0.,0.,1.));
#12298=DIRECTION('ref_axis',(0.425720129428191,-0.904854889692068,0.));
#12299=DIRECTION('center_axis',(0.,0.,-1.));
#12300=DIRECTION('ref_axis',(0.425720129428191,-0.904854889692068,0.));
#12301=DIRECTION('center_axis',(0.,0.,-1.));
#12302=DIRECTION('ref_axis',(0.425720129428191,-0.904854889692068,0.));
#12303=DIRECTION('',(0.,0.,1.));
#12304=DIRECTION('center_axis',(0.,0.,1.));
#12305=DIRECTION('ref_axis',(0.952279628422495,-0.305226979953467,0.));
#12306=DIRECTION('center_axis',(0.,0.,1.));
#12307=DIRECTION('ref_axis',(0.952279628422495,-0.305226979953467,0.));
#12308=DIRECTION('center_axis',(0.,0.,1.));
#12309=DIRECTION('ref_axis',(0.952279628422495,-0.305226979953467,0.));
#12310=DIRECTION('',(0.,0.,1.));
#12311=DIRECTION('center_axis',(-1.,0.,0.));
#12312=DIRECTION('ref_axis',(0.,-1.,0.));
#12313=DIRECTION('',(0.,1.,0.));
#12314=DIRECTION('',(0.,1.,0.));
#12315=DIRECTION('center_axis',(0.,0.,-1.));
#12316=DIRECTION('ref_axis',(1.,0.,0.));
#12317=DIRECTION('center_axis',(0.,0.,1.));
#12318=DIRECTION('ref_axis',(1.,0.,0.));
#12319=DIRECTION('',(1.,0.,0.));
#12320=DIRECTION('',(8.7076315656875E-17,-1.,0.));
#12321=DIRECTION('',(-1.,-1.13577803030712E-16,0.));
#12322=DIRECTION('',(8.7076315656875E-17,1.,0.));
#12323=DIRECTION('center_axis',(0.,0.,-1.));
#12324=DIRECTION('ref_axis',(1.,0.,0.));
#12325=DIRECTION('center_axis',(0.,0.,-1.));
#12326=DIRECTION('ref_axis',(1.,0.,0.));
#12327=DIRECTION('center_axis',(-1.,8.19681394991587E-15,0.));
#12328=DIRECTION('ref_axis',(-8.19681394991587E-15,-1.,0.));
#12329=DIRECTION('',(0.,0.,1.));
#12330=DIRECTION('',(8.19681394991587E-15,1.,0.));
#12331=DIRECTION('',(0.,0.,1.));
#12332=DIRECTION('',(8.19681394991587E-15,1.,0.));
#12333=DIRECTION('center_axis',(0.,0.,-1.));
#12334=DIRECTION('ref_axis',(0.,-1.,0.));
#12335=DIRECTION('',(-1.,5.60112516924798E-15,0.));
#12336=DIRECTION('center_axis',(0.,0.,-1.));
#12337=DIRECTION('ref_axis',(1.,0.,0.));
#12338=DIRECTION('center_axis',(0.,0.,-1.));
#12339=DIRECTION('ref_axis',(1.,0.,0.));
#12340=DIRECTION('',(1.,-1.22464679914735E-16,0.));
#12341=DIRECTION('center_axis',(0.,0.,1.));
#12342=DIRECTION('ref_axis',(-2.865091676452E-15,1.,0.));
#12343=DIRECTION('',(7.79348033582057E-16,-1.,0.));
#12344=DIRECTION('center_axis',(0.,0.,1.));
#12345=DIRECTION('ref_axis',(-1.,0.,0.));
#12346=DIRECTION('',(0.,1.,0.));
#12347=DIRECTION('center_axis',(0.,0.,-1.));
#12348=DIRECTION('ref_axis',(-1.,0.,0.));
#12349=DIRECTION('',(4.91546891914683E-16,-1.,0.));
#12350=DIRECTION('center_axis',(0.,0.,1.));
#12351=DIRECTION('ref_axis',(-1.,0.,0.));
#12352=DIRECTION('',(0.,1.,0.));
#12353=DIRECTION('center_axis',(0.,0.,-1.));
#12354=DIRECTION('ref_axis',(-1.,0.,0.));
#12355=DIRECTION('',(4.91546891914683E-16,-1.,0.));
#12356=DIRECTION('center_axis',(0.,0.,1.));
#12357=DIRECTION('ref_axis',(-1.,1.53323031760813E-15,0.));
#12358=DIRECTION('',(0.,1.,0.));
#12359=DIRECTION('center_axis',(0.,0.,-1.));
#12360=DIRECTION('ref_axis',(-1.,-1.27533311546681E-14,0.));
#12361=DIRECTION('',(4.91546891914683E-16,-1.,0.));
#12362=DIRECTION('center_axis',(0.,0.,1.));
#12363=DIRECTION('ref_axis',(-1.,3.06646063521624E-15,0.));
#12364=DIRECTION('',(0.,1.,0.));
#12365=DIRECTION('center_axis',(0.,0.,-1.));
#12366=DIRECTION('ref_axis',(-1.,-1.27533311546685E-14,0.));
#12367=DIRECTION('',(4.94107031976738E-16,-1.,0.));
#12368=DIRECTION('center_axis',(0.,0.,1.));
#12369=DIRECTION('ref_axis',(-1.,3.06646063521622E-15,0.));
#12370=DIRECTION('',(0.,1.,0.));
#12371=DIRECTION('center_axis',(0.,0.,-1.));
#12372=DIRECTION('ref_axis',(-1.,-1.27533311546688E-14,0.));
#12373=DIRECTION('',(4.91546891914683E-16,-1.,0.));
#12374=DIRECTION('center_axis',(0.,0.,1.));
#12375=DIRECTION('ref_axis',(-1.,4.59969095282431E-15,0.));
#12376=DIRECTION('',(0.,1.,0.));
#12377=DIRECTION('center_axis',(0.,0.,-1.));
#12378=DIRECTION('ref_axis',(-1.,-2.55066623093379E-14,0.));
#12379=DIRECTION('',(4.91546891914683E-16,-1.,0.));
#12380=DIRECTION('center_axis',(0.,0.,1.));
#12381=DIRECTION('ref_axis',(-1.,6.1329212704324E-15,0.));
#12382=DIRECTION('',(0.,1.,0.));
#12383=DIRECTION('center_axis',(0.,0.,-1.));
#12384=DIRECTION('ref_axis',(-1.,-2.55066623093379E-14,0.));
#12385=DIRECTION('',(4.91546891914683E-16,-1.,0.));
#12386=DIRECTION('center_axis',(0.,0.,1.));
#12387=DIRECTION('ref_axis',(-1.,6.13292127043241E-15,0.));
#12388=DIRECTION('',(0.,1.,0.));
#12389=DIRECTION('center_axis',(0.,0.,-1.));
#12390=DIRECTION('ref_axis',(-1.,-2.55066623093379E-14,0.));
#12391=DIRECTION('',(6.7692840523718E-17,-1.,0.));
#12392=DIRECTION('center_axis',(0.,0.,-1.));
#12393=DIRECTION('ref_axis',(1.,3.45402718772285E-14,0.));
#12394=DIRECTION('',(-1.,0.,0.));
#12395=DIRECTION('center_axis',(0.,0.,1.));
#12396=DIRECTION('ref_axis',(1.,0.,0.));
#12397=DIRECTION('',(-1.,0.,0.));
#12398=DIRECTION('center_axis',(0.,0.,-1.));
#12399=DIRECTION('ref_axis',(1.,8.59527502935616E-15,0.));
#12400=DIRECTION('',(6.7692840523718E-17,-1.,0.));
#12401=DIRECTION('center_axis',(0.,0.,-1.));
#12402=DIRECTION('ref_axis',(-1.,-3.06646063521624E-15,0.));
#12403=DIRECTION('',(0.,1.,0.));
#12404=DIRECTION('center_axis',(0.,0.,1.));
#12405=DIRECTION('ref_axis',(-1.,1.27533311546684E-14,0.));
#12406=DIRECTION('',(4.91546891914683E-16,-1.,0.));
#12407=DIRECTION('center_axis',(0.,0.,-1.));
#12408=DIRECTION('ref_axis',(-1.,-3.06646063521624E-15,0.));
#12409=DIRECTION('',(0.,1.,0.));
#12410=DIRECTION('center_axis',(0.,0.,1.));
#12411=DIRECTION('ref_axis',(-1.,1.27533311546683E-14,0.));
#12412=DIRECTION('',(4.91546891914683E-16,-1.,0.));
#12413=DIRECTION('center_axis',(0.,0.,-1.));
#12414=DIRECTION('ref_axis',(-1.,-3.06646063521624E-15,0.));
#12415=DIRECTION('',(0.,1.,0.));
#12416=DIRECTION('center_axis',(0.,0.,1.));
#12417=DIRECTION('ref_axis',(-1.,6.37666557733419E-15,0.));
#12418=DIRECTION('',(4.91546891914683E-16,-1.,0.));
#12419=DIRECTION('center_axis',(0.,0.,-1.));
#12420=DIRECTION('ref_axis',(-1.,0.,0.));
#12421=DIRECTION('',(0.,1.,0.));
#12422=DIRECTION('center_axis',(0.,0.,1.));
#12423=DIRECTION('ref_axis',(-1.,0.,0.));
#12424=DIRECTION('',(4.94107031976738E-16,-1.,0.));
#12425=DIRECTION('center_axis',(0.,0.,-1.));
#12426=DIRECTION('ref_axis',(-1.,0.,0.));
#12427=DIRECTION('',(0.,1.,0.));
#12428=DIRECTION('center_axis',(0.,0.,1.));
#12429=DIRECTION('ref_axis',(-1.,0.,0.));
#12430=DIRECTION('',(4.91546891914683E-16,-1.,0.));
#12431=DIRECTION('center_axis',(0.,0.,-1.));
#12432=DIRECTION('ref_axis',(-1.,0.,0.));
#12433=DIRECTION('',(0.,1.,0.));
#12434=DIRECTION('center_axis',(0.,0.,1.));
#12435=DIRECTION('ref_axis',(-1.,-6.3766655773346E-15,0.));
#12436=DIRECTION('',(4.91546891914683E-16,-1.,0.));
#12437=DIRECTION('center_axis',(0.,0.,-1.));
#12438=DIRECTION('ref_axis',(-1.,3.0664606352162E-15,0.));
#12439=DIRECTION('',(0.,1.,0.));
#12440=DIRECTION('center_axis',(0.,0.,1.));
#12441=DIRECTION('ref_axis',(-1.,-1.27533311546689E-14,0.));
#12442=DIRECTION('',(4.91546891914683E-16,-1.,0.));
#12443=DIRECTION('center_axis',(0.,0.,-1.));
#12444=DIRECTION('ref_axis',(-1.,3.06646063521621E-15,0.));
#12445=DIRECTION('',(0.,1.,0.));
#12446=DIRECTION('center_axis',(0.,0.,1.));
#12447=DIRECTION('ref_axis',(-1.,-1.27533311546688E-14,0.));
#12448=DIRECTION('',(7.79348033582057E-16,-1.,0.));
#12449=DIRECTION('center_axis',(0.,0.,1.));
#12450=DIRECTION('ref_axis',(-9.86864910777909E-15,1.,0.));
#12451=DIRECTION('center_axis',(0.,0.,1.));
#12452=DIRECTION('ref_axis',(1.,0.,0.));
#12453=DIRECTION('center_axis',(0.,0.,1.));
#12454=DIRECTION('ref_axis',(1.,0.,0.));
#12455=DIRECTION('',(0.,0.,1.));
#12456=DIRECTION('',(0.,0.,-1.));
#12457=DIRECTION('center_axis',(0.,0.,-1.));
#12458=DIRECTION('ref_axis',(1.,0.,0.));
#12459=DIRECTION('',(0.,0.,-1.));
#12460=DIRECTION('center_axis',(0.,0.,1.));
#12461=DIRECTION('ref_axis',(1.,0.,0.));
#12462=DIRECTION('',(1.,-1.22464679914735E-16,0.));
#12463=DIRECTION('',(-1.,5.60112516924798E-15,0.));
#12464=DIRECTION('center_axis',(0.,0.,1.));
#12465=DIRECTION('ref_axis',(-4.44089209850058E-15,1.,0.));
#12466=DIRECTION('',(7.79348033582057E-16,-1.,0.));
#12467=DIRECTION('center_axis',(0.,0.,1.));
#12468=DIRECTION('ref_axis',(-1.,-4.9441343442552E-15,0.));
#12469=DIRECTION('',(0.,1.,0.));
#12470=DIRECTION('center_axis',(0.,0.,-1.));
#12471=DIRECTION('ref_axis',(-1.,2.47206717212759E-15,0.));
#12472=DIRECTION('',(4.91546891914683E-16,-1.,0.));
#12473=DIRECTION('center_axis',(0.,0.,1.));
#12474=DIRECTION('ref_axis',(-1.,-4.9441343442552E-15,0.));
#12475=DIRECTION('',(0.,1.,0.));
#12476=DIRECTION('center_axis',(0.,0.,-1.));
#12477=DIRECTION('ref_axis',(-1.,2.47206717212759E-15,0.));
#12478=DIRECTION('',(4.91546891914683E-16,-1.,0.));
#12479=DIRECTION('center_axis',(0.,0.,1.));
#12480=DIRECTION('ref_axis',(-1.,-4.9441343442552E-15,0.));
#12481=DIRECTION('',(0.,1.,0.));
#12482=DIRECTION('center_axis',(0.,0.,-1.));
#12483=DIRECTION('ref_axis',(-1.,2.47206717212759E-15,0.));
#12484=DIRECTION('',(4.91546891914683E-16,-1.,0.));
#12485=DIRECTION('center_axis',(0.,0.,1.));
#12486=DIRECTION('ref_axis',(-1.,-4.9441343442552E-15,0.));
#12487=DIRECTION('',(0.,1.,0.));
#12488=DIRECTION('center_axis',(0.,0.,-1.));
#12489=DIRECTION('ref_axis',(-1.,2.47206717212759E-15,0.));
#12490=DIRECTION('',(4.94107031976738E-16,-1.,0.));
#12491=DIRECTION('center_axis',(0.,0.,1.));
#12492=DIRECTION('ref_axis',(-1.,-4.9441343442552E-15,0.));
#12493=DIRECTION('',(0.,1.,0.));
#12494=DIRECTION('center_axis',(0.,0.,-1.));
#12495=DIRECTION('ref_axis',(-1.,2.47206717212759E-15,0.));
#12496=DIRECTION('',(4.91546891914683E-16,-1.,0.));
#12497=DIRECTION('center_axis',(0.,0.,1.));
#12498=DIRECTION('ref_axis',(-1.,-4.9441343442552E-15,0.));
#12499=DIRECTION('',(0.,1.,0.));
#12500=DIRECTION('center_axis',(0.,0.,-1.));
#12501=DIRECTION('ref_axis',(-1.,2.47206717212759E-15,0.));
#12502=DIRECTION('',(4.91546891914683E-16,-1.,0.));
#12503=DIRECTION('center_axis',(0.,0.,1.));
#12504=DIRECTION('ref_axis',(-1.,-4.9441343442552E-15,0.));
#12505=DIRECTION('',(0.,1.,0.));
#12506=DIRECTION('center_axis',(0.,0.,-1.));
#12507=DIRECTION('ref_axis',(-1.,2.47206717212759E-15,0.));
#12508=DIRECTION('',(4.91546891914683E-16,-1.,0.));
#12509=DIRECTION('center_axis',(0.,0.,1.));
#12510=DIRECTION('ref_axis',(-1.,-4.9441343442552E-15,0.));
#12511=DIRECTION('',(0.,1.,0.));
#12512=DIRECTION('center_axis',(0.,0.,-1.));
#12513=DIRECTION('ref_axis',(-1.,2.47206717212759E-15,0.));
#12514=DIRECTION('',(6.76928405237181E-17,-1.,0.));
#12515=DIRECTION('center_axis',(0.,0.,-1.));
#12516=DIRECTION('ref_axis',(1.,0.,0.));
#12517=DIRECTION('',(-1.,0.,0.));
#12518=DIRECTION('center_axis',(0.,0.,-1.));
#12519=DIRECTION('ref_axis',(1.,0.,0.));
#12520=DIRECTION('center_axis',(0.,0.,-1.));
#12521=DIRECTION('ref_axis',(1.,0.,0.));
#12522=DIRECTION('',(1.,0.,0.));
#12523=DIRECTION('center_axis',(0.,0.,1.));
#12524=DIRECTION('ref_axis',(1.,0.,0.));
#12525=DIRECTION('',(-6.76928405237181E-17,1.,0.));
#12526=DIRECTION('center_axis',(0.,0.,1.));
#12527=DIRECTION('ref_axis',(-1.,2.47206717212759E-15,0.));
#12528=DIRECTION('',(0.,-1.,0.));
#12529=DIRECTION('center_axis',(0.,0.,-1.));
#12530=DIRECTION('ref_axis',(-1.,-4.9441343442552E-15,0.));
#12531=DIRECTION('',(-4.91546891914683E-16,1.,0.));
#12532=DIRECTION('center_axis',(0.,0.,1.));
#12533=DIRECTION('ref_axis',(-1.,2.47206717212759E-15,0.));
#12534=DIRECTION('',(0.,-1.,0.));
#12535=DIRECTION('center_axis',(0.,0.,-1.));
#12536=DIRECTION('ref_axis',(-1.,-4.9441343442552E-15,0.));
#12537=DIRECTION('',(-4.91546891914683E-16,1.,0.));
#12538=DIRECTION('center_axis',(0.,0.,1.));
#12539=DIRECTION('ref_axis',(-1.,2.47206717212759E-15,0.));
#12540=DIRECTION('',(0.,-1.,0.));
#12541=DIRECTION('center_axis',(0.,0.,-1.));
#12542=DIRECTION('ref_axis',(-1.,-4.9441343442552E-15,0.));
#12543=DIRECTION('',(-4.91546891914683E-16,1.,0.));
#12544=DIRECTION('center_axis',(0.,0.,1.));
#12545=DIRECTION('ref_axis',(-1.,2.47206717212759E-15,0.));
#12546=DIRECTION('',(0.,-1.,0.));
#12547=DIRECTION('center_axis',(0.,0.,-1.));
#12548=DIRECTION('ref_axis',(-1.,-4.9441343442552E-15,0.));
#12549=DIRECTION('',(-4.94107031976738E-16,1.,0.));
#12550=DIRECTION('center_axis',(0.,0.,1.));
#12551=DIRECTION('ref_axis',(-1.,2.47206717212759E-15,0.));
#12552=DIRECTION('',(0.,-1.,0.));
#12553=DIRECTION('center_axis',(0.,0.,-1.));
#12554=DIRECTION('ref_axis',(-1.,-4.9441343442552E-15,0.));
#12555=DIRECTION('',(-4.91546891914683E-16,1.,0.));
#12556=DIRECTION('center_axis',(0.,0.,1.));
#12557=DIRECTION('ref_axis',(-1.,2.47206717212759E-15,0.));
#12558=DIRECTION('',(0.,-1.,0.));
#12559=DIRECTION('center_axis',(0.,0.,-1.));
#12560=DIRECTION('ref_axis',(-1.,-4.9441343442552E-15,0.));
#12561=DIRECTION('',(-4.91546891914683E-16,1.,0.));
#12562=DIRECTION('center_axis',(0.,0.,1.));
#12563=DIRECTION('ref_axis',(-1.,2.47206717212759E-15,0.));
#12564=DIRECTION('',(0.,-1.,0.));
#12565=DIRECTION('center_axis',(0.,0.,-1.));
#12566=DIRECTION('ref_axis',(-1.,-4.9441343442552E-15,0.));
#12567=DIRECTION('',(-4.91546891914683E-16,1.,0.));
#12568=DIRECTION('center_axis',(0.,0.,1.));
#12569=DIRECTION('ref_axis',(-1.,2.47206717212759E-15,0.));
#12570=DIRECTION('',(0.,-1.,0.));
#12571=DIRECTION('center_axis',(0.,0.,-1.));
#12572=DIRECTION('ref_axis',(-1.,-4.9441343442552E-15,0.));
#12573=DIRECTION('',(-7.79348033582057E-16,1.,0.));
#12574=DIRECTION('center_axis',(0.,0.,-1.));
#12575=DIRECTION('ref_axis',(-4.44089209850058E-15,1.,0.));
#12576=DIRECTION('center_axis',(0.,0.,-1.));
#12577=DIRECTION('ref_axis',(-4.33257765707377E-15,1.,0.));
#12578=DIRECTION('center_axis',(0.,0.,-1.));
#12579=DIRECTION('ref_axis',(-4.33257765707377E-15,1.,0.));
#12580=DIRECTION('',(0.,0.,-1.));
#12581=DIRECTION('center_axis',(0.,0.,1.));
#12582=DIRECTION('ref_axis',(-4.33257765707377E-15,1.,0.));
#12583=DIRECTION('',(0.,0.,-1.));
#12584=DIRECTION('center_axis',(0.,1.,0.));
#12585=DIRECTION('ref_axis',(1.,0.,0.));
#12586=DIRECTION('',(-1.,0.,0.));
#12587=DIRECTION('',(1.,0.,0.));
#12588=DIRECTION('',(0.,0.,-1.));
#12589=DIRECTION('center_axis',(0.,-1.,0.));
#12590=DIRECTION('ref_axis',(-1.,0.,0.));
#12591=DIRECTION('',(1.,0.,0.));
#12592=DIRECTION('',(0.,0.,-1.));
#12593=DIRECTION('',(1.,0.,0.));
#12594=DIRECTION('',(0.,0.,-1.));
#12595=DIRECTION('center_axis',(0.,0.,-1.));
#12596=DIRECTION('ref_axis',(4.88010120714354E-16,-1.,0.));
#12597=DIRECTION('center_axis',(0.,0.,1.));
#12598=DIRECTION('ref_axis',(4.88010120714354E-16,-1.,0.));
#12599=DIRECTION('center_axis',(0.,0.,1.));
#12600=DIRECTION('ref_axis',(4.88010120714354E-16,-1.,0.));
#12601=DIRECTION('',(0.,0.,-1.));
#12602=DIRECTION('center_axis',(0.,0.,-1.));
#12603=DIRECTION('ref_axis',(3.24943324280532E-15,-1.,0.));
#12604=DIRECTION('center_axis',(0.,0.,-1.));
#12605=DIRECTION('ref_axis',(3.24943324280532E-15,-1.,0.));
#12606=DIRECTION('center_axis',(0.,0.,1.));
#12607=DIRECTION('ref_axis',(3.24943324280532E-15,-1.,0.));
#12608=DIRECTION('',(0.,0.,-1.));
#12609=DIRECTION('center_axis',(0.,-1.,0.));
#12610=DIRECTION('ref_axis',(-1.,0.,0.));
#12611=DIRECTION('',(1.,0.,0.));
#12612=DIRECTION('',(-1.,0.,0.));
#12613=DIRECTION('center_axis',(0.,1.,0.));
#12614=DIRECTION('ref_axis',(1.,0.,0.));
#12615=DIRECTION('',(-1.,0.,0.));
#12616=DIRECTION('',(-1.,0.,0.));
#12617=DIRECTION('',(0.,0.,-1.));
#12618=DIRECTION('center_axis',(0.,0.,-1.));
#12619=DIRECTION('ref_axis',(4.88010120714354E-16,1.,0.));
#12620=DIRECTION('center_axis',(0.,0.,1.));
#12621=DIRECTION('ref_axis',(4.88010120714354E-16,1.,0.));
#12622=DIRECTION('center_axis',(0.,0.,1.));
#12623=DIRECTION('ref_axis',(4.88010120714354E-16,1.,0.));
#12624=DIRECTION('center_axis',(0.,0.,1.));
#12625=DIRECTION('ref_axis',(1.,0.,0.));
#12626=DIRECTION('center_axis',(0.,0.,-1.));
#12627=DIRECTION('ref_axis',(4.21011297715904E-15,-1.,0.));
#12628=DIRECTION('center_axis',(0.,0.,-1.));
#12629=DIRECTION('ref_axis',(4.21011297715904E-15,-1.,0.));
#12630=DIRECTION('',(0.,0.,-1.));
#12631=DIRECTION('center_axis',(0.,0.,1.));
#12632=DIRECTION('ref_axis',(4.21011297715904E-15,-1.,0.));
#12633=DIRECTION('',(0.,0.,-1.));
#12634=DIRECTION('center_axis',(-1.22464679914735E-16,-1.,0.));
#12635=DIRECTION('ref_axis',(-1.,1.22464679914735E-16,0.));
#12636=DIRECTION('',(1.,-1.22464679914735E-16,0.));
#12637=DIRECTION('',(-1.,1.22464679914735E-16,0.));
#12638=DIRECTION('',(0.,0.,-1.));
#12639=DIRECTION('center_axis',(0.,-1.,0.));
#12640=DIRECTION('ref_axis',(-1.,0.,0.));
#12641=DIRECTION('',(1.,0.,0.));
#12642=DIRECTION('',(0.,0.,-1.));
#12643=DIRECTION('',(1.,0.,0.));
#12644=DIRECTION('',(0.,0.,-1.));
#12645=DIRECTION('center_axis',(0.,0.,-1.));
#12646=DIRECTION('ref_axis',(1.9520404828574E-15,-1.,0.));
#12647=DIRECTION('center_axis',(0.,0.,1.));
#12648=DIRECTION('ref_axis',(1.9520404828574E-15,-1.,0.));
#12649=DIRECTION('center_axis',(0.,0.,1.));
#12650=DIRECTION('ref_axis',(1.9520404828574E-15,-1.,0.));
#12651=DIRECTION('',(0.,0.,-1.));
#12652=DIRECTION('center_axis',(0.,0.,-1.));
#12653=DIRECTION('ref_axis',(-3.12696856289059E-15,1.,0.));
#12654=DIRECTION('center_axis',(0.,0.,-1.));
#12655=DIRECTION('ref_axis',(-3.12696856289059E-15,1.,0.));
#12656=DIRECTION('center_axis',(0.,0.,1.));
#12657=DIRECTION('ref_axis',(-3.12696856289059E-15,1.,0.));
#12658=DIRECTION('',(0.,0.,-1.));
#12659=DIRECTION('center_axis',(1.22464679914735E-16,1.,0.));
#12660=DIRECTION('ref_axis',(1.,-1.22464679914735E-16,0.));
#12661=DIRECTION('',(-1.,1.22464679914735E-16,0.));
#12662=DIRECTION('',(1.,-1.22464679914735E-16,0.));
#12663=DIRECTION('center_axis',(0.,1.,0.));
#12664=DIRECTION('ref_axis',(1.,0.,0.));
#12665=DIRECTION('',(-1.,0.,0.));
#12666=DIRECTION('',(-1.,0.,0.));
#12667=DIRECTION('',(0.,0.,-1.));
#12668=DIRECTION('center_axis',(0.,0.,-1.));
#12669=DIRECTION('ref_axis',(-4.88010120714359E-16,1.,0.));
#12670=DIRECTION('center_axis',(0.,0.,1.));
#12671=DIRECTION('ref_axis',(-4.88010120714359E-16,1.,0.));
#12672=DIRECTION('center_axis',(0.,0.,1.));
#12673=DIRECTION('ref_axis',(-4.88010120714359E-16,1.,0.));
#12674=DIRECTION('center_axis',(0.,0.,1.));
#12675=DIRECTION('ref_axis',(1.,0.,0.));
#12676=DIRECTION('center_axis',(0.,0.,1.));
#12677=DIRECTION('ref_axis',(1.,0.,0.));
#12678=DIRECTION('',(-1.,0.,0.));
#12679=DIRECTION('',(8.7076315656875E-17,1.,0.));
#12680=DIRECTION('',(1.,1.13577803030712E-16,0.));
#12681=DIRECTION('',(8.7076315656875E-17,-1.,0.));
#12682=DIRECTION('center_axis',(0.,0.,-1.));
#12683=DIRECTION('ref_axis',(1.,0.,0.));
#12684=DIRECTION('center_axis',(0.,0.,1.));
#12685=DIRECTION('ref_axis',(1.,0.,0.));
#12686=DIRECTION('',(1.,1.13577803030737E-16,0.));
#12687=DIRECTION('',(8.7076315656875E-17,-1.,0.));
#12688=DIRECTION('',(-1.,0.,0.));
#12689=DIRECTION('',(8.7076315656875E-17,1.,0.));
#12690=DIRECTION('center_axis',(0.,0.,-1.));
#12691=DIRECTION('ref_axis',(1.,0.,0.));
#12692=DIRECTION('center_axis',(0.,0.,1.));
#12693=DIRECTION('ref_axis',(1.,0.,0.));
#12694=DIRECTION('center_axis',(0.,0.,1.));
#12695=DIRECTION('ref_axis',(1.,0.,0.));
#12696=DIRECTION('',(0.,0.,1.));
#12697=DIRECTION('',(0.,0.,-1.));
#12698=DIRECTION('',(0.,0.,-1.));
#12699=DIRECTION('center_axis',(0.,1.,0.));
#12700=DIRECTION('ref_axis',(0.,0.,-1.));
#12701=DIRECTION('',(0.,0.,-1.));
#12702=DIRECTION('center_axis',(1.13577803030737E-16,-1.,0.));
#12703=DIRECTION('ref_axis',(1.,1.13577803030737E-16,0.));
#12704=DIRECTION('',(1.,1.13577803030737E-16,0.));
#12705=DIRECTION('',(0.,0.,1.));
#12706=DIRECTION('',(1.,1.13577803030737E-16,0.));
#12707=DIRECTION('',(0.,0.,-1.));
#12708=DIRECTION('center_axis',(0.,1.,0.));
#12709=DIRECTION('ref_axis',(-1.,0.,0.));
#12710=DIRECTION('',(0.,0.,1.));
#12711=DIRECTION('',(-1.,0.,0.));
#12712=DIRECTION('',(0.,0.,-1.));
#12713=DIRECTION('center_axis',(0.,0.,1.));
#12714=DIRECTION('ref_axis',(1.,0.,0.));
#12715=DIRECTION('',(8.7076315656875E-17,-1.,0.));
#12716=DIRECTION('',(8.7076315656875E-17,1.,0.));
#12717=DIRECTION('center_axis',(0.,0.,1.));
#12718=DIRECTION('ref_axis',(1.,0.,0.));
#12719=DIRECTION('center_axis',(0.,0.,1.));
#12720=DIRECTION('ref_axis',(1.,0.,0.));
#12721=DIRECTION('',(8.7076315656875E-17,-1.,0.));
#12722=DIRECTION('',(-1.,0.,0.));
#12723=DIRECTION('',(8.7076315656875E-17,1.,0.));
#12724=DIRECTION('center_axis',(1.13577803030737E-16,-1.,0.));
#12725=DIRECTION('ref_axis',(1.,1.13577803030737E-16,0.));
#12726=DIRECTION('',(1.,1.13577803030737E-16,0.));
#12727=DIRECTION('',(0.,0.,1.));
#12728=DIRECTION('',(1.,1.13577803030737E-16,0.));
#12729=DIRECTION('',(0.,0.,-1.));
#12730=DIRECTION('center_axis',(0.,1.,0.));
#12731=DIRECTION('ref_axis',(-1.,0.,0.));
#12732=DIRECTION('',(0.,0.,1.));
#12733=DIRECTION('',(-1.,0.,0.));
#12734=DIRECTION('',(0.,0.,-1.));
#12735=DIRECTION('center_axis',(0.,0.,1.));
#12736=DIRECTION('ref_axis',(1.,0.,0.));
#12737=DIRECTION('',(8.7076315656875E-17,-1.,0.));
#12738=DIRECTION('',(8.7076315656875E-17,1.,0.));
#12739=DIRECTION('center_axis',(0.,0.,1.));
#12740=DIRECTION('ref_axis',(1.,0.,0.));
#12741=DIRECTION('',(8.7076315656875E-17,-1.,0.));
#12742=DIRECTION('',(-1.,0.,0.));
#12743=DIRECTION('',(8.7076315656875E-17,1.,0.));
#12744=DIRECTION('center_axis',(1.13577803030737E-16,-1.,0.));
#12745=DIRECTION('ref_axis',(1.,1.13577803030737E-16,0.));
#12746=DIRECTION('',(1.,1.13577803030737E-16,0.));
#12747=DIRECTION('',(0.,0.,1.));
#12748=DIRECTION('',(1.,1.13577803030737E-16,0.));
#12749=DIRECTION('',(0.,0.,-1.));
#12750=DIRECTION('center_axis',(0.,1.,0.));
#12751=DIRECTION('ref_axis',(-1.,0.,0.));
#12752=DIRECTION('',(0.,0.,1.));
#12753=DIRECTION('',(-1.,0.,0.));
#12754=DIRECTION('',(0.,0.,-1.));
#12755=DIRECTION('center_axis',(0.,0.,1.));
#12756=DIRECTION('ref_axis',(1.,0.,0.));
#12757=DIRECTION('',(8.7076315656875E-17,-1.,0.));
#12758=DIRECTION('',(8.7076315656875E-17,1.,0.));
#12759=DIRECTION('center_axis',(0.,0.,1.));
#12760=DIRECTION('ref_axis',(1.,0.,0.));
#12761=DIRECTION('',(8.7076315656875E-17,-1.,0.));
#12762=DIRECTION('',(-1.,0.,0.));
#12763=DIRECTION('',(8.7076315656875E-17,1.,0.));
#12764=DIRECTION('center_axis',(1.13577803030737E-16,-1.,0.));
#12765=DIRECTION('ref_axis',(1.,1.13577803030737E-16,0.));
#12766=DIRECTION('',(1.,1.13577803030737E-16,0.));
#12767=DIRECTION('',(0.,0.,1.));
#12768=DIRECTION('',(1.,1.13577803030737E-16,0.));
#12769=DIRECTION('',(0.,0.,-1.));
#12770=DIRECTION('center_axis',(0.,1.,0.));
#12771=DIRECTION('ref_axis',(-1.,0.,0.));
#12772=DIRECTION('',(0.,0.,1.));
#12773=DIRECTION('',(-1.,0.,0.));
#12774=DIRECTION('',(0.,0.,-1.));
#12775=DIRECTION('center_axis',(0.,0.,1.));
#12776=DIRECTION('ref_axis',(1.,0.,0.));
#12777=DIRECTION('',(8.7076315656875E-17,-1.,0.));
#12778=DIRECTION('',(8.7076315656875E-17,1.,0.));
#12779=DIRECTION('center_axis',(0.,0.,1.));
#12780=DIRECTION('ref_axis',(1.,0.,0.));
#12781=DIRECTION('',(8.7076315656875E-17,-1.,0.));
#12782=DIRECTION('',(-1.,0.,0.));
#12783=DIRECTION('',(8.7076315656875E-17,1.,0.));
#12784=DIRECTION('center_axis',(1.13577803030737E-16,-1.,0.));
#12785=DIRECTION('ref_axis',(1.,1.13577803030737E-16,0.));
#12786=DIRECTION('',(1.,1.13577803030737E-16,0.));
#12787=DIRECTION('',(0.,0.,1.));
#12788=DIRECTION('',(1.,1.13577803030737E-16,0.));
#12789=DIRECTION('',(0.,0.,-1.));
#12790=DIRECTION('center_axis',(0.,1.,0.));
#12791=DIRECTION('ref_axis',(-1.,0.,0.));
#12792=DIRECTION('',(0.,0.,1.));
#12793=DIRECTION('',(-1.,0.,0.));
#12794=DIRECTION('',(0.,0.,-1.));
#12795=DIRECTION('center_axis',(0.,0.,1.));
#12796=DIRECTION('ref_axis',(1.,0.,0.));
#12797=DIRECTION('',(8.7076315656875E-17,-1.,0.));
#12798=DIRECTION('',(8.7076315656875E-17,1.,0.));
#12799=DIRECTION('center_axis',(0.,0.,1.));
#12800=DIRECTION('ref_axis',(1.,0.,0.));
#12801=DIRECTION('',(8.7076315656875E-17,-1.,0.));
#12802=DIRECTION('',(-1.,0.,0.));
#12803=DIRECTION('',(8.7076315656875E-17,1.,0.));
#12804=DIRECTION('center_axis',(1.13577803030737E-16,-1.,0.));
#12805=DIRECTION('ref_axis',(1.,1.13577803030737E-16,0.));
#12806=DIRECTION('',(1.,1.13577803030737E-16,0.));
#12807=DIRECTION('',(0.,0.,1.));
#12808=DIRECTION('',(1.,1.13577803030737E-16,0.));
#12809=DIRECTION('',(0.,0.,-1.));
#12810=DIRECTION('center_axis',(0.,1.,0.));
#12811=DIRECTION('ref_axis',(-1.,0.,0.));
#12812=DIRECTION('',(0.,0.,1.));
#12813=DIRECTION('',(-1.,0.,0.));
#12814=DIRECTION('',(0.,0.,-1.));
#12815=DIRECTION('center_axis',(0.,0.,1.));
#12816=DIRECTION('ref_axis',(1.,0.,0.));
#12817=DIRECTION('',(8.7076315656875E-17,-1.,0.));
#12818=DIRECTION('',(8.7076315656875E-17,1.,0.));
#12819=DIRECTION('center_axis',(0.,0.,1.));
#12820=DIRECTION('ref_axis',(1.,0.,0.));
#12821=DIRECTION('',(8.7076315656875E-17,-1.,0.));
#12822=DIRECTION('',(-1.,0.,0.));
#12823=DIRECTION('',(8.7076315656875E-17,1.,0.));
#12824=DIRECTION('center_axis',(1.13577803030737E-16,-1.,0.));
#12825=DIRECTION('ref_axis',(1.,1.13577803030737E-16,0.));
#12826=DIRECTION('',(1.,1.13577803030737E-16,0.));
#12827=DIRECTION('',(0.,0.,1.));
#12828=DIRECTION('',(1.,1.13577803030737E-16,0.));
#12829=DIRECTION('',(0.,0.,-1.));
#12830=DIRECTION('center_axis',(0.,1.,0.));
#12831=DIRECTION('ref_axis',(-1.,0.,0.));
#12832=DIRECTION('',(0.,0.,1.));
#12833=DIRECTION('',(-1.,0.,0.));
#12834=DIRECTION('',(0.,0.,-1.));
#12835=DIRECTION('center_axis',(0.,0.,1.));
#12836=DIRECTION('ref_axis',(1.,0.,0.));
#12837=DIRECTION('',(8.7076315656875E-17,-1.,0.));
#12838=DIRECTION('',(8.7076315656875E-17,1.,0.));
#12839=DIRECTION('center_axis',(0.,0.,1.));
#12840=DIRECTION('ref_axis',(1.,0.,0.));
#12841=DIRECTION('',(8.7076315656875E-17,-1.,0.));
#12842=DIRECTION('',(-1.,0.,0.));
#12843=DIRECTION('',(8.7076315656875E-17,1.,0.));
#12844=DIRECTION('center_axis',(1.13577803030737E-16,-1.,0.));
#12845=DIRECTION('ref_axis',(1.,1.13577803030737E-16,0.));
#12846=DIRECTION('',(1.,1.13577803030737E-16,0.));
#12847=DIRECTION('',(0.,0.,1.));
#12848=DIRECTION('',(1.,1.13577803030737E-16,0.));
#12849=DIRECTION('',(0.,0.,-1.));
#12850=DIRECTION('center_axis',(0.,1.,0.));
#12851=DIRECTION('ref_axis',(-1.,0.,0.));
#12852=DIRECTION('',(0.,0.,1.));
#12853=DIRECTION('',(-1.,0.,0.));
#12854=DIRECTION('',(0.,0.,-1.));
#12855=DIRECTION('center_axis',(0.,0.,1.));
#12856=DIRECTION('ref_axis',(1.,0.,0.));
#12857=DIRECTION('',(8.7076315656875E-17,-1.,0.));
#12858=DIRECTION('',(8.7076315656875E-17,1.,0.));
#12859=DIRECTION('center_axis',(0.,0.,1.));
#12860=DIRECTION('ref_axis',(1.,0.,0.));
#12861=DIRECTION('',(8.7076315656875E-17,-1.,0.));
#12862=DIRECTION('',(-1.,0.,0.));
#12863=DIRECTION('',(8.7076315656875E-17,1.,0.));
#12864=DIRECTION('center_axis',(1.13577803030737E-16,-1.,0.));
#12865=DIRECTION('ref_axis',(1.,1.13577803030737E-16,0.));
#12866=DIRECTION('',(1.,1.13577803030737E-16,0.));
#12867=DIRECTION('',(0.,0.,1.));
#12868=DIRECTION('',(1.,1.13577803030737E-16,0.));
#12869=DIRECTION('',(0.,0.,-1.));
#12870=DIRECTION('center_axis',(0.,1.,0.));
#12871=DIRECTION('ref_axis',(-1.,0.,0.));
#12872=DIRECTION('',(0.,0.,1.));
#12873=DIRECTION('',(-1.,0.,0.));
#12874=DIRECTION('',(0.,0.,-1.));
#12875=DIRECTION('center_axis',(0.,0.,1.));
#12876=DIRECTION('ref_axis',(1.,0.,0.));
#12877=DIRECTION('',(8.7076315656875E-17,-1.,0.));
#12878=DIRECTION('',(8.7076315656875E-17,1.,0.));
#12879=DIRECTION('center_axis',(0.,0.,1.));
#12880=DIRECTION('ref_axis',(1.,0.,0.));
#12881=DIRECTION('',(8.7076315656875E-17,-1.,0.));
#12882=DIRECTION('',(-1.,0.,0.));
#12883=DIRECTION('',(8.7076315656875E-17,1.,0.));
#12884=DIRECTION('center_axis',(1.13577803030737E-16,-1.,0.));
#12885=DIRECTION('ref_axis',(1.,1.13577803030737E-16,0.));
#12886=DIRECTION('',(1.,1.13577803030737E-16,0.));
#12887=DIRECTION('',(0.,0.,1.));
#12888=DIRECTION('',(1.,1.13577803030737E-16,0.));
#12889=DIRECTION('',(0.,0.,-1.));
#12890=DIRECTION('center_axis',(0.,1.,0.));
#12891=DIRECTION('ref_axis',(-1.,0.,0.));
#12892=DIRECTION('',(0.,0.,1.));
#12893=DIRECTION('',(-1.,0.,0.));
#12894=DIRECTION('',(0.,0.,-1.));
#12895=DIRECTION('center_axis',(0.,0.,1.));
#12896=DIRECTION('ref_axis',(1.,0.,0.));
#12897=DIRECTION('',(8.7076315656875E-17,-1.,0.));
#12898=DIRECTION('',(8.7076315656875E-17,1.,0.));
#12899=DIRECTION('center_axis',(0.,0.,1.));
#12900=DIRECTION('ref_axis',(1.,0.,0.));
#12901=DIRECTION('',(8.7076315656875E-17,-1.,0.));
#12902=DIRECTION('',(-1.,0.,0.));
#12903=DIRECTION('',(8.7076315656875E-17,1.,0.));
#12904=DIRECTION('center_axis',(1.13577803030737E-16,-1.,0.));
#12905=DIRECTION('ref_axis',(1.,1.13577803030737E-16,0.));
#12906=DIRECTION('',(1.,1.13577803030737E-16,0.));
#12907=DIRECTION('',(0.,0.,1.));
#12908=DIRECTION('',(1.,1.13577803030737E-16,0.));
#12909=DIRECTION('',(0.,0.,-1.));
#12910=DIRECTION('center_axis',(0.,1.,0.));
#12911=DIRECTION('ref_axis',(-1.,0.,0.));
#12912=DIRECTION('',(0.,0.,1.));
#12913=DIRECTION('',(-1.,0.,0.));
#12914=DIRECTION('',(0.,0.,-1.));
#12915=DIRECTION('center_axis',(0.,0.,1.));
#12916=DIRECTION('ref_axis',(1.,0.,0.));
#12917=DIRECTION('',(8.7076315656875E-17,-1.,0.));
#12918=DIRECTION('',(8.7076315656875E-17,1.,0.));
#12919=DIRECTION('center_axis',(0.,0.,1.));
#12920=DIRECTION('ref_axis',(1.,0.,0.));
#12921=DIRECTION('',(8.7076315656875E-17,-1.,0.));
#12922=DIRECTION('',(-1.,0.,0.));
#12923=DIRECTION('',(8.7076315656875E-17,1.,0.));
#12924=DIRECTION('center_axis',(1.13577803030737E-16,-1.,0.));
#12925=DIRECTION('ref_axis',(1.,1.13577803030737E-16,0.));
#12926=DIRECTION('',(1.,1.13577803030737E-16,0.));
#12927=DIRECTION('',(0.,0.,1.));
#12928=DIRECTION('',(1.,1.13577803030737E-16,0.));
#12929=DIRECTION('',(0.,0.,-1.));
#12930=DIRECTION('center_axis',(0.,1.,0.));
#12931=DIRECTION('ref_axis',(-1.,0.,0.));
#12932=DIRECTION('',(0.,0.,1.));
#12933=DIRECTION('',(-1.,0.,0.));
#12934=DIRECTION('',(0.,0.,-1.));
#12935=DIRECTION('center_axis',(0.,0.,1.));
#12936=DIRECTION('ref_axis',(1.,0.,0.));
#12937=DIRECTION('',(8.7076315656875E-17,-1.,0.));
#12938=DIRECTION('',(8.7076315656875E-17,1.,0.));
#12939=DIRECTION('center_axis',(0.,0.,1.));
#12940=DIRECTION('ref_axis',(1.,0.,0.));
#12941=DIRECTION('',(8.7076315656875E-17,-1.,0.));
#12942=DIRECTION('',(-1.,0.,0.));
#12943=DIRECTION('',(8.7076315656875E-17,1.,0.));
#12944=DIRECTION('center_axis',(1.13577803030737E-16,-1.,0.));
#12945=DIRECTION('ref_axis',(1.,1.13577803030737E-16,0.));
#12946=DIRECTION('',(1.,1.13577803030737E-16,0.));
#12947=DIRECTION('',(0.,0.,1.));
#12948=DIRECTION('',(1.,1.13577803030737E-16,0.));
#12949=DIRECTION('',(0.,0.,-1.));
#12950=DIRECTION('center_axis',(0.,1.,0.));
#12951=DIRECTION('ref_axis',(-1.,0.,0.));
#12952=DIRECTION('',(0.,0.,1.));
#12953=DIRECTION('',(-1.,0.,0.));
#12954=DIRECTION('',(0.,0.,-1.));
#12955=DIRECTION('center_axis',(0.,0.,1.));
#12956=DIRECTION('ref_axis',(1.,0.,0.));
#12957=DIRECTION('',(8.7076315656875E-17,-1.,0.));
#12958=DIRECTION('',(8.7076315656875E-17,1.,0.));
#12959=DIRECTION('center_axis',(0.,0.,1.));
#12960=DIRECTION('ref_axis',(1.,0.,0.));
#12961=DIRECTION('',(8.7076315656875E-17,-1.,0.));
#12962=DIRECTION('',(-1.,0.,0.));
#12963=DIRECTION('',(8.7076315656875E-17,1.,0.));
#12964=DIRECTION('center_axis',(1.13577803030737E-16,-1.,0.));
#12965=DIRECTION('ref_axis',(1.,1.13577803030737E-16,0.));
#12966=DIRECTION('',(0.,0.,1.));
#12967=DIRECTION('',(1.,1.13577803030737E-16,0.));
#12968=DIRECTION('',(0.,0.,-1.));
#12969=DIRECTION('center_axis',(0.,1.,0.));
#12970=DIRECTION('ref_axis',(-1.,0.,0.));
#12971=DIRECTION('',(0.,0.,1.));
#12972=DIRECTION('',(-1.,0.,0.));
#12973=DIRECTION('',(0.,0.,-1.));
#12974=DIRECTION('center_axis',(0.,0.,1.));
#12975=DIRECTION('ref_axis',(1.,0.,0.));
#12976=DIRECTION('',(8.7076315656875E-17,-1.,0.));
#12977=DIRECTION('',(8.7076315656875E-17,1.,0.));
#12978=DIRECTION('center_axis',(0.,0.,1.));
#12979=DIRECTION('ref_axis',(1.,0.,0.));
#12980=DIRECTION('center_axis',(-5.60112516924798E-15,-1.,0.));
#12981=DIRECTION('ref_axis',(0.,0.,1.));
#12982=DIRECTION('',(0.,0.,1.));
#12983=DIRECTION('center_axis',(0.,-1.,0.));
#12984=DIRECTION('ref_axis',(0.,0.,1.));
#12985=DIRECTION('',(0.,0.,1.));
#12986=DIRECTION('center_axis',(0.,0.,-1.));
#12987=DIRECTION('ref_axis',(1.,0.,0.));
#12988=DIRECTION('',(0.,0.,-1.));
#12989=DIRECTION('center_axis',(0.,0.,-1.));
#12990=DIRECTION('ref_axis',(1.,0.,0.));
#12991=DIRECTION('',(0.,0.,1.));
#12992=DIRECTION('center_axis',(-1.,-6.76928405237181E-17,0.));
#12993=DIRECTION('ref_axis',(0.,0.,-1.));
#12994=DIRECTION('',(0.,0.,-1.));
#12995=DIRECTION('center_axis',(1.,6.76928405237181E-17,0.));
#12996=DIRECTION('ref_axis',(0.,0.,1.));
#12997=DIRECTION('',(0.,0.,1.));
#12998=DIRECTION('center_axis',(0.,0.,-1.));
#12999=DIRECTION('ref_axis',(-1.,2.47206717212759E-15,0.));
#13000=DIRECTION('',(0.,0.,-1.));
#13001=DIRECTION('center_axis',(0.,0.,-1.));
#13002=DIRECTION('ref_axis',(-1.,2.47206717212759E-15,0.));
#13003=DIRECTION('',(0.,0.,1.));
#13004=DIRECTION('center_axis',(1.,0.,0.));
#13005=DIRECTION('ref_axis',(0.,0.,-1.));
#13006=DIRECTION('',(0.,0.,-1.));
#13007=DIRECTION('center_axis',(-1.,0.,0.));
#13008=DIRECTION('ref_axis',(0.,0.,1.));
#13009=DIRECTION('',(0.,0.,1.));
#13010=DIRECTION('center_axis',(0.,0.,1.));
#13011=DIRECTION('ref_axis',(-1.,-4.9441343442552E-15,0.));
#13012=DIRECTION('',(0.,0.,-1.));
#13013=DIRECTION('center_axis',(0.,0.,1.));
#13014=DIRECTION('ref_axis',(-1.,-4.9441343442552E-15,0.));
#13015=DIRECTION('',(0.,0.,1.));
#13016=DIRECTION('center_axis',(-1.,-4.91546891914683E-16,0.));
#13017=DIRECTION('ref_axis',(0.,0.,-1.));
#13018=DIRECTION('',(0.,0.,-1.));
#13019=DIRECTION('center_axis',(1.,4.91546891914683E-16,0.));
#13020=DIRECTION('ref_axis',(0.,0.,1.));
#13021=DIRECTION('',(0.,0.,1.));
#13022=DIRECTION('center_axis',(0.,0.,-1.));
#13023=DIRECTION('ref_axis',(-1.,2.47206717212759E-15,0.));
#13024=DIRECTION('',(0.,0.,-1.));
#13025=DIRECTION('center_axis',(0.,0.,-1.));
#13026=DIRECTION('ref_axis',(-1.,2.47206717212759E-15,0.));
#13027=DIRECTION('',(0.,0.,1.));
#13028=DIRECTION('center_axis',(1.,0.,0.));
#13029=DIRECTION('ref_axis',(0.,0.,-1.));
#13030=DIRECTION('',(0.,0.,-1.));
#13031=DIRECTION('center_axis',(-1.,0.,0.));
#13032=DIRECTION('ref_axis',(0.,0.,1.));
#13033=DIRECTION('',(0.,0.,1.));
#13034=DIRECTION('center_axis',(0.,0.,1.));
#13035=DIRECTION('ref_axis',(-1.,-4.9441343442552E-15,0.));
#13036=DIRECTION('',(0.,0.,-1.));
#13037=DIRECTION('center_axis',(0.,0.,1.));
#13038=DIRECTION('ref_axis',(-1.,-4.9441343442552E-15,0.));
#13039=DIRECTION('',(0.,0.,1.));
#13040=DIRECTION('center_axis',(-1.,-4.91546891914683E-16,0.));
#13041=DIRECTION('ref_axis',(0.,0.,-1.));
#13042=DIRECTION('',(0.,0.,-1.));
#13043=DIRECTION('center_axis',(1.,4.91546891914683E-16,0.));
#13044=DIRECTION('ref_axis',(0.,0.,1.));
#13045=DIRECTION('',(0.,0.,1.));
#13046=DIRECTION('center_axis',(0.,0.,-1.));
#13047=DIRECTION('ref_axis',(-1.,2.47206717212759E-15,0.));
#13048=DIRECTION('',(0.,0.,-1.));
#13049=DIRECTION('center_axis',(0.,0.,-1.));
#13050=DIRECTION('ref_axis',(-1.,2.47206717212759E-15,0.));
#13051=DIRECTION('',(0.,0.,1.));
#13052=DIRECTION('center_axis',(1.,0.,0.));
#13053=DIRECTION('ref_axis',(0.,0.,-1.));
#13054=DIRECTION('',(0.,0.,-1.));
#13055=DIRECTION('center_axis',(-1.,0.,0.));
#13056=DIRECTION('ref_axis',(0.,0.,1.));
#13057=DIRECTION('',(0.,0.,1.));
#13058=DIRECTION('center_axis',(0.,0.,1.));
#13059=DIRECTION('ref_axis',(-1.,-4.9441343442552E-15,0.));
#13060=DIRECTION('',(0.,0.,-1.));
#13061=DIRECTION('center_axis',(0.,0.,1.));
#13062=DIRECTION('ref_axis',(-1.,-4.9441343442552E-15,0.));
#13063=DIRECTION('',(0.,0.,1.));
#13064=DIRECTION('center_axis',(-1.,-4.91546891914683E-16,0.));
#13065=DIRECTION('ref_axis',(0.,0.,-1.));
#13066=DIRECTION('',(0.,0.,-1.));
#13067=DIRECTION('center_axis',(1.,4.91546891914683E-16,0.));
#13068=DIRECTION('ref_axis',(0.,0.,1.));
#13069=DIRECTION('',(0.,0.,1.));
#13070=DIRECTION('center_axis',(0.,0.,-1.));
#13071=DIRECTION('ref_axis',(-1.,2.47206717212759E-15,0.));
#13072=DIRECTION('',(0.,0.,-1.));
#13073=DIRECTION('center_axis',(0.,0.,-1.));
#13074=DIRECTION('ref_axis',(-1.,2.47206717212759E-15,0.));
#13075=DIRECTION('',(0.,0.,1.));
#13076=DIRECTION('center_axis',(1.,0.,0.));
#13077=DIRECTION('ref_axis',(0.,0.,-1.));
#13078=DIRECTION('',(0.,0.,-1.));
#13079=DIRECTION('center_axis',(-1.,0.,0.));
#13080=DIRECTION('ref_axis',(0.,0.,1.));
#13081=DIRECTION('',(0.,0.,1.));
#13082=DIRECTION('center_axis',(0.,0.,1.));
#13083=DIRECTION('ref_axis',(-1.,-4.9441343442552E-15,0.));
#13084=DIRECTION('',(0.,0.,-1.));
#13085=DIRECTION('center_axis',(0.,0.,1.));
#13086=DIRECTION('ref_axis',(-1.,-4.9441343442552E-15,0.));
#13087=DIRECTION('',(0.,0.,1.));
#13088=DIRECTION('center_axis',(-1.,-4.94107031976738E-16,0.));
#13089=DIRECTION('ref_axis',(0.,0.,-1.));
#13090=DIRECTION('',(0.,0.,-1.));
#13091=DIRECTION('center_axis',(1.,4.94107031976738E-16,0.));
#13092=DIRECTION('ref_axis',(0.,0.,1.));
#13093=DIRECTION('',(0.,0.,1.));
#13094=DIRECTION('center_axis',(0.,0.,-1.));
#13095=DIRECTION('ref_axis',(-1.,2.47206717212759E-15,0.));
#13096=DIRECTION('',(0.,0.,-1.));
#13097=DIRECTION('center_axis',(0.,0.,-1.));
#13098=DIRECTION('ref_axis',(-1.,2.47206717212759E-15,0.));
#13099=DIRECTION('',(0.,0.,1.));
#13100=DIRECTION('center_axis',(1.,0.,0.));
#13101=DIRECTION('ref_axis',(0.,0.,-1.));
#13102=DIRECTION('',(0.,0.,-1.));
#13103=DIRECTION('center_axis',(-1.,0.,0.));
#13104=DIRECTION('ref_axis',(0.,0.,1.));
#13105=DIRECTION('',(0.,0.,1.));
#13106=DIRECTION('center_axis',(0.,0.,1.));
#13107=DIRECTION('ref_axis',(-1.,-4.9441343442552E-15,0.));
#13108=DIRECTION('',(0.,0.,-1.));
#13109=DIRECTION('center_axis',(0.,0.,1.));
#13110=DIRECTION('ref_axis',(-1.,-4.9441343442552E-15,0.));
#13111=DIRECTION('',(0.,0.,1.));
#13112=DIRECTION('center_axis',(-1.,-4.91546891914683E-16,0.));
#13113=DIRECTION('ref_axis',(0.,0.,-1.));
#13114=DIRECTION('',(0.,0.,-1.));
#13115=DIRECTION('center_axis',(1.,4.91546891914683E-16,0.));
#13116=DIRECTION('ref_axis',(0.,0.,1.));
#13117=DIRECTION('',(0.,0.,1.));
#13118=DIRECTION('center_axis',(0.,0.,-1.));
#13119=DIRECTION('ref_axis',(-1.,2.47206717212759E-15,0.));
#13120=DIRECTION('',(0.,0.,-1.));
#13121=DIRECTION('center_axis',(0.,0.,-1.));
#13122=DIRECTION('ref_axis',(-1.,2.47206717212759E-15,0.));
#13123=DIRECTION('',(0.,0.,1.));
#13124=DIRECTION('center_axis',(1.,0.,0.));
#13125=DIRECTION('ref_axis',(0.,0.,-1.));
#13126=DIRECTION('',(0.,0.,-1.));
#13127=DIRECTION('center_axis',(-1.,0.,0.));
#13128=DIRECTION('ref_axis',(0.,0.,1.));
#13129=DIRECTION('',(0.,0.,1.));
#13130=DIRECTION('center_axis',(0.,0.,1.));
#13131=DIRECTION('ref_axis',(-1.,-4.9441343442552E-15,0.));
#13132=DIRECTION('',(0.,0.,-1.));
#13133=DIRECTION('center_axis',(0.,0.,1.));
#13134=DIRECTION('ref_axis',(-1.,-4.9441343442552E-15,0.));
#13135=DIRECTION('',(0.,0.,1.));
#13136=DIRECTION('center_axis',(-1.,-4.91546891914683E-16,0.));
#13137=DIRECTION('ref_axis',(0.,0.,-1.));
#13138=DIRECTION('',(0.,0.,-1.));
#13139=DIRECTION('center_axis',(1.,4.91546891914683E-16,0.));
#13140=DIRECTION('ref_axis',(0.,0.,1.));
#13141=DIRECTION('',(0.,0.,1.));
#13142=DIRECTION('center_axis',(0.,0.,-1.));
#13143=DIRECTION('ref_axis',(-1.,2.47206717212759E-15,0.));
#13144=DIRECTION('',(0.,0.,-1.));
#13145=DIRECTION('center_axis',(0.,0.,-1.));
#13146=DIRECTION('ref_axis',(-1.,2.47206717212759E-15,0.));
#13147=DIRECTION('',(0.,0.,1.));
#13148=DIRECTION('center_axis',(1.,0.,0.));
#13149=DIRECTION('ref_axis',(0.,0.,-1.));
#13150=DIRECTION('',(0.,0.,-1.));
#13151=DIRECTION('center_axis',(-1.,0.,0.));
#13152=DIRECTION('ref_axis',(0.,0.,1.));
#13153=DIRECTION('',(0.,0.,1.));
#13154=DIRECTION('center_axis',(0.,0.,1.));
#13155=DIRECTION('ref_axis',(-1.,-4.9441343442552E-15,0.));
#13156=DIRECTION('',(0.,0.,-1.));
#13157=DIRECTION('center_axis',(0.,0.,1.));
#13158=DIRECTION('ref_axis',(-1.,-4.9441343442552E-15,0.));
#13159=DIRECTION('',(0.,0.,1.));
#13160=DIRECTION('center_axis',(-1.,-4.91546891914683E-16,0.));
#13161=DIRECTION('ref_axis',(0.,0.,-1.));
#13162=DIRECTION('',(0.,0.,-1.));
#13163=DIRECTION('center_axis',(1.,4.91546891914683E-16,0.));
#13164=DIRECTION('ref_axis',(0.,0.,1.));
#13165=DIRECTION('',(0.,0.,1.));
#13166=DIRECTION('center_axis',(0.,0.,-1.));
#13167=DIRECTION('ref_axis',(-1.,2.47206717212759E-15,0.));
#13168=DIRECTION('',(0.,0.,-1.));
#13169=DIRECTION('center_axis',(0.,0.,-1.));
#13170=DIRECTION('ref_axis',(-1.,2.47206717212759E-15,0.));
#13171=DIRECTION('',(0.,0.,1.));
#13172=DIRECTION('center_axis',(1.,0.,0.));
#13173=DIRECTION('ref_axis',(0.,0.,-1.));
#13174=DIRECTION('',(0.,0.,-1.));
#13175=DIRECTION('center_axis',(-1.,0.,0.));
#13176=DIRECTION('ref_axis',(0.,0.,1.));
#13177=DIRECTION('',(0.,0.,1.));
#13178=DIRECTION('center_axis',(0.,0.,1.));
#13179=DIRECTION('ref_axis',(-1.,-4.9441343442552E-15,0.));
#13180=DIRECTION('',(0.,0.,-1.));
#13181=DIRECTION('center_axis',(0.,0.,1.));
#13182=DIRECTION('ref_axis',(-1.,-4.9441343442552E-15,0.));
#13183=DIRECTION('',(0.,0.,1.));
#13184=DIRECTION('center_axis',(-1.,-7.79348033582057E-16,0.));
#13185=DIRECTION('ref_axis',(0.,0.,-1.));
#13186=DIRECTION('',(0.,0.,-1.));
#13187=DIRECTION('center_axis',(1.,7.79348033582057E-16,0.));
#13188=DIRECTION('ref_axis',(0.,0.,1.));
#13189=DIRECTION('',(0.,0.,1.));
#13190=DIRECTION('center_axis',(0.,0.,1.));
#13191=DIRECTION('ref_axis',(-4.44089209850058E-15,1.,0.));
#13192=DIRECTION('center_axis',(0.,0.,1.));
#13193=DIRECTION('ref_axis',(-4.44089209850058E-15,1.,0.));
#13194=DIRECTION('center_axis',(5.60112516924798E-15,1.,0.));
#13195=DIRECTION('ref_axis',(0.,0.,-1.));
#13196=DIRECTION('center_axis',(1.,8.7076315656875E-17,0.));
#13197=DIRECTION('ref_axis',(-8.7076315656875E-17,1.,0.));
#13198=DIRECTION('',(0.,0.,1.));
#13199=DIRECTION('',(0.,0.,-1.));
#13200=DIRECTION('center_axis',(0.,0.,1.));
#13201=DIRECTION('ref_axis',(1.,0.,0.));
#13202=DIRECTION('',(0.,0.,-1.));
#13203=DIRECTION('center_axis',(0.,0.,1.));
#13204=DIRECTION('ref_axis',(1.,0.,0.));
#13205=DIRECTION('',(0.,0.,-1.));
#13206=DIRECTION('center_axis',(-1.,8.7076315656875E-17,0.));
#13207=DIRECTION('ref_axis',(-8.7076315656875E-17,-1.,0.));
#13208=DIRECTION('',(0.,0.,1.));
#13209=DIRECTION('',(0.,0.,-1.));
#13210=DIRECTION('center_axis',(-1.13577803030712E-16,1.,0.));
#13211=DIRECTION('ref_axis',(-1.,-1.13577803030712E-16,0.));
#13212=DIRECTION('center_axis',(0.,-1.,0.));
#13213=DIRECTION('ref_axis',(1.,0.,0.));
#13214=DIRECTION('axis',(0.,0.,1.));
#13215=DIRECTION('refdir',(1.,0.,0.));
#13216=DIRECTION('axis',(0.,0.,1.));
#13217=DIRECTION('refdir',(1.,0.,0.));
#13218=DIRECTION('axis',(0.,0.,1.));
#13219=DIRECTION('refdir',(1.,0.,0.));
#13220=DIRECTION('center_axis',(0.,1.,0.));
#13221=DIRECTION('ref_axis',(-1.,0.,0.));
#13222=DIRECTION('',(-1.,0.,0.));
#13223=DIRECTION('',(0.,0.,1.));
#13224=DIRECTION('',(-1.,0.,0.));
#13225=DIRECTION('',(0.,0.,1.));
#13226=DIRECTION('center_axis',(1.,-1.26882631385732E-15,0.));
#13227=DIRECTION('ref_axis',(1.26882631385732E-15,1.,0.));
#13228=DIRECTION('',(1.26882631385732E-15,1.,0.));
#13229=DIRECTION('',(1.26882631385732E-15,1.,0.));
#13230=DIRECTION('',(0.,0.,1.));
#13231=DIRECTION('center_axis',(0.,-1.,0.));
#13232=DIRECTION('ref_axis',(1.,0.,0.));
#13233=DIRECTION('',(1.,0.,0.));
#13234=DIRECTION('',(1.,0.,0.));
#13235=DIRECTION('',(0.,0.,1.));
#13236=DIRECTION('center_axis',(-1.,-3.1720657846433E-16,0.));
#13237=DIRECTION('ref_axis',(3.1720657846433E-16,-1.,0.));
#13238=DIRECTION('',(3.1720657846433E-16,-1.,0.));
#13239=DIRECTION('',(3.1720657846433E-16,-1.,0.));
#13240=DIRECTION('center_axis',(0.,0.,1.));
#13241=DIRECTION('ref_axis',(1.,0.,0.));
#13242=DIRECTION('center_axis',(0.,0.,1.));
#13243=DIRECTION('ref_axis',(1.,0.,0.));
#13244=DIRECTION('center_axis',(-1.22464679914735E-16,-1.,0.));
#13245=DIRECTION('ref_axis',(1.,-1.22464679914735E-16,0.));
#13246=DIRECTION('',(1.,-1.22464679914735E-16,0.));
#13247=DIRECTION('',(0.,0.,1.));
#13248=DIRECTION('',(1.,-1.22464679914735E-16,0.));
#13249=DIRECTION('',(0.,0.,1.));
#13250=DIRECTION('center_axis',(-1.,1.39129099377206E-15,0.));
#13251=DIRECTION('ref_axis',(-1.39129099377206E-15,-1.,0.));
#13252=DIRECTION('',(-1.39129099377206E-15,-1.,0.));
#13253=DIRECTION('',(-1.39129099377206E-15,-1.,0.));
#13254=DIRECTION('',(0.,0.,1.));
#13255=DIRECTION('center_axis',(1.22464679914735E-16,1.,0.));
#13256=DIRECTION('ref_axis',(-1.,1.22464679914735E-16,0.));
#13257=DIRECTION('',(-1.,1.22464679914735E-16,0.));
#13258=DIRECTION('',(-1.,1.22464679914735E-16,0.));
#13259=DIRECTION('',(0.,0.,1.));
#13260=DIRECTION('center_axis',(1.,1.94741898549595E-16,0.));
#13261=DIRECTION('ref_axis',(-1.94741898549595E-16,1.,0.));
#13262=DIRECTION('',(-1.94741898549595E-16,1.,0.));
#13263=DIRECTION('',(-1.94741898549595E-16,1.,0.));
#13264=DIRECTION('center_axis',(0.,0.,1.));
#13265=DIRECTION('ref_axis',(-1.,1.22464679914735E-16,0.));
#13266=DIRECTION('center_axis',(0.,0.,1.));
#13267=DIRECTION('ref_axis',(-1.,1.22464679914735E-16,0.));
#13268=DIRECTION('axis',(0.,0.,1.));
#13269=DIRECTION('refdir',(1.,0.,0.));
#13270=DIRECTION('center_axis',(-1.,0.,0.));
#13271=DIRECTION('ref_axis',(0.,-1.,0.));
#13272=DIRECTION('',(0.,1.,0.));
#13273=DIRECTION('',(0.,0.,1.));
#13274=DIRECTION('',(0.,-1.,0.));
#13275=DIRECTION('',(0.,0.,1.));
#13276=DIRECTION('center_axis',(0.,1.,0.));
#13277=DIRECTION('ref_axis',(-1.,0.,0.));
#13278=DIRECTION('',(1.,0.,0.));
#13279=DIRECTION('',(-1.,0.,0.));
#13280=DIRECTION('',(0.,0.,1.));
#13281=DIRECTION('center_axis',(1.,0.,0.));
#13282=DIRECTION('ref_axis',(0.,1.,0.));
#13283=DIRECTION('',(0.,-1.,0.));
#13284=DIRECTION('',(0.,1.,0.));
#13285=DIRECTION('',(0.,0.,1.));
#13286=DIRECTION('center_axis',(0.,-1.,0.));
#13287=DIRECTION('ref_axis',(1.,0.,0.));
#13288=DIRECTION('',(-1.,0.,0.));
#13289=DIRECTION('',(1.,0.,0.));
#13290=DIRECTION('center_axis',(0.,0.,1.));
#13291=DIRECTION('ref_axis',(1.,0.,0.));
#13292=DIRECTION('center_axis',(0.,0.,1.));
#13293=DIRECTION('ref_axis',(1.,0.,0.));
#13294=DIRECTION('center_axis',(0.,1.,0.));
#13295=DIRECTION('ref_axis',(-1.,0.,0.));
#13296=DIRECTION('',(1.,0.,0.));
#13297=DIRECTION('',(0.,0.,1.));
#13298=DIRECTION('',(-1.,0.,0.));
#13299=DIRECTION('',(0.,0.,1.));
#13300=DIRECTION('center_axis',(1.,0.,0.));
#13301=DIRECTION('ref_axis',(0.,1.,0.));
#13302=DIRECTION('',(0.,-1.,0.));
#13303=DIRECTION('',(0.,1.,0.));
#13304=DIRECTION('',(0.,0.,1.));
#13305=DIRECTION('center_axis',(0.,-1.,0.));
#13306=DIRECTION('ref_axis',(1.,0.,0.));
#13307=DIRECTION('',(-1.,0.,0.));
#13308=DIRECTION('',(1.,0.,0.));
#13309=DIRECTION('',(0.,0.,1.));
#13310=DIRECTION('center_axis',(-1.,0.,0.));
#13311=DIRECTION('ref_axis',(0.,-1.,0.));
#13312=DIRECTION('',(0.,1.,0.));
#13313=DIRECTION('',(0.,-1.,0.));
#13314=DIRECTION('center_axis',(0.,0.,1.));
#13315=DIRECTION('ref_axis',(1.,0.,0.));
#13316=DIRECTION('center_axis',(0.,0.,1.));
#13317=DIRECTION('ref_axis',(1.,0.,0.));
#13318=DIRECTION('',(0.,0.,1.));
#13319=DIRECTION('',(1.,0.,0.));
#13320=DIRECTION('',(0.,0.,1.));
#13321=DIRECTION('',(1.,0.,0.));
#13322=DIRECTION('axis',(0.,0.,1.));
#13323=DIRECTION('refdir',(1.,0.,0.));
#13324=DIRECTION('center_axis',(0.,0.,1.));
#13325=DIRECTION('ref_axis',(0.952279628422519,-0.305226979953392,0.));
#13326=DIRECTION('center_axis',(0.,0.,-1.));
#13327=DIRECTION('ref_axis',(0.952279628422519,-0.305226979953392,0.));
#13328=DIRECTION('',(0.,0.,1.));
#13329=DIRECTION('center_axis',(0.,0.,1.));
#13330=DIRECTION('ref_axis',(0.952279628422519,-0.305226979953392,0.));
#13331=DIRECTION('',(0.,0.,1.));
#13332=DIRECTION('center_axis',(0.,0.,1.));
#13333=DIRECTION('ref_axis',(0.425720129428047,-0.904854889692136,0.));
#13334=DIRECTION('center_axis',(0.,0.,1.));
#13335=DIRECTION('ref_axis',(0.425720129428047,-0.904854889692136,0.));
#13336=DIRECTION('center_axis',(0.,0.,-1.));
#13337=DIRECTION('ref_axis',(0.425720129428047,-0.904854889692136,0.));
#13338=DIRECTION('',(0.,0.,1.));
#13339=DIRECTION('center_axis',(0.,0.,1.));
#13340=DIRECTION('ref_axis',(-5.02984665483712E-16,1.,0.));
#13341=DIRECTION('center_axis',(0.,0.,-1.));
#13342=DIRECTION('ref_axis',(-5.02984665483712E-16,1.,0.));
#13343=DIRECTION('center_axis',(0.,0.,1.));
#13344=DIRECTION('ref_axis',(-5.02984665483712E-16,1.,0.));
#13345=DIRECTION('',(0.,0.,1.));
#13346=DIRECTION('center_axis',(0.,1.,0.));
#13347=DIRECTION('ref_axis',(-1.,0.,0.));
#13348=DIRECTION('',(1.,0.,0.));
#13349=DIRECTION('',(-1.,0.,0.));
#13350=DIRECTION('',(0.,0.,1.));
#13351=DIRECTION('center_axis',(0.,0.,1.));
#13352=DIRECTION('ref_axis',(0.999634703184158,0.0270270270270279,0.));
#13353=DIRECTION('center_axis',(0.,0.,-1.));
#13354=DIRECTION('ref_axis',(0.999634703184158,0.0270270270270279,0.));
#13355=DIRECTION('center_axis',(0.,0.,1.));
#13356=DIRECTION('ref_axis',(0.999634703184158,0.0270270270270279,0.));
#13357=DIRECTION('',(0.,0.,1.));
#13358=DIRECTION('center_axis',(0.,0.,1.));
#13359=DIRECTION('ref_axis',(-3.82835525732813E-15,-1.,0.));
#13360=DIRECTION('center_axis',(0.,0.,1.));
#13361=DIRECTION('ref_axis',(-3.82835525732813E-15,-1.,0.));
#13362=DIRECTION('center_axis',(0.,0.,-1.));
#13363=DIRECTION('ref_axis',(-3.82835525732813E-15,-1.,0.));
#13364=DIRECTION('',(0.,0.,1.));
#13365=DIRECTION('center_axis',(0.,1.,0.));
#13366=DIRECTION('ref_axis',(-1.,0.,0.));
#13367=DIRECTION('',(1.,0.,0.));
#13368=DIRECTION('',(-1.,0.,0.));
#13369=DIRECTION('',(0.,0.,1.));
#13370=DIRECTION('center_axis',(0.,0.,1.));
#13371=DIRECTION('ref_axis',(0.957450231248508,0.288598431531042,0.));
#13372=DIRECTION('center_axis',(0.,0.,1.));
#13373=DIRECTION('ref_axis',(0.957450231248508,0.288598431531042,0.));
#13374=DIRECTION('center_axis',(0.,0.,-1.));
#13375=DIRECTION('ref_axis',(0.957450231248508,0.288598431531042,0.));
#13376=DIRECTION('',(0.,0.,1.));
#13377=DIRECTION('center_axis',(0.,0.,1.));
#13378=DIRECTION('ref_axis',(-1.,-1.6565565876333E-15,0.));
#13379=DIRECTION('center_axis',(0.,0.,-1.));
#13380=DIRECTION('ref_axis',(-1.,-1.6565565876333E-15,0.));
#13381=DIRECTION('center_axis',(0.,0.,1.));
#13382=DIRECTION('ref_axis',(-1.,-1.6565565876333E-15,0.));
#13383=DIRECTION('',(0.,0.,1.));
#13384=DIRECTION('center_axis',(-1.,1.22464679914735E-16,0.));
#13385=DIRECTION('ref_axis',(-1.22464679914735E-16,-1.,0.));
#13386=DIRECTION('',(1.22464679914735E-16,1.,0.));
#13387=DIRECTION('',(-1.22464679914735E-16,-1.,0.));
#13388=DIRECTION('',(0.,0.,1.));
#13389=DIRECTION('center_axis',(0.,0.,1.));
#13390=DIRECTION('ref_axis',(1.,1.73237664883852E-16,0.));
#13391=DIRECTION('center_axis',(0.,0.,1.));
#13392=DIRECTION('ref_axis',(1.,1.73237664883852E-16,0.));
#13393=DIRECTION('',(0.,0.,1.));
#13394=DIRECTION('center_axis',(0.,0.,1.));
#13395=DIRECTION('ref_axis',(1.,1.73237664883852E-16,0.));
#13396=DIRECTION('',(0.,0.,1.));
#13397=DIRECTION('center_axis',(0.,0.,1.));
#13398=DIRECTION('ref_axis',(-0.957450231248508,-0.288598431531043,0.));
#13399=DIRECTION('center_axis',(0.,0.,-1.));
#13400=DIRECTION('ref_axis',(-0.957450231248508,-0.288598431531043,0.));
#13401=DIRECTION('center_axis',(0.,0.,-1.));
#13402=DIRECTION('ref_axis',(-0.957450231248508,-0.288598431531043,0.));
#13403=DIRECTION('',(0.,0.,1.));
#13404=DIRECTION('center_axis',(1.22464679914735E-16,1.,0.));
#13405=DIRECTION('ref_axis',(-1.,1.22464679914735E-16,0.));
#13406=DIRECTION('',(1.,-1.22464679914735E-16,0.));
#13407=DIRECTION('',(1.,-1.22464679914735E-16,0.));
#13408=DIRECTION('',(0.,0.,1.));
#13409=DIRECTION('center_axis',(0.,0.,1.));
#13410=DIRECTION('ref_axis',(1.35604581838713E-15,1.,0.));
#13411=DIRECTION('center_axis',(0.,0.,-1.));
#13412=DIRECTION('ref_axis',(1.35604581838713E-15,1.,0.));
#13413=DIRECTION('center_axis',(0.,0.,-1.));
#13414=DIRECTION('ref_axis',(1.35604581838713E-15,1.,0.));
#13415=DIRECTION('',(0.,0.,1.));
#13416=DIRECTION('center_axis',(0.,0.,1.));
#13417=DIRECTION('ref_axis',(-0.999634703184158,-0.0270270270270292,0.));
#13418=DIRECTION('center_axis',(0.,0.,1.));
#13419=DIRECTION('ref_axis',(-0.999634703184158,-0.0270270270270292,0.));
#13420=DIRECTION('center_axis',(0.,0.,1.));
#13421=DIRECTION('ref_axis',(-0.999634703184158,-0.0270270270270292,0.));
#13422=DIRECTION('',(0.,0.,1.));
#13423=DIRECTION('center_axis',(1.22464679914735E-16,1.,0.));
#13424=DIRECTION('ref_axis',(-1.,1.22464679914735E-16,0.));
#13425=DIRECTION('',(1.,-1.22464679914735E-16,0.));
#13426=DIRECTION('',(1.,-1.22464679914735E-16,0.));
#13427=DIRECTION('',(0.,0.,1.));
#13428=DIRECTION('center_axis',(0.,0.,1.));
#13429=DIRECTION('ref_axis',(1.10615411954564E-15,-1.,0.));
#13430=DIRECTION('center_axis',(0.,0.,1.));
#13431=DIRECTION('ref_axis',(1.10615411954564E-15,-1.,0.));
#13432=DIRECTION('center_axis',(0.,0.,1.));
#13433=DIRECTION('ref_axis',(1.10615411954564E-15,-1.,0.));
#13434=DIRECTION('',(0.,0.,1.));
#13435=DIRECTION('center_axis',(0.,0.,1.));
#13436=DIRECTION('ref_axis',(-0.425720129428191,0.904854889692068,0.));
#13437=DIRECTION('center_axis',(0.,0.,-1.));
#13438=DIRECTION('ref_axis',(-0.425720129428191,0.904854889692068,0.));
#13439=DIRECTION('center_axis',(0.,0.,-1.));
#13440=DIRECTION('ref_axis',(-0.425720129428191,0.904854889692068,0.));
#13441=DIRECTION('',(0.,0.,1.));
#13442=DIRECTION('center_axis',(0.,0.,1.));
#13443=DIRECTION('ref_axis',(-0.952279628422495,0.305226979953467,0.));
#13444=DIRECTION('center_axis',(0.,0.,1.));
#13445=DIRECTION('ref_axis',(-0.952279628422495,0.305226979953467,0.));
#13446=DIRECTION('center_axis',(0.,0.,1.));
#13447=DIRECTION('ref_axis',(-0.952279628422495,0.305226979953467,0.));
#13448=DIRECTION('',(0.,0.,1.));
#13449=DIRECTION('center_axis',(1.,0.,0.));
#13450=DIRECTION('ref_axis',(0.,1.,0.));
#13451=DIRECTION('',(0.,-1.,0.));
#13452=DIRECTION('',(0.,-1.,0.));
#13453=DIRECTION('',(0.,0.,1.));
#13454=DIRECTION('center_axis',(0.,0.,1.));
#13455=DIRECTION('ref_axis',(-0.952279628422519,0.305226979953393,0.));
#13456=DIRECTION('center_axis',(0.,0.,-1.));
#13457=DIRECTION('ref_axis',(-0.952279628422519,0.305226979953393,0.));
#13458=DIRECTION('center_axis',(0.,0.,1.));
#13459=DIRECTION('ref_axis',(-0.952279628422519,0.305226979953393,0.));
#13460=DIRECTION('',(0.,0.,1.));
#13461=DIRECTION('center_axis',(0.,0.,1.));
#13462=DIRECTION('ref_axis',(-0.425720129428047,0.904854889692136,0.));
#13463=DIRECTION('center_axis',(0.,0.,1.));
#13464=DIRECTION('ref_axis',(-0.425720129428047,0.904854889692136,0.));
#13465=DIRECTION('center_axis',(0.,0.,-1.));
#13466=DIRECTION('ref_axis',(-0.425720129428047,0.904854889692136,0.));
#13467=DIRECTION('',(0.,0.,1.));
#13468=DIRECTION('center_axis',(0.,0.,1.));
#13469=DIRECTION('ref_axis',(3.80519985568976E-16,-1.,0.));
#13470=DIRECTION('center_axis',(0.,0.,-1.));
#13471=DIRECTION('ref_axis',(3.80519985568976E-16,-1.,0.));
#13472=DIRECTION('center_axis',(0.,0.,1.));
#13473=DIRECTION('ref_axis',(3.80519985568976E-16,-1.,0.));
#13474=DIRECTION('',(0.,0.,1.));
#13475=DIRECTION('center_axis',(-1.22464679914735E-16,-1.,0.));
#13476=DIRECTION('ref_axis',(1.,-1.22464679914735E-16,0.));
#13477=DIRECTION('',(-1.,1.22464679914735E-16,0.));
#13478=DIRECTION('',(1.,-1.22464679914735E-16,0.));
#13479=DIRECTION('',(0.,0.,1.));
#13480=DIRECTION('center_axis',(0.,0.,1.));
#13481=DIRECTION('ref_axis',(-0.999634703184158,-0.0270270270270278,0.));
#13482=DIRECTION('center_axis',(0.,0.,-1.));
#13483=DIRECTION('ref_axis',(-0.999634703184158,-0.0270270270270278,0.));
#13484=DIRECTION('center_axis',(0.,0.,1.));
#13485=DIRECTION('ref_axis',(-0.999634703184158,-0.0270270270270278,0.));
#13486=DIRECTION('',(0.,0.,1.));
#13487=DIRECTION('center_axis',(0.,0.,1.));
#13488=DIRECTION('ref_axis',(3.95081993724287E-15,1.,0.));
#13489=DIRECTION('center_axis',(0.,0.,1.));
#13490=DIRECTION('ref_axis',(3.95081993724287E-15,1.,0.));
#13491=DIRECTION('center_axis',(0.,0.,-1.));
#13492=DIRECTION('ref_axis',(3.95081993724287E-15,1.,0.));
#13493=DIRECTION('',(0.,0.,1.));
#13494=DIRECTION('center_axis',(-1.22464679914735E-16,-1.,0.));
#13495=DIRECTION('ref_axis',(1.,-1.22464679914735E-16,0.));
#13496=DIRECTION('',(-1.,1.22464679914735E-16,0.));
#13497=DIRECTION('',(1.,-1.22464679914735E-16,0.));
#13498=DIRECTION('',(0.,0.,1.));
#13499=DIRECTION('center_axis',(0.,0.,1.));
#13500=DIRECTION('ref_axis',(-0.957450231248508,-0.288598431531042,0.));
#13501=DIRECTION('center_axis',(0.,0.,1.));
#13502=DIRECTION('ref_axis',(-0.957450231248508,-0.288598431531042,0.));
#13503=DIRECTION('center_axis',(0.,0.,-1.));
#13504=DIRECTION('ref_axis',(-0.957450231248508,-0.288598431531042,0.));
#13505=DIRECTION('',(0.,0.,1.));
#13506=DIRECTION('center_axis',(0.,0.,1.));
#13507=DIRECTION('ref_axis',(1.,1.53409190771856E-15,0.));
#13508=DIRECTION('center_axis',(0.,0.,-1.));
#13509=DIRECTION('ref_axis',(1.,1.53409190771856E-15,0.));
#13510=DIRECTION('center_axis',(0.,0.,1.));
#13511=DIRECTION('ref_axis',(1.,1.53409190771856E-15,0.));
#13512=DIRECTION('',(0.,0.,1.));
#13513=DIRECTION('center_axis',(1.,0.,0.));
#13514=DIRECTION('ref_axis',(0.,1.,0.));
#13515=DIRECTION('',(0.,-1.,0.));
#13516=DIRECTION('',(0.,1.,0.));
#13517=DIRECTION('center_axis',(0.,0.,1.));
#13518=DIRECTION('ref_axis',(-1.,-2.95702344798587E-16,0.));
#13519=DIRECTION('center_axis',(0.,0.,1.));
#13520=DIRECTION('ref_axis',(-1.,-2.95702344798587E-16,0.));
#13521=DIRECTION('center_axis',(0.,0.,1.));
#13522=DIRECTION('ref_axis',(-1.,-2.95702344798587E-16,0.));
#13523=DIRECTION('',(0.,0.,1.));
#13524=DIRECTION('center_axis',(0.,0.,1.));
#13525=DIRECTION('ref_axis',(0.957450231248508,0.288598431531043,0.));
#13526=DIRECTION('center_axis',(0.,0.,-1.));
#13527=DIRECTION('ref_axis',(0.957450231248508,0.288598431531043,0.));
#13528=DIRECTION('center_axis',(0.,0.,-1.));
#13529=DIRECTION('ref_axis',(0.957450231248508,0.288598431531043,0.));
#13530=DIRECTION('',(0.,0.,1.));
#13531=DIRECTION('center_axis',(0.,-1.,0.));
#13532=DIRECTION('ref_axis',(1.,0.,0.));
#13533=DIRECTION('',(-1.,0.,0.));
#13534=DIRECTION('',(-1.,0.,0.));
#13535=DIRECTION('',(0.,0.,1.));
#13536=DIRECTION('center_axis',(0.,0.,1.));
#13537=DIRECTION('ref_axis',(-1.2335811384724E-15,-1.,0.));
#13538=DIRECTION('center_axis',(0.,0.,-1.));
#13539=DIRECTION('ref_axis',(-1.2335811384724E-15,-1.,0.));
#13540=DIRECTION('center_axis',(0.,0.,-1.));
#13541=DIRECTION('ref_axis',(-1.2335811384724E-15,-1.,0.));
#13542=DIRECTION('',(0.,0.,1.));
#13543=DIRECTION('center_axis',(0.,0.,1.));
#13544=DIRECTION('ref_axis',(0.999634703184158,0.0270270270270293,0.));
#13545=DIRECTION('center_axis',(0.,0.,1.));
#13546=DIRECTION('ref_axis',(0.999634703184158,0.0270270270270293,0.));
#13547=DIRECTION('center_axis',(0.,0.,1.));
#13548=DIRECTION('ref_axis',(0.999634703184158,0.0270270270270293,0.));
#13549=DIRECTION('',(0.,0.,1.));
#13550=DIRECTION('center_axis',(0.,-1.,0.));
#13551=DIRECTION('ref_axis',(1.,0.,0.));
#13552=DIRECTION('',(-1.,0.,0.));
#13553=DIRECTION('',(-1.,0.,0.));
#13554=DIRECTION('',(0.,0.,1.));
#13555=DIRECTION('center_axis',(0.,0.,1.));
#13556=DIRECTION('ref_axis',(-1.22861879946037E-15,1.,0.));
#13557=DIRECTION('center_axis',(0.,0.,1.));
#13558=DIRECTION('ref_axis',(-1.22861879946037E-15,1.,0.));
#13559=DIRECTION('center_axis',(0.,0.,1.));
#13560=DIRECTION('ref_axis',(-1.22861879946037E-15,1.,0.));
#13561=DIRECTION('',(0.,0.,1.));
#13562=DIRECTION('center_axis',(0.,0.,1.));
#13563=DIRECTION('ref_axis',(0.425720129428191,-0.904854889692068,0.));
#13564=DIRECTION('center_axis',(0.,0.,-1.));
#13565=DIRECTION('ref_axis',(0.425720129428191,-0.904854889692068,0.));
#13566=DIRECTION('center_axis',(0.,0.,-1.));
#13567=DIRECTION('ref_axis',(0.425720129428191,-0.904854889692068,0.));
#13568=DIRECTION('',(0.,0.,1.));
#13569=DIRECTION('center_axis',(0.,0.,1.));
#13570=DIRECTION('ref_axis',(0.952279628422495,-0.305226979953467,0.));
#13571=DIRECTION('center_axis',(0.,0.,1.));
#13572=DIRECTION('ref_axis',(0.952279628422495,-0.305226979953467,0.));
#13573=DIRECTION('center_axis',(0.,0.,1.));
#13574=DIRECTION('ref_axis',(0.952279628422495,-0.305226979953467,0.));
#13575=DIRECTION('',(0.,0.,1.));
#13576=DIRECTION('center_axis',(-1.,0.,0.));
#13577=DIRECTION('ref_axis',(0.,-1.,0.));
#13578=DIRECTION('',(0.,1.,0.));
#13579=DIRECTION('',(0.,1.,0.));
#13580=DIRECTION('center_axis',(0.,0.,-1.));
#13581=DIRECTION('ref_axis',(1.,0.,0.));
#13582=DIRECTION('center_axis',(0.,0.,1.));
#13583=DIRECTION('ref_axis',(1.,0.,0.));
#13584=DIRECTION('',(1.,0.,0.));
#13585=DIRECTION('',(8.7076315656875E-17,-1.,0.));
#13586=DIRECTION('',(-1.,-1.13577803030712E-16,0.));
#13587=DIRECTION('',(8.7076315656875E-17,1.,0.));
#13588=DIRECTION('center_axis',(0.,0.,-1.));
#13589=DIRECTION('ref_axis',(1.,0.,0.));
#13590=DIRECTION('center_axis',(0.,0.,-1.));
#13591=DIRECTION('ref_axis',(1.,0.,0.));
#13592=DIRECTION('center_axis',(-1.,8.19681394991587E-15,0.));
#13593=DIRECTION('ref_axis',(-8.19681394991587E-15,-1.,0.));
#13594=DIRECTION('',(0.,0.,1.));
#13595=DIRECTION('',(8.19681394991587E-15,1.,0.));
#13596=DIRECTION('',(0.,0.,1.));
#13597=DIRECTION('',(8.19681394991587E-15,1.,0.));
#13598=DIRECTION('center_axis',(0.,0.,-1.));
#13599=DIRECTION('ref_axis',(0.,-1.,0.));
#13600=DIRECTION('',(-1.,5.60112516924798E-15,0.));
#13601=DIRECTION('center_axis',(0.,0.,-1.));
#13602=DIRECTION('ref_axis',(1.,0.,0.));
#13603=DIRECTION('center_axis',(0.,0.,-1.));
#13604=DIRECTION('ref_axis',(1.,0.,0.));
#13605=DIRECTION('',(1.,-1.22464679914735E-16,0.));
#13606=DIRECTION('center_axis',(0.,0.,1.));
#13607=DIRECTION('ref_axis',(-2.865091676452E-15,1.,0.));
#13608=DIRECTION('',(7.79348033582057E-16,-1.,0.));
#13609=DIRECTION('center_axis',(0.,0.,1.));
#13610=DIRECTION('ref_axis',(-1.,0.,0.));
#13611=DIRECTION('',(0.,1.,0.));
#13612=DIRECTION('center_axis',(0.,0.,-1.));
#13613=DIRECTION('ref_axis',(-1.,0.,0.));
#13614=DIRECTION('',(4.91546891914683E-16,-1.,0.));
#13615=DIRECTION('center_axis',(0.,0.,1.));
#13616=DIRECTION('ref_axis',(-1.,0.,0.));
#13617=DIRECTION('',(0.,1.,0.));
#13618=DIRECTION('center_axis',(0.,0.,-1.));
#13619=DIRECTION('ref_axis',(-1.,0.,0.));
#13620=DIRECTION('',(4.91546891914683E-16,-1.,0.));
#13621=DIRECTION('center_axis',(0.,0.,1.));
#13622=DIRECTION('ref_axis',(-1.,1.53323031760813E-15,0.));
#13623=DIRECTION('',(0.,1.,0.));
#13624=DIRECTION('center_axis',(0.,0.,-1.));
#13625=DIRECTION('ref_axis',(-1.,-1.27533311546681E-14,0.));
#13626=DIRECTION('',(4.91546891914683E-16,-1.,0.));
#13627=DIRECTION('center_axis',(0.,0.,1.));
#13628=DIRECTION('ref_axis',(-1.,3.06646063521624E-15,0.));
#13629=DIRECTION('',(0.,1.,0.));
#13630=DIRECTION('center_axis',(0.,0.,-1.));
#13631=DIRECTION('ref_axis',(-1.,-1.27533311546685E-14,0.));
#13632=DIRECTION('',(4.94107031976738E-16,-1.,0.));
#13633=DIRECTION('center_axis',(0.,0.,1.));
#13634=DIRECTION('ref_axis',(-1.,3.06646063521622E-15,0.));
#13635=DIRECTION('',(0.,1.,0.));
#13636=DIRECTION('center_axis',(0.,0.,-1.));
#13637=DIRECTION('ref_axis',(-1.,-1.27533311546688E-14,0.));
#13638=DIRECTION('',(4.91546891914683E-16,-1.,0.));
#13639=DIRECTION('center_axis',(0.,0.,1.));
#13640=DIRECTION('ref_axis',(-1.,4.59969095282431E-15,0.));
#13641=DIRECTION('',(0.,1.,0.));
#13642=DIRECTION('center_axis',(0.,0.,-1.));
#13643=DIRECTION('ref_axis',(-1.,-2.55066623093379E-14,0.));
#13644=DIRECTION('',(4.91546891914683E-16,-1.,0.));
#13645=DIRECTION('center_axis',(0.,0.,1.));
#13646=DIRECTION('ref_axis',(-1.,6.1329212704324E-15,0.));
#13647=DIRECTION('',(0.,1.,0.));
#13648=DIRECTION('center_axis',(0.,0.,-1.));
#13649=DIRECTION('ref_axis',(-1.,-2.55066623093379E-14,0.));
#13650=DIRECTION('',(4.91546891914683E-16,-1.,0.));
#13651=DIRECTION('center_axis',(0.,0.,1.));
#13652=DIRECTION('ref_axis',(-1.,6.13292127043241E-15,0.));
#13653=DIRECTION('',(0.,1.,0.));
#13654=DIRECTION('center_axis',(0.,0.,-1.));
#13655=DIRECTION('ref_axis',(-1.,-2.55066623093379E-14,0.));
#13656=DIRECTION('',(6.7692840523718E-17,-1.,0.));
#13657=DIRECTION('center_axis',(0.,0.,-1.));
#13658=DIRECTION('ref_axis',(1.,3.45402718772285E-14,0.));
#13659=DIRECTION('',(-1.,0.,0.));
#13660=DIRECTION('center_axis',(0.,0.,1.));
#13661=DIRECTION('ref_axis',(1.,0.,0.));
#13662=DIRECTION('',(-1.,0.,0.));
#13663=DIRECTION('center_axis',(0.,0.,-1.));
#13664=DIRECTION('ref_axis',(1.,8.59527502935616E-15,0.));
#13665=DIRECTION('',(6.7692840523718E-17,-1.,0.));
#13666=DIRECTION('center_axis',(0.,0.,-1.));
#13667=DIRECTION('ref_axis',(-1.,-3.06646063521624E-15,0.));
#13668=DIRECTION('',(0.,1.,0.));
#13669=DIRECTION('center_axis',(0.,0.,1.));
#13670=DIRECTION('ref_axis',(-1.,1.27533311546684E-14,0.));
#13671=DIRECTION('',(4.91546891914683E-16,-1.,0.));
#13672=DIRECTION('center_axis',(0.,0.,-1.));
#13673=DIRECTION('ref_axis',(-1.,-3.06646063521624E-15,0.));
#13674=DIRECTION('',(0.,1.,0.));
#13675=DIRECTION('center_axis',(0.,0.,1.));
#13676=DIRECTION('ref_axis',(-1.,1.27533311546683E-14,0.));
#13677=DIRECTION('',(4.91546891914683E-16,-1.,0.));
#13678=DIRECTION('center_axis',(0.,0.,-1.));
#13679=DIRECTION('ref_axis',(-1.,-3.06646063521624E-15,0.));
#13680=DIRECTION('',(0.,1.,0.));
#13681=DIRECTION('center_axis',(0.,0.,1.));
#13682=DIRECTION('ref_axis',(-1.,6.37666557733419E-15,0.));
#13683=DIRECTION('',(4.91546891914683E-16,-1.,0.));
#13684=DIRECTION('center_axis',(0.,0.,-1.));
#13685=DIRECTION('ref_axis',(-1.,0.,0.));
#13686=DIRECTION('',(0.,1.,0.));
#13687=DIRECTION('center_axis',(0.,0.,1.));
#13688=DIRECTION('ref_axis',(-1.,0.,0.));
#13689=DIRECTION('',(4.94107031976738E-16,-1.,0.));
#13690=DIRECTION('center_axis',(0.,0.,-1.));
#13691=DIRECTION('ref_axis',(-1.,0.,0.));
#13692=DIRECTION('',(0.,1.,0.));
#13693=DIRECTION('center_axis',(0.,0.,1.));
#13694=DIRECTION('ref_axis',(-1.,0.,0.));
#13695=DIRECTION('',(4.91546891914683E-16,-1.,0.));
#13696=DIRECTION('center_axis',(0.,0.,-1.));
#13697=DIRECTION('ref_axis',(-1.,0.,0.));
#13698=DIRECTION('',(0.,1.,0.));
#13699=DIRECTION('center_axis',(0.,0.,1.));
#13700=DIRECTION('ref_axis',(-1.,-6.3766655773346E-15,0.));
#13701=DIRECTION('',(4.91546891914683E-16,-1.,0.));
#13702=DIRECTION('center_axis',(0.,0.,-1.));
#13703=DIRECTION('ref_axis',(-1.,3.0664606352162E-15,0.));
#13704=DIRECTION('',(0.,1.,0.));
#13705=DIRECTION('center_axis',(0.,0.,1.));
#13706=DIRECTION('ref_axis',(-1.,-1.27533311546689E-14,0.));
#13707=DIRECTION('',(4.91546891914683E-16,-1.,0.));
#13708=DIRECTION('center_axis',(0.,0.,-1.));
#13709=DIRECTION('ref_axis',(-1.,3.06646063521621E-15,0.));
#13710=DIRECTION('',(0.,1.,0.));
#13711=DIRECTION('center_axis',(0.,0.,1.));
#13712=DIRECTION('ref_axis',(-1.,-1.27533311546688E-14,0.));
#13713=DIRECTION('',(7.79348033582057E-16,-1.,0.));
#13714=DIRECTION('center_axis',(0.,0.,1.));
#13715=DIRECTION('ref_axis',(-9.86864910777909E-15,1.,0.));
#13716=DIRECTION('center_axis',(0.,0.,1.));
#13717=DIRECTION('ref_axis',(1.,0.,0.));
#13718=DIRECTION('center_axis',(0.,0.,1.));
#13719=DIRECTION('ref_axis',(1.,0.,0.));
#13720=DIRECTION('',(0.,0.,1.));
#13721=DIRECTION('',(0.,0.,-1.));
#13722=DIRECTION('center_axis',(0.,0.,-1.));
#13723=DIRECTION('ref_axis',(1.,0.,0.));
#13724=DIRECTION('',(0.,0.,-1.));
#13725=DIRECTION('center_axis',(0.,0.,1.));
#13726=DIRECTION('ref_axis',(1.,0.,0.));
#13727=DIRECTION('',(1.,-1.22464679914735E-16,0.));
#13728=DIRECTION('',(-1.,5.60112516924798E-15,0.));
#13729=DIRECTION('center_axis',(0.,0.,1.));
#13730=DIRECTION('ref_axis',(-4.44089209850058E-15,1.,0.));
#13731=DIRECTION('',(7.79348033582057E-16,-1.,0.));
#13732=DIRECTION('center_axis',(0.,0.,1.));
#13733=DIRECTION('ref_axis',(-1.,-4.9441343442552E-15,0.));
#13734=DIRECTION('',(0.,1.,0.));
#13735=DIRECTION('center_axis',(0.,0.,-1.));
#13736=DIRECTION('ref_axis',(-1.,2.47206717212759E-15,0.));
#13737=DIRECTION('',(4.91546891914683E-16,-1.,0.));
#13738=DIRECTION('center_axis',(0.,0.,1.));
#13739=DIRECTION('ref_axis',(-1.,-4.9441343442552E-15,0.));
#13740=DIRECTION('',(0.,1.,0.));
#13741=DIRECTION('center_axis',(0.,0.,-1.));
#13742=DIRECTION('ref_axis',(-1.,2.47206717212759E-15,0.));
#13743=DIRECTION('',(4.91546891914683E-16,-1.,0.));
#13744=DIRECTION('center_axis',(0.,0.,1.));
#13745=DIRECTION('ref_axis',(-1.,-4.9441343442552E-15,0.));
#13746=DIRECTION('',(0.,1.,0.));
#13747=DIRECTION('center_axis',(0.,0.,-1.));
#13748=DIRECTION('ref_axis',(-1.,2.47206717212759E-15,0.));
#13749=DIRECTION('',(4.91546891914683E-16,-1.,0.));
#13750=DIRECTION('center_axis',(0.,0.,1.));
#13751=DIRECTION('ref_axis',(-1.,-4.9441343442552E-15,0.));
#13752=DIRECTION('',(0.,1.,0.));
#13753=DIRECTION('center_axis',(0.,0.,-1.));
#13754=DIRECTION('ref_axis',(-1.,2.47206717212759E-15,0.));
#13755=DIRECTION('',(4.94107031976738E-16,-1.,0.));
#13756=DIRECTION('center_axis',(0.,0.,1.));
#13757=DIRECTION('ref_axis',(-1.,-4.9441343442552E-15,0.));
#13758=DIRECTION('',(0.,1.,0.));
#13759=DIRECTION('center_axis',(0.,0.,-1.));
#13760=DIRECTION('ref_axis',(-1.,2.47206717212759E-15,0.));
#13761=DIRECTION('',(4.91546891914683E-16,-1.,0.));
#13762=DIRECTION('center_axis',(0.,0.,1.));
#13763=DIRECTION('ref_axis',(-1.,-4.9441343442552E-15,0.));
#13764=DIRECTION('',(0.,1.,0.));
#13765=DIRECTION('center_axis',(0.,0.,-1.));
#13766=DIRECTION('ref_axis',(-1.,2.47206717212759E-15,0.));
#13767=DIRECTION('',(4.91546891914683E-16,-1.,0.));
#13768=DIRECTION('center_axis',(0.,0.,1.));
#13769=DIRECTION('ref_axis',(-1.,-4.9441343442552E-15,0.));
#13770=DIRECTION('',(0.,1.,0.));
#13771=DIRECTION('center_axis',(0.,0.,-1.));
#13772=DIRECTION('ref_axis',(-1.,2.47206717212759E-15,0.));
#13773=DIRECTION('',(4.91546891914683E-16,-1.,0.));
#13774=DIRECTION('center_axis',(0.,0.,1.));
#13775=DIRECTION('ref_axis',(-1.,-4.9441343442552E-15,0.));
#13776=DIRECTION('',(0.,1.,0.));
#13777=DIRECTION('center_axis',(0.,0.,-1.));
#13778=DIRECTION('ref_axis',(-1.,2.47206717212759E-15,0.));
#13779=DIRECTION('',(6.76928405237181E-17,-1.,0.));
#13780=DIRECTION('center_axis',(0.,0.,-1.));
#13781=DIRECTION('ref_axis',(1.,0.,0.));
#13782=DIRECTION('',(-1.,0.,0.));
#13783=DIRECTION('center_axis',(0.,0.,-1.));
#13784=DIRECTION('ref_axis',(1.,0.,0.));
#13785=DIRECTION('center_axis',(0.,0.,-1.));
#13786=DIRECTION('ref_axis',(1.,0.,0.));
#13787=DIRECTION('',(1.,0.,0.));
#13788=DIRECTION('center_axis',(0.,0.,1.));
#13789=DIRECTION('ref_axis',(1.,0.,0.));
#13790=DIRECTION('',(-6.76928405237181E-17,1.,0.));
#13791=DIRECTION('center_axis',(0.,0.,1.));
#13792=DIRECTION('ref_axis',(-1.,2.47206717212759E-15,0.));
#13793=DIRECTION('',(0.,-1.,0.));
#13794=DIRECTION('center_axis',(0.,0.,-1.));
#13795=DIRECTION('ref_axis',(-1.,-4.9441343442552E-15,0.));
#13796=DIRECTION('',(-4.91546891914683E-16,1.,0.));
#13797=DIRECTION('center_axis',(0.,0.,1.));
#13798=DIRECTION('ref_axis',(-1.,2.47206717212759E-15,0.));
#13799=DIRECTION('',(0.,-1.,0.));
#13800=DIRECTION('center_axis',(0.,0.,-1.));
#13801=DIRECTION('ref_axis',(-1.,-4.9441343442552E-15,0.));
#13802=DIRECTION('',(-4.91546891914683E-16,1.,0.));
#13803=DIRECTION('center_axis',(0.,0.,1.));
#13804=DIRECTION('ref_axis',(-1.,2.47206717212759E-15,0.));
#13805=DIRECTION('',(0.,-1.,0.));
#13806=DIRECTION('center_axis',(0.,0.,-1.));
#13807=DIRECTION('ref_axis',(-1.,-4.9441343442552E-15,0.));
#13808=DIRECTION('',(-4.91546891914683E-16,1.,0.));
#13809=DIRECTION('center_axis',(0.,0.,1.));
#13810=DIRECTION('ref_axis',(-1.,2.47206717212759E-15,0.));
#13811=DIRECTION('',(0.,-1.,0.));
#13812=DIRECTION('center_axis',(0.,0.,-1.));
#13813=DIRECTION('ref_axis',(-1.,-4.9441343442552E-15,0.));
#13814=DIRECTION('',(-4.94107031976738E-16,1.,0.));
#13815=DIRECTION('center_axis',(0.,0.,1.));
#13816=DIRECTION('ref_axis',(-1.,2.47206717212759E-15,0.));
#13817=DIRECTION('',(0.,-1.,0.));
#13818=DIRECTION('center_axis',(0.,0.,-1.));
#13819=DIRECTION('ref_axis',(-1.,-4.9441343442552E-15,0.));
#13820=DIRECTION('',(-4.91546891914683E-16,1.,0.));
#13821=DIRECTION('center_axis',(0.,0.,1.));
#13822=DIRECTION('ref_axis',(-1.,2.47206717212759E-15,0.));
#13823=DIRECTION('',(0.,-1.,0.));
#13824=DIRECTION('center_axis',(0.,0.,-1.));
#13825=DIRECTION('ref_axis',(-1.,-4.9441343442552E-15,0.));
#13826=DIRECTION('',(-4.91546891914683E-16,1.,0.));
#13827=DIRECTION('center_axis',(0.,0.,1.));
#13828=DIRECTION('ref_axis',(-1.,2.47206717212759E-15,0.));
#13829=DIRECTION('',(0.,-1.,0.));
#13830=DIRECTION('center_axis',(0.,0.,-1.));
#13831=DIRECTION('ref_axis',(-1.,-4.9441343442552E-15,0.));
#13832=DIRECTION('',(-4.91546891914683E-16,1.,0.));
#13833=DIRECTION('center_axis',(0.,0.,1.));
#13834=DIRECTION('ref_axis',(-1.,2.47206717212759E-15,0.));
#13835=DIRECTION('',(0.,-1.,0.));
#13836=DIRECTION('center_axis',(0.,0.,-1.));
#13837=DIRECTION('ref_axis',(-1.,-4.9441343442552E-15,0.));
#13838=DIRECTION('',(-7.79348033582057E-16,1.,0.));
#13839=DIRECTION('center_axis',(0.,0.,-1.));
#13840=DIRECTION('ref_axis',(-4.44089209850058E-15,1.,0.));
#13841=DIRECTION('center_axis',(0.,0.,-1.));
#13842=DIRECTION('ref_axis',(-4.33257765707377E-15,1.,0.));
#13843=DIRECTION('center_axis',(0.,0.,-1.));
#13844=DIRECTION('ref_axis',(-4.33257765707377E-15,1.,0.));
#13845=DIRECTION('',(0.,0.,-1.));
#13846=DIRECTION('center_axis',(0.,0.,1.));
#13847=DIRECTION('ref_axis',(-4.33257765707377E-15,1.,0.));
#13848=DIRECTION('',(0.,0.,-1.));
#13849=DIRECTION('center_axis',(0.,1.,0.));
#13850=DIRECTION('ref_axis',(1.,0.,0.));
#13851=DIRECTION('',(-1.,0.,0.));
#13852=DIRECTION('',(1.,0.,0.));
#13853=DIRECTION('',(0.,0.,-1.));
#13854=DIRECTION('center_axis',(0.,-1.,0.));
#13855=DIRECTION('ref_axis',(-1.,0.,0.));
#13856=DIRECTION('',(1.,0.,0.));
#13857=DIRECTION('',(0.,0.,-1.));
#13858=DIRECTION('',(1.,0.,0.));
#13859=DIRECTION('',(0.,0.,-1.));
#13860=DIRECTION('center_axis',(0.,0.,-1.));
#13861=DIRECTION('ref_axis',(4.88010120714354E-16,-1.,0.));
#13862=DIRECTION('center_axis',(0.,0.,1.));
#13863=DIRECTION('ref_axis',(4.88010120714354E-16,-1.,0.));
#13864=DIRECTION('center_axis',(0.,0.,1.));
#13865=DIRECTION('ref_axis',(4.88010120714354E-16,-1.,0.));
#13866=DIRECTION('',(0.,0.,-1.));
#13867=DIRECTION('center_axis',(0.,0.,-1.));
#13868=DIRECTION('ref_axis',(3.24943324280532E-15,-1.,0.));
#13869=DIRECTION('center_axis',(0.,0.,-1.));
#13870=DIRECTION('ref_axis',(3.24943324280532E-15,-1.,0.));
#13871=DIRECTION('center_axis',(0.,0.,1.));
#13872=DIRECTION('ref_axis',(3.24943324280532E-15,-1.,0.));
#13873=DIRECTION('',(0.,0.,-1.));
#13874=DIRECTION('center_axis',(0.,-1.,0.));
#13875=DIRECTION('ref_axis',(-1.,0.,0.));
#13876=DIRECTION('',(1.,0.,0.));
#13877=DIRECTION('',(-1.,0.,0.));
#13878=DIRECTION('center_axis',(0.,1.,0.));
#13879=DIRECTION('ref_axis',(1.,0.,0.));
#13880=DIRECTION('',(-1.,0.,0.));
#13881=DIRECTION('',(-1.,0.,0.));
#13882=DIRECTION('',(0.,0.,-1.));
#13883=DIRECTION('center_axis',(0.,0.,-1.));
#13884=DIRECTION('ref_axis',(4.88010120714354E-16,1.,0.));
#13885=DIRECTION('center_axis',(0.,0.,1.));
#13886=DIRECTION('ref_axis',(4.88010120714354E-16,1.,0.));
#13887=DIRECTION('center_axis',(0.,0.,1.));
#13888=DIRECTION('ref_axis',(4.88010120714354E-16,1.,0.));
#13889=DIRECTION('center_axis',(0.,0.,1.));
#13890=DIRECTION('ref_axis',(1.,0.,0.));
#13891=DIRECTION('center_axis',(0.,0.,-1.));
#13892=DIRECTION('ref_axis',(4.21011297715904E-15,-1.,0.));
#13893=DIRECTION('center_axis',(0.,0.,-1.));
#13894=DIRECTION('ref_axis',(4.21011297715904E-15,-1.,0.));
#13895=DIRECTION('',(0.,0.,-1.));
#13896=DIRECTION('center_axis',(0.,0.,1.));
#13897=DIRECTION('ref_axis',(4.21011297715904E-15,-1.,0.));
#13898=DIRECTION('',(0.,0.,-1.));
#13899=DIRECTION('center_axis',(-1.22464679914735E-16,-1.,0.));
#13900=DIRECTION('ref_axis',(-1.,1.22464679914735E-16,0.));
#13901=DIRECTION('',(1.,-1.22464679914735E-16,0.));
#13902=DIRECTION('',(-1.,1.22464679914735E-16,0.));
#13903=DIRECTION('',(0.,0.,-1.));
#13904=DIRECTION('center_axis',(0.,-1.,0.));
#13905=DIRECTION('ref_axis',(-1.,0.,0.));
#13906=DIRECTION('',(1.,0.,0.));
#13907=DIRECTION('',(0.,0.,-1.));
#13908=DIRECTION('',(1.,0.,0.));
#13909=DIRECTION('',(0.,0.,-1.));
#13910=DIRECTION('center_axis',(0.,0.,-1.));
#13911=DIRECTION('ref_axis',(1.9520404828574E-15,-1.,0.));
#13912=DIRECTION('center_axis',(0.,0.,1.));
#13913=DIRECTION('ref_axis',(1.9520404828574E-15,-1.,0.));
#13914=DIRECTION('center_axis',(0.,0.,1.));
#13915=DIRECTION('ref_axis',(1.9520404828574E-15,-1.,0.));
#13916=DIRECTION('',(0.,0.,-1.));
#13917=DIRECTION('center_axis',(0.,0.,-1.));
#13918=DIRECTION('ref_axis',(-3.12696856289059E-15,1.,0.));
#13919=DIRECTION('center_axis',(0.,0.,-1.));
#13920=DIRECTION('ref_axis',(-3.12696856289059E-15,1.,0.));
#13921=DIRECTION('center_axis',(0.,0.,1.));
#13922=DIRECTION('ref_axis',(-3.12696856289059E-15,1.,0.));
#13923=DIRECTION('',(0.,0.,-1.));
#13924=DIRECTION('center_axis',(1.22464679914735E-16,1.,0.));
#13925=DIRECTION('ref_axis',(1.,-1.22464679914735E-16,0.));
#13926=DIRECTION('',(-1.,1.22464679914735E-16,0.));
#13927=DIRECTION('',(1.,-1.22464679914735E-16,0.));
#13928=DIRECTION('center_axis',(0.,1.,0.));
#13929=DIRECTION('ref_axis',(1.,0.,0.));
#13930=DIRECTION('',(-1.,0.,0.));
#13931=DIRECTION('',(-1.,0.,0.));
#13932=DIRECTION('',(0.,0.,-1.));
#13933=DIRECTION('center_axis',(0.,0.,-1.));
#13934=DIRECTION('ref_axis',(-4.88010120714359E-16,1.,0.));
#13935=DIRECTION('center_axis',(0.,0.,1.));
#13936=DIRECTION('ref_axis',(-4.88010120714359E-16,1.,0.));
#13937=DIRECTION('center_axis',(0.,0.,1.));
#13938=DIRECTION('ref_axis',(-4.88010120714359E-16,1.,0.));
#13939=DIRECTION('center_axis',(0.,0.,1.));
#13940=DIRECTION('ref_axis',(1.,0.,0.));
#13941=DIRECTION('center_axis',(0.,0.,1.));
#13942=DIRECTION('ref_axis',(1.,0.,0.));
#13943=DIRECTION('',(-1.,0.,0.));
#13944=DIRECTION('',(8.7076315656875E-17,1.,0.));
#13945=DIRECTION('',(1.,1.13577803030712E-16,0.));
#13946=DIRECTION('',(8.7076315656875E-17,-1.,0.));
#13947=DIRECTION('center_axis',(0.,0.,-1.));
#13948=DIRECTION('ref_axis',(1.,0.,0.));
#13949=DIRECTION('center_axis',(0.,0.,1.));
#13950=DIRECTION('ref_axis',(1.,0.,0.));
#13951=DIRECTION('',(1.,1.13577803030737E-16,0.));
#13952=DIRECTION('',(8.7076315656875E-17,-1.,0.));
#13953=DIRECTION('',(-1.,0.,0.));
#13954=DIRECTION('',(8.7076315656875E-17,1.,0.));
#13955=DIRECTION('center_axis',(0.,0.,-1.));
#13956=DIRECTION('ref_axis',(1.,0.,0.));
#13957=DIRECTION('center_axis',(0.,0.,1.));
#13958=DIRECTION('ref_axis',(1.,0.,0.));
#13959=DIRECTION('center_axis',(0.,0.,1.));
#13960=DIRECTION('ref_axis',(1.,0.,0.));
#13961=DIRECTION('',(0.,0.,1.));
#13962=DIRECTION('',(0.,0.,-1.));
#13963=DIRECTION('',(0.,0.,-1.));
#13964=DIRECTION('center_axis',(0.,1.,0.));
#13965=DIRECTION('ref_axis',(0.,0.,-1.));
#13966=DIRECTION('',(0.,0.,-1.));
#13967=DIRECTION('center_axis',(1.13577803030737E-16,-1.,0.));
#13968=DIRECTION('ref_axis',(1.,1.13577803030737E-16,0.));
#13969=DIRECTION('',(1.,1.13577803030737E-16,0.));
#13970=DIRECTION('',(0.,0.,1.));
#13971=DIRECTION('',(1.,1.13577803030737E-16,0.));
#13972=DIRECTION('',(0.,0.,-1.));
#13973=DIRECTION('center_axis',(0.,1.,0.));
#13974=DIRECTION('ref_axis',(-1.,0.,0.));
#13975=DIRECTION('',(0.,0.,1.));
#13976=DIRECTION('',(-1.,0.,0.));
#13977=DIRECTION('',(0.,0.,-1.));
#13978=DIRECTION('center_axis',(0.,0.,1.));
#13979=DIRECTION('ref_axis',(1.,0.,0.));
#13980=DIRECTION('',(8.7076315656875E-17,-1.,0.));
#13981=DIRECTION('',(8.7076315656875E-17,1.,0.));
#13982=DIRECTION('center_axis',(0.,0.,1.));
#13983=DIRECTION('ref_axis',(1.,0.,0.));
#13984=DIRECTION('center_axis',(0.,0.,1.));
#13985=DIRECTION('ref_axis',(1.,0.,0.));
#13986=DIRECTION('',(8.7076315656875E-17,-1.,0.));
#13987=DIRECTION('',(-1.,0.,0.));
#13988=DIRECTION('',(8.7076315656875E-17,1.,0.));
#13989=DIRECTION('center_axis',(1.13577803030737E-16,-1.,0.));
#13990=DIRECTION('ref_axis',(1.,1.13577803030737E-16,0.));
#13991=DIRECTION('',(1.,1.13577803030737E-16,0.));
#13992=DIRECTION('',(0.,0.,1.));
#13993=DIRECTION('',(1.,1.13577803030737E-16,0.));
#13994=DIRECTION('',(0.,0.,-1.));
#13995=DIRECTION('center_axis',(0.,1.,0.));
#13996=DIRECTION('ref_axis',(-1.,0.,0.));
#13997=DIRECTION('',(0.,0.,1.));
#13998=DIRECTION('',(-1.,0.,0.));
#13999=DIRECTION('',(0.,0.,-1.));
#14000=DIRECTION('center_axis',(0.,0.,1.));
#14001=DIRECTION('ref_axis',(1.,0.,0.));
#14002=DIRECTION('',(8.7076315656875E-17,-1.,0.));
#14003=DIRECTION('',(8.7076315656875E-17,1.,0.));
#14004=DIRECTION('center_axis',(0.,0.,1.));
#14005=DIRECTION('ref_axis',(1.,0.,0.));
#14006=DIRECTION('',(8.7076315656875E-17,-1.,0.));
#14007=DIRECTION('',(-1.,0.,0.));
#14008=DIRECTION('',(8.7076315656875E-17,1.,0.));
#14009=DIRECTION('center_axis',(1.13577803030737E-16,-1.,0.));
#14010=DIRECTION('ref_axis',(1.,1.13577803030737E-16,0.));
#14011=DIRECTION('',(1.,1.13577803030737E-16,0.));
#14012=DIRECTION('',(0.,0.,1.));
#14013=DIRECTION('',(1.,1.13577803030737E-16,0.));
#14014=DIRECTION('',(0.,0.,-1.));
#14015=DIRECTION('center_axis',(0.,1.,0.));
#14016=DIRECTION('ref_axis',(-1.,0.,0.));
#14017=DIRECTION('',(0.,0.,1.));
#14018=DIRECTION('',(-1.,0.,0.));
#14019=DIRECTION('',(0.,0.,-1.));
#14020=DIRECTION('center_axis',(0.,0.,1.));
#14021=DIRECTION('ref_axis',(1.,0.,0.));
#14022=DIRECTION('',(8.7076315656875E-17,-1.,0.));
#14023=DIRECTION('',(8.7076315656875E-17,1.,0.));
#14024=DIRECTION('center_axis',(0.,0.,1.));
#14025=DIRECTION('ref_axis',(1.,0.,0.));
#14026=DIRECTION('',(8.7076315656875E-17,-1.,0.));
#14027=DIRECTION('',(-1.,0.,0.));
#14028=DIRECTION('',(8.7076315656875E-17,1.,0.));
#14029=DIRECTION('center_axis',(1.13577803030737E-16,-1.,0.));
#14030=DIRECTION('ref_axis',(1.,1.13577803030737E-16,0.));
#14031=DIRECTION('',(1.,1.13577803030737E-16,0.));
#14032=DIRECTION('',(0.,0.,1.));
#14033=DIRECTION('',(1.,1.13577803030737E-16,0.));
#14034=DIRECTION('',(0.,0.,-1.));
#14035=DIRECTION('center_axis',(0.,1.,0.));
#14036=DIRECTION('ref_axis',(-1.,0.,0.));
#14037=DIRECTION('',(0.,0.,1.));
#14038=DIRECTION('',(-1.,0.,0.));
#14039=DIRECTION('',(0.,0.,-1.));
#14040=DIRECTION('center_axis',(0.,0.,1.));
#14041=DIRECTION('ref_axis',(1.,0.,0.));
#14042=DIRECTION('',(8.7076315656875E-17,-1.,0.));
#14043=DIRECTION('',(8.7076315656875E-17,1.,0.));
#14044=DIRECTION('center_axis',(0.,0.,1.));
#14045=DIRECTION('ref_axis',(1.,0.,0.));
#14046=DIRECTION('',(8.7076315656875E-17,-1.,0.));
#14047=DIRECTION('',(-1.,0.,0.));
#14048=DIRECTION('',(8.7076315656875E-17,1.,0.));
#14049=DIRECTION('center_axis',(1.13577803030737E-16,-1.,0.));
#14050=DIRECTION('ref_axis',(1.,1.13577803030737E-16,0.));
#14051=DIRECTION('',(1.,1.13577803030737E-16,0.));
#14052=DIRECTION('',(0.,0.,1.));
#14053=DIRECTION('',(1.,1.13577803030737E-16,0.));
#14054=DIRECTION('',(0.,0.,-1.));
#14055=DIRECTION('center_axis',(0.,1.,0.));
#14056=DIRECTION('ref_axis',(-1.,0.,0.));
#14057=DIRECTION('',(0.,0.,1.));
#14058=DIRECTION('',(-1.,0.,0.));
#14059=DIRECTION('',(0.,0.,-1.));
#14060=DIRECTION('center_axis',(0.,0.,1.));
#14061=DIRECTION('ref_axis',(1.,0.,0.));
#14062=DIRECTION('',(8.7076315656875E-17,-1.,0.));
#14063=DIRECTION('',(8.7076315656875E-17,1.,0.));
#14064=DIRECTION('center_axis',(0.,0.,1.));
#14065=DIRECTION('ref_axis',(1.,0.,0.));
#14066=DIRECTION('',(8.7076315656875E-17,-1.,0.));
#14067=DIRECTION('',(-1.,0.,0.));
#14068=DIRECTION('',(8.7076315656875E-17,1.,0.));
#14069=DIRECTION('center_axis',(1.13577803030737E-16,-1.,0.));
#14070=DIRECTION('ref_axis',(1.,1.13577803030737E-16,0.));
#14071=DIRECTION('',(1.,1.13577803030737E-16,0.));
#14072=DIRECTION('',(0.,0.,1.));
#14073=DIRECTION('',(1.,1.13577803030737E-16,0.));
#14074=DIRECTION('',(0.,0.,-1.));
#14075=DIRECTION('center_axis',(0.,1.,0.));
#14076=DIRECTION('ref_axis',(-1.,0.,0.));
#14077=DIRECTION('',(0.,0.,1.));
#14078=DIRECTION('',(-1.,0.,0.));
#14079=DIRECTION('',(0.,0.,-1.));
#14080=DIRECTION('center_axis',(0.,0.,1.));
#14081=DIRECTION('ref_axis',(1.,0.,0.));
#14082=DIRECTION('',(8.7076315656875E-17,-1.,0.));
#14083=DIRECTION('',(8.7076315656875E-17,1.,0.));
#14084=DIRECTION('center_axis',(0.,0.,1.));
#14085=DIRECTION('ref_axis',(1.,0.,0.));
#14086=DIRECTION('',(8.7076315656875E-17,-1.,0.));
#14087=DIRECTION('',(-1.,0.,0.));
#14088=DIRECTION('',(8.7076315656875E-17,1.,0.));
#14089=DIRECTION('center_axis',(1.13577803030737E-16,-1.,0.));
#14090=DIRECTION('ref_axis',(1.,1.13577803030737E-16,0.));
#14091=DIRECTION('',(1.,1.13577803030737E-16,0.));
#14092=DIRECTION('',(0.,0.,1.));
#14093=DIRECTION('',(1.,1.13577803030737E-16,0.));
#14094=DIRECTION('',(0.,0.,-1.));
#14095=DIRECTION('center_axis',(0.,1.,0.));
#14096=DIRECTION('ref_axis',(-1.,0.,0.));
#14097=DIRECTION('',(0.,0.,1.));
#14098=DIRECTION('',(-1.,0.,0.));
#14099=DIRECTION('',(0.,0.,-1.));
#14100=DIRECTION('center_axis',(0.,0.,1.));
#14101=DIRECTION('ref_axis',(1.,0.,0.));
#14102=DIRECTION('',(8.7076315656875E-17,-1.,0.));
#14103=DIRECTION('',(8.7076315656875E-17,1.,0.));
#14104=DIRECTION('center_axis',(0.,0.,1.));
#14105=DIRECTION('ref_axis',(1.,0.,0.));
#14106=DIRECTION('',(8.7076315656875E-17,-1.,0.));
#14107=DIRECTION('',(-1.,0.,0.));
#14108=DIRECTION('',(8.7076315656875E-17,1.,0.));
#14109=DIRECTION('center_axis',(1.13577803030737E-16,-1.,0.));
#14110=DIRECTION('ref_axis',(1.,1.13577803030737E-16,0.));
#14111=DIRECTION('',(1.,1.13577803030737E-16,0.));
#14112=DIRECTION('',(0.,0.,1.));
#14113=DIRECTION('',(1.,1.13577803030737E-16,0.));
#14114=DIRECTION('',(0.,0.,-1.));
#14115=DIRECTION('center_axis',(0.,1.,0.));
#14116=DIRECTION('ref_axis',(-1.,0.,0.));
#14117=DIRECTION('',(0.,0.,1.));
#14118=DIRECTION('',(-1.,0.,0.));
#14119=DIRECTION('',(0.,0.,-1.));
#14120=DIRECTION('center_axis',(0.,0.,1.));
#14121=DIRECTION('ref_axis',(1.,0.,0.));
#14122=DIRECTION('',(8.7076315656875E-17,-1.,0.));
#14123=DIRECTION('',(8.7076315656875E-17,1.,0.));
#14124=DIRECTION('center_axis',(0.,0.,1.));
#14125=DIRECTION('ref_axis',(1.,0.,0.));
#14126=DIRECTION('',(8.7076315656875E-17,-1.,0.));
#14127=DIRECTION('',(-1.,0.,0.));
#14128=DIRECTION('',(8.7076315656875E-17,1.,0.));
#14129=DIRECTION('center_axis',(1.13577803030737E-16,-1.,0.));
#14130=DIRECTION('ref_axis',(1.,1.13577803030737E-16,0.));
#14131=DIRECTION('',(1.,1.13577803030737E-16,0.));
#14132=DIRECTION('',(0.,0.,1.));
#14133=DIRECTION('',(1.,1.13577803030737E-16,0.));
#14134=DIRECTION('',(0.,0.,-1.));
#14135=DIRECTION('center_axis',(0.,1.,0.));
#14136=DIRECTION('ref_axis',(-1.,0.,0.));
#14137=DIRECTION('',(0.,0.,1.));
#14138=DIRECTION('',(-1.,0.,0.));
#14139=DIRECTION('',(0.,0.,-1.));
#14140=DIRECTION('center_axis',(0.,0.,1.));
#14141=DIRECTION('ref_axis',(1.,0.,0.));
#14142=DIRECTION('',(8.7076315656875E-17,-1.,0.));
#14143=DIRECTION('',(8.7076315656875E-17,1.,0.));
#14144=DIRECTION('center_axis',(0.,0.,1.));
#14145=DIRECTION('ref_axis',(1.,0.,0.));
#14146=DIRECTION('',(8.7076315656875E-17,-1.,0.));
#14147=DIRECTION('',(-1.,0.,0.));
#14148=DIRECTION('',(8.7076315656875E-17,1.,0.));
#14149=DIRECTION('center_axis',(1.13577803030737E-16,-1.,0.));
#14150=DIRECTION('ref_axis',(1.,1.13577803030737E-16,0.));
#14151=DIRECTION('',(1.,1.13577803030737E-16,0.));
#14152=DIRECTION('',(0.,0.,1.));
#14153=DIRECTION('',(1.,1.13577803030737E-16,0.));
#14154=DIRECTION('',(0.,0.,-1.));
#14155=DIRECTION('center_axis',(0.,1.,0.));
#14156=DIRECTION('ref_axis',(-1.,0.,0.));
#14157=DIRECTION('',(0.,0.,1.));
#14158=DIRECTION('',(-1.,0.,0.));
#14159=DIRECTION('',(0.,0.,-1.));
#14160=DIRECTION('center_axis',(0.,0.,1.));
#14161=DIRECTION('ref_axis',(1.,0.,0.));
#14162=DIRECTION('',(8.7076315656875E-17,-1.,0.));
#14163=DIRECTION('',(8.7076315656875E-17,1.,0.));
#14164=DIRECTION('center_axis',(0.,0.,1.));
#14165=DIRECTION('ref_axis',(1.,0.,0.));
#14166=DIRECTION('',(8.7076315656875E-17,-1.,0.));
#14167=DIRECTION('',(-1.,0.,0.));
#14168=DIRECTION('',(8.7076315656875E-17,1.,0.));
#14169=DIRECTION('center_axis',(1.13577803030737E-16,-1.,0.));
#14170=DIRECTION('ref_axis',(1.,1.13577803030737E-16,0.));
#14171=DIRECTION('',(1.,1.13577803030737E-16,0.));
#14172=DIRECTION('',(0.,0.,1.));
#14173=DIRECTION('',(1.,1.13577803030737E-16,0.));
#14174=DIRECTION('',(0.,0.,-1.));
#14175=DIRECTION('center_axis',(0.,1.,0.));
#14176=DIRECTION('ref_axis',(-1.,0.,0.));
#14177=DIRECTION('',(0.,0.,1.));
#14178=DIRECTION('',(-1.,0.,0.));
#14179=DIRECTION('',(0.,0.,-1.));
#14180=DIRECTION('center_axis',(0.,0.,1.));
#14181=DIRECTION('ref_axis',(1.,0.,0.));
#14182=DIRECTION('',(8.7076315656875E-17,-1.,0.));
#14183=DIRECTION('',(8.7076315656875E-17,1.,0.));
#14184=DIRECTION('center_axis',(0.,0.,1.));
#14185=DIRECTION('ref_axis',(1.,0.,0.));
#14186=DIRECTION('',(8.7076315656875E-17,-1.,0.));
#14187=DIRECTION('',(-1.,0.,0.));
#14188=DIRECTION('',(8.7076315656875E-17,1.,0.));
#14189=DIRECTION('center_axis',(1.13577803030737E-16,-1.,0.));
#14190=DIRECTION('ref_axis',(1.,1.13577803030737E-16,0.));
#14191=DIRECTION('',(1.,1.13577803030737E-16,0.));
#14192=DIRECTION('',(0.,0.,1.));
#14193=DIRECTION('',(1.,1.13577803030737E-16,0.));
#14194=DIRECTION('',(0.,0.,-1.));
#14195=DIRECTION('center_axis',(0.,1.,0.));
#14196=DIRECTION('ref_axis',(-1.,0.,0.));
#14197=DIRECTION('',(0.,0.,1.));
#14198=DIRECTION('',(-1.,0.,0.));
#14199=DIRECTION('',(0.,0.,-1.));
#14200=DIRECTION('center_axis',(0.,0.,1.));
#14201=DIRECTION('ref_axis',(1.,0.,0.));
#14202=DIRECTION('',(8.7076315656875E-17,-1.,0.));
#14203=DIRECTION('',(8.7076315656875E-17,1.,0.));
#14204=DIRECTION('center_axis',(0.,0.,1.));
#14205=DIRECTION('ref_axis',(1.,0.,0.));
#14206=DIRECTION('',(8.7076315656875E-17,-1.,0.));
#14207=DIRECTION('',(-1.,0.,0.));
#14208=DIRECTION('',(8.7076315656875E-17,1.,0.));
#14209=DIRECTION('center_axis',(1.13577803030737E-16,-1.,0.));
#14210=DIRECTION('ref_axis',(1.,1.13577803030737E-16,0.));
#14211=DIRECTION('',(1.,1.13577803030737E-16,0.));
#14212=DIRECTION('',(0.,0.,1.));
#14213=DIRECTION('',(1.,1.13577803030737E-16,0.));
#14214=DIRECTION('',(0.,0.,-1.));
#14215=DIRECTION('center_axis',(0.,1.,0.));
#14216=DIRECTION('ref_axis',(-1.,0.,0.));
#14217=DIRECTION('',(0.,0.,1.));
#14218=DIRECTION('',(-1.,0.,0.));
#14219=DIRECTION('',(0.,0.,-1.));
#14220=DIRECTION('center_axis',(0.,0.,1.));
#14221=DIRECTION('ref_axis',(1.,0.,0.));
#14222=DIRECTION('',(8.7076315656875E-17,-1.,0.));
#14223=DIRECTION('',(8.7076315656875E-17,1.,0.));
#14224=DIRECTION('center_axis',(0.,0.,1.));
#14225=DIRECTION('ref_axis',(1.,0.,0.));
#14226=DIRECTION('',(8.7076315656875E-17,-1.,0.));
#14227=DIRECTION('',(-1.,0.,0.));
#14228=DIRECTION('',(8.7076315656875E-17,1.,0.));
#14229=DIRECTION('center_axis',(1.13577803030737E-16,-1.,0.));
#14230=DIRECTION('ref_axis',(1.,1.13577803030737E-16,0.));
#14231=DIRECTION('',(0.,0.,1.));
#14232=DIRECTION('',(1.,1.13577803030737E-16,0.));
#14233=DIRECTION('',(0.,0.,-1.));
#14234=DIRECTION('center_axis',(0.,1.,0.));
#14235=DIRECTION('ref_axis',(-1.,0.,0.));
#14236=DIRECTION('',(0.,0.,1.));
#14237=DIRECTION('',(-1.,0.,0.));
#14238=DIRECTION('',(0.,0.,-1.));
#14239=DIRECTION('center_axis',(0.,0.,1.));
#14240=DIRECTION('ref_axis',(1.,0.,0.));
#14241=DIRECTION('',(8.7076315656875E-17,-1.,0.));
#14242=DIRECTION('',(8.7076315656875E-17,1.,0.));
#14243=DIRECTION('center_axis',(0.,0.,1.));
#14244=DIRECTION('ref_axis',(1.,0.,0.));
#14245=DIRECTION('center_axis',(-5.60112516924798E-15,-1.,0.));
#14246=DIRECTION('ref_axis',(0.,0.,1.));
#14247=DIRECTION('',(0.,0.,1.));
#14248=DIRECTION('center_axis',(0.,-1.,0.));
#14249=DIRECTION('ref_axis',(0.,0.,1.));
#14250=DIRECTION('',(0.,0.,1.));
#14251=DIRECTION('center_axis',(0.,0.,-1.));
#14252=DIRECTION('ref_axis',(1.,0.,0.));
#14253=DIRECTION('',(0.,0.,-1.));
#14254=DIRECTION('center_axis',(0.,0.,-1.));
#14255=DIRECTION('ref_axis',(1.,0.,0.));
#14256=DIRECTION('',(0.,0.,1.));
#14257=DIRECTION('center_axis',(-1.,-6.76928405237181E-17,0.));
#14258=DIRECTION('ref_axis',(0.,0.,-1.));
#14259=DIRECTION('',(0.,0.,-1.));
#14260=DIRECTION('center_axis',(1.,6.76928405237181E-17,0.));
#14261=DIRECTION('ref_axis',(0.,0.,1.));
#14262=DIRECTION('',(0.,0.,1.));
#14263=DIRECTION('center_axis',(0.,0.,-1.));
#14264=DIRECTION('ref_axis',(-1.,2.47206717212759E-15,0.));
#14265=DIRECTION('',(0.,0.,-1.));
#14266=DIRECTION('center_axis',(0.,0.,-1.));
#14267=DIRECTION('ref_axis',(-1.,2.47206717212759E-15,0.));
#14268=DIRECTION('',(0.,0.,1.));
#14269=DIRECTION('center_axis',(1.,0.,0.));
#14270=DIRECTION('ref_axis',(0.,0.,-1.));
#14271=DIRECTION('',(0.,0.,-1.));
#14272=DIRECTION('center_axis',(-1.,0.,0.));
#14273=DIRECTION('ref_axis',(0.,0.,1.));
#14274=DIRECTION('',(0.,0.,1.));
#14275=DIRECTION('center_axis',(0.,0.,1.));
#14276=DIRECTION('ref_axis',(-1.,-4.9441343442552E-15,0.));
#14277=DIRECTION('',(0.,0.,-1.));
#14278=DIRECTION('center_axis',(0.,0.,1.));
#14279=DIRECTION('ref_axis',(-1.,-4.9441343442552E-15,0.));
#14280=DIRECTION('',(0.,0.,1.));
#14281=DIRECTION('center_axis',(-1.,-4.91546891914683E-16,0.));
#14282=DIRECTION('ref_axis',(0.,0.,-1.));
#14283=DIRECTION('',(0.,0.,-1.));
#14284=DIRECTION('center_axis',(1.,4.91546891914683E-16,0.));
#14285=DIRECTION('ref_axis',(0.,0.,1.));
#14286=DIRECTION('',(0.,0.,1.));
#14287=DIRECTION('center_axis',(0.,0.,-1.));
#14288=DIRECTION('ref_axis',(-1.,2.47206717212759E-15,0.));
#14289=DIRECTION('',(0.,0.,-1.));
#14290=DIRECTION('center_axis',(0.,0.,-1.));
#14291=DIRECTION('ref_axis',(-1.,2.47206717212759E-15,0.));
#14292=DIRECTION('',(0.,0.,1.));
#14293=DIRECTION('center_axis',(1.,0.,0.));
#14294=DIRECTION('ref_axis',(0.,0.,-1.));
#14295=DIRECTION('',(0.,0.,-1.));
#14296=DIRECTION('center_axis',(-1.,0.,0.));
#14297=DIRECTION('ref_axis',(0.,0.,1.));
#14298=DIRECTION('',(0.,0.,1.));
#14299=DIRECTION('center_axis',(0.,0.,1.));
#14300=DIRECTION('ref_axis',(-1.,-4.9441343442552E-15,0.));
#14301=DIRECTION('',(0.,0.,-1.));
#14302=DIRECTION('center_axis',(0.,0.,1.));
#14303=DIRECTION('ref_axis',(-1.,-4.9441343442552E-15,0.));
#14304=DIRECTION('',(0.,0.,1.));
#14305=DIRECTION('center_axis',(-1.,-4.91546891914683E-16,0.));
#14306=DIRECTION('ref_axis',(0.,0.,-1.));
#14307=DIRECTION('',(0.,0.,-1.));
#14308=DIRECTION('center_axis',(1.,4.91546891914683E-16,0.));
#14309=DIRECTION('ref_axis',(0.,0.,1.));
#14310=DIRECTION('',(0.,0.,1.));
#14311=DIRECTION('center_axis',(0.,0.,-1.));
#14312=DIRECTION('ref_axis',(-1.,2.47206717212759E-15,0.));
#14313=DIRECTION('',(0.,0.,-1.));
#14314=DIRECTION('center_axis',(0.,0.,-1.));
#14315=DIRECTION('ref_axis',(-1.,2.47206717212759E-15,0.));
#14316=DIRECTION('',(0.,0.,1.));
#14317=DIRECTION('center_axis',(1.,0.,0.));
#14318=DIRECTION('ref_axis',(0.,0.,-1.));
#14319=DIRECTION('',(0.,0.,-1.));
#14320=DIRECTION('center_axis',(-1.,0.,0.));
#14321=DIRECTION('ref_axis',(0.,0.,1.));
#14322=DIRECTION('',(0.,0.,1.));
#14323=DIRECTION('center_axis',(0.,0.,1.));
#14324=DIRECTION('ref_axis',(-1.,-4.9441343442552E-15,0.));
#14325=DIRECTION('',(0.,0.,-1.));
#14326=DIRECTION('center_axis',(0.,0.,1.));
#14327=DIRECTION('ref_axis',(-1.,-4.9441343442552E-15,0.));
#14328=DIRECTION('',(0.,0.,1.));
#14329=DIRECTION('center_axis',(-1.,-4.91546891914683E-16,0.));
#14330=DIRECTION('ref_axis',(0.,0.,-1.));
#14331=DIRECTION('',(0.,0.,-1.));
#14332=DIRECTION('center_axis',(1.,4.91546891914683E-16,0.));
#14333=DIRECTION('ref_axis',(0.,0.,1.));
#14334=DIRECTION('',(0.,0.,1.));
#14335=DIRECTION('center_axis',(0.,0.,-1.));
#14336=DIRECTION('ref_axis',(-1.,2.47206717212759E-15,0.));
#14337=DIRECTION('',(0.,0.,-1.));
#14338=DIRECTION('center_axis',(0.,0.,-1.));
#14339=DIRECTION('ref_axis',(-1.,2.47206717212759E-15,0.));
#14340=DIRECTION('',(0.,0.,1.));
#14341=DIRECTION('center_axis',(1.,0.,0.));
#14342=DIRECTION('ref_axis',(0.,0.,-1.));
#14343=DIRECTION('',(0.,0.,-1.));
#14344=DIRECTION('center_axis',(-1.,0.,0.));
#14345=DIRECTION('ref_axis',(0.,0.,1.));
#14346=DIRECTION('',(0.,0.,1.));
#14347=DIRECTION('center_axis',(0.,0.,1.));
#14348=DIRECTION('ref_axis',(-1.,-4.9441343442552E-15,0.));
#14349=DIRECTION('',(0.,0.,-1.));
#14350=DIRECTION('center_axis',(0.,0.,1.));
#14351=DIRECTION('ref_axis',(-1.,-4.9441343442552E-15,0.));
#14352=DIRECTION('',(0.,0.,1.));
#14353=DIRECTION('center_axis',(-1.,-4.94107031976738E-16,0.));
#14354=DIRECTION('ref_axis',(0.,0.,-1.));
#14355=DIRECTION('',(0.,0.,-1.));
#14356=DIRECTION('center_axis',(1.,4.94107031976738E-16,0.));
#14357=DIRECTION('ref_axis',(0.,0.,1.));
#14358=DIRECTION('',(0.,0.,1.));
#14359=DIRECTION('center_axis',(0.,0.,-1.));
#14360=DIRECTION('ref_axis',(-1.,2.47206717212759E-15,0.));
#14361=DIRECTION('',(0.,0.,-1.));
#14362=DIRECTION('center_axis',(0.,0.,-1.));
#14363=DIRECTION('ref_axis',(-1.,2.47206717212759E-15,0.));
#14364=DIRECTION('',(0.,0.,1.));
#14365=DIRECTION('center_axis',(1.,0.,0.));
#14366=DIRECTION('ref_axis',(0.,0.,-1.));
#14367=DIRECTION('',(0.,0.,-1.));
#14368=DIRECTION('center_axis',(-1.,0.,0.));
#14369=DIRECTION('ref_axis',(0.,0.,1.));
#14370=DIRECTION('',(0.,0.,1.));
#14371=DIRECTION('center_axis',(0.,0.,1.));
#14372=DIRECTION('ref_axis',(-1.,-4.9441343442552E-15,0.));
#14373=DIRECTION('',(0.,0.,-1.));
#14374=DIRECTION('center_axis',(0.,0.,1.));
#14375=DIRECTION('ref_axis',(-1.,-4.9441343442552E-15,0.));
#14376=DIRECTION('',(0.,0.,1.));
#14377=DIRECTION('center_axis',(-1.,-4.91546891914683E-16,0.));
#14378=DIRECTION('ref_axis',(0.,0.,-1.));
#14379=DIRECTION('',(0.,0.,-1.));
#14380=DIRECTION('center_axis',(1.,4.91546891914683E-16,0.));
#14381=DIRECTION('ref_axis',(0.,0.,1.));
#14382=DIRECTION('',(0.,0.,1.));
#14383=DIRECTION('center_axis',(0.,0.,-1.));
#14384=DIRECTION('ref_axis',(-1.,2.47206717212759E-15,0.));
#14385=DIRECTION('',(0.,0.,-1.));
#14386=DIRECTION('center_axis',(0.,0.,-1.));
#14387=DIRECTION('ref_axis',(-1.,2.47206717212759E-15,0.));
#14388=DIRECTION('',(0.,0.,1.));
#14389=DIRECTION('center_axis',(1.,0.,0.));
#14390=DIRECTION('ref_axis',(0.,0.,-1.));
#14391=DIRECTION('',(0.,0.,-1.));
#14392=DIRECTION('center_axis',(-1.,0.,0.));
#14393=DIRECTION('ref_axis',(0.,0.,1.));
#14394=DIRECTION('',(0.,0.,1.));
#14395=DIRECTION('center_axis',(0.,0.,1.));
#14396=DIRECTION('ref_axis',(-1.,-4.9441343442552E-15,0.));
#14397=DIRECTION('',(0.,0.,-1.));
#14398=DIRECTION('center_axis',(0.,0.,1.));
#14399=DIRECTION('ref_axis',(-1.,-4.9441343442552E-15,0.));
#14400=DIRECTION('',(0.,0.,1.));
#14401=DIRECTION('center_axis',(-1.,-4.91546891914683E-16,0.));
#14402=DIRECTION('ref_axis',(0.,0.,-1.));
#14403=DIRECTION('',(0.,0.,-1.));
#14404=DIRECTION('center_axis',(1.,4.91546891914683E-16,0.));
#14405=DIRECTION('ref_axis',(0.,0.,1.));
#14406=DIRECTION('',(0.,0.,1.));
#14407=DIRECTION('center_axis',(0.,0.,-1.));
#14408=DIRECTION('ref_axis',(-1.,2.47206717212759E-15,0.));
#14409=DIRECTION('',(0.,0.,-1.));
#14410=DIRECTION('center_axis',(0.,0.,-1.));
#14411=DIRECTION('ref_axis',(-1.,2.47206717212759E-15,0.));
#14412=DIRECTION('',(0.,0.,1.));
#14413=DIRECTION('center_axis',(1.,0.,0.));
#14414=DIRECTION('ref_axis',(0.,0.,-1.));
#14415=DIRECTION('',(0.,0.,-1.));
#14416=DIRECTION('center_axis',(-1.,0.,0.));
#14417=DIRECTION('ref_axis',(0.,0.,1.));
#14418=DIRECTION('',(0.,0.,1.));
#14419=DIRECTION('center_axis',(0.,0.,1.));
#14420=DIRECTION('ref_axis',(-1.,-4.9441343442552E-15,0.));
#14421=DIRECTION('',(0.,0.,-1.));
#14422=DIRECTION('center_axis',(0.,0.,1.));
#14423=DIRECTION('ref_axis',(-1.,-4.9441343442552E-15,0.));
#14424=DIRECTION('',(0.,0.,1.));
#14425=DIRECTION('center_axis',(-1.,-4.91546891914683E-16,0.));
#14426=DIRECTION('ref_axis',(0.,0.,-1.));
#14427=DIRECTION('',(0.,0.,-1.));
#14428=DIRECTION('center_axis',(1.,4.91546891914683E-16,0.));
#14429=DIRECTION('ref_axis',(0.,0.,1.));
#14430=DIRECTION('',(0.,0.,1.));
#14431=DIRECTION('center_axis',(0.,0.,-1.));
#14432=DIRECTION('ref_axis',(-1.,2.47206717212759E-15,0.));
#14433=DIRECTION('',(0.,0.,-1.));
#14434=DIRECTION('center_axis',(0.,0.,-1.));
#14435=DIRECTION('ref_axis',(-1.,2.47206717212759E-15,0.));
#14436=DIRECTION('',(0.,0.,1.));
#14437=DIRECTION('center_axis',(1.,0.,0.));
#14438=DIRECTION('ref_axis',(0.,0.,-1.));
#14439=DIRECTION('',(0.,0.,-1.));
#14440=DIRECTION('center_axis',(-1.,0.,0.));
#14441=DIRECTION('ref_axis',(0.,0.,1.));
#14442=DIRECTION('',(0.,0.,1.));
#14443=DIRECTION('center_axis',(0.,0.,1.));
#14444=DIRECTION('ref_axis',(-1.,-4.9441343442552E-15,0.));
#14445=DIRECTION('',(0.,0.,-1.));
#14446=DIRECTION('center_axis',(0.,0.,1.));
#14447=DIRECTION('ref_axis',(-1.,-4.9441343442552E-15,0.));
#14448=DIRECTION('',(0.,0.,1.));
#14449=DIRECTION('center_axis',(-1.,-7.79348033582057E-16,0.));
#14450=DIRECTION('ref_axis',(0.,0.,-1.));
#14451=DIRECTION('',(0.,0.,-1.));
#14452=DIRECTION('center_axis',(1.,7.79348033582057E-16,0.));
#14453=DIRECTION('ref_axis',(0.,0.,1.));
#14454=DIRECTION('',(0.,0.,1.));
#14455=DIRECTION('center_axis',(0.,0.,1.));
#14456=DIRECTION('ref_axis',(-4.44089209850058E-15,1.,0.));
#14457=DIRECTION('center_axis',(0.,0.,1.));
#14458=DIRECTION('ref_axis',(-4.44089209850058E-15,1.,0.));
#14459=DIRECTION('center_axis',(5.60112516924798E-15,1.,0.));
#14460=DIRECTION('ref_axis',(0.,0.,-1.));
#14461=DIRECTION('center_axis',(1.,8.7076315656875E-17,0.));
#14462=DIRECTION('ref_axis',(-8.7076315656875E-17,1.,0.));
#14463=DIRECTION('',(0.,0.,1.));
#14464=DIRECTION('',(0.,0.,-1.));
#14465=DIRECTION('center_axis',(0.,0.,1.));
#14466=DIRECTION('ref_axis',(1.,0.,0.));
#14467=DIRECTION('',(0.,0.,-1.));
#14468=DIRECTION('center_axis',(0.,0.,1.));
#14469=DIRECTION('ref_axis',(1.,0.,0.));
#14470=DIRECTION('',(0.,0.,-1.));
#14471=DIRECTION('center_axis',(-1.,8.7076315656875E-17,0.));
#14472=DIRECTION('ref_axis',(-8.7076315656875E-17,-1.,0.));
#14473=DIRECTION('',(0.,0.,1.));
#14474=DIRECTION('',(0.,0.,-1.));
#14475=DIRECTION('center_axis',(-1.13577803030712E-16,1.,0.));
#14476=DIRECTION('ref_axis',(-1.,-1.13577803030712E-16,0.));
#14477=DIRECTION('center_axis',(0.,-1.,0.));
#14478=DIRECTION('ref_axis',(1.,0.,0.));
#14479=DIRECTION('axis',(0.,0.,1.));
#14480=DIRECTION('refdir',(1.,0.,0.));
#14481=DIRECTION('center_axis',(0.,0.,1.));
#14482=DIRECTION('ref_axis',(0.707106781186548,-0.707106781186548,0.));
#14483=DIRECTION('center_axis',(0.,0.,-1.));
#14484=DIRECTION('ref_axis',(0.707106781186548,-0.707106781186548,0.));
#14485=DIRECTION('',(0.,0.,1.));
#14486=DIRECTION('center_axis',(0.,0.,1.));
#14487=DIRECTION('ref_axis',(0.707106781186548,-0.707106781186548,0.));
#14488=DIRECTION('',(0.,0.,-1.));
#14489=DIRECTION('center_axis',(-6.83214169000096E-17,1.,0.));
#14490=DIRECTION('ref_axis',(-1.,-6.83214169000096E-17,0.));
#14491=DIRECTION('',(1.,6.83214169000096E-17,0.));
#14492=DIRECTION('',(0.,0.,-1.));
#14493=DIRECTION('',(1.,6.83214169000096E-17,0.));
#14494=DIRECTION('center_axis',(0.,0.,1.));
#14495=DIRECTION('ref_axis',(-0.707106781186547,-0.707106781186548,0.));
#14496=DIRECTION('center_axis',(0.,0.,-1.));
#14497=DIRECTION('ref_axis',(-0.707106781186547,-0.707106781186548,0.));
#14498=DIRECTION('',(0.,0.,1.));
#14499=DIRECTION('center_axis',(0.,0.,1.));
#14500=DIRECTION('ref_axis',(-0.707106781186547,-0.707106781186548,0.));
#14501=DIRECTION('center_axis',(1.,0.,0.));
#14502=DIRECTION('ref_axis',(0.,1.,0.));
#14503=DIRECTION('',(0.,-1.,0.));
#14504=DIRECTION('',(0.,0.,-1.));
#14505=DIRECTION('',(0.,-1.,0.));
#14506=DIRECTION('center_axis',(0.,0.,1.));
#14507=DIRECTION('ref_axis',(-0.707106781186548,0.707106781186548,0.));
#14508=DIRECTION('center_axis',(0.,0.,-1.));
#14509=DIRECTION('ref_axis',(-0.707106781186548,0.707106781186548,0.));
#14510=DIRECTION('',(0.,0.,1.));
#14511=DIRECTION('center_axis',(0.,0.,1.));
#14512=DIRECTION('ref_axis',(-0.707106781186548,0.707106781186548,0.));
#14513=DIRECTION('center_axis',(0.,-1.,0.));
#14514=DIRECTION('ref_axis',(1.,0.,0.));
#14515=DIRECTION('',(-1.,0.,0.));
#14516=DIRECTION('',(0.,0.,-1.));
#14517=DIRECTION('',(-1.,0.,0.));
#14518=DIRECTION('center_axis',(0.,0.,-1.));
#14519=DIRECTION('ref_axis',(0.707106781186548,0.707106781186547,0.));
#14520=DIRECTION('center_axis',(0.,0.,1.));
#14521=DIRECTION('ref_axis',(0.707106781186548,0.707106781186547,0.));
#14522=DIRECTION('center_axis',(0.,0.,-1.));
#14523=DIRECTION('ref_axis',(0.707106781186548,0.707106781186547,0.));
#14524=DIRECTION('',(0.,0.,1.));
#14525=DIRECTION('center_axis',(-1.,-1.36642833800019E-16,0.));
#14526=DIRECTION('ref_axis',(1.36642833800019E-16,-1.,0.));
#14527=DIRECTION('',(-1.36642833800019E-16,1.,0.));
#14528=DIRECTION('',(-1.36642833800019E-16,1.,0.));
#14529=DIRECTION('center_axis',(0.,0.,1.));
#14530=DIRECTION('ref_axis',(1.,0.,0.));
#14531=DIRECTION('center_axis',(0.,0.,1.));
#14532=DIRECTION('ref_axis',(1.,0.,0.));
#14533=DIRECTION('',(0.,0.,-1.));
#14534=DIRECTION('center_axis',(0.,0.,1.));
#14535=DIRECTION('ref_axis',(1.,0.,0.));
#14536=DIRECTION('center_axis',(0.,0.,1.));
#14537=DIRECTION('ref_axis',(1.,0.,0.));
#14538=DIRECTION('center_axis',(0.,0.,1.));
#14539=DIRECTION('ref_axis',(1.,0.,0.));
#14540=DIRECTION('',(0.,0.,-1.));
#14541=DIRECTION('center_axis',(0.,0.,1.));
#14542=DIRECTION('ref_axis',(1.,0.,0.));
#14543=DIRECTION('center_axis',(0.,0.,1.));
#14544=DIRECTION('ref_axis',(1.,0.,0.));
#14545=DIRECTION('center_axis',(0.,0.,-1.));
#14546=DIRECTION('ref_axis',(1.,0.,0.));
#14547=DIRECTION('',(0.,0.,-1.));
#14548=DIRECTION('center_axis',(0.,0.,-1.));
#14549=DIRECTION('ref_axis',(1.,0.,0.));
#14550=DIRECTION('center_axis',(0.,0.,1.));
#14551=DIRECTION('ref_axis',(1.,0.,0.));
#14552=DIRECTION('center_axis',(0.,0.,-1.));
#14553=DIRECTION('ref_axis',(1.,0.,0.));
#14554=DIRECTION('',(0.,0.,-1.));
#14555=DIRECTION('center_axis',(0.,0.,-1.));
#14556=DIRECTION('ref_axis',(1.,0.,0.));
#14557=DIRECTION('center_axis',(-1.,0.,0.));
#14558=DIRECTION('ref_axis',(0.,-1.,0.));
#14559=DIRECTION('',(0.,-1.,0.));
#14560=DIRECTION('',(0.,0.,1.));
#14561=DIRECTION('',(0.,-1.,0.));
#14562=DIRECTION('',(0.,0.,1.));
#14563=DIRECTION('center_axis',(0.,0.,1.));
#14564=DIRECTION('ref_axis',(-0.707106781186548,0.707106781186548,0.));
#14565=DIRECTION('center_axis',(0.,0.,-1.));
#14566=DIRECTION('ref_axis',(-0.707106781186548,0.707106781186548,0.));
#14567=DIRECTION('center_axis',(0.,0.,1.));
#14568=DIRECTION('ref_axis',(-0.707106781186548,0.707106781186548,0.));
#14569=DIRECTION('',(0.,0.,1.));
#14570=DIRECTION('center_axis',(0.,1.,0.));
#14571=DIRECTION('ref_axis',(-1.,0.,0.));
#14572=DIRECTION('',(-1.,0.,0.));
#14573=DIRECTION('',(-1.,0.,0.));
#14574=DIRECTION('',(0.,0.,1.));
#14575=DIRECTION('center_axis',(0.,0.,1.));
#14576=DIRECTION('ref_axis',(0.707106781186548,0.707106781186548,0.));
#14577=DIRECTION('center_axis',(0.,0.,-1.));
#14578=DIRECTION('ref_axis',(0.707106781186548,0.707106781186548,0.));
#14579=DIRECTION('center_axis',(0.,0.,1.));
#14580=DIRECTION('ref_axis',(0.707106781186548,0.707106781186548,0.));
#14581=DIRECTION('',(0.,0.,1.));
#14582=DIRECTION('center_axis',(1.,0.,0.));
#14583=DIRECTION('ref_axis',(0.,1.,0.));
#14584=DIRECTION('',(0.,1.,0.));
#14585=DIRECTION('',(0.,1.,0.));
#14586=DIRECTION('',(0.,0.,1.));
#14587=DIRECTION('center_axis',(0.,0.,1.));
#14588=DIRECTION('ref_axis',(0.707106781186547,-0.707106781186548,0.));
#14589=DIRECTION('center_axis',(0.,0.,-1.));
#14590=DIRECTION('ref_axis',(0.707106781186547,-0.707106781186548,0.));
#14591=DIRECTION('center_axis',(0.,0.,1.));
#14592=DIRECTION('ref_axis',(0.707106781186547,-0.707106781186548,0.));
#14593=DIRECTION('',(0.,0.,1.));
#14594=DIRECTION('center_axis',(-4.44089209850177E-16,-1.,0.));
#14595=DIRECTION('ref_axis',(1.,-4.44089209850177E-16,0.));
#14596=DIRECTION('',(1.,-4.44089209850177E-16,0.));
#14597=DIRECTION('',(1.,-4.44089209850177E-16,0.));
#14598=DIRECTION('',(0.,0.,1.));
#14599=DIRECTION('center_axis',(0.,0.,1.));
#14600=DIRECTION('ref_axis',(-0.707106781186548,-0.707106781186548,0.));
#14601=DIRECTION('center_axis',(0.,0.,-1.));
#14602=DIRECTION('ref_axis',(-0.707106781186548,-0.707106781186548,0.));
#14603=DIRECTION('center_axis',(0.,0.,1.));
#14604=DIRECTION('ref_axis',(-0.707106781186548,-0.707106781186548,0.));
#14605=DIRECTION('center_axis',(0.,0.,1.));
#14606=DIRECTION('ref_axis',(1.,0.,0.));
#14607=DIRECTION('center_axis',(0.,0.,1.));
#14608=DIRECTION('ref_axis',(1.,0.,0.));
#14609=DIRECTION('axis',(0.,0.,1.));
#14610=DIRECTION('refdir',(1.,0.,0.));
#14611=DIRECTION('axis',(0.,0.,1.));
#14612=DIRECTION('refdir',(1.,0.,0.));
#14613=DIRECTION('center_axis',(1.22464679914735E-16,1.,0.));
#14614=DIRECTION('ref_axis',(1.,-1.22464679914735E-16,0.));
#14615=DIRECTION('',(-1.,1.22464679914735E-16,0.));
#14616=DIRECTION('',(0.,0.,-1.));
#14617=DIRECTION('',(-1.,1.22464679914735E-16,0.));
#14618=DIRECTION('',(0.,0.,-1.));
#14619=DIRECTION('center_axis',(0.,0.,-1.));
#14620=DIRECTION('ref_axis',(0.724010433702182,0.689789019838949,0.));
#14621=DIRECTION('center_axis',(0.,0.,-1.));
#14622=DIRECTION('ref_axis',(0.724010433702182,0.689789019838949,0.));
#14623=DIRECTION('',(0.,0.,1.));
#14624=DIRECTION('center_axis',(0.,0.,1.));
#14625=DIRECTION('ref_axis',(0.724010433702182,0.689789019838949,0.));
#14626=DIRECTION('',(0.,0.,-1.));
#14627=DIRECTION('center_axis',(0.,0.,-1.));
#14628=DIRECTION('ref_axis',(-0.724010433702181,-0.68978901983895,0.));
#14629=DIRECTION('center_axis',(0.,0.,1.));
#14630=DIRECTION('ref_axis',(-0.724010433702181,-0.68978901983895,0.));
#14631=DIRECTION('center_axis',(0.,0.,-1.));
#14632=DIRECTION('ref_axis',(-0.724010433702181,-0.68978901983895,0.));
#14633=DIRECTION('',(0.,0.,-1.));
#14634=DIRECTION('center_axis',(0.421611304858749,-0.906776658067081,0.));
#14635=DIRECTION('ref_axis',(-0.906776658067081,-0.421611304858749,0.));
#14636=DIRECTION('',(0.906776658067081,0.421611304858749,0.));
#14637=DIRECTION('',(-0.906776658067081,-0.421611304858749,0.));
#14638=DIRECTION('',(0.,0.,-1.));
#14639=DIRECTION('center_axis',(0.,0.,-1.));
#14640=DIRECTION('ref_axis',(7.10100940612996E-15,1.,0.));
#14641=DIRECTION('center_axis',(0.,0.,-1.));
#14642=DIRECTION('ref_axis',(7.10100940612996E-15,1.,0.));
#14643=DIRECTION('center_axis',(0.,0.,1.));
#14644=DIRECTION('ref_axis',(7.10100940612996E-15,1.,0.));
#14645=DIRECTION('center_axis',(0.,0.,-1.));
#14646=DIRECTION('ref_axis',(0.545930733182872,0.837830313707025,0.));
#14647=DIRECTION('center_axis',(0.,0.,-1.));
#14648=DIRECTION('ref_axis',(0.545930733182872,0.837830313707025,0.));
#14649=DIRECTION('center_axis',(0.,0.,1.));
#14650=DIRECTION('ref_axis',(0.545930733182872,0.837830313707025,0.));
#14651=DIRECTION('',(0.,0.,-1.));
#14652=DIRECTION('center_axis',(0.,0.,-1.));
#14653=DIRECTION('ref_axis',(-0.545930733182986,-0.83783031370695,0.));
#14654=DIRECTION('center_axis',(0.,0.,1.));
#14655=DIRECTION('ref_axis',(-0.545930733182986,-0.83783031370695,0.));
#14656=DIRECTION('center_axis',(0.,0.,-1.));
#14657=DIRECTION('ref_axis',(-0.545930733182986,-0.83783031370695,0.));
#14658=DIRECTION('',(0.,0.,-1.));
#14659=DIRECTION('center_axis',(2.65622736697711E-16,1.,0.));
#14660=DIRECTION('ref_axis',(-1.,2.65622736697711E-16,0.));
#14661=DIRECTION('',(1.,-2.65622736697711E-16,0.));
#14662=DIRECTION('',(0.,0.,1.));
#14663=DIRECTION('',(1.,-2.65622736697711E-16,0.));
#14664=DIRECTION('center_axis',(0.,0.,1.));
#14665=DIRECTION('ref_axis',(1.,0.,0.));
#14666=DIRECTION('',(-1.,5.31245473395423E-16,0.));
#14667=DIRECTION('center_axis',(0.,0.,1.));
#14668=DIRECTION('ref_axis',(0.999634703184158,0.027027027027027,0.));
#14669=DIRECTION('center_axis',(0.,0.,-1.));
#14670=DIRECTION('ref_axis',(-0.999634703184158,-0.027027027027027,0.));
#14671=DIRECTION('',(-1.,6.48305415839199E-16,0.));
#14672=DIRECTION('center_axis',(0.,0.,-1.));
#14673=DIRECTION('ref_axis',(-2.96059473233376E-15,-1.,0.));
#14674=DIRECTION('center_axis',(0.,0.,1.));
#14675=DIRECTION('ref_axis',(-1.,-1.28137682746054E-15,0.));
#14676=DIRECTION('',(2.8865798640253E-14,-1.,0.));
#14677=DIRECTION('center_axis',(0.,0.,1.));
#14678=DIRECTION('ref_axis',(-0.952279628422496,0.305226979953465,0.));
#14679=DIRECTION('center_axis',(0.,0.,-1.));
#14680=DIRECTION('ref_axis',(0.952279628422683,-0.305226979952883,0.));
#14681=DIRECTION('center_axis',(0.,0.,1.));
#14682=DIRECTION('ref_axis',(-0.78045668428425,-0.625209855933217,0.));
#14683=DIRECTION('center_axis',(0.,0.,-1.));
#14684=DIRECTION('ref_axis',(1.,0.,0.));
#14685=DIRECTION('center_axis',(0.,0.,1.));
#14686=DIRECTION('ref_axis',(0.76558766061213,-0.643331589398847,0.));
#14687=DIRECTION('',(1.,-5.31245473395423E-16,0.));
#14688=DIRECTION('center_axis',(0.,0.,1.));
#14689=DIRECTION('ref_axis',(-0.999634703184158,-0.027027027027027,0.));
#14690=DIRECTION('center_axis',(0.,0.,-1.));
#14691=DIRECTION('ref_axis',(0.999634703184158,0.027027027027027,0.));
#14692=DIRECTION('',(1.,0.,0.));
#14693=DIRECTION('center_axis',(0.,0.,-1.));
#14694=DIRECTION('ref_axis',(3.94745964311168E-15,1.,0.));
#14695=DIRECTION('center_axis',(0.,0.,1.));
#14696=DIRECTION('ref_axis',(1.,9.85674482661953E-16,0.));
#14697=DIRECTION('',(-2.89826642217925E-14,1.,0.));
#14698=DIRECTION('center_axis',(0.,0.,1.));
#14699=DIRECTION('ref_axis',(0.952279628422496,-0.305226979953465,0.));
#14700=DIRECTION('center_axis',(0.,0.,-1.));
#14701=DIRECTION('ref_axis',(-0.952279628422683,0.305226979952882,0.));
#14702=DIRECTION('center_axis',(0.,0.,1.));
#14703=DIRECTION('ref_axis',(0.780456684284248,0.625209855933219,0.));
#14704=DIRECTION('center_axis',(0.,0.,-1.));
#14705=DIRECTION('ref_axis',(-1.,1.22464679914735E-16,0.));
#14706=DIRECTION('center_axis',(0.,0.,1.));
#14707=DIRECTION('ref_axis',(-0.765587660612131,0.643331589398845,0.));
#14708=DIRECTION('center_axis',(0.,0.,-1.));
#14709=DIRECTION('ref_axis',(-0.952279628422683,0.305226979952882,0.));
#14710=DIRECTION('center_axis',(0.,0.,1.));
#14711=DIRECTION('ref_axis',(1.53577349932547E-16,1.,0.));
#14712=DIRECTION('',(-1.,5.31245473395423E-16,0.));
#14713=DIRECTION('center_axis',(0.,0.,1.));
#14714=DIRECTION('ref_axis',(-1.,1.22464679914735E-16,0.));
#14715=DIRECTION('center_axis',(0.,0.,1.));
#14716=DIRECTION('ref_axis',(1.,0.,0.));
#14717=DIRECTION('center_axis',(0.,0.,-1.));
#14718=DIRECTION('ref_axis',(0.952279628422683,-0.305226979952883,0.));
#14719=DIRECTION('center_axis',(0.,0.,1.));
#14720=DIRECTION('ref_axis',(-3.07154699865094E-16,-1.,0.));
#14721=DIRECTION('',(1.,-5.31245473395423E-16,0.));
#14722=DIRECTION('center_axis',(0.,0.,-1.));
#14723=DIRECTION('ref_axis',(-1.,1.22464679914735E-16,0.));
#14724=DIRECTION('',(1.22464679914735E-16,1.,0.));
#14725=DIRECTION('center_axis',(0.,0.,-1.));
#14726=DIRECTION('ref_axis',(-0.42161130485875,0.90677665806708,0.));
#14727=DIRECTION('',(0.90677665806708,0.42161130485875,0.));
#14728=DIRECTION('center_axis',(0.,0.,-1.));
#14729=DIRECTION('ref_axis',(1.22464679914735E-16,1.,0.));
#14730=DIRECTION('',(1.,-1.22464679914735E-16,0.));
#14731=DIRECTION('center_axis',(0.,0.,-1.));
#14732=DIRECTION('ref_axis',(0.544547585153962,0.838729949091475,0.));
#14733=DIRECTION('center_axis',(0.,0.,1.));
#14734=DIRECTION('ref_axis',(-0.544547585153964,-0.838729949091474,0.));
#14735=DIRECTION('center_axis',(0.,0.,-1.));
#14736=DIRECTION('ref_axis',(-1.22464679914735E-16,-1.,0.));
#14737=DIRECTION('',(-1.,1.22464679914735E-16,0.));
#14738=DIRECTION('center_axis',(0.,0.,-1.));
#14739=DIRECTION('ref_axis',(1.,0.,0.));
#14740=DIRECTION('',(0.,-1.,0.));
#14741=DIRECTION('center_axis',(0.,0.,-1.));
#14742=DIRECTION('ref_axis',(0.42161130485875,-0.90677665806708,0.));
#14743=DIRECTION('',(-0.90677665806708,-0.42161130485875,0.));
#14744=DIRECTION('center_axis',(0.,0.,-1.));
#14745=DIRECTION('ref_axis',(0.,-1.,0.));
#14746=DIRECTION('',(-1.,0.,0.));
#14747=DIRECTION('center_axis',(0.,0.,-1.));
#14748=DIRECTION('ref_axis',(-0.544547585153962,-0.838729949091475,0.));
#14749=DIRECTION('center_axis',(0.,0.,1.));
#14750=DIRECTION('ref_axis',(0.544547585153964,0.838729949091474,0.));
#14751=DIRECTION('center_axis',(0.,0.,-1.));
#14752=DIRECTION('ref_axis',(0.,1.,0.));
#14753=DIRECTION('',(1.,0.,0.));
#14754=DIRECTION('center_axis',(0.,0.,-1.));
#14755=DIRECTION('ref_axis',(0.,1.,0.));
#14756=DIRECTION('center_axis',(0.,0.,1.));
#14757=DIRECTION('ref_axis',(-0.952279628422634,0.305226979953035,0.));
#14758=DIRECTION('center_axis',(0.,0.,-1.));
#14759=DIRECTION('ref_axis',(0.952279628422519,-0.305226979953393,0.));
#14760=DIRECTION('',(2.86320674771761E-14,-1.,0.));
#14761=DIRECTION('center_axis',(0.,0.,-1.));
#14762=DIRECTION('ref_axis',(1.,1.1043710584222E-15,0.));
#14763=DIRECTION('center_axis',(0.,0.,1.));
#14764=DIRECTION('ref_axis',(0.623345336118796,0.781946668219096,0.));
#14765=DIRECTION('center_axis',(0.,0.,-1.));
#14766=DIRECTION('ref_axis',(0.545930733182986,0.83783031370695,0.));
#14767=DIRECTION('center_axis',(0.,0.,1.));
#14768=DIRECTION('ref_axis',(-0.545930733182872,-0.837830313707025,0.));
#14769=DIRECTION('',(1.,0.,0.));
#14770=DIRECTION('center_axis',(0.,0.,1.));
#14771=DIRECTION('ref_axis',(-6.97854472621522E-15,-1.,0.));
#14772=DIRECTION('',(0.906776658067081,0.421611304858749,0.));
#14773=DIRECTION('center_axis',(0.,0.,-1.));
#14774=DIRECTION('ref_axis',(0.724010433702181,0.68978901983895,0.));
#14775=DIRECTION('center_axis',(0.,0.,1.));
#14776=DIRECTION('ref_axis',(-0.724010433702182,-0.689789019838949,0.));
#14777=DIRECTION('',(-1.,2.65622736697711E-16,0.));
#14778=DIRECTION('center_axis',(0.,0.,-1.));
#14779=DIRECTION('ref_axis',(-1.25746166370928E-16,-1.,0.));
#14780=DIRECTION('center_axis',(0.,0.,1.));
#14781=DIRECTION('ref_axis',(0.952279628422634,-0.305226979953036,0.));
#14782=DIRECTION('center_axis',(0.,0.,-1.));
#14783=DIRECTION('ref_axis',(-0.952279628422519,0.305226979953393,0.));
#14784=DIRECTION('',(-2.89826642217946E-14,1.,0.));
#14785=DIRECTION('center_axis',(0.,0.,-1.));
#14786=DIRECTION('ref_axis',(-1.,-1.1043710584222E-15,0.));
#14787=DIRECTION('center_axis',(0.,0.,1.));
#14788=DIRECTION('ref_axis',(-0.623345336105487,-0.781946668229706,0.));
#14789=DIRECTION('center_axis',(0.,-1.,0.));
#14790=DIRECTION('ref_axis',(-1.,0.,0.));
#14791=DIRECTION('',(1.,0.,0.));
#14792=DIRECTION('',(0.,0.,-1.));
#14793=DIRECTION('',(0.,0.,-1.));
#14794=DIRECTION('center_axis',(0.,0.,-1.));
#14795=DIRECTION('ref_axis',(-0.724010433702182,-0.689789019838949,0.));
#14796=DIRECTION('center_axis',(0.,0.,-1.));
#14797=DIRECTION('ref_axis',(-0.724010433702182,-0.689789019838949,0.));
#14798=DIRECTION('',(0.,0.,1.));
#14799=DIRECTION('',(0.,0.,-1.));
#14800=DIRECTION('center_axis',(0.,0.,-1.));
#14801=DIRECTION('ref_axis',(0.724010433702181,0.68978901983895,0.));
#14802=DIRECTION('center_axis',(0.,0.,1.));
#14803=DIRECTION('ref_axis',(0.724010433702181,0.68978901983895,0.));
#14804=DIRECTION('',(0.,0.,-1.));
#14805=DIRECTION('center_axis',(-0.421611304858749,0.906776658067081,0.));
#14806=DIRECTION('ref_axis',(0.906776658067081,0.421611304858749,0.));
#14807=DIRECTION('',(-0.906776658067081,-0.421611304858749,0.));
#14808=DIRECTION('',(0.,0.,-1.));
#14809=DIRECTION('center_axis',(0.,0.,-1.));
#14810=DIRECTION('ref_axis',(-6.97854472621522E-15,-1.,0.));
#14811=DIRECTION('center_axis',(0.,0.,-1.));
#14812=DIRECTION('ref_axis',(-6.97854472621522E-15,-1.,0.));
#14813=DIRECTION('center_axis',(0.,0.,-1.));
#14814=DIRECTION('ref_axis',(-0.545930733182872,-0.837830313707025,0.));
#14815=DIRECTION('center_axis',(0.,0.,-1.));
#14816=DIRECTION('ref_axis',(-0.545930733182872,-0.837830313707025,0.));
#14817=DIRECTION('',(0.,0.,-1.));
#14818=DIRECTION('center_axis',(0.,0.,-1.));
#14819=DIRECTION('ref_axis',(0.545930733182986,0.83783031370695,0.));
#14820=DIRECTION('center_axis',(0.,0.,1.));
#14821=DIRECTION('ref_axis',(0.545930733182986,0.83783031370695,0.));
#14822=DIRECTION('',(0.,0.,-1.));
#14823=DIRECTION('center_axis',(-2.65622736697711E-16,-1.,0.));
#14824=DIRECTION('ref_axis',(1.,-2.65622736697711E-16,0.));
#14825=DIRECTION('',(-1.,2.65622736697711E-16,0.));
#14826=DIRECTION('',(0.,0.,1.));
#14827=DIRECTION('center_axis',(0.,0.,1.));
#14828=DIRECTION('ref_axis',(0.623345336118796,0.781946668219096,0.));
#14829=DIRECTION('',(0.,0.,1.));
#14830=DIRECTION('center_axis',(0.,0.,1.));
#14831=DIRECTION('ref_axis',(0.623345336118796,0.781946668219096,0.));
#14832=DIRECTION('center_axis',(0.,0.,-1.));
#14833=DIRECTION('ref_axis',(0.76558766061213,-0.643331589398847,0.));
#14834=DIRECTION('',(0.,0.,-1.));
#14835=DIRECTION('center_axis',(0.,0.,-1.));
#14836=DIRECTION('ref_axis',(0.76558766061213,-0.643331589398847,0.));
#14837=DIRECTION('',(0.,0.,1.));
#14838=DIRECTION('center_axis',(0.,0.,1.));
#14839=DIRECTION('ref_axis',(-0.0908751010951818,0.995862297710352,0.));
#14840=DIRECTION('',(0.,0.,1.));
#14841=DIRECTION('center_axis',(0.,0.,1.));
#14842=DIRECTION('ref_axis',(1.,0.,0.));
#14843=DIRECTION('center_axis',(0.,0.,1.));
#14844=DIRECTION('ref_axis',(-0.78045668428425,-0.625209855933217,0.));
#14845=DIRECTION('center_axis',(0.,0.,-1.));
#14846=DIRECTION('ref_axis',(-0.78045668428425,-0.625209855933217,0.));
#14847=DIRECTION('',(0.,0.,-1.));
#14848=DIRECTION('center_axis',(0.,0.,1.));
#14849=DIRECTION('ref_axis',(0.780456684284248,0.625209855933219,0.));
#14850=DIRECTION('center_axis',(0.,0.,-1.));
#14851=DIRECTION('ref_axis',(0.780456684284248,0.625209855933219,0.));
#14852=DIRECTION('',(0.,0.,1.));
#14853=DIRECTION('',(0.,0.,-1.));
#14854=DIRECTION('center_axis',(0.,0.,1.));
#14855=DIRECTION('ref_axis',(0.0908751010951821,-0.995862297710351,0.));
#14856=DIRECTION('center_axis',(0.,0.,1.));
#14857=DIRECTION('ref_axis',(-1.,1.22464679914735E-16,0.));
#14858=DIRECTION('',(0.,0.,-1.));
#14859=DIRECTION('center_axis',(0.,0.,-1.));
#14860=DIRECTION('ref_axis',(-0.765587660612131,0.643331589398845,0.));
#14861=DIRECTION('center_axis',(0.,0.,-1.));
#14862=DIRECTION('ref_axis',(-0.765587660612131,0.643331589398845,0.));
#14863=DIRECTION('',(0.,0.,1.));
#14864=DIRECTION('center_axis',(0.,0.,1.));
#14865=DIRECTION('ref_axis',(0.234303911832256,-0.972163400308869,0.));
#14866=DIRECTION('',(0.,0.,-1.));
#14867=DIRECTION('',(0.,0.,1.));
#14868=DIRECTION('center_axis',(0.,0.,-1.));
#14869=DIRECTION('ref_axis',(-1.,1.22464679914735E-16,0.));
#14870=DIRECTION('center_axis',(0.,0.,1.));
#14871=DIRECTION('ref_axis',(1.,0.,0.));
#14872=DIRECTION('center_axis',(0.,0.,-1.));
#14873=DIRECTION('ref_axis',(-0.952279628422683,0.305226979952882,0.));
#14874=DIRECTION('center_axis',(0.,0.,1.));
#14875=DIRECTION('ref_axis',(0.952279628422496,-0.305226979953465,0.));
#14876=DIRECTION('',(-2.89826642217925E-14,1.,0.));
#14877=DIRECTION('center_axis',(0.,0.,1.));
#14878=DIRECTION('ref_axis',(1.,9.85674482661953E-16,0.));
#14879=DIRECTION('center_axis',(0.,0.,-1.));
#14880=DIRECTION('ref_axis',(3.94745964311168E-15,1.,0.));
#14881=DIRECTION('',(1.,0.,0.));
#14882=DIRECTION('center_axis',(0.,0.,-1.));
#14883=DIRECTION('ref_axis',(0.999634703184158,0.027027027027027,0.));
#14884=DIRECTION('center_axis',(0.,0.,1.));
#14885=DIRECTION('ref_axis',(-0.999634703184158,-0.027027027027027,0.));
#14886=DIRECTION('',(1.,-5.31245473395423E-16,0.));
#14887=DIRECTION('center_axis',(0.,0.,-1.));
#14888=DIRECTION('ref_axis',(0.952279628422683,-0.305226979952883,0.));
#14889=DIRECTION('center_axis',(0.,0.,1.));
#14890=DIRECTION('ref_axis',(-0.952279628422496,0.305226979953465,0.));
#14891=DIRECTION('',(2.8865798640253E-14,-1.,0.));
#14892=DIRECTION('center_axis',(0.,0.,1.));
#14893=DIRECTION('ref_axis',(-1.,-1.28137682746054E-15,0.));
#14894=DIRECTION('center_axis',(0.,0.,-1.));
#14895=DIRECTION('ref_axis',(-2.96059473233376E-15,-1.,0.));
#14896=DIRECTION('',(-1.,6.48305415839199E-16,0.));
#14897=DIRECTION('center_axis',(0.,0.,-1.));
#14898=DIRECTION('ref_axis',(-0.999634703184158,-0.027027027027027,0.));
#14899=DIRECTION('center_axis',(0.,0.,1.));
#14900=DIRECTION('ref_axis',(0.999634703184158,0.027027027027027,0.));
#14901=DIRECTION('',(-1.,5.31245473395423E-16,0.));
#14902=DIRECTION('center_axis',(0.,0.,1.));
#14903=DIRECTION('ref_axis',(-0.623345336105487,-0.781946668229706,0.));
#14904=DIRECTION('center_axis',(0.,0.,-1.));
#14905=DIRECTION('ref_axis',(-1.,-1.1043710584222E-15,0.));
#14906=DIRECTION('',(-2.89826642217946E-14,1.,0.));
#14907=DIRECTION('center_axis',(0.,0.,-1.));
#14908=DIRECTION('ref_axis',(-0.952279628422519,0.305226979953393,0.));
#14909=DIRECTION('center_axis',(0.,0.,1.));
#14910=DIRECTION('ref_axis',(0.952279628422634,-0.305226979953036,0.));
#14911=DIRECTION('center_axis',(0.,0.,-1.));
#14912=DIRECTION('ref_axis',(-1.25746166370928E-16,-1.,0.));
#14913=DIRECTION('center_axis',(0.,0.,-1.));
#14914=DIRECTION('ref_axis',(1.,1.1043710584222E-15,0.));
#14915=DIRECTION('',(2.86320674771761E-14,-1.,0.));
#14916=DIRECTION('center_axis',(0.,0.,-1.));
#14917=DIRECTION('ref_axis',(0.952279628422519,-0.305226979953393,0.));
#14918=DIRECTION('center_axis',(0.,0.,1.));
#14919=DIRECTION('ref_axis',(-0.952279628422634,0.305226979953035,0.));
#14920=DIRECTION('center_axis',(0.,0.,-1.));
#14921=DIRECTION('ref_axis',(0.,1.,0.));
#14922=DIRECTION('',(-1.,5.31245473395423E-16,0.));
#14923=DIRECTION('center_axis',(0.,0.,1.));
#14924=DIRECTION('ref_axis',(1.53577349932547E-16,1.,0.));
#14925=DIRECTION('center_axis',(0.,0.,-1.));
#14926=DIRECTION('ref_axis',(-0.952279628422683,0.305226979952882,0.));
#14927=DIRECTION('center_axis',(0.,0.,1.));
#14928=DIRECTION('ref_axis',(-1.,1.22464679914735E-16,0.));
#14929=DIRECTION('',(1.,-1.22464679914735E-16,0.));
#14930=DIRECTION('center_axis',(0.,0.,1.));
#14931=DIRECTION('ref_axis',(-1.22464679914735E-16,-1.,0.));
#14932=DIRECTION('center_axis',(0.,0.,-1.));
#14933=DIRECTION('ref_axis',(-0.544547585153964,-0.838729949091474,0.));
#14934=DIRECTION('center_axis',(0.,0.,1.));
#14935=DIRECTION('ref_axis',(0.544547585153962,0.838729949091475,0.));
#14936=DIRECTION('',(-1.,1.22464679914735E-16,0.));
#14937=DIRECTION('center_axis',(0.,0.,1.));
#14938=DIRECTION('ref_axis',(1.22464679914735E-16,1.,0.));
#14939=DIRECTION('',(-0.90677665806708,-0.42161130485875,0.));
#14940=DIRECTION('center_axis',(0.,0.,1.));
#14941=DIRECTION('ref_axis',(-0.42161130485875,0.90677665806708,0.));
#14942=DIRECTION('',(-1.22464679914735E-16,-1.,0.));
#14943=DIRECTION('center_axis',(0.,0.,1.));
#14944=DIRECTION('ref_axis',(1.,0.,0.));
#14945=DIRECTION('',(-1.,0.,0.));
#14946=DIRECTION('center_axis',(0.,0.,1.));
#14947=DIRECTION('ref_axis',(0.,1.,0.));
#14948=DIRECTION('center_axis',(0.,0.,-1.));
#14949=DIRECTION('ref_axis',(0.544547585153964,0.838729949091474,0.));
#14950=DIRECTION('center_axis',(0.,0.,1.));
#14951=DIRECTION('ref_axis',(-0.544547585153962,-0.838729949091475,0.));
#14952=DIRECTION('',(1.,0.,0.));
#14953=DIRECTION('center_axis',(0.,0.,1.));
#14954=DIRECTION('ref_axis',(0.,-1.,0.));
#14955=DIRECTION('',(0.90677665806708,0.42161130485875,0.));
#14956=DIRECTION('center_axis',(0.,0.,1.));
#14957=DIRECTION('ref_axis',(0.42161130485875,-0.90677665806708,0.));
#14958=DIRECTION('',(0.,1.,0.));
#14959=DIRECTION('',(1.,-5.31245473395423E-16,0.));
#14960=DIRECTION('center_axis',(0.,0.,1.));
#14961=DIRECTION('ref_axis',(-3.07154699865094E-16,-1.,0.));
#14962=DIRECTION('center_axis',(0.,0.,-1.));
#14963=DIRECTION('ref_axis',(0.952279628422683,-0.305226979952883,0.));
#14964=DIRECTION('center_axis',(0.,0.,-1.));
#14965=DIRECTION('ref_axis',(1.,0.,0.));
#14966=DIRECTION('center_axis',(0.,0.,1.));
#14967=DIRECTION('ref_axis',(-0.952279628422683,0.305226979952882,0.));
#14968=DIRECTION('',(0.,0.,1.));
#14969=DIRECTION('center_axis',(0.,0.,1.));
#14970=DIRECTION('ref_axis',(-0.952279628422683,0.305226979952882,0.));
#14971=DIRECTION('',(0.,0.,1.));
#14972=DIRECTION('center_axis',(-5.31245473395423E-16,-1.,0.));
#14973=DIRECTION('ref_axis',(1.,-5.31245473395423E-16,0.));
#14974=DIRECTION('',(0.,0.,1.));
#14975=DIRECTION('center_axis',(0.,0.,1.));
#14976=DIRECTION('ref_axis',(-0.234303911832253,0.97216340030887,0.));
#14977=DIRECTION('',(0.,0.,1.));
#14978=DIRECTION('',(0.,0.,-1.));
#14979=DIRECTION('center_axis',(5.31245473395423E-16,1.,0.));
#14980=DIRECTION('ref_axis',(-1.,5.31245473395423E-16,0.));
#14981=DIRECTION('',(0.,0.,1.));
#14982=DIRECTION('center_axis',(0.,0.,1.));
#14983=DIRECTION('ref_axis',(0.952279628422683,-0.305226979952883,0.));
#14984=DIRECTION('',(0.,0.,1.));
#14985=DIRECTION('center_axis',(0.,0.,1.));
#14986=DIRECTION('ref_axis',(0.952279628422683,-0.305226979952883,0.));
#14987=DIRECTION('',(0.,0.,1.));
#14988=DIRECTION('center_axis',(0.,0.,1.));
#14989=DIRECTION('ref_axis',(0.952279628422634,-0.305226979953036,0.));
#14990=DIRECTION('',(0.,0.,1.));
#14991=DIRECTION('',(0.,0.,1.));
#14992=DIRECTION('center_axis',(0.,0.,-1.));
#14993=DIRECTION('ref_axis',(-1.,1.22464679914735E-16,0.));
#14994=DIRECTION('',(0.,0.,-1.));
#14995=DIRECTION('',(0.,0.,-1.));
#14996=DIRECTION('center_axis',(-1.22464679914735E-16,-1.,0.));
#14997=DIRECTION('ref_axis',(-1.,1.22464679914735E-16,0.));
#14998=DIRECTION('',(0.,0.,-1.));
#14999=DIRECTION('center_axis',(0.,0.,-1.));
#15000=DIRECTION('ref_axis',(-1.22464679914735E-16,-1.,0.));
#15001=DIRECTION('',(0.,0.,-1.));
#15002=DIRECTION('center_axis',(0.,0.,-1.));
#15003=DIRECTION('ref_axis',(-0.544547585153964,-0.838729949091474,0.));
#15004=DIRECTION('',(0.,0.,-1.));
#15005=DIRECTION('center_axis',(0.,0.,-1.));
#15006=DIRECTION('ref_axis',(0.544547585153962,0.838729949091475,0.));
#15007=DIRECTION('',(0.,0.,-1.));
#15008=DIRECTION('center_axis',(1.22464679914735E-16,1.,0.));
#15009=DIRECTION('ref_axis',(1.,-1.22464679914735E-16,0.));
#15010=DIRECTION('',(0.,0.,-1.));
#15011=DIRECTION('center_axis',(0.,0.,-1.));
#15012=DIRECTION('ref_axis',(1.22464679914735E-16,1.,0.));
#15013=DIRECTION('',(0.,0.,-1.));
#15014=DIRECTION('center_axis',(-0.42161130485875,0.90677665806708,0.));
#15015=DIRECTION('ref_axis',(0.90677665806708,0.42161130485875,0.));
#15016=DIRECTION('',(0.,0.,-1.));
#15017=DIRECTION('center_axis',(0.,0.,-1.));
#15018=DIRECTION('ref_axis',(-0.42161130485875,0.90677665806708,0.));
#15019=DIRECTION('',(0.,0.,-1.));
#15020=DIRECTION('center_axis',(-1.,1.22464679914735E-16,0.));
#15021=DIRECTION('ref_axis',(1.22464679914735E-16,1.,0.));
#15022=DIRECTION('center_axis',(0.,0.,-1.));
#15023=DIRECTION('ref_axis',(1.,0.,0.));
#15024=DIRECTION('',(0.,0.,-1.));
#15025=DIRECTION('',(0.,0.,-1.));
#15026=DIRECTION('center_axis',(0.,1.,0.));
#15027=DIRECTION('ref_axis',(1.,0.,0.));
#15028=DIRECTION('',(0.,0.,-1.));
#15029=DIRECTION('center_axis',(0.,0.,-1.));
#15030=DIRECTION('ref_axis',(0.,1.,0.));
#15031=DIRECTION('',(0.,0.,-1.));
#15032=DIRECTION('center_axis',(0.,0.,-1.));
#15033=DIRECTION('ref_axis',(0.544547585153964,0.838729949091474,0.));
#15034=DIRECTION('',(0.,0.,-1.));
#15035=DIRECTION('center_axis',(0.,0.,-1.));
#15036=DIRECTION('ref_axis',(-0.544547585153962,-0.838729949091475,0.));
#15037=DIRECTION('',(0.,0.,-1.));
#15038=DIRECTION('center_axis',(0.,-1.,0.));
#15039=DIRECTION('ref_axis',(-1.,0.,0.));
#15040=DIRECTION('',(0.,0.,-1.));
#15041=DIRECTION('center_axis',(0.,0.,-1.));
#15042=DIRECTION('ref_axis',(0.,-1.,0.));
#15043=DIRECTION('',(0.,0.,-1.));
#15044=DIRECTION('center_axis',(0.42161130485875,-0.90677665806708,0.));
#15045=DIRECTION('ref_axis',(-0.90677665806708,-0.42161130485875,0.));
#15046=DIRECTION('',(0.,0.,-1.));
#15047=DIRECTION('center_axis',(0.,0.,-1.));
#15048=DIRECTION('ref_axis',(0.42161130485875,-0.90677665806708,0.));
#15049=DIRECTION('',(0.,0.,-1.));
#15050=DIRECTION('center_axis',(1.,0.,0.));
#15051=DIRECTION('ref_axis',(0.,-1.,0.));
#15052=DIRECTION('center_axis',(0.,0.,1.));
#15053=DIRECTION('ref_axis',(-0.623345336105487,-0.781946668229706,0.));
#15054=DIRECTION('',(0.,0.,1.));
#15055=DIRECTION('center_axis',(0.,0.,1.));
#15056=DIRECTION('ref_axis',(-1.,-1.1043710584222E-15,0.));
#15057=DIRECTION('',(0.,0.,1.));
#15058=DIRECTION('center_axis',(-1.,-2.89826642217946E-14,0.));
#15059=DIRECTION('ref_axis',(2.89826642217946E-14,-1.,0.));
#15060=DIRECTION('',(0.,0.,1.));
#15061=DIRECTION('center_axis',(0.,0.,1.));
#15062=DIRECTION('ref_axis',(-0.952279628422519,0.305226979953393,0.));
#15063=DIRECTION('center_axis',(0.,0.,1.));
#15064=DIRECTION('ref_axis',(-1.25746166370928E-16,-1.,0.));
#15065=DIRECTION('center_axis',(0.,0.,1.));
#15066=DIRECTION('ref_axis',(1.,1.1043710584222E-15,0.));
#15067=DIRECTION('',(0.,0.,1.));
#15068=DIRECTION('center_axis',(1.,2.86320674771761E-14,0.));
#15069=DIRECTION('ref_axis',(-2.86320674771761E-14,1.,0.));
#15070=DIRECTION('',(0.,0.,1.));
#15071=DIRECTION('center_axis',(0.,0.,1.));
#15072=DIRECTION('ref_axis',(0.952279628422519,-0.305226979953393,0.));
#15073=DIRECTION('',(0.,0.,1.));
#15074=DIRECTION('center_axis',(0.,0.,1.));
#15075=DIRECTION('ref_axis',(-0.952279628422634,0.305226979953035,0.));
#15076=DIRECTION('',(0.,0.,1.));
#15077=DIRECTION('center_axis',(0.,0.,1.));
#15078=DIRECTION('ref_axis',(0.,1.,0.));
#15079=DIRECTION('center_axis',(0.,0.,1.));
#15080=DIRECTION('ref_axis',(-0.952279628422496,0.305226979953465,0.));
#15081=DIRECTION('',(0.,0.,1.));
#15082=DIRECTION('center_axis',(1.,2.8865798640253E-14,0.));
#15083=DIRECTION('ref_axis',(-2.8865798640253E-14,1.,0.));
#15084=DIRECTION('',(0.,0.,1.));
#15085=DIRECTION('center_axis',(0.,0.,1.));
#15086=DIRECTION('ref_axis',(-1.,-1.28137682746054E-15,0.));
#15087=DIRECTION('',(0.,0.,1.));
#15088=DIRECTION('center_axis',(0.,0.,1.));
#15089=DIRECTION('ref_axis',(-2.96059473233376E-15,-1.,0.));
#15090=DIRECTION('',(0.,0.,1.));
#15091=DIRECTION('center_axis',(-6.48305415839199E-16,-1.,0.));
#15092=DIRECTION('ref_axis',(1.,-6.48305415839199E-16,0.));
#15093=DIRECTION('',(0.,0.,1.));
#15094=DIRECTION('center_axis',(0.,0.,1.));
#15095=DIRECTION('ref_axis',(-0.999634703184158,-0.027027027027027,0.));
#15096=DIRECTION('',(0.,0.,1.));
#15097=DIRECTION('center_axis',(0.,0.,1.));
#15098=DIRECTION('ref_axis',(0.999634703184158,0.027027027027027,0.));
#15099=DIRECTION('',(0.,0.,1.));
#15100=DIRECTION('center_axis',(-5.31245473395423E-16,-1.,0.));
#15101=DIRECTION('ref_axis',(1.,-5.31245473395423E-16,0.));
#15102=DIRECTION('center_axis',(0.,0.,1.));
#15103=DIRECTION('ref_axis',(1.53577349932547E-16,1.,0.));
#15104=DIRECTION('center_axis',(0.,0.,1.));
#15105=DIRECTION('ref_axis',(0.952279628422496,-0.305226979953465,0.));
#15106=DIRECTION('',(0.,0.,1.));
#15107=DIRECTION('center_axis',(-1.,-2.89826642217925E-14,0.));
#15108=DIRECTION('ref_axis',(2.89826642217925E-14,-1.,0.));
#15109=DIRECTION('',(0.,0.,1.));
#15110=DIRECTION('center_axis',(0.,0.,1.));
#15111=DIRECTION('ref_axis',(1.,9.85674482661953E-16,0.));
#15112=DIRECTION('',(0.,0.,1.));
#15113=DIRECTION('center_axis',(0.,0.,1.));
#15114=DIRECTION('ref_axis',(3.94745964311168E-15,1.,0.));
#15115=DIRECTION('',(0.,0.,1.));
#15116=DIRECTION('center_axis',(0.,1.,0.));
#15117=DIRECTION('ref_axis',(-1.,0.,0.));
#15118=DIRECTION('',(0.,0.,1.));
#15119=DIRECTION('center_axis',(0.,0.,1.));
#15120=DIRECTION('ref_axis',(0.999634703184158,0.027027027027027,0.));
#15121=DIRECTION('',(0.,0.,1.));
#15122=DIRECTION('center_axis',(0.,0.,1.));
#15123=DIRECTION('ref_axis',(-0.999634703184158,-0.027027027027027,0.));
#15124=DIRECTION('center_axis',(5.31245473395423E-16,1.,0.));
#15125=DIRECTION('ref_axis',(-1.,5.31245473395423E-16,0.));
#15126=DIRECTION('',(0.,0.,1.));
#15127=DIRECTION('center_axis',(0.,0.,1.));
#15128=DIRECTION('ref_axis',(-3.07154699865094E-16,-1.,0.));
#15129=DIRECTION('',(0.,0.,1.));
#15130=DIRECTION('',(1.,0.,0.));
#15131=DIRECTION('',(0.,0.,1.));
#15132=DIRECTION('',(1.,0.,0.));
#15133=DIRECTION('axis',(0.,0.,1.));
#15134=DIRECTION('refdir',(1.,0.,0.));
#15135=DIRECTION('axis',(0.,0.,1.));
#15136=DIRECTION('refdir',(1.,0.,0.));
#15137=DIRECTION('axis',(0.,0.,1.));
#15138=DIRECTION('refdir',(1.,0.,0.));
#15139=DIRECTION('center_axis',(0.,0.,1.));
#15140=DIRECTION('ref_axis',(-0.707106781186548,0.707106781186547,0.));
#15141=DIRECTION('center_axis',(0.,0.,-1.));
#15142=DIRECTION('ref_axis',(-0.707106781186548,0.707106781186547,0.));
#15143=DIRECTION('',(0.,0.,-1.));
#15144=DIRECTION('center_axis',(0.,0.,1.));
#15145=DIRECTION('ref_axis',(-0.707106781186548,0.707106781186547,0.));
#15146=DIRECTION('',(0.,0.,1.));
#15147=DIRECTION('center_axis',(0.,1.,0.));
#15148=DIRECTION('ref_axis',(-1.,0.,0.));
#15149=DIRECTION('',(-1.,0.,0.));
#15150=DIRECTION('',(0.,0.,1.));
#15151=DIRECTION('',(1.,0.,0.));
#15152=DIRECTION('center_axis',(0.,0.,1.));
#15153=DIRECTION('ref_axis',(1.,0.,0.));
#15154=DIRECTION('',(0.,-1.,0.));
#15155=DIRECTION('center_axis',(0.,0.,-1.));
#15156=DIRECTION('ref_axis',(-0.707106781186547,-0.707106781186548,0.));
#15157=DIRECTION('',(1.,0.,0.));
#15158=DIRECTION('center_axis',(0.,0.,-1.));
#15159=DIRECTION('ref_axis',(0.707106781186547,-0.707106781186548,0.));
#15160=DIRECTION('',(0.,1.,0.));
#15161=DIRECTION('center_axis',(0.,0.,-1.));
#15162=DIRECTION('ref_axis',(0.707106781186547,0.707106781186548,0.));
#15163=DIRECTION('center_axis',(0.,0.,-1.));
#15164=DIRECTION('ref_axis',(1.,0.,0.));
#15165=DIRECTION('center_axis',(0.,0.,-1.));
#15166=DIRECTION('ref_axis',(1.,0.,0.));
#15167=DIRECTION('center_axis',(0.,0.,-1.));
#15168=DIRECTION('ref_axis',(1.,0.,0.));
#15169=DIRECTION('center_axis',(0.,0.,-1.));
#15170=DIRECTION('ref_axis',(1.,0.,0.));
#15171=DIRECTION('center_axis',(0.,0.,1.));
#15172=DIRECTION('ref_axis',(0.707106781186547,0.707106781186548,0.));
#15173=DIRECTION('',(0.,0.,-1.));
#15174=DIRECTION('center_axis',(0.,0.,1.));
#15175=DIRECTION('ref_axis',(0.707106781186547,0.707106781186548,0.));
#15176=DIRECTION('center_axis',(1.,0.,0.));
#15177=DIRECTION('ref_axis',(0.,1.,0.));
#15178=DIRECTION('',(0.,0.,1.));
#15179=DIRECTION('',(0.,-1.,0.));
#15180=DIRECTION('center_axis',(0.,0.,1.));
#15181=DIRECTION('ref_axis',(0.707106781186547,-0.707106781186548,0.));
#15182=DIRECTION('',(0.,0.,-1.));
#15183=DIRECTION('center_axis',(0.,0.,1.));
#15184=DIRECTION('ref_axis',(0.707106781186547,-0.707106781186548,0.));
#15185=DIRECTION('center_axis',(0.,-1.,0.));
#15186=DIRECTION('ref_axis',(1.,0.,0.));
#15187=DIRECTION('',(0.,0.,1.));
#15188=DIRECTION('',(-1.,0.,0.));
#15189=DIRECTION('center_axis',(0.,0.,1.));
#15190=DIRECTION('ref_axis',(-0.707106781186547,-0.707106781186548,0.));
#15191=DIRECTION('',(0.,0.,-1.));
#15192=DIRECTION('center_axis',(0.,0.,1.));
#15193=DIRECTION('ref_axis',(-0.707106781186547,-0.707106781186548,0.));
#15194=DIRECTION('center_axis',(0.,0.,1.));
#15195=DIRECTION('ref_axis',(1.,0.,0.));
#15196=DIRECTION('',(0.,0.,-1.));
#15197=DIRECTION('center_axis',(0.,0.,-1.));
#15198=DIRECTION('ref_axis',(1.,0.,0.));
#15199=DIRECTION('center_axis',(0.,0.,1.));
#15200=DIRECTION('ref_axis',(1.,0.,0.));
#15201=DIRECTION('',(0.,0.,-1.));
#15202=DIRECTION('center_axis',(0.,0.,-1.));
#15203=DIRECTION('ref_axis',(1.,0.,0.));
#15204=DIRECTION('center_axis',(0.,0.,1.));
#15205=DIRECTION('ref_axis',(1.,0.,0.));
#15206=DIRECTION('',(0.,0.,-1.));
#15207=DIRECTION('center_axis',(0.,0.,-1.));
#15208=DIRECTION('ref_axis',(1.,0.,0.));
#15209=DIRECTION('center_axis',(0.,0.,1.));
#15210=DIRECTION('ref_axis',(1.,0.,0.));
#15211=DIRECTION('',(0.,0.,-1.));
#15212=DIRECTION('center_axis',(0.,0.,-1.));
#15213=DIRECTION('ref_axis',(1.,0.,0.));
#15214=DIRECTION('center_axis',(-1.,0.,0.));
#15215=DIRECTION('ref_axis',(0.,-1.,0.));
#15216=DIRECTION('',(0.,1.,0.));
#15217=DIRECTION('center_axis',(0.,0.,1.));
#15218=DIRECTION('ref_axis',(1.,0.,0.));
#15219=DIRECTION('',(0.,0.,1.));
#15220=DIRECTION('',(1.,0.,0.));
#15221=DIRECTION('axis',(0.,0.,1.));
#15222=DIRECTION('refdir',(1.,0.,0.));
#15223=DIRECTION('center_axis',(1.,1.48029736616688E-16,0.));
#15224=DIRECTION('ref_axis',(-1.48029736616688E-16,1.,0.));
#15225=DIRECTION('',(1.48029736616688E-16,-1.,0.));
#15226=DIRECTION('',(0.,0.,1.));
#15227=DIRECTION('',(-1.48029736616688E-16,1.,0.));
#15228=DIRECTION('',(0.,0.,1.));
#15229=DIRECTION('center_axis',(0.,-1.,0.));
#15230=DIRECTION('ref_axis',(1.,0.,0.));
#15231=DIRECTION('',(-1.,0.,0.));
#15232=DIRECTION('',(1.,0.,0.));
#15233=DIRECTION('',(0.,0.,1.));
#15234=DIRECTION('center_axis',(-1.,7.40148683083438E-17,0.));
#15235=DIRECTION('ref_axis',(-7.40148683083438E-17,-1.,0.));
#15236=DIRECTION('',(7.40148683083438E-17,1.,0.));
#15237=DIRECTION('',(-7.40148683083438E-17,-1.,0.));
#15238=DIRECTION('',(0.,0.,1.));
#15239=DIRECTION('center_axis',(2.22044604925031E-16,1.,0.));
#15240=DIRECTION('ref_axis',(-1.,2.22044604925031E-16,0.));
#15241=DIRECTION('',(1.,-2.22044604925031E-16,0.));
#15242=DIRECTION('',(-1.,2.22044604925031E-16,0.));
#15243=DIRECTION('center_axis',(0.,0.,1.));
#15244=DIRECTION('ref_axis',(1.,0.,0.));
#15245=DIRECTION('center_axis',(0.,0.,1.));
#15246=DIRECTION('ref_axis',(1.,0.,0.));
#15247=DIRECTION('',(0.,0.,1.));
#15248=DIRECTION('',(1.,0.,0.));
#15249=DIRECTION('',(0.,0.,1.));
#15250=DIRECTION('',(1.,0.,0.));
#15251=DIRECTION('',(0.,0.,1.));
#15252=DIRECTION('',(1.,0.,0.));
#15253=DIRECTION('',(0.,0.,1.));
#15254=DIRECTION('',(1.,0.,0.));
#15255=DIRECTION('',(0.,0.,1.));
#15256=DIRECTION('',(1.,4.9960036108132E-16,0.));
#15257=DIRECTION('',(0.,0.,1.));
#15258=DIRECTION('',(1.,-1.11022302462516E-15,0.));
#15259=DIRECTION('',(0.,0.,1.));
#15260=DIRECTION('',(1.,0.,0.));
#15261=DIRECTION('',(0.,0.,1.));
#15262=DIRECTION('',(1.,0.,0.));
#15263=DIRECTION('',(0.,0.,1.));
#15264=DIRECTION('',(1.,-8.32667268468867E-16,0.));
#15265=DIRECTION('',(0.,0.,1.));
#15266=DIRECTION('',(1.,4.9960036108132E-16,0.));
#15267=DIRECTION('',(0.,0.,1.));
#15268=DIRECTION('',(1.,0.,0.));
#15269=DIRECTION('center_axis',(0.,0.,1.));
#15270=DIRECTION('ref_axis',(1.,0.,0.));
#15271=CARTESIAN_POINT('',(0.,0.,0.));
#15272=CARTESIAN_POINT('',(0.,0.,0.));
#15273=CARTESIAN_POINT('Origin',(-34.7031815614083,-7.00000000000001,5.8));
#15274=CARTESIAN_POINT('',(-15.5999999999994,-6.9999999999993,6.35));
#15275=CARTESIAN_POINT('',(-16.511610922422,-12.8308064154902,6.35));
#15276=CARTESIAN_POINT('Origin',(-34.7031815614083,-7.00000000000001,6.35));
#15277=CARTESIAN_POINT('',(-15.5999999999994,-6.9999999999993,5.8));
#15278=CARTESIAN_POINT('',(-15.5999999999994,-6.9999999999993,5.8));
#15279=CARTESIAN_POINT('',(-16.511610922422,-12.8308064154902,5.8));
#15280=CARTESIAN_POINT('Origin',(-34.7031815614083,-7.00000000000001,5.8));
#15281=CARTESIAN_POINT('',(-16.511610922422,-12.8308064154902,5.8));
#15282=CARTESIAN_POINT('Origin',(-13.7499999999948,-13.7159646573545,5.8));
#15283=CARTESIAN_POINT('',(-12.5154116246528,-16.3400438374631,6.35));
#15284=CARTESIAN_POINT('Origin',(-13.7499999999948,-13.7159646573545,6.35));
#15285=CARTESIAN_POINT('',(-12.5154116246528,-16.3400438374631,5.8));
#15286=CARTESIAN_POINT('Origin',(-13.7499999999948,-13.7159646573545,5.8));
#15287=CARTESIAN_POINT('',(-12.5154116246528,-16.3400438374631,5.8));
#15288=CARTESIAN_POINT('Origin',(-8.75669433426913,-24.3290804933981,5.8));
#15289=CARTESIAN_POINT('',(-8.75669433426914,-15.5,6.35));
#15290=CARTESIAN_POINT('Origin',(-8.75669433426913,-24.3290804933981,6.35));
#15291=CARTESIAN_POINT('',(-8.75669433426914,-15.5,5.8));
#15292=CARTESIAN_POINT('Origin',(-8.75669433426913,-24.3290804933981,5.8));
#15293=CARTESIAN_POINT('',(-8.75669433426914,-15.5,5.8));
#15294=CARTESIAN_POINT('Origin',(-0.397296803562782,-15.5,5.8));
#15295=CARTESIAN_POINT('',(-0.397296803562782,-15.5,6.35));
#15296=CARTESIAN_POINT('',(-0.198648401779285,-15.5,6.35));
#15297=CARTESIAN_POINT('',(-0.397296803562782,-15.5,5.8));
#15298=CARTESIAN_POINT('',(-0.397296803562782,-15.5,5.8));
#15299=CARTESIAN_POINT('',(-0.397296803562782,-15.5,5.8));
#15300=CARTESIAN_POINT('Origin',(-0.397296803562776,-20.,5.8));
#15301=CARTESIAN_POINT('',(4.10105936076595,-19.8783783783784,6.35));
#15302=CARTESIAN_POINT('Origin',(-0.397296803562776,-20.,6.35));
#15303=CARTESIAN_POINT('',(4.10105936076595,-19.8783783783784,5.8));
#15304=CARTESIAN_POINT('Origin',(-0.397296803562776,-20.,5.8));
#15305=CARTESIAN_POINT('',(4.10105936076595,-19.8783783783784,5.8));
#15306=CARTESIAN_POINT('Origin',(7.,-19.8,5.8));
#15307=CARTESIAN_POINT('',(6.99999999999999,-22.7,6.35));
#15308=CARTESIAN_POINT('Origin',(7.,-19.8,6.35));
#15309=CARTESIAN_POINT('',(6.99999999999999,-22.7,5.8));
#15310=CARTESIAN_POINT('Origin',(7.,-19.8,5.8));
#15311=CARTESIAN_POINT('',(6.99999999999999,-22.7,5.8));
#15312=CARTESIAN_POINT('Origin',(13.8500000000032,-22.7,5.8));
#15313=CARTESIAN_POINT('',(13.8500000000032,-22.7,6.35));
#15314=CARTESIAN_POINT('',(6.92500000000373,-22.7,6.35));
#15315=CARTESIAN_POINT('',(13.8500000000032,-22.7,5.8));
#15316=CARTESIAN_POINT('',(13.8500000000032,-22.7,5.8));
#15317=CARTESIAN_POINT('',(13.8500000000032,-22.7,5.8));
#15318=CARTESIAN_POINT('Origin',(13.8500000000033,-19.8,5.8));
#15319=CARTESIAN_POINT('',(16.6266056706239,-18.96306454856,6.35));
#15320=CARTESIAN_POINT('Origin',(13.8500000000033,-19.8,6.35));
#15321=CARTESIAN_POINT('',(16.6266056706239,-18.96306454856,5.8));
#15322=CARTESIAN_POINT('Origin',(13.8500000000033,-19.8,5.8));
#15323=CARTESIAN_POINT('',(16.6266056706239,-18.96306454856,5.8));
#15324=CARTESIAN_POINT('Origin',(39.7271739129706,-12.,5.8));
#15325=CARTESIAN_POINT('',(15.6,-12.,6.35));
#15326=CARTESIAN_POINT('Origin',(39.7271739129706,-12.,6.35));
#15327=CARTESIAN_POINT('',(15.6,-12.,5.8));
#15328=CARTESIAN_POINT('Origin',(39.7271739129706,-12.,5.8));
#15329=CARTESIAN_POINT('',(15.6,-12.,5.8));
#15330=CARTESIAN_POINT('Origin',(15.5999999999994,6.99999999999929,5.8));
#15331=CARTESIAN_POINT('',(15.5999999999994,6.99999999999929,6.35));
#15332=CARTESIAN_POINT('',(15.5999999999994,3.49999999999965,6.35));
#15333=CARTESIAN_POINT('',(15.5999999999994,6.99999999999929,5.8));
#15334=CARTESIAN_POINT('',(15.5999999999994,6.99999999999929,5.8));
#15335=CARTESIAN_POINT('',(15.5999999999994,6.99999999999929,5.8));
#15336=CARTESIAN_POINT('Origin',(-39.7271739129705,12.,5.8));
#15337=CARTESIAN_POINT('',(-17.2,12.,6.35));
#15338=CARTESIAN_POINT('',(-18.1585260406215,18.5013070581103,6.35));
#15339=CARTESIAN_POINT('Origin',(-39.7271739129705,12.,6.35));
#15340=CARTESIAN_POINT('',(-17.2,12.,5.8));
#15341=CARTESIAN_POINT('',(-17.2,12.,5.8));
#15342=CARTESIAN_POINT('',(-18.1585260406215,18.5013070581103,5.8));
#15343=CARTESIAN_POINT('Origin',(-39.7271739129705,12.,5.8));
#15344=CARTESIAN_POINT('',(-18.1585260406215,18.5013070581103,5.8));
#15345=CARTESIAN_POINT('Origin',(-13.8500000000033,19.8,5.8));
#15346=CARTESIAN_POINT('',(-13.8500000000032,24.3,6.35));
#15347=CARTESIAN_POINT('Origin',(-13.8500000000033,19.8,6.35));
#15348=CARTESIAN_POINT('',(-13.8500000000032,24.3,5.8));
#15349=CARTESIAN_POINT('Origin',(-13.8500000000033,19.8,5.8));
#15350=CARTESIAN_POINT('',(-13.8500000000032,24.3,5.8));
#15351=CARTESIAN_POINT('Origin',(-6.99999999999999,24.3,5.8));
#15352=CARTESIAN_POINT('',(-6.99999999999999,24.3,6.35));
#15353=CARTESIAN_POINT('',(-3.49999999999789,24.3,6.35));
#15354=CARTESIAN_POINT('',(-6.99999999999999,24.3,5.8));
#15355=CARTESIAN_POINT('',(-13.8500000000032,24.3,5.8));
#15356=CARTESIAN_POINT('',(-6.99999999999999,24.3,5.8));
#15357=CARTESIAN_POINT('Origin',(-6.99999999999999,19.8,5.8));
#15358=CARTESIAN_POINT('',(-2.50164383567129,19.9216216216216,6.35));
#15359=CARTESIAN_POINT('Origin',(-6.99999999999999,19.8,6.35));
#15360=CARTESIAN_POINT('',(-2.50164383567129,19.9216216216216,5.8));
#15361=CARTESIAN_POINT('Origin',(-6.99999999999999,19.8,5.8));
#15362=CARTESIAN_POINT('',(-2.50164383567129,19.9216216216216,5.8));
#15363=CARTESIAN_POINT('Origin',(0.397296803562782,20.,5.8));
#15364=CARTESIAN_POINT('',(0.397296803562783,17.1,6.35));
#15365=CARTESIAN_POINT('Origin',(0.397296803562782,20.,6.35));
#15366=CARTESIAN_POINT('',(0.397296803562783,17.1,5.8));
#15367=CARTESIAN_POINT('Origin',(0.397296803562782,20.,5.8));
#15368=CARTESIAN_POINT('',(0.397296803562783,17.1,5.8));
#15369=CARTESIAN_POINT('Origin',(8.75669433426914,17.1,5.8));
#15370=CARTESIAN_POINT('',(8.75669433426914,17.1,6.35));
#15371=CARTESIAN_POINT('',(4.37834716713668,17.1,6.35));
#15372=CARTESIAN_POINT('',(8.75669433426914,17.1,5.8));
#15373=CARTESIAN_POINT('',(0.397296803562783,17.1,5.8));
#15374=CARTESIAN_POINT('',(8.75669433426914,17.1,5.8));
#15375=CARTESIAN_POINT('Origin',(8.75669433426913,24.3290804933982,5.8));
#15376=CARTESIAN_POINT('',(11.8342594175673,17.7878116609702,6.35));
#15377=CARTESIAN_POINT('Origin',(8.75669433426913,24.3290804933982,6.35));
#15378=CARTESIAN_POINT('',(11.8342594175673,17.7878116609702,5.8));
#15379=CARTESIAN_POINT('Origin',(8.75669433426913,24.3290804933982,5.8));
#15380=CARTESIAN_POINT('',(11.8342594175673,17.7878116609702,5.8));
#15381=CARTESIAN_POINT('Origin',(13.7499999999948,13.7159646573544,5.8));
#15382=CARTESIAN_POINT('',(18.0352583278984,12.342443247566,6.35));
#15383=CARTESIAN_POINT('Origin',(13.7499999999948,13.7159646573544,6.35));
#15384=CARTESIAN_POINT('',(18.0352583278984,12.342443247566,5.8));
#15385=CARTESIAN_POINT('Origin',(13.7499999999948,13.7159646573544,5.8));
#15386=CARTESIAN_POINT('',(18.0352583278984,12.342443247566,5.8));
#15387=CARTESIAN_POINT('Origin',(34.7031815614082,6.99999999999999,5.8));
#15388=CARTESIAN_POINT('',(17.1999999999994,7.00000000000068,6.35));
#15389=CARTESIAN_POINT('Origin',(34.7031815614082,6.99999999999999,6.35));
#15390=CARTESIAN_POINT('',(17.1999999999994,7.00000000000068,5.8));
#15391=CARTESIAN_POINT('Origin',(34.7031815614082,6.99999999999999,5.8));
#15392=CARTESIAN_POINT('',(17.1999999999994,7.00000000000068,5.8));
#15393=CARTESIAN_POINT('Origin',(17.2,-12.,5.8));
#15394=CARTESIAN_POINT('',(17.2,-12.,6.35));
#15395=CARTESIAN_POINT('',(17.2,-6.,6.35));
#15396=CARTESIAN_POINT('',(17.2,-12.,5.8));
#15397=CARTESIAN_POINT('',(17.2,0.,5.8));
#15398=CARTESIAN_POINT('',(17.2,-12.,5.8));
#15399=CARTESIAN_POINT('Origin',(34.7031815614083,7.,5.8));
#15400=CARTESIAN_POINT('',(16.511610922422,12.8308064154902,6.35));
#15401=CARTESIAN_POINT('Origin',(34.7031815614083,7.,6.35));
#15402=CARTESIAN_POINT('',(16.511610922422,12.8308064154902,5.8));
#15403=CARTESIAN_POINT('Origin',(34.7031815614083,7.,5.8));
#15404=CARTESIAN_POINT('',(16.511610922422,12.8308064154902,5.8));
#15405=CARTESIAN_POINT('Origin',(13.7499999999948,13.7159646573544,5.8));
#15406=CARTESIAN_POINT('',(12.5154116246528,16.3400438374631,6.35));
#15407=CARTESIAN_POINT('Origin',(13.7499999999948,13.7159646573544,6.35));
#15408=CARTESIAN_POINT('',(12.5154116246528,16.3400438374631,5.8));
#15409=CARTESIAN_POINT('Origin',(13.7499999999948,13.7159646573544,5.8));
#15410=CARTESIAN_POINT('',(12.5154116246528,16.3400438374631,5.8));
#15411=CARTESIAN_POINT('Origin',(8.75669433426914,24.3290804933981,5.8));
#15412=CARTESIAN_POINT('',(8.75669433426914,15.5,6.35));
#15413=CARTESIAN_POINT('Origin',(8.75669433426914,24.3290804933981,6.35));
#15414=CARTESIAN_POINT('',(8.75669433426914,15.5,5.8));
#15415=CARTESIAN_POINT('Origin',(8.75669433426914,24.3290804933981,5.8));
#15416=CARTESIAN_POINT('',(8.75669433426914,15.5,5.8));
#15417=CARTESIAN_POINT('Origin',(0.397296803562783,15.5,5.8));
#15418=CARTESIAN_POINT('',(0.397296803562783,15.5,6.35));
#15419=CARTESIAN_POINT('',(0.198648401783499,15.5,6.35));
#15420=CARTESIAN_POINT('',(0.397296803562783,15.5,5.8));
#15421=CARTESIAN_POINT('',(0.397296803562783,15.5,5.8));
#15422=CARTESIAN_POINT('',(0.397296803562783,15.5,5.8));
#15423=CARTESIAN_POINT('Origin',(0.397296803562779,20.,5.8));
#15424=CARTESIAN_POINT('',(-4.10105936076594,19.8783783783784,6.35));
#15425=CARTESIAN_POINT('Origin',(0.397296803562779,20.,6.35));
#15426=CARTESIAN_POINT('',(-4.10105936076594,19.8783783783784,5.8));
#15427=CARTESIAN_POINT('Origin',(0.397296803562779,20.,5.8));
#15428=CARTESIAN_POINT('',(-4.10105936076594,19.8783783783784,5.8));
#15429=CARTESIAN_POINT('Origin',(-7.,19.8,5.8));
#15430=CARTESIAN_POINT('',(-6.99999999999999,22.7,6.35));
#15431=CARTESIAN_POINT('Origin',(-7.,19.8,6.35));
#15432=CARTESIAN_POINT('',(-6.99999999999999,22.7,5.8));
#15433=CARTESIAN_POINT('Origin',(-7.,19.8,5.8));
#15434=CARTESIAN_POINT('',(-6.99999999999999,22.7,5.8));
#15435=CARTESIAN_POINT('Origin',(-13.8500000000032,22.7,5.8));
#15436=CARTESIAN_POINT('',(-13.8500000000032,22.7,6.35));
#15437=CARTESIAN_POINT('',(-6.92499999999952,22.7,6.35));
#15438=CARTESIAN_POINT('',(-13.8500000000032,22.7,5.8));
#15439=CARTESIAN_POINT('',(-13.8500000000032,22.7,5.8));
#15440=CARTESIAN_POINT('',(-13.8500000000032,22.7,5.8));
#15441=CARTESIAN_POINT('Origin',(-13.8500000000033,19.8,5.8));
#15442=CARTESIAN_POINT('',(-16.6266056706239,18.96306454856,6.35));
#15443=CARTESIAN_POINT('Origin',(-13.8500000000033,19.8,6.35));
#15444=CARTESIAN_POINT('',(-16.6266056706239,18.96306454856,5.8));
#15445=CARTESIAN_POINT('Origin',(-13.8500000000033,19.8,5.8));
#15446=CARTESIAN_POINT('',(-16.6266056706239,18.96306454856,5.8));
#15447=CARTESIAN_POINT('Origin',(-39.7271739129706,12.,5.8));
#15448=CARTESIAN_POINT('',(-15.6,12.,6.35));
#15449=CARTESIAN_POINT('Origin',(-39.7271739129706,12.,6.35));
#15450=CARTESIAN_POINT('',(-15.6,12.,5.8));
#15451=CARTESIAN_POINT('Origin',(-39.7271739129706,12.,5.8));
#15452=CARTESIAN_POINT('',(-15.6,12.,5.8));
#15453=CARTESIAN_POINT('Origin',(-15.5999999999994,-6.9999999999993,5.8));
#15454=CARTESIAN_POINT('',(-15.5999999999994,-3.49999999999965,6.35));
#15455=CARTESIAN_POINT('',(-15.5999999999994,-6.9999999999993,5.8));
#15456=CARTESIAN_POINT('Origin',(39.7271739129705,-12.,5.8));
#15457=CARTESIAN_POINT('',(18.1585260406215,-18.5013070581103,6.35));
#15458=CARTESIAN_POINT('Origin',(39.7271739129705,-12.,6.35));
#15459=CARTESIAN_POINT('',(18.1585260406215,-18.5013070581103,5.8));
#15460=CARTESIAN_POINT('Origin',(39.7271739129705,-12.,5.8));
#15461=CARTESIAN_POINT('',(18.1585260406215,-18.5013070581103,5.8));
#15462=CARTESIAN_POINT('Origin',(13.8500000000033,-19.8,5.8));
#15463=CARTESIAN_POINT('',(13.8500000000032,-24.3,6.35));
#15464=CARTESIAN_POINT('Origin',(13.8500000000033,-19.8,6.35));
#15465=CARTESIAN_POINT('',(13.8500000000032,-24.3,5.8));
#15466=CARTESIAN_POINT('Origin',(13.8500000000033,-19.8,5.8));
#15467=CARTESIAN_POINT('',(13.8500000000032,-24.3,5.8));
#15468=CARTESIAN_POINT('Origin',(6.99999999999999,-24.3,5.8));
#15469=CARTESIAN_POINT('',(6.99999999999999,-24.3,6.35));
#15470=CARTESIAN_POINT('',(3.5000000000021,-24.3,6.35));
#15471=CARTESIAN_POINT('',(6.99999999999999,-24.3,5.8));
#15472=CARTESIAN_POINT('',(13.8500000000032,-24.3,5.8));
#15473=CARTESIAN_POINT('',(6.99999999999999,-24.3,5.8));
#15474=CARTESIAN_POINT('Origin',(6.99999999999999,-19.8,5.8));
#15475=CARTESIAN_POINT('',(2.50164383567129,-19.9216216216216,6.35));
#15476=CARTESIAN_POINT('Origin',(6.99999999999999,-19.8,6.35));
#15477=CARTESIAN_POINT('',(2.50164383567129,-19.9216216216216,5.8));
#15478=CARTESIAN_POINT('Origin',(6.99999999999999,-19.8,5.8));
#15479=CARTESIAN_POINT('',(2.50164383567129,-19.9216216216216,5.8));
#15480=CARTESIAN_POINT('Origin',(-0.39729680356278,-20.,5.8));
#15481=CARTESIAN_POINT('',(-0.397296803562781,-17.1,6.35));
#15482=CARTESIAN_POINT('Origin',(-0.39729680356278,-20.,6.35));
#15483=CARTESIAN_POINT('',(-0.397296803562781,-17.1,5.8));
#15484=CARTESIAN_POINT('Origin',(-0.39729680356278,-20.,5.8));
#15485=CARTESIAN_POINT('',(-0.397296803562781,-17.1,5.8));
#15486=CARTESIAN_POINT('Origin',(-8.75669433426914,-17.1,5.8));
#15487=CARTESIAN_POINT('',(-8.75669433426914,-17.1,6.35));
#15488=CARTESIAN_POINT('',(-4.37834716713246,-17.1,6.35));
#15489=CARTESIAN_POINT('',(-8.75669433426914,-17.1,5.8));
#15490=CARTESIAN_POINT('',(-0.397296803562781,-17.1,5.8));
#15491=CARTESIAN_POINT('',(-8.75669433426914,-17.1,5.8));
#15492=CARTESIAN_POINT('Origin',(-8.75669433426913,-24.3290804933982,5.8));
#15493=CARTESIAN_POINT('',(-11.8342594175673,-17.7878116609702,6.35));
#15494=CARTESIAN_POINT('Origin',(-8.75669433426913,-24.3290804933982,6.35));
#15495=CARTESIAN_POINT('',(-11.8342594175673,-17.7878116609702,5.8));
#15496=CARTESIAN_POINT('Origin',(-8.75669433426913,-24.3290804933982,5.8));
#15497=CARTESIAN_POINT('',(-11.8342594175673,-17.7878116609702,5.8));
#15498=CARTESIAN_POINT('Origin',(-13.7499999999948,-13.7159646573545,5.8));
#15499=CARTESIAN_POINT('',(-18.0352583278984,-12.342443247566,6.35));
#15500=CARTESIAN_POINT('Origin',(-13.7499999999948,-13.7159646573545,6.35));
#15501=CARTESIAN_POINT('',(-18.0352583278984,-12.342443247566,5.8));
#15502=CARTESIAN_POINT('Origin',(-13.7499999999948,-13.7159646573545,5.8));
#15503=CARTESIAN_POINT('',(-18.0352583278984,-12.342443247566,5.8));
#15504=CARTESIAN_POINT('Origin',(-34.7031815614082,-6.99999999999999,5.8));
#15505=CARTESIAN_POINT('',(-17.1999999999994,-7.00000000000068,6.35));
#15506=CARTESIAN_POINT('Origin',(-34.7031815614082,-6.99999999999999,6.35));
#15507=CARTESIAN_POINT('',(-17.1999999999994,-7.00000000000068,5.8));
#15508=CARTESIAN_POINT('Origin',(-34.7031815614082,-6.99999999999999,5.8));
#15509=CARTESIAN_POINT('',(-17.1999999999994,-7.00000000000068,5.8));
#15510=CARTESIAN_POINT('Origin',(-17.1999999999994,11.9999999999993,5.8));
#15511=CARTESIAN_POINT('',(-17.1999999999994,5.99999999999967,6.35));
#15512=CARTESIAN_POINT('',(-17.1999999999994,-7.00000000000068,5.8));
#15513=CARTESIAN_POINT('Origin',(15.6,0.,5.8));
#15514=CARTESIAN_POINT('Origin',(4.21218615542784E-12,0.,6.35));
#15515=CARTESIAN_POINT('',(-19.9999999999948,-25.5,6.35));
#15516=CARTESIAN_POINT('',(20.0000000000033,-25.5,6.35));
#15517=CARTESIAN_POINT('',(19.5500000000033,-25.5,6.35));
#15518=CARTESIAN_POINT('',(20.0000000000033,25.5,6.35));
#15519=CARTESIAN_POINT('',(20.0000000000033,-12.75,6.35));
#15520=CARTESIAN_POINT('',(-19.9999999999948,25.5,6.35));
#15521=CARTESIAN_POINT('',(-19.5499999999948,25.5,6.35));
#15522=CARTESIAN_POINT('',(-19.9999999999948,12.75,6.35));
#15523=CARTESIAN_POINT('',(7.975,20.0000006705523,6.35));
#15524=CARTESIAN_POINT('Origin',(10.,20.0000006705523,6.35));
#15525=CARTESIAN_POINT('',(-12.025,-20.0000006705523,6.35));
#15526=CARTESIAN_POINT('Origin',(-10.,-20.0000006705523,6.35));
#15527=CARTESIAN_POINT('Origin',(-13.45,20.8,5.85));
#15528=CARTESIAN_POINT('',(-13.45,20.7920136583212,5.85));
#15529=CARTESIAN_POINT('',(-13.45,20.7920136583212,6.35));
#15530=CARTESIAN_POINT('',(-13.45,20.7920136583212,6.1));
#15531=CARTESIAN_POINT('',(-13.45,20.8,5.85));
#15532=CARTESIAN_POINT('',(-13.45,19.7,5.85));
#15533=CARTESIAN_POINT('',(-13.45,20.8,6.35));
#15534=CARTESIAN_POINT('',(-13.45,20.8,5.85));
#15535=CARTESIAN_POINT('',(-13.4500000000001,10.4,6.35));
#15536=CARTESIAN_POINT('Origin',(-12.4999999999955,20.8,5.85));
#15537=CARTESIAN_POINT('',(-12.4790199457722,19.7,5.85));
#15538=CARTESIAN_POINT('',(-13.2928571428571,19.7,5.85));
#15539=CARTESIAN_POINT('',(-12.4999999999955,19.7,5.85));
#15540=CARTESIAN_POINT('',(-12.4999999999973,19.95,5.85));
#15541=CARTESIAN_POINT('Origin',(-10.9999999999973,19.95,5.85));
#15542=CARTESIAN_POINT('',(-12.2359207094281,20.8,5.85));
#15543=CARTESIAN_POINT('Origin',(-10.9999999999973,19.95,5.85));
#15544=CARTESIAN_POINT('',(-13.45,20.8,5.85));
#15545=CARTESIAN_POINT('',(-14.8428571428571,19.25,5.85));
#15546=CARTESIAN_POINT('Origin',(-13.2928571428571,19.25,5.85));
#15547=CARTESIAN_POINT('',(-14.8428571428571,-13.5517857142857,5.85));
#15548=CARTESIAN_POINT('',(-14.8428571428571,19.25,5.85));
#15549=CARTESIAN_POINT('',(-11.9464285714286,-13.5517857142857,5.85));
#15550=CARTESIAN_POINT('Origin',(-13.3946428571428,-13.5517857142857,5.85));
#15551=CARTESIAN_POINT('',(-11.9464285714286,13.5517857142857,5.85));
#15552=CARTESIAN_POINT('',(-11.9464285714286,-13.5517857142857,5.85));
#15553=CARTESIAN_POINT('',(-11.25,13.5517857142857,5.85));
#15554=CARTESIAN_POINT('Origin',(-11.5982142857143,13.5517857142857,5.85));
#15555=CARTESIAN_POINT('',(-11.25,-13.5517857142857,5.85));
#15556=CARTESIAN_POINT('',(-11.25,13.5517857142857,5.85));
#15557=CARTESIAN_POINT('',(-8.35357142857143,-13.5517857142857,5.85));
#15558=CARTESIAN_POINT('Origin',(-9.8017857142857,-13.5517857142857,5.85));
#15559=CARTESIAN_POINT('',(-8.35357142857143,13.5517857142857,5.85));
#15560=CARTESIAN_POINT('',(-8.35357142857143,-13.5517857142857,5.85));
#15561=CARTESIAN_POINT('',(-7.65714285714285,13.5517857142857,5.85));
#15562=CARTESIAN_POINT('Origin',(-8.00535714285714,13.5517857142857,5.85));
#15563=CARTESIAN_POINT('',(-7.65714285714283,-13.5517857142857,5.85));
#15564=CARTESIAN_POINT('',(-7.65714285714285,13.5517857142857,5.85));
#15565=CARTESIAN_POINT('',(-4.7607142857143,-13.5517857142857,5.85));
#15566=CARTESIAN_POINT('Origin',(-6.20892857142857,-13.5517857142857,5.85));
#15567=CARTESIAN_POINT('',(-4.7607142857143,13.5517857142857,5.85));
#15568=CARTESIAN_POINT('',(-4.7607142857143,-13.5517857142857,5.85));
#15569=CARTESIAN_POINT('',(-4.06428571428571,13.5517857142857,5.85));
#15570=CARTESIAN_POINT('Origin',(-4.4125,13.5517857142857,5.85));
#15571=CARTESIAN_POINT('',(-4.06428571428569,-13.5517857142857,5.85));
#15572=CARTESIAN_POINT('',(-4.06428571428571,13.5517857142857,5.85));
#15573=CARTESIAN_POINT('',(-1.16785714285714,-13.5517857142857,5.85));
#15574=CARTESIAN_POINT('Origin',(-2.61607142857142,-13.5517857142857,5.85));
#15575=CARTESIAN_POINT('',(-1.16785714285714,13.5517857142857,5.85));
#15576=CARTESIAN_POINT('',(-1.16785714285714,-13.5517857142857,5.85));
#15577=CARTESIAN_POINT('',(-0.471428571428572,13.5517857142857,5.85));
#15578=CARTESIAN_POINT('Origin',(-0.819642857142857,13.5517857142857,5.85));
#15579=CARTESIAN_POINT('',(-0.471428571428558,-13.5517857142857,5.85));
#15580=CARTESIAN_POINT('',(-0.471428571428572,13.5517857142857,5.85));
#15581=CARTESIAN_POINT('',(2.42500000000001,-13.5517857142857,5.85));
#15582=CARTESIAN_POINT('Origin',(0.976785714285726,-13.5517857142857,5.85));
#15583=CARTESIAN_POINT('',(2.42500000000001,13.5517857142857,5.85));
#15584=CARTESIAN_POINT('',(2.42500000000001,-13.5517857142857,5.85));
#15585=CARTESIAN_POINT('',(3.12142857142856,13.5517857142857,5.85));
#15586=CARTESIAN_POINT('Origin',(2.77321428571429,13.5517857142857,5.85));
#15587=CARTESIAN_POINT('',(3.12142857142858,-13.5517857142857,5.85));
#15588=CARTESIAN_POINT('',(3.12142857142856,13.5517857142857,5.85));
#15589=CARTESIAN_POINT('',(6.01785714285716,-13.5517857142857,5.85));
#15590=CARTESIAN_POINT('Origin',(4.56964285714287,-13.5517857142857,5.85));
#15591=CARTESIAN_POINT('',(6.01785714285716,13.5517857142857,5.85));
#15592=CARTESIAN_POINT('',(6.01785714285716,-13.5517857142857,5.85));
#15593=CARTESIAN_POINT('',(6.7142857142857,13.5517857142857,5.85));
#15594=CARTESIAN_POINT('Origin',(6.36607142857143,13.5517857142857,5.85));
#15595=CARTESIAN_POINT('',(6.71428571428572,-13.5517857142857,5.85));
#15596=CARTESIAN_POINT('',(6.7142857142857,13.5517857142857,5.85));
#15597=CARTESIAN_POINT('',(9.6107142857143,-13.5517857142857,5.85));
#15598=CARTESIAN_POINT('Origin',(8.16250000000001,-13.5517857142857,5.85));
#15599=CARTESIAN_POINT('',(9.6107142857143,13.5517857142857,5.85));
#15600=CARTESIAN_POINT('',(9.6107142857143,-13.5517857142857,5.85));
#15601=CARTESIAN_POINT('',(10.3071428571428,13.5517857142857,5.85));
#15602=CARTESIAN_POINT('Origin',(9.95892857142858,13.5517857142857,5.85));
#15603=CARTESIAN_POINT('',(10.3071428571429,-13.5517857142857,5.85));
#15604=CARTESIAN_POINT('',(10.3071428571428,13.5517857142857,5.85));
#15605=CARTESIAN_POINT('',(13.2035714285714,-13.5517857142857,5.85));
#15606=CARTESIAN_POINT('Origin',(11.7553571428572,-13.5517857142857,5.85));
#15607=CARTESIAN_POINT('',(13.2035714285714,13.5517857142857,5.85));
#15608=CARTESIAN_POINT('',(13.2035714285714,-13.5517857142857,5.85));
#15609=CARTESIAN_POINT('',(13.9,13.5517857142857,5.85));
#15610=CARTESIAN_POINT('Origin',(13.5517857142857,13.5517857142857,5.85));
#15611=CARTESIAN_POINT('',(13.9,-19.25,5.85));
#15612=CARTESIAN_POINT('',(13.9,13.5517857142857,5.85));
#15613=CARTESIAN_POINT('',(13.45,-19.7,5.85));
#15614=CARTESIAN_POINT('Origin',(13.45,-19.25,5.85));
#15615=CARTESIAN_POINT('',(12.4790199457722,-19.7,5.85));
#15616=CARTESIAN_POINT('',(13.45,-19.7,5.85));
#15617=CARTESIAN_POINT('',(12.2359207094281,-20.8,5.85));
#15618=CARTESIAN_POINT('Origin',(10.9999999999973,-19.95,5.85));
#15619=CARTESIAN_POINT('',(13.45,-20.8,5.85));
#15620=CARTESIAN_POINT('',(13.45,-20.8,5.85));
#15621=CARTESIAN_POINT('',(15.,-19.25,5.85));
#15622=CARTESIAN_POINT('Origin',(13.45,-19.25,5.85));
#15623=CARTESIAN_POINT('',(15.,13.5517857142857,5.85));
#15624=CARTESIAN_POINT('',(15.,13.5517857142857,5.85));
#15625=CARTESIAN_POINT('',(12.1035714285714,13.5517857142857,5.85));
#15626=CARTESIAN_POINT('Origin',(13.5517857142857,13.5517857142857,5.85));
#15627=CARTESIAN_POINT('',(12.1035714285714,-13.5517857142857,5.85));
#15628=CARTESIAN_POINT('',(12.1035714285714,-13.5517857142857,5.85));
#15629=CARTESIAN_POINT('',(11.4071428571429,-13.5517857142857,5.85));
#15630=CARTESIAN_POINT('Origin',(11.7553571428572,-13.5517857142857,5.85));
#15631=CARTESIAN_POINT('',(11.4071428571429,13.5517857142857,5.85));
#15632=CARTESIAN_POINT('',(11.4071428571429,13.5517857142857,5.85));
#15633=CARTESIAN_POINT('',(8.5107142857143,13.5517857142857,5.85));
#15634=CARTESIAN_POINT('Origin',(9.95892857142858,13.5517857142857,5.85));
#15635=CARTESIAN_POINT('',(8.5107142857143,-13.5517857142857,5.85));
#15636=CARTESIAN_POINT('',(8.5107142857143,-13.5517857142857,5.85));
#15637=CARTESIAN_POINT('',(7.81428571428572,-13.5517857142857,5.85));
#15638=CARTESIAN_POINT('Origin',(8.16250000000001,-13.5517857142857,5.85));
#15639=CARTESIAN_POINT('',(7.81428571428571,13.5517857142857,5.85));
#15640=CARTESIAN_POINT('',(7.81428571428571,13.5517857142857,5.85));
#15641=CARTESIAN_POINT('',(4.91785714285716,13.5517857142857,5.85));
#15642=CARTESIAN_POINT('Origin',(6.36607142857143,13.5517857142857,5.85));
#15643=CARTESIAN_POINT('',(4.91785714285716,-13.5517857142857,5.85));
#15644=CARTESIAN_POINT('',(4.91785714285716,-13.5517857142857,5.85));
#15645=CARTESIAN_POINT('',(4.22142857142858,-13.5517857142857,5.85));
#15646=CARTESIAN_POINT('Origin',(4.56964285714287,-13.5517857142857,5.85));
#15647=CARTESIAN_POINT('',(4.22142857142857,13.5517857142857,5.85));
#15648=CARTESIAN_POINT('',(4.22142857142857,13.5517857142857,5.85));
#15649=CARTESIAN_POINT('',(1.32500000000001,13.5517857142857,5.85));
#15650=CARTESIAN_POINT('Origin',(2.77321428571429,13.5517857142857,5.85));
#15651=CARTESIAN_POINT('',(1.32500000000001,-13.5517857142857,5.85));
#15652=CARTESIAN_POINT('',(1.32500000000001,-13.5517857142857,5.85));
#15653=CARTESIAN_POINT('',(0.628571428571445,-13.5517857142857,5.85));
#15654=CARTESIAN_POINT('Origin',(0.976785714285726,-13.5517857142857,5.85));
#15655=CARTESIAN_POINT('',(0.628571428571432,13.5517857142857,5.85));
#15656=CARTESIAN_POINT('',(0.628571428571432,13.5517857142857,5.85));
#15657=CARTESIAN_POINT('',(-2.26785714285715,13.5517857142857,5.85));
#15658=CARTESIAN_POINT('Origin',(-0.819642857142857,13.5517857142857,5.85));
#15659=CARTESIAN_POINT('',(-2.26785714285715,-13.5517857142857,5.85));
#15660=CARTESIAN_POINT('',(-2.26785714285715,-13.5517857142857,5.85));
#15661=CARTESIAN_POINT('',(-2.96428571428569,-13.5517857142857,5.85));
#15662=CARTESIAN_POINT('Origin',(-2.61607142857142,-13.5517857142857,5.85));
#15663=CARTESIAN_POINT('',(-2.9642857142857,13.5517857142857,5.85));
#15664=CARTESIAN_POINT('',(-2.9642857142857,13.5517857142857,5.85));
#15665=CARTESIAN_POINT('',(-5.8607142857143,13.5517857142857,5.85));
#15666=CARTESIAN_POINT('Origin',(-4.4125,13.5517857142857,5.85));
#15667=CARTESIAN_POINT('',(-5.8607142857143,-13.5517857142857,5.85));
#15668=CARTESIAN_POINT('',(-5.8607142857143,-13.5517857142857,5.85));
#15669=CARTESIAN_POINT('',(-6.55714285714283,-13.5517857142857,5.85));
#15670=CARTESIAN_POINT('Origin',(-6.20892857142857,-13.5517857142857,5.85));
#15671=CARTESIAN_POINT('',(-6.55714285714284,13.5517857142857,5.85));
#15672=CARTESIAN_POINT('',(-6.55714285714284,13.5517857142857,5.85));
#15673=CARTESIAN_POINT('',(-9.45357142857143,13.5517857142857,5.85));
#15674=CARTESIAN_POINT('Origin',(-8.00535714285714,13.5517857142857,5.85));
#15675=CARTESIAN_POINT('',(-9.45357142857143,-13.5517857142857,5.85));
#15676=CARTESIAN_POINT('',(-9.45357142857143,-13.5517857142857,5.85));
#15677=CARTESIAN_POINT('',(-10.15,-13.5517857142857,5.85));
#15678=CARTESIAN_POINT('Origin',(-9.8017857142857,-13.5517857142857,5.85));
#15679=CARTESIAN_POINT('',(-10.15,13.5517857142857,5.85));
#15680=CARTESIAN_POINT('',(-10.15,13.5517857142857,5.85));
#15681=CARTESIAN_POINT('',(-13.0464285714286,13.5517857142857,5.85));
#15682=CARTESIAN_POINT('Origin',(-11.5982142857143,13.5517857142857,5.85));
#15683=CARTESIAN_POINT('',(-13.0464285714286,-13.5517857142857,5.85));
#15684=CARTESIAN_POINT('',(-13.0464285714286,-13.5517857142857,5.85));
#15685=CARTESIAN_POINT('',(-13.7428571428571,-13.5517857142857,5.85));
#15686=CARTESIAN_POINT('Origin',(-13.3946428571428,-13.5517857142857,5.85));
#15687=CARTESIAN_POINT('',(-13.7428571428571,19.25,5.85));
#15688=CARTESIAN_POINT('',(-13.7428571428571,19.25,5.85));
#15689=CARTESIAN_POINT('Origin',(-13.2928571428571,19.25,5.85));
#15690=CARTESIAN_POINT('Origin',(-10.9999999999973,19.95,3.175));
#15691=CARTESIAN_POINT('',(-12.4999999999973,19.95,3.175));
#15692=CARTESIAN_POINT('Origin',(-10.9999999999973,19.95,3.175));
#15693=CARTESIAN_POINT('',(-12.4999999999973,19.95,3.175));
#15694=CARTESIAN_POINT('',(-12.4790199457722,19.7,6.35));
#15695=CARTESIAN_POINT('',(-12.4790199457722,19.7,3.175));
#15696=CARTESIAN_POINT('',(-12.2359207094281,20.8,6.35));
#15697=CARTESIAN_POINT('Origin',(-10.9999999999973,19.95,6.35));
#15698=CARTESIAN_POINT('',(-12.2359207094281,20.8,3.175));
#15699=CARTESIAN_POINT('Origin',(4.21218615542784E-12,0.,6.35));
#15700=CARTESIAN_POINT('',(-5.49999999999648,20.8,6.35));
#15701=CARTESIAN_POINT('',(-13.2928571428571,19.7,6.35));
#15702=CARTESIAN_POINT('',(-6.24999999999557,19.7,6.35));
#15703=CARTESIAN_POINT('',(-13.7428571428571,19.25,6.35));
#15704=CARTESIAN_POINT('Origin',(-13.2928571428571,19.25,6.35));
#15705=CARTESIAN_POINT('',(-13.7428571428571,-13.5517857142857,6.35));
#15706=CARTESIAN_POINT('',(-13.7428571428571,9.625,6.35));
#15707=CARTESIAN_POINT('',(-13.0464285714286,-13.5517857142857,6.35));
#15708=CARTESIAN_POINT('Origin',(-13.3946428571428,-13.5517857142857,6.35));
#15709=CARTESIAN_POINT('',(-13.0464285714286,13.5517857142857,6.35));
#15710=CARTESIAN_POINT('',(-13.0464285714286,-6.77589285714286,6.35));
#15711=CARTESIAN_POINT('',(-10.15,13.5517857142857,6.35));
#15712=CARTESIAN_POINT('Origin',(-11.5982142857143,13.5517857142857,6.35));
#15713=CARTESIAN_POINT('',(-10.15,-13.5517857142857,6.35));
#15714=CARTESIAN_POINT('',(-10.15,6.77589285714285,6.35));
#15715=CARTESIAN_POINT('',(-9.45357142857143,-13.5517857142857,6.35));
#15716=CARTESIAN_POINT('Origin',(-9.8017857142857,-13.5517857142857,6.35));
#15717=CARTESIAN_POINT('',(-9.45357142857143,13.5517857142857,6.35));
#15718=CARTESIAN_POINT('',(-9.45357142857143,-6.77589285714286,6.35));
#15719=CARTESIAN_POINT('',(-6.55714285714284,13.5517857142857,6.35));
#15720=CARTESIAN_POINT('Origin',(-8.00535714285714,13.5517857142857,6.35));
#15721=CARTESIAN_POINT('',(-6.55714285714283,-13.5517857142857,6.35));
#15722=CARTESIAN_POINT('',(-6.55714285714284,6.77589285714286,6.35));
#15723=CARTESIAN_POINT('',(-5.8607142857143,-13.5517857142857,6.35));
#15724=CARTESIAN_POINT('Origin',(-6.20892857142857,-13.5517857142857,6.35));
#15725=CARTESIAN_POINT('',(-5.8607142857143,13.5517857142857,6.35));
#15726=CARTESIAN_POINT('',(-5.8607142857143,-6.77589285714286,6.35));
#15727=CARTESIAN_POINT('',(-2.9642857142857,13.5517857142857,6.35));
#15728=CARTESIAN_POINT('Origin',(-4.4125,13.5517857142857,6.35));
#15729=CARTESIAN_POINT('',(-2.96428571428569,-13.5517857142857,6.35));
#15730=CARTESIAN_POINT('',(-2.9642857142857,6.77589285714286,6.35));
#15731=CARTESIAN_POINT('',(-2.26785714285715,-13.5517857142857,6.35));
#15732=CARTESIAN_POINT('Origin',(-2.61607142857142,-13.5517857142857,6.35));
#15733=CARTESIAN_POINT('',(-2.26785714285715,13.5517857142857,6.35));
#15734=CARTESIAN_POINT('',(-2.26785714285714,-6.77589285714286,6.35));
#15735=CARTESIAN_POINT('',(0.628571428571432,13.5517857142857,6.35));
#15736=CARTESIAN_POINT('Origin',(-0.819642857142857,13.5517857142857,6.35));
#15737=CARTESIAN_POINT('',(0.628571428571445,-13.5517857142857,6.35));
#15738=CARTESIAN_POINT('',(0.628571428571433,6.77589285714286,6.35));
#15739=CARTESIAN_POINT('',(1.32500000000001,-13.5517857142857,6.35));
#15740=CARTESIAN_POINT('Origin',(0.976785714285726,-13.5517857142857,6.35));
#15741=CARTESIAN_POINT('',(1.32500000000001,13.5517857142857,6.35));
#15742=CARTESIAN_POINT('',(1.32500000000001,-6.77589285714286,6.35));
#15743=CARTESIAN_POINT('',(4.22142857142857,13.5517857142857,6.35));
#15744=CARTESIAN_POINT('Origin',(2.77321428571429,13.5517857142857,6.35));
#15745=CARTESIAN_POINT('',(4.22142857142858,-13.5517857142857,6.35));
#15746=CARTESIAN_POINT('',(4.22142857142857,6.77589285714286,6.35));
#15747=CARTESIAN_POINT('',(4.91785714285716,-13.5517857142857,6.35));
#15748=CARTESIAN_POINT('Origin',(4.56964285714287,-13.5517857142857,6.35));
#15749=CARTESIAN_POINT('',(4.91785714285716,13.5517857142857,6.35));
#15750=CARTESIAN_POINT('',(4.91785714285716,-6.77589285714286,6.35));
#15751=CARTESIAN_POINT('',(7.81428571428571,13.5517857142857,6.35));
#15752=CARTESIAN_POINT('Origin',(6.36607142857143,13.5517857142857,6.35));
#15753=CARTESIAN_POINT('',(7.81428571428572,-13.5517857142857,6.35));
#15754=CARTESIAN_POINT('',(7.81428571428571,6.77589285714286,6.35));
#15755=CARTESIAN_POINT('',(8.5107142857143,-13.5517857142857,6.35));
#15756=CARTESIAN_POINT('Origin',(8.16250000000001,-13.5517857142857,6.35));
#15757=CARTESIAN_POINT('',(8.5107142857143,13.5517857142857,6.35));
#15758=CARTESIAN_POINT('',(8.5107142857143,-6.77589285714286,6.35));
#15759=CARTESIAN_POINT('',(11.4071428571429,13.5517857142857,6.35));
#15760=CARTESIAN_POINT('Origin',(9.95892857142858,13.5517857142857,6.35));
#15761=CARTESIAN_POINT('',(11.4071428571429,-13.5517857142857,6.35));
#15762=CARTESIAN_POINT('',(11.4071428571429,6.77589285714286,6.35));
#15763=CARTESIAN_POINT('',(12.1035714285714,-13.5517857142857,6.35));
#15764=CARTESIAN_POINT('Origin',(11.7553571428572,-13.5517857142857,6.35));
#15765=CARTESIAN_POINT('',(12.1035714285714,13.5517857142857,6.35));
#15766=CARTESIAN_POINT('',(12.1035714285714,-6.77589285714286,6.35));
#15767=CARTESIAN_POINT('',(15.,13.5517857142857,6.35));
#15768=CARTESIAN_POINT('Origin',(13.5517857142857,13.5517857142857,6.35));
#15769=CARTESIAN_POINT('',(15.,-19.25,6.35));
#15770=CARTESIAN_POINT('',(15.,6.77589285714286,6.35));
#15771=CARTESIAN_POINT('',(13.45,-20.8,6.35));
#15772=CARTESIAN_POINT('Origin',(13.45,-19.25,6.35));
#15773=CARTESIAN_POINT('',(12.2359207094281,-20.8,6.35));
#15774=CARTESIAN_POINT('',(5.5000000000007,-20.8,6.35));
#15775=CARTESIAN_POINT('',(9.49999999999727,-19.95,6.35));
#15776=CARTESIAN_POINT('Origin',(10.9999999999973,-19.95,6.35));
#15777=CARTESIAN_POINT('',(12.4790199457722,-19.7,6.35));
#15778=CARTESIAN_POINT('Origin',(10.9999999999973,-19.95,6.35));
#15779=CARTESIAN_POINT('',(13.45,-19.7,6.35));
#15780=CARTESIAN_POINT('',(6.72500000000211,-19.7,6.35));
#15781=CARTESIAN_POINT('',(13.9,-19.25,6.35));
#15782=CARTESIAN_POINT('Origin',(13.45,-19.25,6.35));
#15783=CARTESIAN_POINT('',(13.9,13.5517857142857,6.35));
#15784=CARTESIAN_POINT('',(13.9,6.77589285714286,6.35));
#15785=CARTESIAN_POINT('',(13.2035714285714,13.5517857142857,6.35));
#15786=CARTESIAN_POINT('Origin',(13.5517857142857,13.5517857142857,6.35));
#15787=CARTESIAN_POINT('',(13.2035714285714,-13.5517857142857,6.35));
#15788=CARTESIAN_POINT('',(13.2035714285714,-6.77589285714286,6.35));
#15789=CARTESIAN_POINT('',(10.3071428571429,-13.5517857142857,6.35));
#15790=CARTESIAN_POINT('Origin',(11.7553571428572,-13.5517857142857,6.35));
#15791=CARTESIAN_POINT('',(10.3071428571428,13.5517857142857,6.35));
#15792=CARTESIAN_POINT('',(10.3071428571429,6.77589285714286,6.35));
#15793=CARTESIAN_POINT('',(9.6107142857143,13.5517857142857,6.35));
#15794=CARTESIAN_POINT('Origin',(9.95892857142858,13.5517857142857,6.35));
#15795=CARTESIAN_POINT('',(9.6107142857143,-13.5517857142857,6.35));
#15796=CARTESIAN_POINT('',(9.6107142857143,-6.77589285714286,6.35));
#15797=CARTESIAN_POINT('',(6.71428571428572,-13.5517857142857,6.35));
#15798=CARTESIAN_POINT('Origin',(8.16250000000001,-13.5517857142857,6.35));
#15799=CARTESIAN_POINT('',(6.7142857142857,13.5517857142857,6.35));
#15800=CARTESIAN_POINT('',(6.71428571428571,6.77589285714286,6.35));
#15801=CARTESIAN_POINT('',(6.01785714285716,13.5517857142857,6.35));
#15802=CARTESIAN_POINT('Origin',(6.36607142857143,13.5517857142857,6.35));
#15803=CARTESIAN_POINT('',(6.01785714285716,-13.5517857142857,6.35));
#15804=CARTESIAN_POINT('',(6.01785714285716,-6.77589285714286,6.35));
#15805=CARTESIAN_POINT('',(3.12142857142858,-13.5517857142857,6.35));
#15806=CARTESIAN_POINT('Origin',(4.56964285714287,-13.5517857142857,6.35));
#15807=CARTESIAN_POINT('',(3.12142857142856,13.5517857142857,6.35));
#15808=CARTESIAN_POINT('',(3.12142857142857,6.77589285714286,6.35));
#15809=CARTESIAN_POINT('',(2.42500000000001,13.5517857142857,6.35));
#15810=CARTESIAN_POINT('Origin',(2.77321428571429,13.5517857142857,6.35));
#15811=CARTESIAN_POINT('',(2.42500000000001,-13.5517857142857,6.35));
#15812=CARTESIAN_POINT('',(2.42500000000001,-6.77589285714286,6.35));
#15813=CARTESIAN_POINT('',(-0.471428571428558,-13.5517857142857,6.35));
#15814=CARTESIAN_POINT('Origin',(0.976785714285726,-13.5517857142857,6.35));
#15815=CARTESIAN_POINT('',(-0.471428571428572,13.5517857142857,6.35));
#15816=CARTESIAN_POINT('',(-0.471428571428567,6.77589285714286,6.35));
#15817=CARTESIAN_POINT('',(-1.16785714285714,13.5517857142857,6.35));
#15818=CARTESIAN_POINT('Origin',(-0.819642857142857,13.5517857142857,6.35));
#15819=CARTESIAN_POINT('',(-1.16785714285714,-13.5517857142857,6.35));
#15820=CARTESIAN_POINT('',(-1.16785714285714,-6.77589285714286,6.35));
#15821=CARTESIAN_POINT('',(-4.06428571428569,-13.5517857142857,6.35));
#15822=CARTESIAN_POINT('Origin',(-2.61607142857142,-13.5517857142857,6.35));
#15823=CARTESIAN_POINT('',(-4.06428571428571,13.5517857142857,6.35));
#15824=CARTESIAN_POINT('',(-4.0642857142857,6.77589285714286,6.35));
#15825=CARTESIAN_POINT('',(-4.7607142857143,13.5517857142857,6.35));
#15826=CARTESIAN_POINT('Origin',(-4.4125,13.5517857142857,6.35));
#15827=CARTESIAN_POINT('',(-4.7607142857143,-13.5517857142857,6.35));
#15828=CARTESIAN_POINT('',(-4.7607142857143,-6.77589285714286,6.35));
#15829=CARTESIAN_POINT('',(-7.65714285714283,-13.5517857142857,6.35));
#15830=CARTESIAN_POINT('Origin',(-6.20892857142857,-13.5517857142857,6.35));
#15831=CARTESIAN_POINT('',(-7.65714285714285,13.5517857142857,6.35));
#15832=CARTESIAN_POINT('',(-7.65714285714284,6.77589285714286,6.35));
#15833=CARTESIAN_POINT('',(-8.35357142857143,13.5517857142857,6.35));
#15834=CARTESIAN_POINT('Origin',(-8.00535714285714,13.5517857142857,6.35));
#15835=CARTESIAN_POINT('',(-8.35357142857143,-13.5517857142857,6.35));
#15836=CARTESIAN_POINT('',(-8.35357142857143,-6.77589285714286,6.35));
#15837=CARTESIAN_POINT('',(-11.25,-13.5517857142857,6.35));
#15838=CARTESIAN_POINT('Origin',(-9.8017857142857,-13.5517857142857,6.35));
#15839=CARTESIAN_POINT('',(-11.25,13.5517857142857,6.35));
#15840=CARTESIAN_POINT('',(-11.25,6.77589285714285,6.35));
#15841=CARTESIAN_POINT('',(-11.9464285714286,13.5517857142857,6.35));
#15842=CARTESIAN_POINT('Origin',(-11.5982142857143,13.5517857142857,6.35));
#15843=CARTESIAN_POINT('',(-11.9464285714286,-13.5517857142857,6.35));
#15844=CARTESIAN_POINT('',(-11.9464285714286,-6.77589285714286,6.35));
#15845=CARTESIAN_POINT('',(-14.8428571428571,-13.5517857142857,6.35));
#15846=CARTESIAN_POINT('Origin',(-13.3946428571428,-13.5517857142857,6.35));
#15847=CARTESIAN_POINT('',(-14.8428571428571,19.25,6.35));
#15848=CARTESIAN_POINT('',(-14.8428571428571,9.625,6.35));
#15849=CARTESIAN_POINT('Origin',(-13.2928571428571,19.25,6.35));
#15850=CARTESIAN_POINT('Origin',(-10.1999999999945,19.95,4.51));
#15851=CARTESIAN_POINT('',(-10.1999999999945,22.,3.175));
#15852=CARTESIAN_POINT('',(-10.1999999999945,17.9,3.175));
#15853=CARTESIAN_POINT('Origin',(-10.1999999999945,19.95,3.175));
#15854=CARTESIAN_POINT('',(-10.1999999999945,22.,4.51));
#15855=CARTESIAN_POINT('',(-10.1999999999945,22.,4.51));
#15856=CARTESIAN_POINT('',(-10.1999999999945,17.9,4.51));
#15857=CARTESIAN_POINT('Origin',(-10.1999999999945,19.95,4.51));
#15858=CARTESIAN_POINT('',(-10.1999999999945,17.9,4.51));
#15859=CARTESIAN_POINT('Origin',(-11.8,17.9,4.51));
#15860=CARTESIAN_POINT('',(-11.8,17.9,3.175));
#15861=CARTESIAN_POINT('',(-5.89999999999789,17.9,3.175));
#15862=CARTESIAN_POINT('',(-11.8,17.9,4.51));
#15863=CARTESIAN_POINT('',(-10.5999999999973,17.9,4.51));
#15864=CARTESIAN_POINT('',(-11.8,17.9,4.51));
#15865=CARTESIAN_POINT('Origin',(-10.2,15.4,4.51));
#15866=CARTESIAN_POINT('',(-11.8,15.4,3.175));
#15867=CARTESIAN_POINT('',(-10.2,15.4,3.175));
#15868=CARTESIAN_POINT('',(-5.0999999999979,15.4,3.175));
#15869=CARTESIAN_POINT('',(-11.8,15.4,4.51));
#15870=CARTESIAN_POINT('',(-11.8,15.4,4.51));
#15871=CARTESIAN_POINT('',(-10.2,15.4,4.51));
#15872=CARTESIAN_POINT('',(-11.8,15.4,4.51));
#15873=CARTESIAN_POINT('',(-10.2,15.4,4.51));
#15874=CARTESIAN_POINT('Origin',(-10.2,19.95,4.51));
#15875=CARTESIAN_POINT('',(-10.2,24.5,3.175));
#15876=CARTESIAN_POINT('Origin',(-10.2,19.95,3.175));
#15877=CARTESIAN_POINT('',(-10.2,24.5,4.51));
#15878=CARTESIAN_POINT('Origin',(-10.2,19.95,4.51));
#15879=CARTESIAN_POINT('',(-10.2,24.5,4.51));
#15880=CARTESIAN_POINT('Origin',(-11.8,19.95,4.51));
#15881=CARTESIAN_POINT('',(-11.8,22.,3.175));
#15882=CARTESIAN_POINT('Origin',(-11.8,19.95,3.175));
#15883=CARTESIAN_POINT('',(-11.8,22.,4.51));
#15884=CARTESIAN_POINT('Origin',(-11.8,19.95,4.51));
#15885=CARTESIAN_POINT('',(-11.8,22.,4.51));
#15886=CARTESIAN_POINT('Origin',(-10.1999999999945,22.,4.51));
#15887=CARTESIAN_POINT('',(-5.09999999999517,22.,3.175));
#15888=CARTESIAN_POINT('',(-11.4,22.,4.51));
#15889=CARTESIAN_POINT('Origin',(-11.8,24.5,4.51));
#15890=CARTESIAN_POINT('',(-11.8,24.5,3.175));
#15891=CARTESIAN_POINT('',(-5.8999999999979,24.5,3.175));
#15892=CARTESIAN_POINT('',(-11.8,24.5,4.51));
#15893=CARTESIAN_POINT('',(-10.2,24.5,4.51));
#15894=CARTESIAN_POINT('',(-11.8,24.5,4.51));
#15895=CARTESIAN_POINT('Origin',(-11.8,19.95,4.51));
#15896=CARTESIAN_POINT('Origin',(-11.8,19.95,3.175));
#15897=CARTESIAN_POINT('Origin',(-11.8,19.95,4.51));
#15898=CARTESIAN_POINT('Origin',(-11.,19.95,4.51));
#15899=CARTESIAN_POINT('Origin',(10.1999999999945,-19.95,4.51));
#15900=CARTESIAN_POINT('',(10.1999999999945,-22.,3.175));
#15901=CARTESIAN_POINT('',(10.1999999999945,-17.9,3.175));
#15902=CARTESIAN_POINT('Origin',(10.1999999999945,-19.95,3.175));
#15903=CARTESIAN_POINT('',(10.1999999999945,-22.,4.51));
#15904=CARTESIAN_POINT('',(10.1999999999945,-22.,4.51));
#15905=CARTESIAN_POINT('',(10.1999999999945,-17.9,4.51));
#15906=CARTESIAN_POINT('Origin',(10.1999999999945,-19.95,4.51));
#15907=CARTESIAN_POINT('',(10.1999999999945,-17.9,4.51));
#15908=CARTESIAN_POINT('Origin',(11.8,-17.9,4.51));
#15909=CARTESIAN_POINT('',(11.8,-17.9,3.175));
#15910=CARTESIAN_POINT('',(5.9000000000021,-17.9,3.175));
#15911=CARTESIAN_POINT('',(11.8,-17.9,4.51));
#15912=CARTESIAN_POINT('',(10.5999999999973,-17.9,4.51));
#15913=CARTESIAN_POINT('',(11.8,-17.9,4.51));
#15914=CARTESIAN_POINT('Origin',(11.8,-24.5,4.51));
#15915=CARTESIAN_POINT('',(10.2,-24.5,3.175));
#15916=CARTESIAN_POINT('',(11.8,-24.5,3.175));
#15917=CARTESIAN_POINT('',(5.90000000000211,-24.5,3.175));
#15918=CARTESIAN_POINT('',(10.2,-24.5,4.51));
#15919=CARTESIAN_POINT('',(10.2,-24.5,4.51));
#15920=CARTESIAN_POINT('',(11.8,-24.5,4.51));
#15921=CARTESIAN_POINT('',(10.2,-24.5,4.51));
#15922=CARTESIAN_POINT('',(11.8,-24.5,4.51));
#15923=CARTESIAN_POINT('Origin',(11.8,-19.95,4.51));
#15924=CARTESIAN_POINT('',(11.8,-15.4,3.175));
#15925=CARTESIAN_POINT('Origin',(11.8,-19.95,3.175));
#15926=CARTESIAN_POINT('',(11.8,-15.4,4.51));
#15927=CARTESIAN_POINT('Origin',(11.8,-19.95,4.51));
#15928=CARTESIAN_POINT('',(11.8,-15.4,4.51));
#15929=CARTESIAN_POINT('Origin',(11.8,-19.95,4.51));
#15930=CARTESIAN_POINT('',(11.8,-22.,3.175));
#15931=CARTESIAN_POINT('Origin',(11.8,-19.95,3.175));
#15932=CARTESIAN_POINT('',(11.8,-22.,4.51));
#15933=CARTESIAN_POINT('Origin',(11.8,-19.95,4.51));
#15934=CARTESIAN_POINT('',(11.8,-22.,4.51));
#15935=CARTESIAN_POINT('Origin',(10.1999999999945,-22.,4.51));
#15936=CARTESIAN_POINT('',(5.09999999999938,-22.,3.175));
#15937=CARTESIAN_POINT('',(11.4,-22.,4.51));
#15938=CARTESIAN_POINT('Origin',(10.2,-15.4,4.51));
#15939=CARTESIAN_POINT('',(10.2,-15.4,3.175));
#15940=CARTESIAN_POINT('',(5.10000000000211,-15.4,3.175));
#15941=CARTESIAN_POINT('',(10.2,-15.4,4.51));
#15942=CARTESIAN_POINT('',(11.8,-15.4,4.51));
#15943=CARTESIAN_POINT('',(10.2,-15.4,4.51));
#15944=CARTESIAN_POINT('Origin',(10.2,-19.95,4.51));
#15945=CARTESIAN_POINT('Origin',(10.2,-19.95,3.175));
#15946=CARTESIAN_POINT('Origin',(10.2,-19.95,4.51));
#15947=CARTESIAN_POINT('Origin',(11.,-19.95,4.51));
#15948=CARTESIAN_POINT('Origin',(4.21218615542784E-12,0.,3.175));
#15949=CARTESIAN_POINT('',(20.0000000000033,14.25,3.175));
#15950=CARTESIAN_POINT('',(-19.9999999999948,14.25,3.175));
#15951=CARTESIAN_POINT('',(9.77499999999952,14.25,3.175));
#15952=CARTESIAN_POINT('',(-19.9999999999948,25.5,3.175));
#15953=CARTESIAN_POINT('',(-19.9999999999948,12.75,3.175));
#15954=CARTESIAN_POINT('',(20.0000000000033,25.5,3.175));
#15955=CARTESIAN_POINT('',(-19.5499999999948,25.5,3.175));
#15956=CARTESIAN_POINT('',(20.0000000000033,-12.75,3.175));
#15957=CARTESIAN_POINT('',(7.975,20.0000006705523,3.175));
#15958=CARTESIAN_POINT('Origin',(10.,20.0000006705523,3.175));
#15959=CARTESIAN_POINT('Origin',(4.21218615542784E-12,0.,3.175));
#15960=CARTESIAN_POINT('',(-19.9999999999948,-14.25,3.175));
#15961=CARTESIAN_POINT('',(20.0000000000033,-14.25,3.175));
#15962=CARTESIAN_POINT('',(-9.77499999999531,-14.25,3.175));
#15963=CARTESIAN_POINT('',(20.0000000000033,-25.5,3.175));
#15964=CARTESIAN_POINT('',(20.0000000000033,-12.75,3.175));
#15965=CARTESIAN_POINT('',(-19.9999999999948,-25.5,3.175));
#15966=CARTESIAN_POINT('',(19.5500000000033,-25.5,3.175));
#15967=CARTESIAN_POINT('',(-19.9999999999948,12.75,3.175));
#15968=CARTESIAN_POINT('',(-12.025,-20.0000006705523,3.175));
#15969=CARTESIAN_POINT('Origin',(-10.,-20.0000006705523,3.175));
#15970=CARTESIAN_POINT('Origin',(10.9999999999973,-19.95,3.175));
#15971=CARTESIAN_POINT('',(9.49999999999727,-19.95,3.175));
#15972=CARTESIAN_POINT('Origin',(10.9999999999973,-19.95,3.175));
#15973=CARTESIAN_POINT('',(9.49999999999727,-19.95,3.175));
#15974=CARTESIAN_POINT('',(12.2359207094281,-20.8,3.175));
#15975=CARTESIAN_POINT('',(12.4790199457722,-19.7,3.175));
#15976=CARTESIAN_POINT('Origin',(13.45,-19.7,6.35));
#15977=CARTESIAN_POINT('',(13.45,-19.7,6.35));
#15978=CARTESIAN_POINT('Origin',(-19.5499999999948,13.456,3.175));
#15979=CARTESIAN_POINT('',(-19.9999999999948,13.456,3.175));
#15980=CARTESIAN_POINT('',(20.0000000000033,13.456,3.175));
#15981=CARTESIAN_POINT('',(-9.77499999999531,13.456,3.175));
#15982=CARTESIAN_POINT('',(-19.9999999999948,13.456,5.175));
#15983=CARTESIAN_POINT('',(-19.9999999999948,13.456,3.175));
#15984=CARTESIAN_POINT('',(20.0000000000033,13.456,5.175));
#15985=CARTESIAN_POINT('',(19.5499999999948,13.456,5.175));
#15986=CARTESIAN_POINT('',(20.0000000000033,13.456,3.175));
#15987=CARTESIAN_POINT('Origin',(19.5499999999948,14.25,3.175));
#15988=CARTESIAN_POINT('',(20.0000000000033,14.25,5.175));
#15989=CARTESIAN_POINT('',(20.0000000000033,14.25,3.175));
#15990=CARTESIAN_POINT('',(-19.9999999999948,14.25,5.175));
#15991=CARTESIAN_POINT('',(-19.5499999999948,14.25,5.175));
#15992=CARTESIAN_POINT('',(-19.9999999999948,14.25,3.175));
#15993=CARTESIAN_POINT('Origin',(2.22044604925031E-15,13.853,5.175));
#15994=CARTESIAN_POINT('',(20.0000000000033,-5.8235,5.175));
#15995=CARTESIAN_POINT('',(-19.9999999999948,19.6765,5.175));
#15996=CARTESIAN_POINT('Origin',(4.21218615542784E-12,0.,3.175));
#15997=CARTESIAN_POINT('Origin',(4.21218615542784E-12,0.,3.175));
#15998=CARTESIAN_POINT('',(20.0000000000033,12.1187692307692,3.175));
#15999=CARTESIAN_POINT('',(20.0000000000033,-12.75,3.175));
#16000=CARTESIAN_POINT('',(-19.9999999999948,12.1187692307692,3.175));
#16001=CARTESIAN_POINT('',(9.77499999999952,12.1187692307692,3.175));
#16002=CARTESIAN_POINT('',(-19.9999999999948,12.75,3.175));
#16003=CARTESIAN_POINT('Origin',(-19.5499999999948,11.3247692307692,3.175));
#16004=CARTESIAN_POINT('',(-19.9999999999948,11.3247692307692,3.175));
#16005=CARTESIAN_POINT('',(20.0000000000033,11.3247692307692,3.175));
#16006=CARTESIAN_POINT('',(-9.77499999999531,11.3247692307692,3.175));
#16007=CARTESIAN_POINT('',(-19.9999999999948,11.3247692307692,5.175));
#16008=CARTESIAN_POINT('',(-19.9999999999948,11.3247692307692,3.175));
#16009=CARTESIAN_POINT('',(20.0000000000033,11.3247692307692,5.175));
#16010=CARTESIAN_POINT('',(19.5499999999948,11.3247692307692,5.175));
#16011=CARTESIAN_POINT('',(20.0000000000033,11.3247692307692,3.175));
#16012=CARTESIAN_POINT('Origin',(19.5499999999948,12.1187692307692,3.175));
#16013=CARTESIAN_POINT('',(20.0000000000033,12.1187692307692,5.175));
#16014=CARTESIAN_POINT('',(20.0000000000033,12.1187692307692,3.175));
#16015=CARTESIAN_POINT('',(-19.9999999999948,12.1187692307692,5.175));
#16016=CARTESIAN_POINT('',(-19.5499999999948,12.1187692307692,5.175));
#16017=CARTESIAN_POINT('',(-19.9999999999948,12.1187692307692,3.175));
#16018=CARTESIAN_POINT('Origin',(2.22044604925031E-15,11.7217692307692,
5.175));
#16019=CARTESIAN_POINT('',(20.0000000000033,-6.88911538461539,5.175));
#16020=CARTESIAN_POINT('',(-19.9999999999948,18.6108846153846,5.175));
#16021=CARTESIAN_POINT('Origin',(4.21218615542784E-12,0.,3.175));
#16022=CARTESIAN_POINT('',(20.0000000000033,9.98753846153846,3.175));
#16023=CARTESIAN_POINT('',(20.0000000000033,-12.75,3.175));
#16024=CARTESIAN_POINT('',(-19.9999999999948,9.98753846153846,3.175));
#16025=CARTESIAN_POINT('',(9.77499999999952,9.98753846153846,3.175));
#16026=CARTESIAN_POINT('',(-19.9999999999948,12.75,3.175));
#16027=CARTESIAN_POINT('Origin',(-19.5499999999948,9.19353846153846,3.175));
#16028=CARTESIAN_POINT('',(-19.9999999999948,9.19353846153846,3.175));
#16029=CARTESIAN_POINT('',(20.0000000000033,9.19353846153846,3.175));
#16030=CARTESIAN_POINT('',(-9.77499999999531,9.19353846153846,3.175));
#16031=CARTESIAN_POINT('',(-19.9999999999948,9.19353846153846,5.175));
#16032=CARTESIAN_POINT('',(-19.9999999999948,9.19353846153846,3.175));
#16033=CARTESIAN_POINT('',(20.0000000000033,9.19353846153846,5.175));
#16034=CARTESIAN_POINT('',(19.5499999999948,9.19353846153846,5.175));
#16035=CARTESIAN_POINT('',(20.0000000000033,9.19353846153846,3.175));
#16036=CARTESIAN_POINT('Origin',(19.5499999999948,9.98753846153846,3.175));
#16037=CARTESIAN_POINT('',(20.0000000000033,9.98753846153846,5.175));
#16038=CARTESIAN_POINT('',(20.0000000000033,9.98753846153846,3.175));
#16039=CARTESIAN_POINT('',(-19.9999999999948,9.98753846153846,5.175));
#16040=CARTESIAN_POINT('',(-19.5499999999948,9.98753846153846,5.175));
#16041=CARTESIAN_POINT('',(-19.9999999999948,9.98753846153846,3.175));
#16042=CARTESIAN_POINT('Origin',(2.22044604925031E-15,9.59053846153846,
5.175));
#16043=CARTESIAN_POINT('',(20.0000000000033,-7.95473076923077,5.175));
#16044=CARTESIAN_POINT('',(-19.9999999999948,17.5452692307692,5.175));
#16045=CARTESIAN_POINT('Origin',(4.21218615542784E-12,0.,3.175));
#16046=CARTESIAN_POINT('',(20.0000000000033,7.85630769230769,3.175));
#16047=CARTESIAN_POINT('',(20.0000000000033,-12.75,3.175));
#16048=CARTESIAN_POINT('',(-19.9999999999948,7.85630769230769,3.175));
#16049=CARTESIAN_POINT('',(9.77499999999952,7.85630769230769,3.175));
#16050=CARTESIAN_POINT('',(-19.9999999999948,12.75,3.175));
#16051=CARTESIAN_POINT('Origin',(-19.5499999999948,7.06230769230769,3.175));
#16052=CARTESIAN_POINT('',(-19.9999999999948,7.06230769230769,3.175));
#16053=CARTESIAN_POINT('',(20.0000000000033,7.06230769230769,3.175));
#16054=CARTESIAN_POINT('',(-9.77499999999531,7.06230769230769,3.175));
#16055=CARTESIAN_POINT('',(-19.9999999999948,7.06230769230769,5.175));
#16056=CARTESIAN_POINT('',(-19.9999999999948,7.06230769230769,3.175));
#16057=CARTESIAN_POINT('',(20.0000000000033,7.06230769230769,5.175));
#16058=CARTESIAN_POINT('',(19.5499999999948,7.06230769230769,5.175));
#16059=CARTESIAN_POINT('',(20.0000000000033,7.06230769230769,3.175));
#16060=CARTESIAN_POINT('Origin',(19.5499999999948,7.85630769230769,3.175));
#16061=CARTESIAN_POINT('',(20.0000000000033,7.85630769230769,5.175));
#16062=CARTESIAN_POINT('',(20.0000000000033,7.85630769230769,3.175));
#16063=CARTESIAN_POINT('',(-19.9999999999948,7.85630769230769,5.175));
#16064=CARTESIAN_POINT('',(-19.5499999999948,7.85630769230769,5.175));
#16065=CARTESIAN_POINT('',(-19.9999999999948,7.85630769230769,3.175));
#16066=CARTESIAN_POINT('Origin',(2.22044604925031E-15,7.45930769230769,
5.175));
#16067=CARTESIAN_POINT('',(20.0000000000033,-9.02034615384615,5.175));
#16068=CARTESIAN_POINT('',(-19.9999999999948,16.4796538461538,5.175));
#16069=CARTESIAN_POINT('Origin',(4.21218615542784E-12,0.,3.175));
#16070=CARTESIAN_POINT('',(20.0000000000033,5.72507692307692,3.175));
#16071=CARTESIAN_POINT('',(20.0000000000033,-12.75,3.175));
#16072=CARTESIAN_POINT('',(-19.9999999999948,5.72507692307692,3.175));
#16073=CARTESIAN_POINT('',(9.77499999999952,5.72507692307692,3.175));
#16074=CARTESIAN_POINT('',(-19.9999999999948,12.75,3.175));
#16075=CARTESIAN_POINT('Origin',(-19.5499999999948,4.93107692307692,3.175));
#16076=CARTESIAN_POINT('',(-19.9999999999948,4.93107692307692,3.175));
#16077=CARTESIAN_POINT('',(20.0000000000033,4.93107692307693,3.175));
#16078=CARTESIAN_POINT('',(-9.77499999999531,4.93107692307692,3.175));
#16079=CARTESIAN_POINT('',(-19.9999999999948,4.93107692307692,5.175));
#16080=CARTESIAN_POINT('',(-19.9999999999948,4.93107692307692,3.175));
#16081=CARTESIAN_POINT('',(20.0000000000033,4.93107692307693,5.175));
#16082=CARTESIAN_POINT('',(19.5499999999948,4.93107692307692,5.175));
#16083=CARTESIAN_POINT('',(20.0000000000033,4.93107692307692,3.175));
#16084=CARTESIAN_POINT('Origin',(19.5499999999948,5.72507692307692,3.175));
#16085=CARTESIAN_POINT('',(20.0000000000033,5.72507692307692,5.175));
#16086=CARTESIAN_POINT('',(20.0000000000033,5.72507692307692,3.175));
#16087=CARTESIAN_POINT('',(-19.9999999999948,5.72507692307692,5.175));
#16088=CARTESIAN_POINT('',(-19.5499999999948,5.72507692307692,5.175));
#16089=CARTESIAN_POINT('',(-19.9999999999948,5.72507692307692,3.175));
#16090=CARTESIAN_POINT('Origin',(2.22044604925031E-15,5.32807692307692,
5.175));
#16091=CARTESIAN_POINT('',(20.0000000000033,-10.0859615384615,5.175));
#16092=CARTESIAN_POINT('',(-19.9999999999948,15.4140384615385,5.175));
#16093=CARTESIAN_POINT('Origin',(4.21218615542784E-12,0.,3.175));
#16094=CARTESIAN_POINT('',(20.0000000000033,3.59384615384615,3.175));
#16095=CARTESIAN_POINT('',(20.0000000000033,-12.75,3.175));
#16096=CARTESIAN_POINT('',(-19.9999999999948,3.59384615384615,3.175));
#16097=CARTESIAN_POINT('',(9.77499999999952,3.59384615384615,3.175));
#16098=CARTESIAN_POINT('',(-19.9999999999948,12.75,3.175));
#16099=CARTESIAN_POINT('Origin',(-19.5499999999948,2.79984615384615,3.175));
#16100=CARTESIAN_POINT('',(-19.9999999999948,2.79984615384615,3.175));
#16101=CARTESIAN_POINT('',(20.0000000000033,2.79984615384615,3.175));
#16102=CARTESIAN_POINT('',(-9.77499999999531,2.79984615384615,3.175));
#16103=CARTESIAN_POINT('',(-19.9999999999948,2.79984615384615,5.175));
#16104=CARTESIAN_POINT('',(-19.9999999999948,2.79984615384615,3.175));
#16105=CARTESIAN_POINT('',(20.0000000000033,2.79984615384615,5.175));
#16106=CARTESIAN_POINT('',(19.5499999999948,2.79984615384615,5.175));
#16107=CARTESIAN_POINT('',(20.0000000000033,2.79984615384615,3.175));
#16108=CARTESIAN_POINT('Origin',(19.5499999999948,3.59384615384615,3.175));
#16109=CARTESIAN_POINT('',(20.0000000000033,3.59384615384615,5.175));
#16110=CARTESIAN_POINT('',(20.0000000000033,3.59384615384615,3.175));
#16111=CARTESIAN_POINT('',(-19.9999999999948,3.59384615384615,5.175));
#16112=CARTESIAN_POINT('',(-19.5499999999948,3.59384615384615,5.175));
#16113=CARTESIAN_POINT('',(-19.9999999999948,3.59384615384615,3.175));
#16114=CARTESIAN_POINT('Origin',(2.22044604925031E-15,3.19684615384615,
5.175));
#16115=CARTESIAN_POINT('',(20.0000000000033,-11.1515769230769,5.175));
#16116=CARTESIAN_POINT('',(-19.9999999999948,14.3484230769231,5.175));
#16117=CARTESIAN_POINT('Origin',(4.21218615542784E-12,0.,3.175));
#16118=CARTESIAN_POINT('',(20.0000000000033,1.46261538461538,3.175));
#16119=CARTESIAN_POINT('',(20.0000000000033,-12.75,3.175));
#16120=CARTESIAN_POINT('',(-19.9999999999948,1.46261538461538,3.175));
#16121=CARTESIAN_POINT('',(9.77499999999952,1.46261538461538,3.175));
#16122=CARTESIAN_POINT('',(-19.9999999999948,12.75,3.175));
#16123=CARTESIAN_POINT('Origin',(-19.5499999999948,0.668615384615381,3.175));
#16124=CARTESIAN_POINT('',(-19.9999999999948,0.66861538461538,3.175));
#16125=CARTESIAN_POINT('',(20.0000000000033,0.668615384615386,3.175));
#16126=CARTESIAN_POINT('',(-9.77499999999531,0.668615384615382,3.175));
#16127=CARTESIAN_POINT('',(-19.9999999999948,0.66861538461538,5.175));
#16128=CARTESIAN_POINT('',(-19.9999999999948,0.668615384615381,3.175));
#16129=CARTESIAN_POINT('',(20.0000000000033,0.668615384615386,5.175));
#16130=CARTESIAN_POINT('',(19.5499999999948,0.668615384615385,5.175));
#16131=CARTESIAN_POINT('',(20.0000000000033,0.668615384615385,3.175));
#16132=CARTESIAN_POINT('Origin',(19.5499999999948,1.46261538461538,3.175));
#16133=CARTESIAN_POINT('',(20.0000000000033,1.46261538461538,5.175));
#16134=CARTESIAN_POINT('',(20.0000000000033,1.46261538461538,3.175));
#16135=CARTESIAN_POINT('',(-19.9999999999948,1.46261538461538,5.175));
#16136=CARTESIAN_POINT('',(-19.5499999999948,1.46261538461538,5.175));
#16137=CARTESIAN_POINT('',(-19.9999999999948,1.46261538461538,3.175));
#16138=CARTESIAN_POINT('Origin',(2.22044604925031E-15,1.06561538461538,
5.175));
#16139=CARTESIAN_POINT('',(20.0000000000033,-12.2171923076923,5.175));
#16140=CARTESIAN_POINT('',(-19.9999999999948,13.2828076923077,5.175));
#16141=CARTESIAN_POINT('Origin',(4.21218615542784E-12,0.,3.175));
#16142=CARTESIAN_POINT('',(20.0000000000033,-0.668615384615384,3.175));
#16143=CARTESIAN_POINT('',(20.0000000000033,-12.75,3.175));
#16144=CARTESIAN_POINT('',(-19.9999999999948,-0.668615384615384,3.175));
#16145=CARTESIAN_POINT('',(9.77499999999952,-0.668615384615385,3.175));
#16146=CARTESIAN_POINT('',(-19.9999999999948,12.75,3.175));
#16147=CARTESIAN_POINT('Origin',(-19.5499999999948,-1.46261538461539,3.175));
#16148=CARTESIAN_POINT('',(-19.9999999999948,-1.46261538461539,3.175));
#16149=CARTESIAN_POINT('',(20.0000000000033,-1.46261538461538,3.175));
#16150=CARTESIAN_POINT('',(-9.77499999999531,-1.46261538461539,3.175));
#16151=CARTESIAN_POINT('',(-19.9999999999948,-1.46261538461539,5.175));
#16152=CARTESIAN_POINT('',(-19.9999999999948,-1.46261538461539,3.175));
#16153=CARTESIAN_POINT('',(20.0000000000033,-1.46261538461538,5.175));
#16154=CARTESIAN_POINT('',(19.5499999999948,-1.46261538461538,5.175));
#16155=CARTESIAN_POINT('',(20.0000000000033,-1.46261538461538,3.175));
#16156=CARTESIAN_POINT('Origin',(19.5499999999948,-0.668615384615385,3.175));
#16157=CARTESIAN_POINT('',(20.0000000000033,-0.668615384615384,5.175));
#16158=CARTESIAN_POINT('',(20.0000000000033,-0.668615384615385,3.175));
#16159=CARTESIAN_POINT('',(-19.9999999999948,-0.668615384615384,5.175));
#16160=CARTESIAN_POINT('',(-19.5499999999948,-0.668615384615385,5.175));
#16161=CARTESIAN_POINT('',(-19.9999999999948,-0.668615384615385,3.175));
#16162=CARTESIAN_POINT('Origin',(2.22044604925031E-15,-1.06561538461539,
5.175));
#16163=CARTESIAN_POINT('',(20.0000000000033,-13.2828076923077,5.175));
#16164=CARTESIAN_POINT('',(-19.9999999999948,12.2171923076923,5.175));
#16165=CARTESIAN_POINT('Origin',(4.21218615542784E-12,0.,3.175));
#16166=CARTESIAN_POINT('',(20.0000000000033,-2.79984615384615,3.175));
#16167=CARTESIAN_POINT('',(20.0000000000033,-12.75,3.175));
#16168=CARTESIAN_POINT('',(-19.9999999999948,-2.79984615384615,3.175));
#16169=CARTESIAN_POINT('',(9.77499999999952,-2.79984615384615,3.175));
#16170=CARTESIAN_POINT('',(-19.9999999999948,12.75,3.175));
#16171=CARTESIAN_POINT('Origin',(-19.5499999999948,-3.59384615384616,3.175));
#16172=CARTESIAN_POINT('',(-19.9999999999948,-3.59384615384616,3.175));
#16173=CARTESIAN_POINT('',(20.0000000000033,-3.59384615384615,3.175));
#16174=CARTESIAN_POINT('',(-9.77499999999531,-3.59384615384616,3.175));
#16175=CARTESIAN_POINT('',(-19.9999999999948,-3.59384615384616,5.175));
#16176=CARTESIAN_POINT('',(-19.9999999999948,-3.59384615384616,3.175));
#16177=CARTESIAN_POINT('',(20.0000000000033,-3.59384615384615,5.175));
#16178=CARTESIAN_POINT('',(19.5499999999948,-3.59384615384615,5.175));
#16179=CARTESIAN_POINT('',(20.0000000000033,-3.59384615384615,3.175));
#16180=CARTESIAN_POINT('Origin',(19.5499999999948,-2.79984615384615,3.175));
#16181=CARTESIAN_POINT('',(20.0000000000033,-2.79984615384615,5.175));
#16182=CARTESIAN_POINT('',(20.0000000000033,-2.79984615384615,3.175));
#16183=CARTESIAN_POINT('',(-19.9999999999948,-2.79984615384615,5.175));
#16184=CARTESIAN_POINT('',(-19.5499999999948,-2.79984615384615,5.175));
#16185=CARTESIAN_POINT('',(-19.9999999999948,-2.79984615384615,3.175));
#16186=CARTESIAN_POINT('Origin',(2.22044604925031E-15,-3.19684615384615,
5.175));
#16187=CARTESIAN_POINT('',(20.0000000000033,-14.3484230769231,5.175));
#16188=CARTESIAN_POINT('',(-19.9999999999948,11.1515769230769,5.175));
#16189=CARTESIAN_POINT('Origin',(4.21218615542784E-12,0.,3.175));
#16190=CARTESIAN_POINT('',(20.0000000000033,-4.93107692307692,3.175));
#16191=CARTESIAN_POINT('',(20.0000000000033,-12.75,3.175));
#16192=CARTESIAN_POINT('',(-19.9999999999948,-4.93107692307692,3.175));
#16193=CARTESIAN_POINT('',(9.77499999999952,-4.93107692307692,3.175));
#16194=CARTESIAN_POINT('',(-19.9999999999948,12.75,3.175));
#16195=CARTESIAN_POINT('Origin',(-19.5499999999948,-5.72507692307693,3.175));
#16196=CARTESIAN_POINT('',(-19.9999999999948,-5.72507692307693,3.175));
#16197=CARTESIAN_POINT('',(20.0000000000033,-5.72507692307692,3.175));
#16198=CARTESIAN_POINT('',(-9.77499999999531,-5.72507692307692,3.175));
#16199=CARTESIAN_POINT('',(-19.9999999999948,-5.72507692307693,5.175));
#16200=CARTESIAN_POINT('',(-19.9999999999948,-5.72507692307692,3.175));
#16201=CARTESIAN_POINT('',(20.0000000000033,-5.72507692307692,5.175));
#16202=CARTESIAN_POINT('',(19.5499999999948,-5.72507692307692,5.175));
#16203=CARTESIAN_POINT('',(20.0000000000033,-5.72507692307692,3.175));
#16204=CARTESIAN_POINT('Origin',(19.5499999999948,-4.93107692307692,3.175));
#16205=CARTESIAN_POINT('',(20.0000000000033,-4.93107692307692,5.175));
#16206=CARTESIAN_POINT('',(20.0000000000033,-4.93107692307692,3.175));
#16207=CARTESIAN_POINT('',(-19.9999999999948,-4.93107692307692,5.175));
#16208=CARTESIAN_POINT('',(-19.5499999999948,-4.93107692307692,5.175));
#16209=CARTESIAN_POINT('',(-19.9999999999948,-4.93107692307692,3.175));
#16210=CARTESIAN_POINT('Origin',(2.22044604925031E-15,-5.32807692307692,
5.175));
#16211=CARTESIAN_POINT('',(20.0000000000033,-15.4140384615385,5.175));
#16212=CARTESIAN_POINT('',(-19.9999999999948,10.0859615384615,5.175));
#16213=CARTESIAN_POINT('Origin',(4.21218615542784E-12,0.,3.175));
#16214=CARTESIAN_POINT('',(20.0000000000033,-7.06230769230769,3.175));
#16215=CARTESIAN_POINT('',(20.0000000000033,-12.75,3.175));
#16216=CARTESIAN_POINT('',(-19.9999999999948,-7.06230769230769,3.175));
#16217=CARTESIAN_POINT('',(9.77499999999952,-7.06230769230769,3.175));
#16218=CARTESIAN_POINT('',(-19.9999999999948,12.75,3.175));
#16219=CARTESIAN_POINT('Origin',(-19.5499999999948,-7.8563076923077,3.175));
#16220=CARTESIAN_POINT('',(-19.9999999999948,-7.8563076923077,3.175));
#16221=CARTESIAN_POINT('',(20.0000000000033,-7.85630769230769,3.175));
#16222=CARTESIAN_POINT('',(-9.77499999999531,-7.85630769230769,3.175));
#16223=CARTESIAN_POINT('',(-19.9999999999948,-7.8563076923077,5.175));
#16224=CARTESIAN_POINT('',(-19.9999999999948,-7.8563076923077,3.175));
#16225=CARTESIAN_POINT('',(20.0000000000033,-7.85630769230769,5.175));
#16226=CARTESIAN_POINT('',(19.5499999999948,-7.85630769230769,5.175));
#16227=CARTESIAN_POINT('',(20.0000000000033,-7.85630769230769,3.175));
#16228=CARTESIAN_POINT('Origin',(19.5499999999948,-7.06230769230769,3.175));
#16229=CARTESIAN_POINT('',(20.0000000000033,-7.06230769230769,5.175));
#16230=CARTESIAN_POINT('',(20.0000000000033,-7.06230769230769,3.175));
#16231=CARTESIAN_POINT('',(-19.9999999999948,-7.06230769230769,5.175));
#16232=CARTESIAN_POINT('',(-19.5499999999948,-7.06230769230769,5.175));
#16233=CARTESIAN_POINT('',(-19.9999999999948,-7.06230769230769,3.175));
#16234=CARTESIAN_POINT('Origin',(2.22044604925031E-15,-7.45930769230769,
5.175));
#16235=CARTESIAN_POINT('',(20.0000000000033,-16.4796538461538,5.175));
#16236=CARTESIAN_POINT('',(-19.9999999999948,9.02034615384615,5.175));
#16237=CARTESIAN_POINT('Origin',(4.21218615542784E-12,0.,3.175));
#16238=CARTESIAN_POINT('',(20.0000000000033,-9.19353846153846,3.175));
#16239=CARTESIAN_POINT('',(20.0000000000033,-12.75,3.175));
#16240=CARTESIAN_POINT('',(-19.9999999999948,-9.19353846153846,3.175));
#16241=CARTESIAN_POINT('',(9.77499999999952,-9.19353846153846,3.175));
#16242=CARTESIAN_POINT('',(-19.9999999999948,12.75,3.175));
#16243=CARTESIAN_POINT('Origin',(-19.5499999999948,-9.98753846153847,3.175));
#16244=CARTESIAN_POINT('',(-19.9999999999948,-9.98753846153846,3.175));
#16245=CARTESIAN_POINT('',(20.0000000000033,-9.98753846153846,3.175));
#16246=CARTESIAN_POINT('',(-9.77499999999531,-9.98753846153846,3.175));
#16247=CARTESIAN_POINT('',(-19.9999999999948,-9.98753846153846,5.175));
#16248=CARTESIAN_POINT('',(-19.9999999999948,-9.98753846153847,3.175));
#16249=CARTESIAN_POINT('',(20.0000000000033,-9.98753846153846,5.175));
#16250=CARTESIAN_POINT('',(19.5499999999948,-9.98753846153846,5.175));
#16251=CARTESIAN_POINT('',(20.0000000000033,-9.98753846153846,3.175));
#16252=CARTESIAN_POINT('Origin',(19.5499999999948,-9.19353846153846,3.175));
#16253=CARTESIAN_POINT('',(20.0000000000033,-9.19353846153846,5.175));
#16254=CARTESIAN_POINT('',(20.0000000000033,-9.19353846153846,3.175));
#16255=CARTESIAN_POINT('',(-19.9999999999948,-9.19353846153846,5.175));
#16256=CARTESIAN_POINT('',(-19.5499999999948,-9.19353846153846,5.175));
#16257=CARTESIAN_POINT('',(-19.9999999999948,-9.19353846153846,3.175));
#16258=CARTESIAN_POINT('Origin',(2.22044604925031E-15,-9.59053846153846,
5.175));
#16259=CARTESIAN_POINT('',(20.0000000000033,-17.5452692307692,5.175));
#16260=CARTESIAN_POINT('',(-19.9999999999948,7.95473076923077,5.175));
#16261=CARTESIAN_POINT('Origin',(4.21218615542784E-12,0.,3.175));
#16262=CARTESIAN_POINT('',(20.0000000000033,-11.3247692307692,3.175));
#16263=CARTESIAN_POINT('',(20.0000000000033,-12.75,3.175));
#16264=CARTESIAN_POINT('',(-19.9999999999948,-11.3247692307692,3.175));
#16265=CARTESIAN_POINT('',(9.77499999999952,-11.3247692307692,3.175));
#16266=CARTESIAN_POINT('',(-19.9999999999948,12.75,3.175));
#16267=CARTESIAN_POINT('Origin',(-19.5499999999948,-12.1187692307692,3.175));
#16268=CARTESIAN_POINT('',(-19.9999999999948,-12.1187692307692,3.175));
#16269=CARTESIAN_POINT('',(20.0000000000033,-12.1187692307692,3.175));
#16270=CARTESIAN_POINT('',(-9.77499999999531,-12.1187692307692,3.175));
#16271=CARTESIAN_POINT('',(-19.9999999999948,-12.1187692307692,5.175));
#16272=CARTESIAN_POINT('',(-19.9999999999948,-12.1187692307692,3.175));
#16273=CARTESIAN_POINT('',(20.0000000000033,-12.1187692307692,5.175));
#16274=CARTESIAN_POINT('',(19.5499999999948,-12.1187692307692,5.175));
#16275=CARTESIAN_POINT('',(20.0000000000033,-12.1187692307692,3.175));
#16276=CARTESIAN_POINT('Origin',(19.5499999999948,-11.3247692307692,3.175));
#16277=CARTESIAN_POINT('',(20.0000000000033,-11.3247692307692,5.175));
#16278=CARTESIAN_POINT('',(20.0000000000033,-11.3247692307692,3.175));
#16279=CARTESIAN_POINT('',(-19.9999999999948,-11.3247692307692,5.175));
#16280=CARTESIAN_POINT('',(-19.5499999999948,-11.3247692307692,5.175));
#16281=CARTESIAN_POINT('',(-19.9999999999948,-11.3247692307692,3.175));
#16282=CARTESIAN_POINT('Origin',(2.22044604925031E-15,-11.7217692307692,
5.175));
#16283=CARTESIAN_POINT('',(20.0000000000033,-18.6108846153846,5.175));
#16284=CARTESIAN_POINT('',(-19.9999999999948,6.88911538461538,5.175));
#16285=CARTESIAN_POINT('Origin',(4.21218615542784E-12,0.,3.175));
#16286=CARTESIAN_POINT('',(20.0000000000033,-13.456,3.175));
#16287=CARTESIAN_POINT('',(20.0000000000033,-12.75,3.175));
#16288=CARTESIAN_POINT('',(-19.9999999999948,-13.456,3.175));
#16289=CARTESIAN_POINT('',(9.77499999999952,-13.456,3.175));
#16290=CARTESIAN_POINT('',(-19.9999999999948,12.75,3.175));
#16291=CARTESIAN_POINT('Origin',(-19.5499999999948,-14.25,3.175));
#16292=CARTESIAN_POINT('',(-19.9999999999948,-14.25,5.175));
#16293=CARTESIAN_POINT('',(-19.9999999999948,-14.25,3.175));
#16294=CARTESIAN_POINT('',(20.0000000000033,-14.25,5.175));
#16295=CARTESIAN_POINT('',(19.5499999999948,-14.25,5.175));
#16296=CARTESIAN_POINT('',(20.0000000000033,-14.25,3.175));
#16297=CARTESIAN_POINT('Origin',(19.5499999999948,-13.456,3.175));
#16298=CARTESIAN_POINT('',(20.0000000000033,-13.456,5.175));
#16299=CARTESIAN_POINT('',(20.0000000000033,-13.456,3.175));
#16300=CARTESIAN_POINT('',(-19.9999999999948,-13.456,5.175));
#16301=CARTESIAN_POINT('',(-19.5499999999948,-13.456,5.175));
#16302=CARTESIAN_POINT('',(-19.9999999999948,-13.456,3.175));
#16303=CARTESIAN_POINT('Origin',(2.22044604925031E-15,-13.853,5.175));
#16304=CARTESIAN_POINT('',(20.0000000000033,-19.6765,5.175));
#16305=CARTESIAN_POINT('',(-19.9999999999948,5.8235,5.175));
#16306=CARTESIAN_POINT('Origin',(4.21218615542784E-12,0.,3.175));
#16307=CARTESIAN_POINT('Origin',(-12.4999999999955,19.7,5.85));
#16308=CARTESIAN_POINT('',(-13.2928571428571,19.7,5.85));
#16309=CARTESIAN_POINT('Origin',(13.45,-20.8,5.85));
#16310=CARTESIAN_POINT('',(13.45,-20.8,5.85));
#16311=CARTESIAN_POINT('Origin',(13.45,-19.25,6.1));
#16312=CARTESIAN_POINT('',(13.9,-19.25,6.35));
#16313=CARTESIAN_POINT('Origin',(13.45,-19.25,6.1));
#16314=CARTESIAN_POINT('',(15.,-19.25,5.85));
#16315=CARTESIAN_POINT('Origin',(13.9,13.5517857142857,6.35));
#16316=CARTESIAN_POINT('',(13.9,13.5517857142857,6.35));
#16317=CARTESIAN_POINT('Origin',(15.,13.5517857142857,5.85));
#16318=CARTESIAN_POINT('',(15.,13.5517857142857,5.85));
#16319=CARTESIAN_POINT('Origin',(13.5517857142857,13.5517857142857,6.1));
#16320=CARTESIAN_POINT('',(13.2035714285714,13.5517857142857,6.35));
#16321=CARTESIAN_POINT('Origin',(13.5517857142857,13.5517857142857,6.1));
#16322=CARTESIAN_POINT('',(12.1035714285714,13.5517857142857,5.85));
#16323=CARTESIAN_POINT('Origin',(13.2035714285714,-13.5517857142857,6.35));
#16324=CARTESIAN_POINT('',(13.2035714285714,-13.5517857142857,6.35));
#16325=CARTESIAN_POINT('Origin',(12.1035714285714,-13.5517857142857,5.85));
#16326=CARTESIAN_POINT('',(12.1035714285714,-13.5517857142857,5.85));
#16327=CARTESIAN_POINT('Origin',(11.7553571428572,-13.5517857142857,6.1));
#16328=CARTESIAN_POINT('',(10.3071428571429,-13.5517857142857,6.35));
#16329=CARTESIAN_POINT('Origin',(11.7553571428572,-13.5517857142857,6.1));
#16330=CARTESIAN_POINT('',(11.4071428571429,-13.5517857142857,5.85));
#16331=CARTESIAN_POINT('Origin',(10.3071428571428,13.5517857142857,6.35));
#16332=CARTESIAN_POINT('',(10.3071428571428,13.5517857142857,6.35));
#16333=CARTESIAN_POINT('Origin',(11.4071428571428,13.5517857142857,5.85));
#16334=CARTESIAN_POINT('',(11.4071428571428,13.5517857142857,5.85));
#16335=CARTESIAN_POINT('Origin',(9.95892857142858,13.5517857142857,6.1));
#16336=CARTESIAN_POINT('',(9.6107142857143,13.5517857142857,6.35));
#16337=CARTESIAN_POINT('Origin',(9.95892857142858,13.5517857142857,6.1));
#16338=CARTESIAN_POINT('',(8.5107142857143,13.5517857142857,5.85));
#16339=CARTESIAN_POINT('Origin',(9.6107142857143,-13.5517857142857,6.35));
#16340=CARTESIAN_POINT('',(9.6107142857143,-13.5517857142857,6.35));
#16341=CARTESIAN_POINT('Origin',(8.5107142857143,-13.5517857142857,5.85));
#16342=CARTESIAN_POINT('',(8.5107142857143,-13.5517857142857,5.85));
#16343=CARTESIAN_POINT('Origin',(8.16250000000001,-13.5517857142857,6.1));
#16344=CARTESIAN_POINT('',(6.71428571428572,-13.5517857142857,6.35));
#16345=CARTESIAN_POINT('Origin',(8.16250000000001,-13.5517857142857,6.1));
#16346=CARTESIAN_POINT('',(7.81428571428572,-13.5517857142857,5.85));
#16347=CARTESIAN_POINT('Origin',(6.7142857142857,13.5517857142857,6.35));
#16348=CARTESIAN_POINT('',(6.7142857142857,13.5517857142857,6.35));
#16349=CARTESIAN_POINT('Origin',(7.81428571428571,13.5517857142857,5.85));
#16350=CARTESIAN_POINT('',(7.81428571428571,13.5517857142857,5.85));
#16351=CARTESIAN_POINT('Origin',(6.36607142857143,13.5517857142857,6.1));
#16352=CARTESIAN_POINT('',(6.01785714285716,13.5517857142857,6.35));
#16353=CARTESIAN_POINT('Origin',(6.36607142857143,13.5517857142857,6.1));
#16354=CARTESIAN_POINT('',(4.91785714285716,13.5517857142857,5.85));
#16355=CARTESIAN_POINT('Origin',(6.01785714285716,-13.5517857142857,6.35));
#16356=CARTESIAN_POINT('',(6.01785714285716,-13.5517857142857,6.35));
#16357=CARTESIAN_POINT('Origin',(4.91785714285716,-13.5517857142857,5.85));
#16358=CARTESIAN_POINT('',(4.91785714285716,-13.5517857142857,5.85));
#16359=CARTESIAN_POINT('Origin',(4.56964285714287,-13.5517857142857,6.1));
#16360=CARTESIAN_POINT('',(3.12142857142858,-13.5517857142857,6.35));
#16361=CARTESIAN_POINT('Origin',(4.56964285714287,-13.5517857142857,6.1));
#16362=CARTESIAN_POINT('',(4.22142857142858,-13.5517857142857,5.85));
#16363=CARTESIAN_POINT('Origin',(3.12142857142856,13.5517857142857,6.35));
#16364=CARTESIAN_POINT('',(3.12142857142856,13.5517857142857,6.35));
#16365=CARTESIAN_POINT('Origin',(4.22142857142856,13.5517857142857,5.85));
#16366=CARTESIAN_POINT('',(4.22142857142856,13.5517857142857,5.85));
#16367=CARTESIAN_POINT('Origin',(2.77321428571429,13.5517857142857,6.1));
#16368=CARTESIAN_POINT('',(2.42500000000001,13.5517857142857,6.35));
#16369=CARTESIAN_POINT('Origin',(2.77321428571429,13.5517857142857,6.1));
#16370=CARTESIAN_POINT('',(1.32500000000001,13.5517857142857,5.85));
#16371=CARTESIAN_POINT('Origin',(2.42500000000001,-13.5517857142857,6.35));
#16372=CARTESIAN_POINT('',(2.42500000000001,-13.5517857142857,6.35));
#16373=CARTESIAN_POINT('Origin',(1.32500000000001,-13.5517857142857,5.85));
#16374=CARTESIAN_POINT('',(1.32500000000001,-13.5517857142857,5.85));
#16375=CARTESIAN_POINT('Origin',(0.976785714285726,-13.5517857142857,6.1));
#16376=CARTESIAN_POINT('',(-0.471428571428557,-13.5517857142857,6.35));
#16377=CARTESIAN_POINT('Origin',(0.976785714285726,-13.5517857142857,6.1));
#16378=CARTESIAN_POINT('',(0.628571428571443,-13.5517857142857,5.85));
#16379=CARTESIAN_POINT('Origin',(-0.47142857142857,13.5517857142857,6.35));
#16380=CARTESIAN_POINT('',(-0.47142857142857,13.5517857142857,6.35));
#16381=CARTESIAN_POINT('Origin',(0.62857142857143,13.5517857142857,5.85));
#16382=CARTESIAN_POINT('',(0.62857142857143,13.5517857142857,5.85));
#16383=CARTESIAN_POINT('Origin',(-0.819642857142857,13.5517857142857,6.1));
#16384=CARTESIAN_POINT('',(-1.16785714285714,13.5517857142857,6.35));
#16385=CARTESIAN_POINT('Origin',(-0.819642857142857,13.5517857142857,6.1));
#16386=CARTESIAN_POINT('',(-2.26785714285714,13.5517857142857,5.85));
#16387=CARTESIAN_POINT('Origin',(-1.16785714285714,-13.5517857142857,6.35));
#16388=CARTESIAN_POINT('',(-1.16785714285714,-13.5517857142857,6.35));
#16389=CARTESIAN_POINT('Origin',(-2.26785714285714,-13.5517857142857,5.85));
#16390=CARTESIAN_POINT('',(-2.26785714285714,-13.5517857142857,5.85));
#16391=CARTESIAN_POINT('Origin',(-2.61607142857142,-13.5517857142857,6.1));
#16392=CARTESIAN_POINT('',(-4.06428571428569,-13.5517857142857,6.35));
#16393=CARTESIAN_POINT('Origin',(-2.61607142857142,-13.5517857142857,6.1));
#16394=CARTESIAN_POINT('',(-2.96428571428569,-13.5517857142857,5.85));
#16395=CARTESIAN_POINT('Origin',(-4.06428571428571,13.5517857142857,6.35));
#16396=CARTESIAN_POINT('',(-4.06428571428571,13.5517857142857,6.35));
#16397=CARTESIAN_POINT('Origin',(-2.96428571428571,13.5517857142857,5.85));
#16398=CARTESIAN_POINT('',(-2.96428571428571,13.5517857142857,5.85));
#16399=CARTESIAN_POINT('Origin',(-4.4125,13.5517857142857,6.1));
#16400=CARTESIAN_POINT('',(-4.7607142857143,13.5517857142857,6.35));
#16401=CARTESIAN_POINT('Origin',(-4.4125,13.5517857142857,6.1));
#16402=CARTESIAN_POINT('',(-5.8607142857143,13.5517857142857,5.85));
#16403=CARTESIAN_POINT('Origin',(-4.7607142857143,-13.5517857142857,6.35));
#16404=CARTESIAN_POINT('',(-4.7607142857143,-13.5517857142857,6.35));
#16405=CARTESIAN_POINT('Origin',(-5.8607142857143,-13.5517857142857,5.85));
#16406=CARTESIAN_POINT('',(-5.8607142857143,-13.5517857142857,5.85));
#16407=CARTESIAN_POINT('Origin',(-6.20892857142857,-13.5517857142857,6.1));
#16408=CARTESIAN_POINT('',(-7.65714285714283,-13.5517857142857,6.35));
#16409=CARTESIAN_POINT('Origin',(-6.20892857142857,-13.5517857142857,6.1));
#16410=CARTESIAN_POINT('',(-6.55714285714283,-13.5517857142857,5.85));
#16411=CARTESIAN_POINT('Origin',(-7.65714285714285,13.5517857142857,6.35));
#16412=CARTESIAN_POINT('',(-7.65714285714285,13.5517857142857,6.35));
#16413=CARTESIAN_POINT('Origin',(-6.55714285714284,13.5517857142857,5.85));
#16414=CARTESIAN_POINT('',(-6.55714285714284,13.5517857142857,5.85));
#16415=CARTESIAN_POINT('Origin',(-8.00535714285714,13.5517857142857,6.1));
#16416=CARTESIAN_POINT('',(-8.35357142857143,13.5517857142857,6.35));
#16417=CARTESIAN_POINT('Origin',(-8.00535714285714,13.5517857142857,6.1));
#16418=CARTESIAN_POINT('',(-9.45357142857143,13.5517857142857,5.85));
#16419=CARTESIAN_POINT('Origin',(-8.35357142857143,-13.5517857142857,6.35));
#16420=CARTESIAN_POINT('',(-8.35357142857143,-13.5517857142857,6.35));
#16421=CARTESIAN_POINT('Origin',(-9.45357142857143,-13.5517857142857,5.85));
#16422=CARTESIAN_POINT('',(-9.45357142857143,-13.5517857142857,5.85));
#16423=CARTESIAN_POINT('Origin',(-9.8017857142857,-13.5517857142857,6.1));
#16424=CARTESIAN_POINT('',(-11.25,-13.5517857142857,6.35));
#16425=CARTESIAN_POINT('Origin',(-9.8017857142857,-13.5517857142857,6.1));
#16426=CARTESIAN_POINT('',(-10.15,-13.5517857142857,5.85));
#16427=CARTESIAN_POINT('Origin',(-11.25,13.5517857142857,6.35));
#16428=CARTESIAN_POINT('',(-11.25,13.5517857142857,6.35));
#16429=CARTESIAN_POINT('Origin',(-10.15,13.5517857142857,5.85));
#16430=CARTESIAN_POINT('',(-10.15,13.5517857142857,5.85));
#16431=CARTESIAN_POINT('Origin',(-11.5982142857143,13.5517857142857,6.1));
#16432=CARTESIAN_POINT('',(-11.9464285714286,13.5517857142857,6.35));
#16433=CARTESIAN_POINT('Origin',(-11.5982142857143,13.5517857142857,6.1));
#16434=CARTESIAN_POINT('',(-13.0464285714286,13.5517857142857,5.85));
#16435=CARTESIAN_POINT('Origin',(-11.9464285714286,-13.5517857142857,6.35));
#16436=CARTESIAN_POINT('',(-11.9464285714286,-13.5517857142857,6.35));
#16437=CARTESIAN_POINT('Origin',(-13.0464285714286,-13.5517857142857,5.85));
#16438=CARTESIAN_POINT('',(-13.0464285714286,-13.5517857142857,5.85));
#16439=CARTESIAN_POINT('Origin',(-13.3946428571428,-13.5517857142857,6.1));
#16440=CARTESIAN_POINT('',(-14.8428571428571,-13.5517857142857,6.35));
#16441=CARTESIAN_POINT('Origin',(-13.3946428571428,-13.5517857142857,6.1));
#16442=CARTESIAN_POINT('',(-13.7428571428571,-13.5517857142857,5.85));
#16443=CARTESIAN_POINT('Origin',(-14.8428571428571,19.25,6.35));
#16444=CARTESIAN_POINT('',(-14.8428571428571,19.25,6.35));
#16445=CARTESIAN_POINT('Origin',(-13.7428571428571,19.25,5.85));
#16446=CARTESIAN_POINT('',(-13.7428571428571,19.25,5.85));
#16447=CARTESIAN_POINT('Origin',(-13.2928571428571,19.25,6.1));
#16448=CARTESIAN_POINT('Origin',(-13.2928571428571,19.25,6.1));
#16449=CARTESIAN_POINT('Origin',(-12.4999999999955,20.8,6.35));
#16450=CARTESIAN_POINT('Origin',(20.0000000000033,-25.5,3.175));
#16451=CARTESIAN_POINT('',(20.0000000000033,25.5,3.175));
#16452=CARTESIAN_POINT('',(20.0000000000033,-25.5,3.175));
#16453=CARTESIAN_POINT('Origin',(10.,20.0000006705523,3.175));
#16454=CARTESIAN_POINT('',(7.975,20.0000006705523,3.175));
#16455=CARTESIAN_POINT('Origin',(-10.,-20.0000006705523,3.175));
#16456=CARTESIAN_POINT('',(-12.025,-20.0000006705523,3.175));
#16457=CARTESIAN_POINT('Origin',(-19.9999999999948,25.5,3.175));
#16458=CARTESIAN_POINT('',(-19.9999999999948,-25.5,3.175));
#16459=CARTESIAN_POINT('',(-19.9999999999948,25.5,3.175));
#16460=CARTESIAN_POINT('Origin',(19.5500000000032,25.5,3.175));
#16461=CARTESIAN_POINT('Origin',(-19.5499999999948,-25.5,3.175));
#16462=CARTESIAN_POINT('',(0.,0.,0.));
#16463=CARTESIAN_POINT('',(0.,0.,0.));
#16464=CARTESIAN_POINT('',(0.,0.,0.));
#16465=CARTESIAN_POINT('Origin',(-11.8428571428571,22.3,3.175));
#16466=CARTESIAN_POINT('',(-11.8428571428571,22.3,3.175));
#16467=CARTESIAN_POINT('',(-15.8428571428571,22.3,3.175));
#16468=CARTESIAN_POINT('',(-11.8428571428571,22.3,3.175));
#16469=CARTESIAN_POINT('',(-15.8428571428571,22.3,3.275));
#16470=CARTESIAN_POINT('',(-15.8428571428571,22.3,3.175));
#16471=CARTESIAN_POINT('',(-11.8428571428571,22.3,3.275));
#16472=CARTESIAN_POINT('',(-11.8428571428571,22.3,3.275));
#16473=CARTESIAN_POINT('',(-11.8428571428571,22.3,3.175));
#16474=CARTESIAN_POINT('Origin',(-11.8428571428571,15.3,3.175));
#16475=CARTESIAN_POINT('',(-11.8428571428571,15.3,3.175));
#16476=CARTESIAN_POINT('',(-11.8428571428571,15.3,3.175));
#16477=CARTESIAN_POINT('',(-11.8428571428571,15.3,3.275));
#16478=CARTESIAN_POINT('',(-11.8428571428571,15.3,3.275));
#16479=CARTESIAN_POINT('',(-11.8428571428571,15.3,3.175));
#16480=CARTESIAN_POINT('Origin',(-15.8428571428571,15.3,3.175));
#16481=CARTESIAN_POINT('',(-15.8428571428571,15.3,3.175));
#16482=CARTESIAN_POINT('',(-15.8428571428571,15.3,3.175));
#16483=CARTESIAN_POINT('',(-15.8428571428571,15.3,3.275));
#16484=CARTESIAN_POINT('',(-15.8428571428571,15.3,3.275));
#16485=CARTESIAN_POINT('',(-15.8428571428571,15.3,3.175));
#16486=CARTESIAN_POINT('Origin',(-15.8428571428571,22.3,3.175));
#16487=CARTESIAN_POINT('',(-15.8428571428571,22.3,3.175));
#16488=CARTESIAN_POINT('',(-15.8428571428571,22.3,3.275));
#16489=CARTESIAN_POINT('Origin',(-13.8428571428571,18.8,3.275));
#16490=CARTESIAN_POINT('Origin',(-13.8428571428571,18.8,3.175));
#16491=CARTESIAN_POINT('Origin',(11.8428571428571,-22.3,3.175));
#16492=CARTESIAN_POINT('',(11.8428571428571,-22.3,3.175));
#16493=CARTESIAN_POINT('',(15.8428571428571,-22.3,3.175));
#16494=CARTESIAN_POINT('',(11.8428571428571,-22.3,3.175));
#16495=CARTESIAN_POINT('',(15.8428571428571,-22.3,3.275));
#16496=CARTESIAN_POINT('',(15.8428571428571,-22.3,3.175));
#16497=CARTESIAN_POINT('',(11.8428571428571,-22.3,3.275));
#16498=CARTESIAN_POINT('',(11.8428571428571,-22.3,3.275));
#16499=CARTESIAN_POINT('',(11.8428571428571,-22.3,3.175));
#16500=CARTESIAN_POINT('Origin',(11.8428571428571,-15.3,3.175));
#16501=CARTESIAN_POINT('',(11.8428571428571,-15.3,3.175));
#16502=CARTESIAN_POINT('',(11.8428571428571,-15.3,3.175));
#16503=CARTESIAN_POINT('',(11.8428571428571,-15.3,3.275));
#16504=CARTESIAN_POINT('',(11.8428571428571,-15.3,3.275));
#16505=CARTESIAN_POINT('',(11.8428571428571,-15.3,3.175));
#16506=CARTESIAN_POINT('Origin',(15.8428571428571,-15.3,3.175));
#16507=CARTESIAN_POINT('',(15.8428571428571,-15.3,3.175));
#16508=CARTESIAN_POINT('',(15.8428571428571,-15.3,3.175));
#16509=CARTESIAN_POINT('',(15.8428571428571,-15.3,3.275));
#16510=CARTESIAN_POINT('',(15.8428571428571,-15.3,3.275));
#16511=CARTESIAN_POINT('',(15.8428571428571,-15.3,3.175));
#16512=CARTESIAN_POINT('Origin',(15.8428571428571,-22.3,3.175));
#16513=CARTESIAN_POINT('',(15.8428571428571,-22.3,3.175));
#16514=CARTESIAN_POINT('',(15.8428571428571,-22.3,3.275));
#16515=CARTESIAN_POINT('Origin',(13.8428571428571,-18.8,3.275));
#16516=CARTESIAN_POINT('Origin',(13.8428571428571,-18.8,3.175));
#16517=CARTESIAN_POINT('',(0.,0.,0.));
#16518=CARTESIAN_POINT('Origin',(16.0000000000033,16.,3.6576));
#16519=CARTESIAN_POINT('',(16.0000000000033,-16.,3.6576));
#16520=CARTESIAN_POINT('',(16.0000000000033,16.,3.6576));
#16521=CARTESIAN_POINT('',(16.0000000000033,8.,3.6576));
#16522=CARTESIAN_POINT('',(16.0000000000033,-16.,3.7576));
#16523=CARTESIAN_POINT('',(16.0000000000033,-16.,3.6576));
#16524=CARTESIAN_POINT('',(16.0000000000033,16.,3.7576));
#16525=CARTESIAN_POINT('',(16.0000000000033,8.,3.7576));
#16526=CARTESIAN_POINT('',(16.0000000000033,16.,3.6576));
#16527=CARTESIAN_POINT('Origin',(20.0000000000033,16.,3.6576));
#16528=CARTESIAN_POINT('',(20.0000000000033,16.,3.6576));
#16529=CARTESIAN_POINT('',(10.0000000000037,16.,3.6576));
#16530=CARTESIAN_POINT('',(20.0000000000033,16.,3.7576));
#16531=CARTESIAN_POINT('',(10.0000000000037,16.,3.7576));
#16532=CARTESIAN_POINT('',(20.0000000000033,16.,3.6576));
#16533=CARTESIAN_POINT('Origin',(20.0000000000033,-16.,3.6576));
#16534=CARTESIAN_POINT('',(20.0000000000033,-16.,3.6576));
#16535=CARTESIAN_POINT('',(20.0000000000033,-8.,3.6576));
#16536=CARTESIAN_POINT('',(20.0000000000033,-16.,3.7576));
#16537=CARTESIAN_POINT('',(20.0000000000033,-8.,3.7576));
#16538=CARTESIAN_POINT('',(20.0000000000033,-16.,3.6576));
#16539=CARTESIAN_POINT('Origin',(16.0000000000033,-16.,3.6576));
#16540=CARTESIAN_POINT('',(8.00000000000373,-16.,3.6576));
#16541=CARTESIAN_POINT('',(8.00000000000373,-16.,3.7576));
#16542=CARTESIAN_POINT('Origin',(4.21218615542784E-12,0.,3.7576));
#16543=CARTESIAN_POINT('Origin',(4.21218615542784E-12,0.,3.6576));
#16544=CARTESIAN_POINT('Origin',(-15.9999999999948,16.,3.6576));
#16545=CARTESIAN_POINT('',(-19.9999999999948,16.,3.6576));
#16546=CARTESIAN_POINT('',(-15.9999999999948,16.,3.6576));
#16547=CARTESIAN_POINT('',(-7.99999999999531,16.,3.6576));
#16548=CARTESIAN_POINT('',(-19.9999999999948,16.,3.7576));
#16549=CARTESIAN_POINT('',(-19.9999999999948,16.,3.6576));
#16550=CARTESIAN_POINT('',(-15.9999999999948,16.,3.7576));
#16551=CARTESIAN_POINT('',(-7.99999999999531,16.,3.7576));
#16552=CARTESIAN_POINT('',(-15.9999999999948,16.,3.6576));
#16553=CARTESIAN_POINT('Origin',(-15.9999999999948,-16.,3.6576));
#16554=CARTESIAN_POINT('',(-15.9999999999948,-16.,3.6576));
#16555=CARTESIAN_POINT('',(-15.9999999999948,-8.,3.6576));
#16556=CARTESIAN_POINT('',(-15.9999999999948,-16.,3.7576));
#16557=CARTESIAN_POINT('',(-15.9999999999948,-8.,3.7576));
#16558=CARTESIAN_POINT('',(-15.9999999999948,-16.,3.6576));
#16559=CARTESIAN_POINT('Origin',(-19.9999999999948,-16.,3.6576));
#16560=CARTESIAN_POINT('',(-19.9999999999948,-16.,3.6576));
#16561=CARTESIAN_POINT('',(-9.99999999999531,-16.,3.6576));
#16562=CARTESIAN_POINT('',(-19.9999999999948,-16.,3.7576));
#16563=CARTESIAN_POINT('',(-9.99999999999531,-16.,3.7576));
#16564=CARTESIAN_POINT('',(-19.9999999999948,-16.,3.6576));
#16565=CARTESIAN_POINT('Origin',(-19.9999999999948,16.,3.6576));
#16566=CARTESIAN_POINT('',(-19.9999999999948,8.,3.6576));
#16567=CARTESIAN_POINT('',(-19.9999999999948,8.,3.7576));
#16568=CARTESIAN_POINT('Origin',(4.21218615542784E-12,0.,3.7576));
#16569=CARTESIAN_POINT('Origin',(4.21218615542784E-12,0.,3.6576));
#16570=CARTESIAN_POINT('',(0.,0.,-1.));
#16571=CARTESIAN_POINT('',(0.,0.,49.));
#16572=CARTESIAN_POINT('',(0.,0.,0.));
#16573=CARTESIAN_POINT('Origin',(-34.7031815614083,-7.00000000000001,5.8));
#16574=CARTESIAN_POINT('',(-15.5999999999994,-6.9999999999993,6.35));
#16575=CARTESIAN_POINT('',(-16.511610922422,-12.8308064154902,6.35));
#16576=CARTESIAN_POINT('Origin',(-34.7031815614083,-7.00000000000001,6.35));
#16577=CARTESIAN_POINT('',(-15.5999999999994,-6.9999999999993,5.8));
#16578=CARTESIAN_POINT('',(-15.5999999999994,-6.9999999999993,5.8));
#16579=CARTESIAN_POINT('',(-16.511610922422,-12.8308064154902,5.8));
#16580=CARTESIAN_POINT('Origin',(-34.7031815614083,-7.00000000000001,5.8));
#16581=CARTESIAN_POINT('',(-16.511610922422,-12.8308064154902,5.8));
#16582=CARTESIAN_POINT('Origin',(-13.7499999999948,-13.7159646573545,5.8));
#16583=CARTESIAN_POINT('',(-12.5154116246528,-16.3400438374631,6.35));
#16584=CARTESIAN_POINT('Origin',(-13.7499999999948,-13.7159646573545,6.35));
#16585=CARTESIAN_POINT('',(-12.5154116246528,-16.3400438374631,5.8));
#16586=CARTESIAN_POINT('Origin',(-13.7499999999948,-13.7159646573545,5.8));
#16587=CARTESIAN_POINT('',(-12.5154116246528,-16.3400438374631,5.8));
#16588=CARTESIAN_POINT('Origin',(-8.75669433426913,-24.3290804933981,5.8));
#16589=CARTESIAN_POINT('',(-8.75669433426914,-15.5,6.35));
#16590=CARTESIAN_POINT('Origin',(-8.75669433426913,-24.3290804933981,6.35));
#16591=CARTESIAN_POINT('',(-8.75669433426914,-15.5,5.8));
#16592=CARTESIAN_POINT('Origin',(-8.75669433426913,-24.3290804933981,5.8));
#16593=CARTESIAN_POINT('',(-8.75669433426914,-15.5,5.8));
#16594=CARTESIAN_POINT('Origin',(-0.397296803562782,-15.5,5.8));
#16595=CARTESIAN_POINT('',(-0.397296803562782,-15.5,6.35));
#16596=CARTESIAN_POINT('',(-0.198648401779285,-15.5,6.35));
#16597=CARTESIAN_POINT('',(-0.397296803562782,-15.5,5.8));
#16598=CARTESIAN_POINT('',(-0.397296803562782,-15.5,5.8));
#16599=CARTESIAN_POINT('',(-0.397296803562782,-15.5,5.8));
#16600=CARTESIAN_POINT('Origin',(-0.397296803562776,-20.,5.8));
#16601=CARTESIAN_POINT('',(4.10105936076595,-19.8783783783784,6.35));
#16602=CARTESIAN_POINT('Origin',(-0.397296803562776,-20.,6.35));
#16603=CARTESIAN_POINT('',(4.10105936076595,-19.8783783783784,5.8));
#16604=CARTESIAN_POINT('Origin',(-0.397296803562776,-20.,5.8));
#16605=CARTESIAN_POINT('',(4.10105936076595,-19.8783783783784,5.8));
#16606=CARTESIAN_POINT('Origin',(7.,-19.8,5.8));
#16607=CARTESIAN_POINT('',(6.99999999999999,-22.7,6.35));
#16608=CARTESIAN_POINT('Origin',(7.,-19.8,6.35));
#16609=CARTESIAN_POINT('',(6.99999999999999,-22.7,5.8));
#16610=CARTESIAN_POINT('Origin',(7.,-19.8,5.8));
#16611=CARTESIAN_POINT('',(6.99999999999999,-22.7,5.8));
#16612=CARTESIAN_POINT('Origin',(13.8500000000032,-22.7,5.8));
#16613=CARTESIAN_POINT('',(13.8500000000032,-22.7,6.35));
#16614=CARTESIAN_POINT('',(6.92500000000373,-22.7,6.35));
#16615=CARTESIAN_POINT('',(13.8500000000032,-22.7,5.8));
#16616=CARTESIAN_POINT('',(13.8500000000032,-22.7,5.8));
#16617=CARTESIAN_POINT('',(13.8500000000032,-22.7,5.8));
#16618=CARTESIAN_POINT('Origin',(13.8500000000033,-19.8,5.8));
#16619=CARTESIAN_POINT('',(16.6266056706239,-18.96306454856,6.35));
#16620=CARTESIAN_POINT('Origin',(13.8500000000033,-19.8,6.35));
#16621=CARTESIAN_POINT('',(16.6266056706239,-18.96306454856,5.8));
#16622=CARTESIAN_POINT('Origin',(13.8500000000033,-19.8,5.8));
#16623=CARTESIAN_POINT('',(16.6266056706239,-18.96306454856,5.8));
#16624=CARTESIAN_POINT('Origin',(39.7271739129706,-12.,5.8));
#16625=CARTESIAN_POINT('',(15.6,-12.,6.35));
#16626=CARTESIAN_POINT('Origin',(39.7271739129706,-12.,6.35));
#16627=CARTESIAN_POINT('',(15.6,-12.,5.8));
#16628=CARTESIAN_POINT('Origin',(39.7271739129706,-12.,5.8));
#16629=CARTESIAN_POINT('',(15.6,-12.,5.8));
#16630=CARTESIAN_POINT('Origin',(15.5999999999994,6.99999999999929,5.8));
#16631=CARTESIAN_POINT('',(15.5999999999994,6.99999999999929,6.35));
#16632=CARTESIAN_POINT('',(15.5999999999994,3.49999999999965,6.35));
#16633=CARTESIAN_POINT('',(15.5999999999994,6.99999999999929,5.8));
#16634=CARTESIAN_POINT('',(15.5999999999994,6.99999999999929,5.8));
#16635=CARTESIAN_POINT('',(15.5999999999994,6.99999999999929,5.8));
#16636=CARTESIAN_POINT('Origin',(-39.7271739129705,12.,5.8));
#16637=CARTESIAN_POINT('',(-17.2,12.,6.35));
#16638=CARTESIAN_POINT('',(-18.1585260406215,18.5013070581103,6.35));
#16639=CARTESIAN_POINT('Origin',(-39.7271739129705,12.,6.35));
#16640=CARTESIAN_POINT('',(-17.2,12.,5.8));
#16641=CARTESIAN_POINT('',(-17.2,12.,5.8));
#16642=CARTESIAN_POINT('',(-18.1585260406215,18.5013070581103,5.8));
#16643=CARTESIAN_POINT('Origin',(-39.7271739129705,12.,5.8));
#16644=CARTESIAN_POINT('',(-18.1585260406215,18.5013070581103,5.8));
#16645=CARTESIAN_POINT('Origin',(-13.8500000000033,19.8,5.8));
#16646=CARTESIAN_POINT('',(-13.8500000000032,24.3,6.35));
#16647=CARTESIAN_POINT('Origin',(-13.8500000000033,19.8,6.35));
#16648=CARTESIAN_POINT('',(-13.8500000000032,24.3,5.8));
#16649=CARTESIAN_POINT('Origin',(-13.8500000000033,19.8,5.8));
#16650=CARTESIAN_POINT('',(-13.8500000000032,24.3,5.8));
#16651=CARTESIAN_POINT('Origin',(-6.99999999999999,24.3,5.8));
#16652=CARTESIAN_POINT('',(-6.99999999999999,24.3,6.35));
#16653=CARTESIAN_POINT('',(-3.49999999999789,24.3,6.35));
#16654=CARTESIAN_POINT('',(-6.99999999999999,24.3,5.8));
#16655=CARTESIAN_POINT('',(-13.8500000000032,24.3,5.8));
#16656=CARTESIAN_POINT('',(-6.99999999999999,24.3,5.8));
#16657=CARTESIAN_POINT('Origin',(-6.99999999999999,19.8,5.8));
#16658=CARTESIAN_POINT('',(-2.50164383567129,19.9216216216216,6.35));
#16659=CARTESIAN_POINT('Origin',(-6.99999999999999,19.8,6.35));
#16660=CARTESIAN_POINT('',(-2.50164383567129,19.9216216216216,5.8));
#16661=CARTESIAN_POINT('Origin',(-6.99999999999999,19.8,5.8));
#16662=CARTESIAN_POINT('',(-2.50164383567129,19.9216216216216,5.8));
#16663=CARTESIAN_POINT('Origin',(0.397296803562782,20.,5.8));
#16664=CARTESIAN_POINT('',(0.397296803562783,17.1,6.35));
#16665=CARTESIAN_POINT('Origin',(0.397296803562782,20.,6.35));
#16666=CARTESIAN_POINT('',(0.397296803562783,17.1,5.8));
#16667=CARTESIAN_POINT('Origin',(0.397296803562782,20.,5.8));
#16668=CARTESIAN_POINT('',(0.397296803562783,17.1,5.8));
#16669=CARTESIAN_POINT('Origin',(8.75669433426914,17.1,5.8));
#16670=CARTESIAN_POINT('',(8.75669433426914,17.1,6.35));
#16671=CARTESIAN_POINT('',(4.37834716713668,17.1,6.35));
#16672=CARTESIAN_POINT('',(8.75669433426914,17.1,5.8));
#16673=CARTESIAN_POINT('',(0.397296803562783,17.1,5.8));
#16674=CARTESIAN_POINT('',(8.75669433426914,17.1,5.8));
#16675=CARTESIAN_POINT('Origin',(8.75669433426913,24.3290804933982,5.8));
#16676=CARTESIAN_POINT('',(11.8342594175673,17.7878116609702,6.35));
#16677=CARTESIAN_POINT('Origin',(8.75669433426913,24.3290804933982,6.35));
#16678=CARTESIAN_POINT('',(11.8342594175673,17.7878116609702,5.8));
#16679=CARTESIAN_POINT('Origin',(8.75669433426913,24.3290804933982,5.8));
#16680=CARTESIAN_POINT('',(11.8342594175673,17.7878116609702,5.8));
#16681=CARTESIAN_POINT('Origin',(13.7499999999948,13.7159646573544,5.8));
#16682=CARTESIAN_POINT('',(18.0352583278984,12.342443247566,6.35));
#16683=CARTESIAN_POINT('Origin',(13.7499999999948,13.7159646573544,6.35));
#16684=CARTESIAN_POINT('',(18.0352583278984,12.342443247566,5.8));
#16685=CARTESIAN_POINT('Origin',(13.7499999999948,13.7159646573544,5.8));
#16686=CARTESIAN_POINT('',(18.0352583278984,12.342443247566,5.8));
#16687=CARTESIAN_POINT('Origin',(34.7031815614082,6.99999999999999,5.8));
#16688=CARTESIAN_POINT('',(17.1999999999994,7.00000000000068,6.35));
#16689=CARTESIAN_POINT('Origin',(34.7031815614082,6.99999999999999,6.35));
#16690=CARTESIAN_POINT('',(17.1999999999994,7.00000000000068,5.8));
#16691=CARTESIAN_POINT('Origin',(34.7031815614082,6.99999999999999,5.8));
#16692=CARTESIAN_POINT('',(17.1999999999994,7.00000000000068,5.8));
#16693=CARTESIAN_POINT('Origin',(17.2,-12.,5.8));
#16694=CARTESIAN_POINT('',(17.2,-12.,6.35));
#16695=CARTESIAN_POINT('',(17.2,-6.,6.35));
#16696=CARTESIAN_POINT('',(17.2,-12.,5.8));
#16697=CARTESIAN_POINT('',(17.2,0.,5.8));
#16698=CARTESIAN_POINT('',(17.2,-12.,5.8));
#16699=CARTESIAN_POINT('Origin',(34.7031815614083,7.,5.8));
#16700=CARTESIAN_POINT('',(16.511610922422,12.8308064154902,6.35));
#16701=CARTESIAN_POINT('Origin',(34.7031815614083,7.,6.35));
#16702=CARTESIAN_POINT('',(16.511610922422,12.8308064154902,5.8));
#16703=CARTESIAN_POINT('Origin',(34.7031815614083,7.,5.8));
#16704=CARTESIAN_POINT('',(16.511610922422,12.8308064154902,5.8));
#16705=CARTESIAN_POINT('Origin',(13.7499999999948,13.7159646573544,5.8));
#16706=CARTESIAN_POINT('',(12.5154116246528,16.3400438374631,6.35));
#16707=CARTESIAN_POINT('Origin',(13.7499999999948,13.7159646573544,6.35));
#16708=CARTESIAN_POINT('',(12.5154116246528,16.3400438374631,5.8));
#16709=CARTESIAN_POINT('Origin',(13.7499999999948,13.7159646573544,5.8));
#16710=CARTESIAN_POINT('',(12.5154116246528,16.3400438374631,5.8));
#16711=CARTESIAN_POINT('Origin',(8.75669433426914,24.3290804933981,5.8));
#16712=CARTESIAN_POINT('',(8.75669433426914,15.5,6.35));
#16713=CARTESIAN_POINT('Origin',(8.75669433426914,24.3290804933981,6.35));
#16714=CARTESIAN_POINT('',(8.75669433426914,15.5,5.8));
#16715=CARTESIAN_POINT('Origin',(8.75669433426914,24.3290804933981,5.8));
#16716=CARTESIAN_POINT('',(8.75669433426914,15.5,5.8));
#16717=CARTESIAN_POINT('Origin',(0.397296803562783,15.5,5.8));
#16718=CARTESIAN_POINT('',(0.397296803562783,15.5,6.35));
#16719=CARTESIAN_POINT('',(0.198648401783499,15.5,6.35));
#16720=CARTESIAN_POINT('',(0.397296803562783,15.5,5.8));
#16721=CARTESIAN_POINT('',(0.397296803562783,15.5,5.8));
#16722=CARTESIAN_POINT('',(0.397296803562783,15.5,5.8));
#16723=CARTESIAN_POINT('Origin',(0.397296803562779,20.,5.8));
#16724=CARTESIAN_POINT('',(-4.10105936076594,19.8783783783784,6.35));
#16725=CARTESIAN_POINT('Origin',(0.397296803562779,20.,6.35));
#16726=CARTESIAN_POINT('',(-4.10105936076594,19.8783783783784,5.8));
#16727=CARTESIAN_POINT('Origin',(0.397296803562779,20.,5.8));
#16728=CARTESIAN_POINT('',(-4.10105936076594,19.8783783783784,5.8));
#16729=CARTESIAN_POINT('Origin',(-7.,19.8,5.8));
#16730=CARTESIAN_POINT('',(-6.99999999999999,22.7,6.35));
#16731=CARTESIAN_POINT('Origin',(-7.,19.8,6.35));
#16732=CARTESIAN_POINT('',(-6.99999999999999,22.7,5.8));
#16733=CARTESIAN_POINT('Origin',(-7.,19.8,5.8));
#16734=CARTESIAN_POINT('',(-6.99999999999999,22.7,5.8));
#16735=CARTESIAN_POINT('Origin',(-13.8500000000032,22.7,5.8));
#16736=CARTESIAN_POINT('',(-13.8500000000032,22.7,6.35));
#16737=CARTESIAN_POINT('',(-6.92499999999952,22.7,6.35));
#16738=CARTESIAN_POINT('',(-13.8500000000032,22.7,5.8));
#16739=CARTESIAN_POINT('',(-13.8500000000032,22.7,5.8));
#16740=CARTESIAN_POINT('',(-13.8500000000032,22.7,5.8));
#16741=CARTESIAN_POINT('Origin',(-13.8500000000033,19.8,5.8));
#16742=CARTESIAN_POINT('',(-16.6266056706239,18.96306454856,6.35));
#16743=CARTESIAN_POINT('Origin',(-13.8500000000033,19.8,6.35));
#16744=CARTESIAN_POINT('',(-16.6266056706239,18.96306454856,5.8));
#16745=CARTESIAN_POINT('Origin',(-13.8500000000033,19.8,5.8));
#16746=CARTESIAN_POINT('',(-16.6266056706239,18.96306454856,5.8));
#16747=CARTESIAN_POINT('Origin',(-39.7271739129706,12.,5.8));
#16748=CARTESIAN_POINT('',(-15.6,12.,6.35));
#16749=CARTESIAN_POINT('Origin',(-39.7271739129706,12.,6.35));
#16750=CARTESIAN_POINT('',(-15.6,12.,5.8));
#16751=CARTESIAN_POINT('Origin',(-39.7271739129706,12.,5.8));
#16752=CARTESIAN_POINT('',(-15.6,12.,5.8));
#16753=CARTESIAN_POINT('Origin',(-15.5999999999994,-6.9999999999993,5.8));
#16754=CARTESIAN_POINT('',(-15.5999999999994,-3.49999999999965,6.35));
#16755=CARTESIAN_POINT('',(-15.5999999999994,-6.9999999999993,5.8));
#16756=CARTESIAN_POINT('Origin',(39.7271739129705,-12.,5.8));
#16757=CARTESIAN_POINT('',(18.1585260406215,-18.5013070581103,6.35));
#16758=CARTESIAN_POINT('Origin',(39.7271739129705,-12.,6.35));
#16759=CARTESIAN_POINT('',(18.1585260406215,-18.5013070581103,5.8));
#16760=CARTESIAN_POINT('Origin',(39.7271739129705,-12.,5.8));
#16761=CARTESIAN_POINT('',(18.1585260406215,-18.5013070581103,5.8));
#16762=CARTESIAN_POINT('Origin',(13.8500000000033,-19.8,5.8));
#16763=CARTESIAN_POINT('',(13.8500000000032,-24.3,6.35));
#16764=CARTESIAN_POINT('Origin',(13.8500000000033,-19.8,6.35));
#16765=CARTESIAN_POINT('',(13.8500000000032,-24.3,5.8));
#16766=CARTESIAN_POINT('Origin',(13.8500000000033,-19.8,5.8));
#16767=CARTESIAN_POINT('',(13.8500000000032,-24.3,5.8));
#16768=CARTESIAN_POINT('Origin',(6.99999999999999,-24.3,5.8));
#16769=CARTESIAN_POINT('',(6.99999999999999,-24.3,6.35));
#16770=CARTESIAN_POINT('',(3.5000000000021,-24.3,6.35));
#16771=CARTESIAN_POINT('',(6.99999999999999,-24.3,5.8));
#16772=CARTESIAN_POINT('',(13.8500000000032,-24.3,5.8));
#16773=CARTESIAN_POINT('',(6.99999999999999,-24.3,5.8));
#16774=CARTESIAN_POINT('Origin',(6.99999999999999,-19.8,5.8));
#16775=CARTESIAN_POINT('',(2.50164383567129,-19.9216216216216,6.35));
#16776=CARTESIAN_POINT('Origin',(6.99999999999999,-19.8,6.35));
#16777=CARTESIAN_POINT('',(2.50164383567129,-19.9216216216216,5.8));
#16778=CARTESIAN_POINT('Origin',(6.99999999999999,-19.8,5.8));
#16779=CARTESIAN_POINT('',(2.50164383567129,-19.9216216216216,5.8));
#16780=CARTESIAN_POINT('Origin',(-0.39729680356278,-20.,5.8));
#16781=CARTESIAN_POINT('',(-0.397296803562781,-17.1,6.35));
#16782=CARTESIAN_POINT('Origin',(-0.39729680356278,-20.,6.35));
#16783=CARTESIAN_POINT('',(-0.397296803562781,-17.1,5.8));
#16784=CARTESIAN_POINT('Origin',(-0.39729680356278,-20.,5.8));
#16785=CARTESIAN_POINT('',(-0.397296803562781,-17.1,5.8));
#16786=CARTESIAN_POINT('Origin',(-8.75669433426914,-17.1,5.8));
#16787=CARTESIAN_POINT('',(-8.75669433426914,-17.1,6.35));
#16788=CARTESIAN_POINT('',(-4.37834716713246,-17.1,6.35));
#16789=CARTESIAN_POINT('',(-8.75669433426914,-17.1,5.8));
#16790=CARTESIAN_POINT('',(-0.397296803562781,-17.1,5.8));
#16791=CARTESIAN_POINT('',(-8.75669433426914,-17.1,5.8));
#16792=CARTESIAN_POINT('Origin',(-8.75669433426913,-24.3290804933982,5.8));
#16793=CARTESIAN_POINT('',(-11.8342594175673,-17.7878116609702,6.35));
#16794=CARTESIAN_POINT('Origin',(-8.75669433426913,-24.3290804933982,6.35));
#16795=CARTESIAN_POINT('',(-11.8342594175673,-17.7878116609702,5.8));
#16796=CARTESIAN_POINT('Origin',(-8.75669433426913,-24.3290804933982,5.8));
#16797=CARTESIAN_POINT('',(-11.8342594175673,-17.7878116609702,5.8));
#16798=CARTESIAN_POINT('Origin',(-13.7499999999948,-13.7159646573545,5.8));
#16799=CARTESIAN_POINT('',(-18.0352583278984,-12.342443247566,6.35));
#16800=CARTESIAN_POINT('Origin',(-13.7499999999948,-13.7159646573545,6.35));
#16801=CARTESIAN_POINT('',(-18.0352583278984,-12.342443247566,5.8));
#16802=CARTESIAN_POINT('Origin',(-13.7499999999948,-13.7159646573545,5.8));
#16803=CARTESIAN_POINT('',(-18.0352583278984,-12.342443247566,5.8));
#16804=CARTESIAN_POINT('Origin',(-34.7031815614082,-6.99999999999999,5.8));
#16805=CARTESIAN_POINT('',(-17.1999999999994,-7.00000000000068,6.35));
#16806=CARTESIAN_POINT('Origin',(-34.7031815614082,-6.99999999999999,6.35));
#16807=CARTESIAN_POINT('',(-17.1999999999994,-7.00000000000068,5.8));
#16808=CARTESIAN_POINT('Origin',(-34.7031815614082,-6.99999999999999,5.8));
#16809=CARTESIAN_POINT('',(-17.1999999999994,-7.00000000000068,5.8));
#16810=CARTESIAN_POINT('Origin',(-17.1999999999994,11.9999999999993,5.8));
#16811=CARTESIAN_POINT('',(-17.1999999999994,5.99999999999967,6.35));
#16812=CARTESIAN_POINT('',(-17.1999999999994,-7.00000000000068,5.8));
#16813=CARTESIAN_POINT('Origin',(15.6,0.,5.8));
#16814=CARTESIAN_POINT('Origin',(4.21218615542784E-12,0.,6.35));
#16815=CARTESIAN_POINT('',(-19.9999999999948,-25.5,6.35));
#16816=CARTESIAN_POINT('',(20.0000000000033,-25.5,6.35));
#16817=CARTESIAN_POINT('',(19.5500000000033,-25.5,6.35));
#16818=CARTESIAN_POINT('',(20.0000000000033,25.5,6.35));
#16819=CARTESIAN_POINT('',(20.0000000000033,-12.75,6.35));
#16820=CARTESIAN_POINT('',(-19.9999999999948,25.5,6.35));
#16821=CARTESIAN_POINT('',(-19.5499999999948,25.5,6.35));
#16822=CARTESIAN_POINT('',(-19.9999999999948,12.75,6.35));
#16823=CARTESIAN_POINT('',(7.975,20.0000006705523,6.35));
#16824=CARTESIAN_POINT('Origin',(10.,20.0000006705523,6.35));
#16825=CARTESIAN_POINT('',(-12.025,-20.0000006705523,6.35));
#16826=CARTESIAN_POINT('Origin',(-10.,-20.0000006705523,6.35));
#16827=CARTESIAN_POINT('Origin',(-13.45,20.8,5.85));
#16828=CARTESIAN_POINT('',(-13.45,20.7920136583212,5.85));
#16829=CARTESIAN_POINT('',(-13.45,20.7920136583212,6.35));
#16830=CARTESIAN_POINT('',(-13.45,20.7920136583212,6.1));
#16831=CARTESIAN_POINT('',(-13.45,20.8,5.85));
#16832=CARTESIAN_POINT('',(-13.45,19.7,5.85));
#16833=CARTESIAN_POINT('',(-13.45,20.8,6.35));
#16834=CARTESIAN_POINT('',(-13.45,20.8,5.85));
#16835=CARTESIAN_POINT('',(-13.4500000000001,10.4,6.35));
#16836=CARTESIAN_POINT('Origin',(-12.4999999999955,20.8,5.85));
#16837=CARTESIAN_POINT('',(-12.4790199457722,19.7,5.85));
#16838=CARTESIAN_POINT('',(-13.2928571428571,19.7,5.85));
#16839=CARTESIAN_POINT('',(-12.4999999999955,19.7,5.85));
#16840=CARTESIAN_POINT('',(-12.4999999999973,19.95,5.85));
#16841=CARTESIAN_POINT('Origin',(-10.9999999999973,19.95,5.85));
#16842=CARTESIAN_POINT('',(-12.2359207094281,20.8,5.85));
#16843=CARTESIAN_POINT('Origin',(-10.9999999999973,19.95,5.85));
#16844=CARTESIAN_POINT('',(-13.45,20.8,5.85));
#16845=CARTESIAN_POINT('',(-14.8428571428571,19.25,5.85));
#16846=CARTESIAN_POINT('Origin',(-13.2928571428571,19.25,5.85));
#16847=CARTESIAN_POINT('',(-14.8428571428571,-13.5517857142857,5.85));
#16848=CARTESIAN_POINT('',(-14.8428571428571,19.25,5.85));
#16849=CARTESIAN_POINT('',(-11.9464285714286,-13.5517857142857,5.85));
#16850=CARTESIAN_POINT('Origin',(-13.3946428571428,-13.5517857142857,5.85));
#16851=CARTESIAN_POINT('',(-11.9464285714286,13.5517857142857,5.85));
#16852=CARTESIAN_POINT('',(-11.9464285714286,-13.5517857142857,5.85));
#16853=CARTESIAN_POINT('',(-11.25,13.5517857142857,5.85));
#16854=CARTESIAN_POINT('Origin',(-11.5982142857143,13.5517857142857,5.85));
#16855=CARTESIAN_POINT('',(-11.25,-13.5517857142857,5.85));
#16856=CARTESIAN_POINT('',(-11.25,13.5517857142857,5.85));
#16857=CARTESIAN_POINT('',(-8.35357142857143,-13.5517857142857,5.85));
#16858=CARTESIAN_POINT('Origin',(-9.8017857142857,-13.5517857142857,5.85));
#16859=CARTESIAN_POINT('',(-8.35357142857143,13.5517857142857,5.85));
#16860=CARTESIAN_POINT('',(-8.35357142857143,-13.5517857142857,5.85));
#16861=CARTESIAN_POINT('',(-7.65714285714285,13.5517857142857,5.85));
#16862=CARTESIAN_POINT('Origin',(-8.00535714285714,13.5517857142857,5.85));
#16863=CARTESIAN_POINT('',(-7.65714285714283,-13.5517857142857,5.85));
#16864=CARTESIAN_POINT('',(-7.65714285714285,13.5517857142857,5.85));
#16865=CARTESIAN_POINT('',(-4.7607142857143,-13.5517857142857,5.85));
#16866=CARTESIAN_POINT('Origin',(-6.20892857142857,-13.5517857142857,5.85));
#16867=CARTESIAN_POINT('',(-4.7607142857143,13.5517857142857,5.85));
#16868=CARTESIAN_POINT('',(-4.7607142857143,-13.5517857142857,5.85));
#16869=CARTESIAN_POINT('',(-4.06428571428571,13.5517857142857,5.85));
#16870=CARTESIAN_POINT('Origin',(-4.4125,13.5517857142857,5.85));
#16871=CARTESIAN_POINT('',(-4.06428571428569,-13.5517857142857,5.85));
#16872=CARTESIAN_POINT('',(-4.06428571428571,13.5517857142857,5.85));
#16873=CARTESIAN_POINT('',(-1.16785714285714,-13.5517857142857,5.85));
#16874=CARTESIAN_POINT('Origin',(-2.61607142857142,-13.5517857142857,5.85));
#16875=CARTESIAN_POINT('',(-1.16785714285714,13.5517857142857,5.85));
#16876=CARTESIAN_POINT('',(-1.16785714285714,-13.5517857142857,5.85));
#16877=CARTESIAN_POINT('',(-0.471428571428572,13.5517857142857,5.85));
#16878=CARTESIAN_POINT('Origin',(-0.819642857142857,13.5517857142857,5.85));
#16879=CARTESIAN_POINT('',(-0.471428571428558,-13.5517857142857,5.85));
#16880=CARTESIAN_POINT('',(-0.471428571428572,13.5517857142857,5.85));
#16881=CARTESIAN_POINT('',(2.42500000000001,-13.5517857142857,5.85));
#16882=CARTESIAN_POINT('Origin',(0.976785714285726,-13.5517857142857,5.85));
#16883=CARTESIAN_POINT('',(2.42500000000001,13.5517857142857,5.85));
#16884=CARTESIAN_POINT('',(2.42500000000001,-13.5517857142857,5.85));
#16885=CARTESIAN_POINT('',(3.12142857142856,13.5517857142857,5.85));
#16886=CARTESIAN_POINT('Origin',(2.77321428571429,13.5517857142857,5.85));
#16887=CARTESIAN_POINT('',(3.12142857142858,-13.5517857142857,5.85));
#16888=CARTESIAN_POINT('',(3.12142857142856,13.5517857142857,5.85));
#16889=CARTESIAN_POINT('',(6.01785714285716,-13.5517857142857,5.85));
#16890=CARTESIAN_POINT('Origin',(4.56964285714287,-13.5517857142857,5.85));
#16891=CARTESIAN_POINT('',(6.01785714285716,13.5517857142857,5.85));
#16892=CARTESIAN_POINT('',(6.01785714285716,-13.5517857142857,5.85));
#16893=CARTESIAN_POINT('',(6.7142857142857,13.5517857142857,5.85));
#16894=CARTESIAN_POINT('Origin',(6.36607142857143,13.5517857142857,5.85));
#16895=CARTESIAN_POINT('',(6.71428571428572,-13.5517857142857,5.85));
#16896=CARTESIAN_POINT('',(6.7142857142857,13.5517857142857,5.85));
#16897=CARTESIAN_POINT('',(9.6107142857143,-13.5517857142857,5.85));
#16898=CARTESIAN_POINT('Origin',(8.16250000000001,-13.5517857142857,5.85));
#16899=CARTESIAN_POINT('',(9.6107142857143,13.5517857142857,5.85));
#16900=CARTESIAN_POINT('',(9.6107142857143,-13.5517857142857,5.85));
#16901=CARTESIAN_POINT('',(10.3071428571428,13.5517857142857,5.85));
#16902=CARTESIAN_POINT('Origin',(9.95892857142858,13.5517857142857,5.85));
#16903=CARTESIAN_POINT('',(10.3071428571429,-13.5517857142857,5.85));
#16904=CARTESIAN_POINT('',(10.3071428571428,13.5517857142857,5.85));
#16905=CARTESIAN_POINT('',(13.2035714285714,-13.5517857142857,5.85));
#16906=CARTESIAN_POINT('Origin',(11.7553571428572,-13.5517857142857,5.85));
#16907=CARTESIAN_POINT('',(13.2035714285714,13.5517857142857,5.85));
#16908=CARTESIAN_POINT('',(13.2035714285714,-13.5517857142857,5.85));
#16909=CARTESIAN_POINT('',(13.9,13.5517857142857,5.85));
#16910=CARTESIAN_POINT('Origin',(13.5517857142857,13.5517857142857,5.85));
#16911=CARTESIAN_POINT('',(13.9,-19.25,5.85));
#16912=CARTESIAN_POINT('',(13.9,13.5517857142857,5.85));
#16913=CARTESIAN_POINT('',(13.45,-19.7,5.85));
#16914=CARTESIAN_POINT('Origin',(13.45,-19.25,5.85));
#16915=CARTESIAN_POINT('',(12.4790199457722,-19.7,5.85));
#16916=CARTESIAN_POINT('',(13.45,-19.7,5.85));
#16917=CARTESIAN_POINT('',(12.2359207094281,-20.8,5.85));
#16918=CARTESIAN_POINT('Origin',(10.9999999999973,-19.95,5.85));
#16919=CARTESIAN_POINT('',(13.45,-20.8,5.85));
#16920=CARTESIAN_POINT('',(13.45,-20.8,5.85));
#16921=CARTESIAN_POINT('',(15.,-19.25,5.85));
#16922=CARTESIAN_POINT('Origin',(13.45,-19.25,5.85));
#16923=CARTESIAN_POINT('',(15.,13.5517857142857,5.85));
#16924=CARTESIAN_POINT('',(15.,13.5517857142857,5.85));
#16925=CARTESIAN_POINT('',(12.1035714285714,13.5517857142857,5.85));
#16926=CARTESIAN_POINT('Origin',(13.5517857142857,13.5517857142857,5.85));
#16927=CARTESIAN_POINT('',(12.1035714285714,-13.5517857142857,5.85));
#16928=CARTESIAN_POINT('',(12.1035714285714,-13.5517857142857,5.85));
#16929=CARTESIAN_POINT('',(11.4071428571429,-13.5517857142857,5.85));
#16930=CARTESIAN_POINT('Origin',(11.7553571428572,-13.5517857142857,5.85));
#16931=CARTESIAN_POINT('',(11.4071428571429,13.5517857142857,5.85));
#16932=CARTESIAN_POINT('',(11.4071428571429,13.5517857142857,5.85));
#16933=CARTESIAN_POINT('',(8.5107142857143,13.5517857142857,5.85));
#16934=CARTESIAN_POINT('Origin',(9.95892857142858,13.5517857142857,5.85));
#16935=CARTESIAN_POINT('',(8.5107142857143,-13.5517857142857,5.85));
#16936=CARTESIAN_POINT('',(8.5107142857143,-13.5517857142857,5.85));
#16937=CARTESIAN_POINT('',(7.81428571428572,-13.5517857142857,5.85));
#16938=CARTESIAN_POINT('Origin',(8.16250000000001,-13.5517857142857,5.85));
#16939=CARTESIAN_POINT('',(7.81428571428571,13.5517857142857,5.85));
#16940=CARTESIAN_POINT('',(7.81428571428571,13.5517857142857,5.85));
#16941=CARTESIAN_POINT('',(4.91785714285716,13.5517857142857,5.85));
#16942=CARTESIAN_POINT('Origin',(6.36607142857143,13.5517857142857,5.85));
#16943=CARTESIAN_POINT('',(4.91785714285716,-13.5517857142857,5.85));
#16944=CARTESIAN_POINT('',(4.91785714285716,-13.5517857142857,5.85));
#16945=CARTESIAN_POINT('',(4.22142857142858,-13.5517857142857,5.85));
#16946=CARTESIAN_POINT('Origin',(4.56964285714287,-13.5517857142857,5.85));
#16947=CARTESIAN_POINT('',(4.22142857142857,13.5517857142857,5.85));
#16948=CARTESIAN_POINT('',(4.22142857142857,13.5517857142857,5.85));
#16949=CARTESIAN_POINT('',(1.32500000000001,13.5517857142857,5.85));
#16950=CARTESIAN_POINT('Origin',(2.77321428571429,13.5517857142857,5.85));
#16951=CARTESIAN_POINT('',(1.32500000000001,-13.5517857142857,5.85));
#16952=CARTESIAN_POINT('',(1.32500000000001,-13.5517857142857,5.85));
#16953=CARTESIAN_POINT('',(0.628571428571445,-13.5517857142857,5.85));
#16954=CARTESIAN_POINT('Origin',(0.976785714285726,-13.5517857142857,5.85));
#16955=CARTESIAN_POINT('',(0.628571428571432,13.5517857142857,5.85));
#16956=CARTESIAN_POINT('',(0.628571428571432,13.5517857142857,5.85));
#16957=CARTESIAN_POINT('',(-2.26785714285715,13.5517857142857,5.85));
#16958=CARTESIAN_POINT('Origin',(-0.819642857142857,13.5517857142857,5.85));
#16959=CARTESIAN_POINT('',(-2.26785714285715,-13.5517857142857,5.85));
#16960=CARTESIAN_POINT('',(-2.26785714285715,-13.5517857142857,5.85));
#16961=CARTESIAN_POINT('',(-2.96428571428569,-13.5517857142857,5.85));
#16962=CARTESIAN_POINT('Origin',(-2.61607142857142,-13.5517857142857,5.85));
#16963=CARTESIAN_POINT('',(-2.9642857142857,13.5517857142857,5.85));
#16964=CARTESIAN_POINT('',(-2.9642857142857,13.5517857142857,5.85));
#16965=CARTESIAN_POINT('',(-5.8607142857143,13.5517857142857,5.85));
#16966=CARTESIAN_POINT('Origin',(-4.4125,13.5517857142857,5.85));
#16967=CARTESIAN_POINT('',(-5.8607142857143,-13.5517857142857,5.85));
#16968=CARTESIAN_POINT('',(-5.8607142857143,-13.5517857142857,5.85));
#16969=CARTESIAN_POINT('',(-6.55714285714283,-13.5517857142857,5.85));
#16970=CARTESIAN_POINT('Origin',(-6.20892857142857,-13.5517857142857,5.85));
#16971=CARTESIAN_POINT('',(-6.55714285714284,13.5517857142857,5.85));
#16972=CARTESIAN_POINT('',(-6.55714285714284,13.5517857142857,5.85));
#16973=CARTESIAN_POINT('',(-9.45357142857143,13.5517857142857,5.85));
#16974=CARTESIAN_POINT('Origin',(-8.00535714285714,13.5517857142857,5.85));
#16975=CARTESIAN_POINT('',(-9.45357142857143,-13.5517857142857,5.85));
#16976=CARTESIAN_POINT('',(-9.45357142857143,-13.5517857142857,5.85));
#16977=CARTESIAN_POINT('',(-10.15,-13.5517857142857,5.85));
#16978=CARTESIAN_POINT('Origin',(-9.8017857142857,-13.5517857142857,5.85));
#16979=CARTESIAN_POINT('',(-10.15,13.5517857142857,5.85));
#16980=CARTESIAN_POINT('',(-10.15,13.5517857142857,5.85));
#16981=CARTESIAN_POINT('',(-13.0464285714286,13.5517857142857,5.85));
#16982=CARTESIAN_POINT('Origin',(-11.5982142857143,13.5517857142857,5.85));
#16983=CARTESIAN_POINT('',(-13.0464285714286,-13.5517857142857,5.85));
#16984=CARTESIAN_POINT('',(-13.0464285714286,-13.5517857142857,5.85));
#16985=CARTESIAN_POINT('',(-13.7428571428571,-13.5517857142857,5.85));
#16986=CARTESIAN_POINT('Origin',(-13.3946428571428,-13.5517857142857,5.85));
#16987=CARTESIAN_POINT('',(-13.7428571428571,19.25,5.85));
#16988=CARTESIAN_POINT('',(-13.7428571428571,19.25,5.85));
#16989=CARTESIAN_POINT('Origin',(-13.2928571428571,19.25,5.85));
#16990=CARTESIAN_POINT('Origin',(-10.9999999999973,19.95,3.175));
#16991=CARTESIAN_POINT('',(-12.4999999999973,19.95,3.175));
#16992=CARTESIAN_POINT('Origin',(-10.9999999999973,19.95,3.175));
#16993=CARTESIAN_POINT('',(-12.4999999999973,19.95,3.175));
#16994=CARTESIAN_POINT('',(-12.4790199457722,19.7,6.35));
#16995=CARTESIAN_POINT('',(-12.4790199457722,19.7,3.175));
#16996=CARTESIAN_POINT('',(-12.2359207094281,20.8,6.35));
#16997=CARTESIAN_POINT('Origin',(-10.9999999999973,19.95,6.35));
#16998=CARTESIAN_POINT('',(-12.2359207094281,20.8,3.175));
#16999=CARTESIAN_POINT('Origin',(4.21218615542784E-12,0.,6.35));
#17000=CARTESIAN_POINT('',(-5.49999999999648,20.8,6.35));
#17001=CARTESIAN_POINT('',(-13.2928571428571,19.7,6.35));
#17002=CARTESIAN_POINT('',(-6.24999999999557,19.7,6.35));
#17003=CARTESIAN_POINT('',(-13.7428571428571,19.25,6.35));
#17004=CARTESIAN_POINT('Origin',(-13.2928571428571,19.25,6.35));
#17005=CARTESIAN_POINT('',(-13.7428571428571,-13.5517857142857,6.35));
#17006=CARTESIAN_POINT('',(-13.7428571428571,9.625,6.35));
#17007=CARTESIAN_POINT('',(-13.0464285714286,-13.5517857142857,6.35));
#17008=CARTESIAN_POINT('Origin',(-13.3946428571428,-13.5517857142857,6.35));
#17009=CARTESIAN_POINT('',(-13.0464285714286,13.5517857142857,6.35));
#17010=CARTESIAN_POINT('',(-13.0464285714286,-6.77589285714286,6.35));
#17011=CARTESIAN_POINT('',(-10.15,13.5517857142857,6.35));
#17012=CARTESIAN_POINT('Origin',(-11.5982142857143,13.5517857142857,6.35));
#17013=CARTESIAN_POINT('',(-10.15,-13.5517857142857,6.35));
#17014=CARTESIAN_POINT('',(-10.15,6.77589285714285,6.35));
#17015=CARTESIAN_POINT('',(-9.45357142857143,-13.5517857142857,6.35));
#17016=CARTESIAN_POINT('Origin',(-9.8017857142857,-13.5517857142857,6.35));
#17017=CARTESIAN_POINT('',(-9.45357142857143,13.5517857142857,6.35));
#17018=CARTESIAN_POINT('',(-9.45357142857143,-6.77589285714286,6.35));
#17019=CARTESIAN_POINT('',(-6.55714285714284,13.5517857142857,6.35));
#17020=CARTESIAN_POINT('Origin',(-8.00535714285714,13.5517857142857,6.35));
#17021=CARTESIAN_POINT('',(-6.55714285714283,-13.5517857142857,6.35));
#17022=CARTESIAN_POINT('',(-6.55714285714284,6.77589285714286,6.35));
#17023=CARTESIAN_POINT('',(-5.8607142857143,-13.5517857142857,6.35));
#17024=CARTESIAN_POINT('Origin',(-6.20892857142857,-13.5517857142857,6.35));
#17025=CARTESIAN_POINT('',(-5.8607142857143,13.5517857142857,6.35));
#17026=CARTESIAN_POINT('',(-5.8607142857143,-6.77589285714286,6.35));
#17027=CARTESIAN_POINT('',(-2.9642857142857,13.5517857142857,6.35));
#17028=CARTESIAN_POINT('Origin',(-4.4125,13.5517857142857,6.35));
#17029=CARTESIAN_POINT('',(-2.96428571428569,-13.5517857142857,6.35));
#17030=CARTESIAN_POINT('',(-2.9642857142857,6.77589285714286,6.35));
#17031=CARTESIAN_POINT('',(-2.26785714285715,-13.5517857142857,6.35));
#17032=CARTESIAN_POINT('Origin',(-2.61607142857142,-13.5517857142857,6.35));
#17033=CARTESIAN_POINT('',(-2.26785714285715,13.5517857142857,6.35));
#17034=CARTESIAN_POINT('',(-2.26785714285714,-6.77589285714286,6.35));
#17035=CARTESIAN_POINT('',(0.628571428571432,13.5517857142857,6.35));
#17036=CARTESIAN_POINT('Origin',(-0.819642857142857,13.5517857142857,6.35));
#17037=CARTESIAN_POINT('',(0.628571428571445,-13.5517857142857,6.35));
#17038=CARTESIAN_POINT('',(0.628571428571433,6.77589285714286,6.35));
#17039=CARTESIAN_POINT('',(1.32500000000001,-13.5517857142857,6.35));
#17040=CARTESIAN_POINT('Origin',(0.976785714285726,-13.5517857142857,6.35));
#17041=CARTESIAN_POINT('',(1.32500000000001,13.5517857142857,6.35));
#17042=CARTESIAN_POINT('',(1.32500000000001,-6.77589285714286,6.35));
#17043=CARTESIAN_POINT('',(4.22142857142857,13.5517857142857,6.35));
#17044=CARTESIAN_POINT('Origin',(2.77321428571429,13.5517857142857,6.35));
#17045=CARTESIAN_POINT('',(4.22142857142858,-13.5517857142857,6.35));
#17046=CARTESIAN_POINT('',(4.22142857142857,6.77589285714286,6.35));
#17047=CARTESIAN_POINT('',(4.91785714285716,-13.5517857142857,6.35));
#17048=CARTESIAN_POINT('Origin',(4.56964285714287,-13.5517857142857,6.35));
#17049=CARTESIAN_POINT('',(4.91785714285716,13.5517857142857,6.35));
#17050=CARTESIAN_POINT('',(4.91785714285716,-6.77589285714286,6.35));
#17051=CARTESIAN_POINT('',(7.81428571428571,13.5517857142857,6.35));
#17052=CARTESIAN_POINT('Origin',(6.36607142857143,13.5517857142857,6.35));
#17053=CARTESIAN_POINT('',(7.81428571428572,-13.5517857142857,6.35));
#17054=CARTESIAN_POINT('',(7.81428571428571,6.77589285714286,6.35));
#17055=CARTESIAN_POINT('',(8.5107142857143,-13.5517857142857,6.35));
#17056=CARTESIAN_POINT('Origin',(8.16250000000001,-13.5517857142857,6.35));
#17057=CARTESIAN_POINT('',(8.5107142857143,13.5517857142857,6.35));
#17058=CARTESIAN_POINT('',(8.5107142857143,-6.77589285714286,6.35));
#17059=CARTESIAN_POINT('',(11.4071428571429,13.5517857142857,6.35));
#17060=CARTESIAN_POINT('Origin',(9.95892857142858,13.5517857142857,6.35));
#17061=CARTESIAN_POINT('',(11.4071428571429,-13.5517857142857,6.35));
#17062=CARTESIAN_POINT('',(11.4071428571429,6.77589285714286,6.35));
#17063=CARTESIAN_POINT('',(12.1035714285714,-13.5517857142857,6.35));
#17064=CARTESIAN_POINT('Origin',(11.7553571428572,-13.5517857142857,6.35));
#17065=CARTESIAN_POINT('',(12.1035714285714,13.5517857142857,6.35));
#17066=CARTESIAN_POINT('',(12.1035714285714,-6.77589285714286,6.35));
#17067=CARTESIAN_POINT('',(15.,13.5517857142857,6.35));
#17068=CARTESIAN_POINT('Origin',(13.5517857142857,13.5517857142857,6.35));
#17069=CARTESIAN_POINT('',(15.,-19.25,6.35));
#17070=CARTESIAN_POINT('',(15.,6.77589285714286,6.35));
#17071=CARTESIAN_POINT('',(13.45,-20.8,6.35));
#17072=CARTESIAN_POINT('Origin',(13.45,-19.25,6.35));
#17073=CARTESIAN_POINT('',(12.2359207094281,-20.8,6.35));
#17074=CARTESIAN_POINT('',(5.5000000000007,-20.8,6.35));
#17075=CARTESIAN_POINT('',(9.49999999999727,-19.95,6.35));
#17076=CARTESIAN_POINT('Origin',(10.9999999999973,-19.95,6.35));
#17077=CARTESIAN_POINT('',(12.4790199457722,-19.7,6.35));
#17078=CARTESIAN_POINT('Origin',(10.9999999999973,-19.95,6.35));
#17079=CARTESIAN_POINT('',(13.45,-19.7,6.35));
#17080=CARTESIAN_POINT('',(6.72500000000211,-19.7,6.35));
#17081=CARTESIAN_POINT('',(13.9,-19.25,6.35));
#17082=CARTESIAN_POINT('Origin',(13.45,-19.25,6.35));
#17083=CARTESIAN_POINT('',(13.9,13.5517857142857,6.35));
#17084=CARTESIAN_POINT('',(13.9,6.77589285714286,6.35));
#17085=CARTESIAN_POINT('',(13.2035714285714,13.5517857142857,6.35));
#17086=CARTESIAN_POINT('Origin',(13.5517857142857,13.5517857142857,6.35));
#17087=CARTESIAN_POINT('',(13.2035714285714,-13.5517857142857,6.35));
#17088=CARTESIAN_POINT('',(13.2035714285714,-6.77589285714286,6.35));
#17089=CARTESIAN_POINT('',(10.3071428571429,-13.5517857142857,6.35));
#17090=CARTESIAN_POINT('Origin',(11.7553571428572,-13.5517857142857,6.35));
#17091=CARTESIAN_POINT('',(10.3071428571428,13.5517857142857,6.35));
#17092=CARTESIAN_POINT('',(10.3071428571429,6.77589285714286,6.35));
#17093=CARTESIAN_POINT('',(9.6107142857143,13.5517857142857,6.35));
#17094=CARTESIAN_POINT('Origin',(9.95892857142858,13.5517857142857,6.35));
#17095=CARTESIAN_POINT('',(9.6107142857143,-13.5517857142857,6.35));
#17096=CARTESIAN_POINT('',(9.6107142857143,-6.77589285714286,6.35));
#17097=CARTESIAN_POINT('',(6.71428571428572,-13.5517857142857,6.35));
#17098=CARTESIAN_POINT('Origin',(8.16250000000001,-13.5517857142857,6.35));
#17099=CARTESIAN_POINT('',(6.7142857142857,13.5517857142857,6.35));
#17100=CARTESIAN_POINT('',(6.71428571428571,6.77589285714286,6.35));
#17101=CARTESIAN_POINT('',(6.01785714285716,13.5517857142857,6.35));
#17102=CARTESIAN_POINT('Origin',(6.36607142857143,13.5517857142857,6.35));
#17103=CARTESIAN_POINT('',(6.01785714285716,-13.5517857142857,6.35));
#17104=CARTESIAN_POINT('',(6.01785714285716,-6.77589285714286,6.35));
#17105=CARTESIAN_POINT('',(3.12142857142858,-13.5517857142857,6.35));
#17106=CARTESIAN_POINT('Origin',(4.56964285714287,-13.5517857142857,6.35));
#17107=CARTESIAN_POINT('',(3.12142857142856,13.5517857142857,6.35));
#17108=CARTESIAN_POINT('',(3.12142857142857,6.77589285714286,6.35));
#17109=CARTESIAN_POINT('',(2.42500000000001,13.5517857142857,6.35));
#17110=CARTESIAN_POINT('Origin',(2.77321428571429,13.5517857142857,6.35));
#17111=CARTESIAN_POINT('',(2.42500000000001,-13.5517857142857,6.35));
#17112=CARTESIAN_POINT('',(2.42500000000001,-6.77589285714286,6.35));
#17113=CARTESIAN_POINT('',(-0.471428571428558,-13.5517857142857,6.35));
#17114=CARTESIAN_POINT('Origin',(0.976785714285726,-13.5517857142857,6.35));
#17115=CARTESIAN_POINT('',(-0.471428571428572,13.5517857142857,6.35));
#17116=CARTESIAN_POINT('',(-0.471428571428567,6.77589285714286,6.35));
#17117=CARTESIAN_POINT('',(-1.16785714285714,13.5517857142857,6.35));
#17118=CARTESIAN_POINT('Origin',(-0.819642857142857,13.5517857142857,6.35));
#17119=CARTESIAN_POINT('',(-1.16785714285714,-13.5517857142857,6.35));
#17120=CARTESIAN_POINT('',(-1.16785714285714,-6.77589285714286,6.35));
#17121=CARTESIAN_POINT('',(-4.06428571428569,-13.5517857142857,6.35));
#17122=CARTESIAN_POINT('Origin',(-2.61607142857142,-13.5517857142857,6.35));
#17123=CARTESIAN_POINT('',(-4.06428571428571,13.5517857142857,6.35));
#17124=CARTESIAN_POINT('',(-4.0642857142857,6.77589285714286,6.35));
#17125=CARTESIAN_POINT('',(-4.7607142857143,13.5517857142857,6.35));
#17126=CARTESIAN_POINT('Origin',(-4.4125,13.5517857142857,6.35));
#17127=CARTESIAN_POINT('',(-4.7607142857143,-13.5517857142857,6.35));
#17128=CARTESIAN_POINT('',(-4.7607142857143,-6.77589285714286,6.35));
#17129=CARTESIAN_POINT('',(-7.65714285714283,-13.5517857142857,6.35));
#17130=CARTESIAN_POINT('Origin',(-6.20892857142857,-13.5517857142857,6.35));
#17131=CARTESIAN_POINT('',(-7.65714285714285,13.5517857142857,6.35));
#17132=CARTESIAN_POINT('',(-7.65714285714284,6.77589285714286,6.35));
#17133=CARTESIAN_POINT('',(-8.35357142857143,13.5517857142857,6.35));
#17134=CARTESIAN_POINT('Origin',(-8.00535714285714,13.5517857142857,6.35));
#17135=CARTESIAN_POINT('',(-8.35357142857143,-13.5517857142857,6.35));
#17136=CARTESIAN_POINT('',(-8.35357142857143,-6.77589285714286,6.35));
#17137=CARTESIAN_POINT('',(-11.25,-13.5517857142857,6.35));
#17138=CARTESIAN_POINT('Origin',(-9.8017857142857,-13.5517857142857,6.35));
#17139=CARTESIAN_POINT('',(-11.25,13.5517857142857,6.35));
#17140=CARTESIAN_POINT('',(-11.25,6.77589285714285,6.35));
#17141=CARTESIAN_POINT('',(-11.9464285714286,13.5517857142857,6.35));
#17142=CARTESIAN_POINT('Origin',(-11.5982142857143,13.5517857142857,6.35));
#17143=CARTESIAN_POINT('',(-11.9464285714286,-13.5517857142857,6.35));
#17144=CARTESIAN_POINT('',(-11.9464285714286,-6.77589285714286,6.35));
#17145=CARTESIAN_POINT('',(-14.8428571428571,-13.5517857142857,6.35));
#17146=CARTESIAN_POINT('Origin',(-13.3946428571428,-13.5517857142857,6.35));
#17147=CARTESIAN_POINT('',(-14.8428571428571,19.25,6.35));
#17148=CARTESIAN_POINT('',(-14.8428571428571,9.625,6.35));
#17149=CARTESIAN_POINT('Origin',(-13.2928571428571,19.25,6.35));
#17150=CARTESIAN_POINT('Origin',(-10.1999999999945,19.95,4.51));
#17151=CARTESIAN_POINT('',(-10.1999999999945,22.,3.175));
#17152=CARTESIAN_POINT('',(-10.1999999999945,17.9,3.175));
#17153=CARTESIAN_POINT('Origin',(-10.1999999999945,19.95,3.175));
#17154=CARTESIAN_POINT('',(-10.1999999999945,22.,4.51));
#17155=CARTESIAN_POINT('',(-10.1999999999945,22.,4.51));
#17156=CARTESIAN_POINT('',(-10.1999999999945,17.9,4.51));
#17157=CARTESIAN_POINT('Origin',(-10.1999999999945,19.95,4.51));
#17158=CARTESIAN_POINT('',(-10.1999999999945,17.9,4.51));
#17159=CARTESIAN_POINT('Origin',(-11.8,17.9,4.51));
#17160=CARTESIAN_POINT('',(-11.8,17.9,3.175));
#17161=CARTESIAN_POINT('',(-5.89999999999789,17.9,3.175));
#17162=CARTESIAN_POINT('',(-11.8,17.9,4.51));
#17163=CARTESIAN_POINT('',(-10.5999999999973,17.9,4.51));
#17164=CARTESIAN_POINT('',(-11.8,17.9,4.51));
#17165=CARTESIAN_POINT('Origin',(-10.2,15.4,4.51));
#17166=CARTESIAN_POINT('',(-11.8,15.4,3.175));
#17167=CARTESIAN_POINT('',(-10.2,15.4,3.175));
#17168=CARTESIAN_POINT('',(-5.0999999999979,15.4,3.175));
#17169=CARTESIAN_POINT('',(-11.8,15.4,4.51));
#17170=CARTESIAN_POINT('',(-11.8,15.4,4.51));
#17171=CARTESIAN_POINT('',(-10.2,15.4,4.51));
#17172=CARTESIAN_POINT('',(-11.8,15.4,4.51));
#17173=CARTESIAN_POINT('',(-10.2,15.4,4.51));
#17174=CARTESIAN_POINT('Origin',(-10.2,19.95,4.51));
#17175=CARTESIAN_POINT('',(-10.2,24.5,3.175));
#17176=CARTESIAN_POINT('Origin',(-10.2,19.95,3.175));
#17177=CARTESIAN_POINT('',(-10.2,24.5,4.51));
#17178=CARTESIAN_POINT('Origin',(-10.2,19.95,4.51));
#17179=CARTESIAN_POINT('',(-10.2,24.5,4.51));
#17180=CARTESIAN_POINT('Origin',(-11.8,19.95,4.51));
#17181=CARTESIAN_POINT('',(-11.8,22.,3.175));
#17182=CARTESIAN_POINT('Origin',(-11.8,19.95,3.175));
#17183=CARTESIAN_POINT('',(-11.8,22.,4.51));
#17184=CARTESIAN_POINT('Origin',(-11.8,19.95,4.51));
#17185=CARTESIAN_POINT('',(-11.8,22.,4.51));
#17186=CARTESIAN_POINT('Origin',(-10.1999999999945,22.,4.51));
#17187=CARTESIAN_POINT('',(-5.09999999999517,22.,3.175));
#17188=CARTESIAN_POINT('',(-11.4,22.,4.51));
#17189=CARTESIAN_POINT('Origin',(-11.8,24.5,4.51));
#17190=CARTESIAN_POINT('',(-11.8,24.5,3.175));
#17191=CARTESIAN_POINT('',(-5.8999999999979,24.5,3.175));
#17192=CARTESIAN_POINT('',(-11.8,24.5,4.51));
#17193=CARTESIAN_POINT('',(-10.2,24.5,4.51));
#17194=CARTESIAN_POINT('',(-11.8,24.5,4.51));
#17195=CARTESIAN_POINT('Origin',(-11.8,19.95,4.51));
#17196=CARTESIAN_POINT('Origin',(-11.8,19.95,3.175));
#17197=CARTESIAN_POINT('Origin',(-11.8,19.95,4.51));
#17198=CARTESIAN_POINT('Origin',(-11.,19.95,4.51));
#17199=CARTESIAN_POINT('Origin',(10.1999999999945,-19.95,4.51));
#17200=CARTESIAN_POINT('',(10.1999999999945,-22.,3.175));
#17201=CARTESIAN_POINT('',(10.1999999999945,-17.9,3.175));
#17202=CARTESIAN_POINT('Origin',(10.1999999999945,-19.95,3.175));
#17203=CARTESIAN_POINT('',(10.1999999999945,-22.,4.51));
#17204=CARTESIAN_POINT('',(10.1999999999945,-22.,4.51));
#17205=CARTESIAN_POINT('',(10.1999999999945,-17.9,4.51));
#17206=CARTESIAN_POINT('Origin',(10.1999999999945,-19.95,4.51));
#17207=CARTESIAN_POINT('',(10.1999999999945,-17.9,4.51));
#17208=CARTESIAN_POINT('Origin',(11.8,-17.9,4.51));
#17209=CARTESIAN_POINT('',(11.8,-17.9,3.175));
#17210=CARTESIAN_POINT('',(5.9000000000021,-17.9,3.175));
#17211=CARTESIAN_POINT('',(11.8,-17.9,4.51));
#17212=CARTESIAN_POINT('',(10.5999999999973,-17.9,4.51));
#17213=CARTESIAN_POINT('',(11.8,-17.9,4.51));
#17214=CARTESIAN_POINT('Origin',(11.8,-24.5,4.51));
#17215=CARTESIAN_POINT('',(10.2,-24.5,3.175));
#17216=CARTESIAN_POINT('',(11.8,-24.5,3.175));
#17217=CARTESIAN_POINT('',(5.90000000000211,-24.5,3.175));
#17218=CARTESIAN_POINT('',(10.2,-24.5,4.51));
#17219=CARTESIAN_POINT('',(10.2,-24.5,4.51));
#17220=CARTESIAN_POINT('',(11.8,-24.5,4.51));
#17221=CARTESIAN_POINT('',(10.2,-24.5,4.51));
#17222=CARTESIAN_POINT('',(11.8,-24.5,4.51));
#17223=CARTESIAN_POINT('Origin',(11.8,-19.95,4.51));
#17224=CARTESIAN_POINT('',(11.8,-15.4,3.175));
#17225=CARTESIAN_POINT('Origin',(11.8,-19.95,3.175));
#17226=CARTESIAN_POINT('',(11.8,-15.4,4.51));
#17227=CARTESIAN_POINT('Origin',(11.8,-19.95,4.51));
#17228=CARTESIAN_POINT('',(11.8,-15.4,4.51));
#17229=CARTESIAN_POINT('Origin',(11.8,-19.95,4.51));
#17230=CARTESIAN_POINT('',(11.8,-22.,3.175));
#17231=CARTESIAN_POINT('Origin',(11.8,-19.95,3.175));
#17232=CARTESIAN_POINT('',(11.8,-22.,4.51));
#17233=CARTESIAN_POINT('Origin',(11.8,-19.95,4.51));
#17234=CARTESIAN_POINT('',(11.8,-22.,4.51));
#17235=CARTESIAN_POINT('Origin',(10.1999999999945,-22.,4.51));
#17236=CARTESIAN_POINT('',(5.09999999999938,-22.,3.175));
#17237=CARTESIAN_POINT('',(11.4,-22.,4.51));
#17238=CARTESIAN_POINT('Origin',(10.2,-15.4,4.51));
#17239=CARTESIAN_POINT('',(10.2,-15.4,3.175));
#17240=CARTESIAN_POINT('',(5.10000000000211,-15.4,3.175));
#17241=CARTESIAN_POINT('',(10.2,-15.4,4.51));
#17242=CARTESIAN_POINT('',(11.8,-15.4,4.51));
#17243=CARTESIAN_POINT('',(10.2,-15.4,4.51));
#17244=CARTESIAN_POINT('Origin',(10.2,-19.95,4.51));
#17245=CARTESIAN_POINT('Origin',(10.2,-19.95,3.175));
#17246=CARTESIAN_POINT('Origin',(10.2,-19.95,4.51));
#17247=CARTESIAN_POINT('Origin',(11.,-19.95,4.51));
#17248=CARTESIAN_POINT('Origin',(4.21218615542784E-12,0.,3.175));
#17249=CARTESIAN_POINT('',(20.0000000000033,14.25,3.175));
#17250=CARTESIAN_POINT('',(-19.9999999999948,14.25,3.175));
#17251=CARTESIAN_POINT('',(9.77499999999952,14.25,3.175));
#17252=CARTESIAN_POINT('',(-19.9999999999948,25.5,3.175));
#17253=CARTESIAN_POINT('',(-19.9999999999948,12.75,3.175));
#17254=CARTESIAN_POINT('',(20.0000000000033,25.5,3.175));
#17255=CARTESIAN_POINT('',(-19.5499999999948,25.5,3.175));
#17256=CARTESIAN_POINT('',(20.0000000000033,-12.75,3.175));
#17257=CARTESIAN_POINT('',(7.975,20.0000006705523,3.175));
#17258=CARTESIAN_POINT('Origin',(10.,20.0000006705523,3.175));
#17259=CARTESIAN_POINT('Origin',(4.21218615542784E-12,0.,3.175));
#17260=CARTESIAN_POINT('',(-19.9999999999948,-14.25,3.175));
#17261=CARTESIAN_POINT('',(20.0000000000033,-14.25,3.175));
#17262=CARTESIAN_POINT('',(-9.77499999999531,-14.25,3.175));
#17263=CARTESIAN_POINT('',(20.0000000000033,-25.5,3.175));
#17264=CARTESIAN_POINT('',(20.0000000000033,-12.75,3.175));
#17265=CARTESIAN_POINT('',(-19.9999999999948,-25.5,3.175));
#17266=CARTESIAN_POINT('',(19.5500000000033,-25.5,3.175));
#17267=CARTESIAN_POINT('',(-19.9999999999948,12.75,3.175));
#17268=CARTESIAN_POINT('',(-12.025,-20.0000006705523,3.175));
#17269=CARTESIAN_POINT('Origin',(-10.,-20.0000006705523,3.175));
#17270=CARTESIAN_POINT('Origin',(10.9999999999973,-19.95,3.175));
#17271=CARTESIAN_POINT('',(9.49999999999727,-19.95,3.175));
#17272=CARTESIAN_POINT('Origin',(10.9999999999973,-19.95,3.175));
#17273=CARTESIAN_POINT('',(9.49999999999727,-19.95,3.175));
#17274=CARTESIAN_POINT('',(12.2359207094281,-20.8,3.175));
#17275=CARTESIAN_POINT('',(12.4790199457722,-19.7,3.175));
#17276=CARTESIAN_POINT('Origin',(13.45,-19.7,6.35));
#17277=CARTESIAN_POINT('',(13.45,-19.7,6.35));
#17278=CARTESIAN_POINT('Origin',(-19.5499999999948,13.456,3.175));
#17279=CARTESIAN_POINT('',(-19.9999999999948,13.456,3.175));
#17280=CARTESIAN_POINT('',(20.0000000000033,13.456,3.175));
#17281=CARTESIAN_POINT('',(-9.77499999999531,13.456,3.175));
#17282=CARTESIAN_POINT('',(-19.9999999999948,13.456,5.175));
#17283=CARTESIAN_POINT('',(-19.9999999999948,13.456,3.175));
#17284=CARTESIAN_POINT('',(20.0000000000033,13.456,5.175));
#17285=CARTESIAN_POINT('',(19.5499999999948,13.456,5.175));
#17286=CARTESIAN_POINT('',(20.0000000000033,13.456,3.175));
#17287=CARTESIAN_POINT('Origin',(19.5499999999948,14.25,3.175));
#17288=CARTESIAN_POINT('',(20.0000000000033,14.25,5.175));
#17289=CARTESIAN_POINT('',(20.0000000000033,14.25,3.175));
#17290=CARTESIAN_POINT('',(-19.9999999999948,14.25,5.175));
#17291=CARTESIAN_POINT('',(-19.5499999999948,14.25,5.175));
#17292=CARTESIAN_POINT('',(-19.9999999999948,14.25,3.175));
#17293=CARTESIAN_POINT('Origin',(2.22044604925031E-15,13.853,5.175));
#17294=CARTESIAN_POINT('',(20.0000000000033,-5.8235,5.175));
#17295=CARTESIAN_POINT('',(-19.9999999999948,19.6765,5.175));
#17296=CARTESIAN_POINT('Origin',(4.21218615542784E-12,0.,3.175));
#17297=CARTESIAN_POINT('Origin',(4.21218615542784E-12,0.,3.175));
#17298=CARTESIAN_POINT('',(20.0000000000033,12.1187692307692,3.175));
#17299=CARTESIAN_POINT('',(20.0000000000033,-12.75,3.175));
#17300=CARTESIAN_POINT('',(-19.9999999999948,12.1187692307692,3.175));
#17301=CARTESIAN_POINT('',(9.77499999999952,12.1187692307692,3.175));
#17302=CARTESIAN_POINT('',(-19.9999999999948,12.75,3.175));
#17303=CARTESIAN_POINT('Origin',(-19.5499999999948,11.3247692307692,3.175));
#17304=CARTESIAN_POINT('',(-19.9999999999948,11.3247692307692,3.175));
#17305=CARTESIAN_POINT('',(20.0000000000033,11.3247692307692,3.175));
#17306=CARTESIAN_POINT('',(-9.77499999999531,11.3247692307692,3.175));
#17307=CARTESIAN_POINT('',(-19.9999999999948,11.3247692307692,5.175));
#17308=CARTESIAN_POINT('',(-19.9999999999948,11.3247692307692,3.175));
#17309=CARTESIAN_POINT('',(20.0000000000033,11.3247692307692,5.175));
#17310=CARTESIAN_POINT('',(19.5499999999948,11.3247692307692,5.175));
#17311=CARTESIAN_POINT('',(20.0000000000033,11.3247692307692,3.175));
#17312=CARTESIAN_POINT('Origin',(19.5499999999948,12.1187692307692,3.175));
#17313=CARTESIAN_POINT('',(20.0000000000033,12.1187692307692,5.175));
#17314=CARTESIAN_POINT('',(20.0000000000033,12.1187692307692,3.175));
#17315=CARTESIAN_POINT('',(-19.9999999999948,12.1187692307692,5.175));
#17316=CARTESIAN_POINT('',(-19.5499999999948,12.1187692307692,5.175));
#17317=CARTESIAN_POINT('',(-19.9999999999948,12.1187692307692,3.175));
#17318=CARTESIAN_POINT('Origin',(2.22044604925031E-15,11.7217692307692,
5.175));
#17319=CARTESIAN_POINT('',(20.0000000000033,-6.88911538461539,5.175));
#17320=CARTESIAN_POINT('',(-19.9999999999948,18.6108846153846,5.175));
#17321=CARTESIAN_POINT('Origin',(4.21218615542784E-12,0.,3.175));
#17322=CARTESIAN_POINT('',(20.0000000000033,9.98753846153846,3.175));
#17323=CARTESIAN_POINT('',(20.0000000000033,-12.75,3.175));
#17324=CARTESIAN_POINT('',(-19.9999999999948,9.98753846153846,3.175));
#17325=CARTESIAN_POINT('',(9.77499999999952,9.98753846153846,3.175));
#17326=CARTESIAN_POINT('',(-19.9999999999948,12.75,3.175));
#17327=CARTESIAN_POINT('Origin',(-19.5499999999948,9.19353846153846,3.175));
#17328=CARTESIAN_POINT('',(-19.9999999999948,9.19353846153846,3.175));
#17329=CARTESIAN_POINT('',(20.0000000000033,9.19353846153846,3.175));
#17330=CARTESIAN_POINT('',(-9.77499999999531,9.19353846153846,3.175));
#17331=CARTESIAN_POINT('',(-19.9999999999948,9.19353846153846,5.175));
#17332=CARTESIAN_POINT('',(-19.9999999999948,9.19353846153846,3.175));
#17333=CARTESIAN_POINT('',(20.0000000000033,9.19353846153846,5.175));
#17334=CARTESIAN_POINT('',(19.5499999999948,9.19353846153846,5.175));
#17335=CARTESIAN_POINT('',(20.0000000000033,9.19353846153846,3.175));
#17336=CARTESIAN_POINT('Origin',(19.5499999999948,9.98753846153846,3.175));
#17337=CARTESIAN_POINT('',(20.0000000000033,9.98753846153846,5.175));
#17338=CARTESIAN_POINT('',(20.0000000000033,9.98753846153846,3.175));
#17339=CARTESIAN_POINT('',(-19.9999999999948,9.98753846153846,5.175));
#17340=CARTESIAN_POINT('',(-19.5499999999948,9.98753846153846,5.175));
#17341=CARTESIAN_POINT('',(-19.9999999999948,9.98753846153846,3.175));
#17342=CARTESIAN_POINT('Origin',(2.22044604925031E-15,9.59053846153846,
5.175));
#17343=CARTESIAN_POINT('',(20.0000000000033,-7.95473076923077,5.175));
#17344=CARTESIAN_POINT('',(-19.9999999999948,17.5452692307692,5.175));
#17345=CARTESIAN_POINT('Origin',(4.21218615542784E-12,0.,3.175));
#17346=CARTESIAN_POINT('',(20.0000000000033,7.85630769230769,3.175));
#17347=CARTESIAN_POINT('',(20.0000000000033,-12.75,3.175));
#17348=CARTESIAN_POINT('',(-19.9999999999948,7.85630769230769,3.175));
#17349=CARTESIAN_POINT('',(9.77499999999952,7.85630769230769,3.175));
#17350=CARTESIAN_POINT('',(-19.9999999999948,12.75,3.175));
#17351=CARTESIAN_POINT('Origin',(-19.5499999999948,7.06230769230769,3.175));
#17352=CARTESIAN_POINT('',(-19.9999999999948,7.06230769230769,3.175));
#17353=CARTESIAN_POINT('',(20.0000000000033,7.06230769230769,3.175));
#17354=CARTESIAN_POINT('',(-9.77499999999531,7.06230769230769,3.175));
#17355=CARTESIAN_POINT('',(-19.9999999999948,7.06230769230769,5.175));
#17356=CARTESIAN_POINT('',(-19.9999999999948,7.06230769230769,3.175));
#17357=CARTESIAN_POINT('',(20.0000000000033,7.06230769230769,5.175));
#17358=CARTESIAN_POINT('',(19.5499999999948,7.06230769230769,5.175));
#17359=CARTESIAN_POINT('',(20.0000000000033,7.06230769230769,3.175));
#17360=CARTESIAN_POINT('Origin',(19.5499999999948,7.85630769230769,3.175));
#17361=CARTESIAN_POINT('',(20.0000000000033,7.85630769230769,5.175));
#17362=CARTESIAN_POINT('',(20.0000000000033,7.85630769230769,3.175));
#17363=CARTESIAN_POINT('',(-19.9999999999948,7.85630769230769,5.175));
#17364=CARTESIAN_POINT('',(-19.5499999999948,7.85630769230769,5.175));
#17365=CARTESIAN_POINT('',(-19.9999999999948,7.85630769230769,3.175));
#17366=CARTESIAN_POINT('Origin',(2.22044604925031E-15,7.45930769230769,
5.175));
#17367=CARTESIAN_POINT('',(20.0000000000033,-9.02034615384615,5.175));
#17368=CARTESIAN_POINT('',(-19.9999999999948,16.4796538461538,5.175));
#17369=CARTESIAN_POINT('Origin',(4.21218615542784E-12,0.,3.175));
#17370=CARTESIAN_POINT('',(20.0000000000033,5.72507692307692,3.175));
#17371=CARTESIAN_POINT('',(20.0000000000033,-12.75,3.175));
#17372=CARTESIAN_POINT('',(-19.9999999999948,5.72507692307692,3.175));
#17373=CARTESIAN_POINT('',(9.77499999999952,5.72507692307692,3.175));
#17374=CARTESIAN_POINT('',(-19.9999999999948,12.75,3.175));
#17375=CARTESIAN_POINT('Origin',(-19.5499999999948,4.93107692307692,3.175));
#17376=CARTESIAN_POINT('',(-19.9999999999948,4.93107692307692,3.175));
#17377=CARTESIAN_POINT('',(20.0000000000033,4.93107692307693,3.175));
#17378=CARTESIAN_POINT('',(-9.77499999999531,4.93107692307692,3.175));
#17379=CARTESIAN_POINT('',(-19.9999999999948,4.93107692307692,5.175));
#17380=CARTESIAN_POINT('',(-19.9999999999948,4.93107692307692,3.175));
#17381=CARTESIAN_POINT('',(20.0000000000033,4.93107692307693,5.175));
#17382=CARTESIAN_POINT('',(19.5499999999948,4.93107692307692,5.175));
#17383=CARTESIAN_POINT('',(20.0000000000033,4.93107692307692,3.175));
#17384=CARTESIAN_POINT('Origin',(19.5499999999948,5.72507692307692,3.175));
#17385=CARTESIAN_POINT('',(20.0000000000033,5.72507692307692,5.175));
#17386=CARTESIAN_POINT('',(20.0000000000033,5.72507692307692,3.175));
#17387=CARTESIAN_POINT('',(-19.9999999999948,5.72507692307692,5.175));
#17388=CARTESIAN_POINT('',(-19.5499999999948,5.72507692307692,5.175));
#17389=CARTESIAN_POINT('',(-19.9999999999948,5.72507692307692,3.175));
#17390=CARTESIAN_POINT('Origin',(2.22044604925031E-15,5.32807692307692,
5.175));
#17391=CARTESIAN_POINT('',(20.0000000000033,-10.0859615384615,5.175));
#17392=CARTESIAN_POINT('',(-19.9999999999948,15.4140384615385,5.175));
#17393=CARTESIAN_POINT('Origin',(4.21218615542784E-12,0.,3.175));
#17394=CARTESIAN_POINT('',(20.0000000000033,3.59384615384615,3.175));
#17395=CARTESIAN_POINT('',(20.0000000000033,-12.75,3.175));
#17396=CARTESIAN_POINT('',(-19.9999999999948,3.59384615384615,3.175));
#17397=CARTESIAN_POINT('',(9.77499999999952,3.59384615384615,3.175));
#17398=CARTESIAN_POINT('',(-19.9999999999948,12.75,3.175));
#17399=CARTESIAN_POINT('Origin',(-19.5499999999948,2.79984615384615,3.175));
#17400=CARTESIAN_POINT('',(-19.9999999999948,2.79984615384615,3.175));
#17401=CARTESIAN_POINT('',(20.0000000000033,2.79984615384615,3.175));
#17402=CARTESIAN_POINT('',(-9.77499999999531,2.79984615384615,3.175));
#17403=CARTESIAN_POINT('',(-19.9999999999948,2.79984615384615,5.175));
#17404=CARTESIAN_POINT('',(-19.9999999999948,2.79984615384615,3.175));
#17405=CARTESIAN_POINT('',(20.0000000000033,2.79984615384615,5.175));
#17406=CARTESIAN_POINT('',(19.5499999999948,2.79984615384615,5.175));
#17407=CARTESIAN_POINT('',(20.0000000000033,2.79984615384615,3.175));
#17408=CARTESIAN_POINT('Origin',(19.5499999999948,3.59384615384615,3.175));
#17409=CARTESIAN_POINT('',(20.0000000000033,3.59384615384615,5.175));
#17410=CARTESIAN_POINT('',(20.0000000000033,3.59384615384615,3.175));
#17411=CARTESIAN_POINT('',(-19.9999999999948,3.59384615384615,5.175));
#17412=CARTESIAN_POINT('',(-19.5499999999948,3.59384615384615,5.175));
#17413=CARTESIAN_POINT('',(-19.9999999999948,3.59384615384615,3.175));
#17414=CARTESIAN_POINT('Origin',(2.22044604925031E-15,3.19684615384615,
5.175));
#17415=CARTESIAN_POINT('',(20.0000000000033,-11.1515769230769,5.175));
#17416=CARTESIAN_POINT('',(-19.9999999999948,14.3484230769231,5.175));
#17417=CARTESIAN_POINT('Origin',(4.21218615542784E-12,0.,3.175));
#17418=CARTESIAN_POINT('',(20.0000000000033,1.46261538461538,3.175));
#17419=CARTESIAN_POINT('',(20.0000000000033,-12.75,3.175));
#17420=CARTESIAN_POINT('',(-19.9999999999948,1.46261538461538,3.175));
#17421=CARTESIAN_POINT('',(9.77499999999952,1.46261538461538,3.175));
#17422=CARTESIAN_POINT('',(-19.9999999999948,12.75,3.175));
#17423=CARTESIAN_POINT('Origin',(-19.5499999999948,0.668615384615381,3.175));
#17424=CARTESIAN_POINT('',(-19.9999999999948,0.66861538461538,3.175));
#17425=CARTESIAN_POINT('',(20.0000000000033,0.668615384615386,3.175));
#17426=CARTESIAN_POINT('',(-9.77499999999531,0.668615384615382,3.175));
#17427=CARTESIAN_POINT('',(-19.9999999999948,0.66861538461538,5.175));
#17428=CARTESIAN_POINT('',(-19.9999999999948,0.668615384615381,3.175));
#17429=CARTESIAN_POINT('',(20.0000000000033,0.668615384615386,5.175));
#17430=CARTESIAN_POINT('',(19.5499999999948,0.668615384615385,5.175));
#17431=CARTESIAN_POINT('',(20.0000000000033,0.668615384615385,3.175));
#17432=CARTESIAN_POINT('Origin',(19.5499999999948,1.46261538461538,3.175));
#17433=CARTESIAN_POINT('',(20.0000000000033,1.46261538461538,5.175));
#17434=CARTESIAN_POINT('',(20.0000000000033,1.46261538461538,3.175));
#17435=CARTESIAN_POINT('',(-19.9999999999948,1.46261538461538,5.175));
#17436=CARTESIAN_POINT('',(-19.5499999999948,1.46261538461538,5.175));
#17437=CARTESIAN_POINT('',(-19.9999999999948,1.46261538461538,3.175));
#17438=CARTESIAN_POINT('Origin',(2.22044604925031E-15,1.06561538461538,
5.175));
#17439=CARTESIAN_POINT('',(20.0000000000033,-12.2171923076923,5.175));
#17440=CARTESIAN_POINT('',(-19.9999999999948,13.2828076923077,5.175));
#17441=CARTESIAN_POINT('Origin',(4.21218615542784E-12,0.,3.175));
#17442=CARTESIAN_POINT('',(20.0000000000033,-0.668615384615384,3.175));
#17443=CARTESIAN_POINT('',(20.0000000000033,-12.75,3.175));
#17444=CARTESIAN_POINT('',(-19.9999999999948,-0.668615384615384,3.175));
#17445=CARTESIAN_POINT('',(9.77499999999952,-0.668615384615385,3.175));
#17446=CARTESIAN_POINT('',(-19.9999999999948,12.75,3.175));
#17447=CARTESIAN_POINT('Origin',(-19.5499999999948,-1.46261538461539,3.175));
#17448=CARTESIAN_POINT('',(-19.9999999999948,-1.46261538461539,3.175));
#17449=CARTESIAN_POINT('',(20.0000000000033,-1.46261538461538,3.175));
#17450=CARTESIAN_POINT('',(-9.77499999999531,-1.46261538461539,3.175));
#17451=CARTESIAN_POINT('',(-19.9999999999948,-1.46261538461539,5.175));
#17452=CARTESIAN_POINT('',(-19.9999999999948,-1.46261538461539,3.175));
#17453=CARTESIAN_POINT('',(20.0000000000033,-1.46261538461538,5.175));
#17454=CARTESIAN_POINT('',(19.5499999999948,-1.46261538461538,5.175));
#17455=CARTESIAN_POINT('',(20.0000000000033,-1.46261538461538,3.175));
#17456=CARTESIAN_POINT('Origin',(19.5499999999948,-0.668615384615385,3.175));
#17457=CARTESIAN_POINT('',(20.0000000000033,-0.668615384615384,5.175));
#17458=CARTESIAN_POINT('',(20.0000000000033,-0.668615384615385,3.175));
#17459=CARTESIAN_POINT('',(-19.9999999999948,-0.668615384615384,5.175));
#17460=CARTESIAN_POINT('',(-19.5499999999948,-0.668615384615385,5.175));
#17461=CARTESIAN_POINT('',(-19.9999999999948,-0.668615384615385,3.175));
#17462=CARTESIAN_POINT('Origin',(2.22044604925031E-15,-1.06561538461539,
5.175));
#17463=CARTESIAN_POINT('',(20.0000000000033,-13.2828076923077,5.175));
#17464=CARTESIAN_POINT('',(-19.9999999999948,12.2171923076923,5.175));
#17465=CARTESIAN_POINT('Origin',(4.21218615542784E-12,0.,3.175));
#17466=CARTESIAN_POINT('',(20.0000000000033,-2.79984615384615,3.175));
#17467=CARTESIAN_POINT('',(20.0000000000033,-12.75,3.175));
#17468=CARTESIAN_POINT('',(-19.9999999999948,-2.79984615384615,3.175));
#17469=CARTESIAN_POINT('',(9.77499999999952,-2.79984615384615,3.175));
#17470=CARTESIAN_POINT('',(-19.9999999999948,12.75,3.175));
#17471=CARTESIAN_POINT('Origin',(-19.5499999999948,-3.59384615384616,3.175));
#17472=CARTESIAN_POINT('',(-19.9999999999948,-3.59384615384616,3.175));
#17473=CARTESIAN_POINT('',(20.0000000000033,-3.59384615384615,3.175));
#17474=CARTESIAN_POINT('',(-9.77499999999531,-3.59384615384616,3.175));
#17475=CARTESIAN_POINT('',(-19.9999999999948,-3.59384615384616,5.175));
#17476=CARTESIAN_POINT('',(-19.9999999999948,-3.59384615384616,3.175));
#17477=CARTESIAN_POINT('',(20.0000000000033,-3.59384615384615,5.175));
#17478=CARTESIAN_POINT('',(19.5499999999948,-3.59384615384615,5.175));
#17479=CARTESIAN_POINT('',(20.0000000000033,-3.59384615384615,3.175));
#17480=CARTESIAN_POINT('Origin',(19.5499999999948,-2.79984615384615,3.175));
#17481=CARTESIAN_POINT('',(20.0000000000033,-2.79984615384615,5.175));
#17482=CARTESIAN_POINT('',(20.0000000000033,-2.79984615384615,3.175));
#17483=CARTESIAN_POINT('',(-19.9999999999948,-2.79984615384615,5.175));
#17484=CARTESIAN_POINT('',(-19.5499999999948,-2.79984615384615,5.175));
#17485=CARTESIAN_POINT('',(-19.9999999999948,-2.79984615384615,3.175));
#17486=CARTESIAN_POINT('Origin',(2.22044604925031E-15,-3.19684615384615,
5.175));
#17487=CARTESIAN_POINT('',(20.0000000000033,-14.3484230769231,5.175));
#17488=CARTESIAN_POINT('',(-19.9999999999948,11.1515769230769,5.175));
#17489=CARTESIAN_POINT('Origin',(4.21218615542784E-12,0.,3.175));
#17490=CARTESIAN_POINT('',(20.0000000000033,-4.93107692307692,3.175));
#17491=CARTESIAN_POINT('',(20.0000000000033,-12.75,3.175));
#17492=CARTESIAN_POINT('',(-19.9999999999948,-4.93107692307692,3.175));
#17493=CARTESIAN_POINT('',(9.77499999999952,-4.93107692307692,3.175));
#17494=CARTESIAN_POINT('',(-19.9999999999948,12.75,3.175));
#17495=CARTESIAN_POINT('Origin',(-19.5499999999948,-5.72507692307693,3.175));
#17496=CARTESIAN_POINT('',(-19.9999999999948,-5.72507692307693,3.175));
#17497=CARTESIAN_POINT('',(20.0000000000033,-5.72507692307692,3.175));
#17498=CARTESIAN_POINT('',(-9.77499999999531,-5.72507692307692,3.175));
#17499=CARTESIAN_POINT('',(-19.9999999999948,-5.72507692307693,5.175));
#17500=CARTESIAN_POINT('',(-19.9999999999948,-5.72507692307692,3.175));
#17501=CARTESIAN_POINT('',(20.0000000000033,-5.72507692307692,5.175));
#17502=CARTESIAN_POINT('',(19.5499999999948,-5.72507692307692,5.175));
#17503=CARTESIAN_POINT('',(20.0000000000033,-5.72507692307692,3.175));
#17504=CARTESIAN_POINT('Origin',(19.5499999999948,-4.93107692307692,3.175));
#17505=CARTESIAN_POINT('',(20.0000000000033,-4.93107692307692,5.175));
#17506=CARTESIAN_POINT('',(20.0000000000033,-4.93107692307692,3.175));
#17507=CARTESIAN_POINT('',(-19.9999999999948,-4.93107692307692,5.175));
#17508=CARTESIAN_POINT('',(-19.5499999999948,-4.93107692307692,5.175));
#17509=CARTESIAN_POINT('',(-19.9999999999948,-4.93107692307692,3.175));
#17510=CARTESIAN_POINT('Origin',(2.22044604925031E-15,-5.32807692307692,
5.175));
#17511=CARTESIAN_POINT('',(20.0000000000033,-15.4140384615385,5.175));
#17512=CARTESIAN_POINT('',(-19.9999999999948,10.0859615384615,5.175));
#17513=CARTESIAN_POINT('Origin',(4.21218615542784E-12,0.,3.175));
#17514=CARTESIAN_POINT('',(20.0000000000033,-7.06230769230769,3.175));
#17515=CARTESIAN_POINT('',(20.0000000000033,-12.75,3.175));
#17516=CARTESIAN_POINT('',(-19.9999999999948,-7.06230769230769,3.175));
#17517=CARTESIAN_POINT('',(9.77499999999952,-7.06230769230769,3.175));
#17518=CARTESIAN_POINT('',(-19.9999999999948,12.75,3.175));
#17519=CARTESIAN_POINT('Origin',(-19.5499999999948,-7.8563076923077,3.175));
#17520=CARTESIAN_POINT('',(-19.9999999999948,-7.8563076923077,3.175));
#17521=CARTESIAN_POINT('',(20.0000000000033,-7.85630769230769,3.175));
#17522=CARTESIAN_POINT('',(-9.77499999999531,-7.85630769230769,3.175));
#17523=CARTESIAN_POINT('',(-19.9999999999948,-7.8563076923077,5.175));
#17524=CARTESIAN_POINT('',(-19.9999999999948,-7.8563076923077,3.175));
#17525=CARTESIAN_POINT('',(20.0000000000033,-7.85630769230769,5.175));
#17526=CARTESIAN_POINT('',(19.5499999999948,-7.85630769230769,5.175));
#17527=CARTESIAN_POINT('',(20.0000000000033,-7.85630769230769,3.175));
#17528=CARTESIAN_POINT('Origin',(19.5499999999948,-7.06230769230769,3.175));
#17529=CARTESIAN_POINT('',(20.0000000000033,-7.06230769230769,5.175));
#17530=CARTESIAN_POINT('',(20.0000000000033,-7.06230769230769,3.175));
#17531=CARTESIAN_POINT('',(-19.9999999999948,-7.06230769230769,5.175));
#17532=CARTESIAN_POINT('',(-19.5499999999948,-7.06230769230769,5.175));
#17533=CARTESIAN_POINT('',(-19.9999999999948,-7.06230769230769,3.175));
#17534=CARTESIAN_POINT('Origin',(2.22044604925031E-15,-7.45930769230769,
5.175));
#17535=CARTESIAN_POINT('',(20.0000000000033,-16.4796538461538,5.175));
#17536=CARTESIAN_POINT('',(-19.9999999999948,9.02034615384615,5.175));
#17537=CARTESIAN_POINT('Origin',(4.21218615542784E-12,0.,3.175));
#17538=CARTESIAN_POINT('',(20.0000000000033,-9.19353846153846,3.175));
#17539=CARTESIAN_POINT('',(20.0000000000033,-12.75,3.175));
#17540=CARTESIAN_POINT('',(-19.9999999999948,-9.19353846153846,3.175));
#17541=CARTESIAN_POINT('',(9.77499999999952,-9.19353846153846,3.175));
#17542=CARTESIAN_POINT('',(-19.9999999999948,12.75,3.175));
#17543=CARTESIAN_POINT('Origin',(-19.5499999999948,-9.98753846153847,3.175));
#17544=CARTESIAN_POINT('',(-19.9999999999948,-9.98753846153846,3.175));
#17545=CARTESIAN_POINT('',(20.0000000000033,-9.98753846153846,3.175));
#17546=CARTESIAN_POINT('',(-9.77499999999531,-9.98753846153846,3.175));
#17547=CARTESIAN_POINT('',(-19.9999999999948,-9.98753846153846,5.175));
#17548=CARTESIAN_POINT('',(-19.9999999999948,-9.98753846153847,3.175));
#17549=CARTESIAN_POINT('',(20.0000000000033,-9.98753846153846,5.175));
#17550=CARTESIAN_POINT('',(19.5499999999948,-9.98753846153846,5.175));
#17551=CARTESIAN_POINT('',(20.0000000000033,-9.98753846153846,3.175));
#17552=CARTESIAN_POINT('Origin',(19.5499999999948,-9.19353846153846,3.175));
#17553=CARTESIAN_POINT('',(20.0000000000033,-9.19353846153846,5.175));
#17554=CARTESIAN_POINT('',(20.0000000000033,-9.19353846153846,3.175));
#17555=CARTESIAN_POINT('',(-19.9999999999948,-9.19353846153846,5.175));
#17556=CARTESIAN_POINT('',(-19.5499999999948,-9.19353846153846,5.175));
#17557=CARTESIAN_POINT('',(-19.9999999999948,-9.19353846153846,3.175));
#17558=CARTESIAN_POINT('Origin',(2.22044604925031E-15,-9.59053846153846,
5.175));
#17559=CARTESIAN_POINT('',(20.0000000000033,-17.5452692307692,5.175));
#17560=CARTESIAN_POINT('',(-19.9999999999948,7.95473076923077,5.175));
#17561=CARTESIAN_POINT('Origin',(4.21218615542784E-12,0.,3.175));
#17562=CARTESIAN_POINT('',(20.0000000000033,-11.3247692307692,3.175));
#17563=CARTESIAN_POINT('',(20.0000000000033,-12.75,3.175));
#17564=CARTESIAN_POINT('',(-19.9999999999948,-11.3247692307692,3.175));
#17565=CARTESIAN_POINT('',(9.77499999999952,-11.3247692307692,3.175));
#17566=CARTESIAN_POINT('',(-19.9999999999948,12.75,3.175));
#17567=CARTESIAN_POINT('Origin',(-19.5499999999948,-12.1187692307692,3.175));
#17568=CARTESIAN_POINT('',(-19.9999999999948,-12.1187692307692,3.175));
#17569=CARTESIAN_POINT('',(20.0000000000033,-12.1187692307692,3.175));
#17570=CARTESIAN_POINT('',(-9.77499999999531,-12.1187692307692,3.175));
#17571=CARTESIAN_POINT('',(-19.9999999999948,-12.1187692307692,5.175));
#17572=CARTESIAN_POINT('',(-19.9999999999948,-12.1187692307692,3.175));
#17573=CARTESIAN_POINT('',(20.0000000000033,-12.1187692307692,5.175));
#17574=CARTESIAN_POINT('',(19.5499999999948,-12.1187692307692,5.175));
#17575=CARTESIAN_POINT('',(20.0000000000033,-12.1187692307692,3.175));
#17576=CARTESIAN_POINT('Origin',(19.5499999999948,-11.3247692307692,3.175));
#17577=CARTESIAN_POINT('',(20.0000000000033,-11.3247692307692,5.175));
#17578=CARTESIAN_POINT('',(20.0000000000033,-11.3247692307692,3.175));
#17579=CARTESIAN_POINT('',(-19.9999999999948,-11.3247692307692,5.175));
#17580=CARTESIAN_POINT('',(-19.5499999999948,-11.3247692307692,5.175));
#17581=CARTESIAN_POINT('',(-19.9999999999948,-11.3247692307692,3.175));
#17582=CARTESIAN_POINT('Origin',(2.22044604925031E-15,-11.7217692307692,
5.175));
#17583=CARTESIAN_POINT('',(20.0000000000033,-18.6108846153846,5.175));
#17584=CARTESIAN_POINT('',(-19.9999999999948,6.88911538461538,5.175));
#17585=CARTESIAN_POINT('Origin',(4.21218615542784E-12,0.,3.175));
#17586=CARTESIAN_POINT('',(20.0000000000033,-13.456,3.175));
#17587=CARTESIAN_POINT('',(20.0000000000033,-12.75,3.175));
#17588=CARTESIAN_POINT('',(-19.9999999999948,-13.456,3.175));
#17589=CARTESIAN_POINT('',(9.77499999999952,-13.456,3.175));
#17590=CARTESIAN_POINT('',(-19.9999999999948,12.75,3.175));
#17591=CARTESIAN_POINT('Origin',(-19.5499999999948,-14.25,3.175));
#17592=CARTESIAN_POINT('',(-19.9999999999948,-14.25,5.175));
#17593=CARTESIAN_POINT('',(-19.9999999999948,-14.25,3.175));
#17594=CARTESIAN_POINT('',(20.0000000000033,-14.25,5.175));
#17595=CARTESIAN_POINT('',(19.5499999999948,-14.25,5.175));
#17596=CARTESIAN_POINT('',(20.0000000000033,-14.25,3.175));
#17597=CARTESIAN_POINT('Origin',(19.5499999999948,-13.456,3.175));
#17598=CARTESIAN_POINT('',(20.0000000000033,-13.456,5.175));
#17599=CARTESIAN_POINT('',(20.0000000000033,-13.456,3.175));
#17600=CARTESIAN_POINT('',(-19.9999999999948,-13.456,5.175));
#17601=CARTESIAN_POINT('',(-19.5499999999948,-13.456,5.175));
#17602=CARTESIAN_POINT('',(-19.9999999999948,-13.456,3.175));
#17603=CARTESIAN_POINT('Origin',(2.22044604925031E-15,-13.853,5.175));
#17604=CARTESIAN_POINT('',(20.0000000000033,-19.6765,5.175));
#17605=CARTESIAN_POINT('',(-19.9999999999948,5.8235,5.175));
#17606=CARTESIAN_POINT('Origin',(4.21218615542784E-12,0.,3.175));
#17607=CARTESIAN_POINT('Origin',(-12.4999999999955,19.7,5.85));
#17608=CARTESIAN_POINT('',(-13.2928571428571,19.7,5.85));
#17609=CARTESIAN_POINT('Origin',(13.45,-20.8,5.85));
#17610=CARTESIAN_POINT('',(13.45,-20.8,5.85));
#17611=CARTESIAN_POINT('Origin',(13.45,-19.25,6.1));
#17612=CARTESIAN_POINT('',(13.9,-19.25,6.35));
#17613=CARTESIAN_POINT('Origin',(13.45,-19.25,6.1));
#17614=CARTESIAN_POINT('',(15.,-19.25,5.85));
#17615=CARTESIAN_POINT('Origin',(13.9,13.5517857142857,6.35));
#17616=CARTESIAN_POINT('',(13.9,13.5517857142857,6.35));
#17617=CARTESIAN_POINT('Origin',(15.,13.5517857142857,5.85));
#17618=CARTESIAN_POINT('',(15.,13.5517857142857,5.85));
#17619=CARTESIAN_POINT('Origin',(13.5517857142857,13.5517857142857,6.1));
#17620=CARTESIAN_POINT('',(13.2035714285714,13.5517857142857,6.35));
#17621=CARTESIAN_POINT('Origin',(13.5517857142857,13.5517857142857,6.1));
#17622=CARTESIAN_POINT('',(12.1035714285714,13.5517857142857,5.85));
#17623=CARTESIAN_POINT('Origin',(13.2035714285714,-13.5517857142857,6.35));
#17624=CARTESIAN_POINT('',(13.2035714285714,-13.5517857142857,6.35));
#17625=CARTESIAN_POINT('Origin',(12.1035714285714,-13.5517857142857,5.85));
#17626=CARTESIAN_POINT('',(12.1035714285714,-13.5517857142857,5.85));
#17627=CARTESIAN_POINT('Origin',(11.7553571428572,-13.5517857142857,6.1));
#17628=CARTESIAN_POINT('',(10.3071428571429,-13.5517857142857,6.35));
#17629=CARTESIAN_POINT('Origin',(11.7553571428572,-13.5517857142857,6.1));
#17630=CARTESIAN_POINT('',(11.4071428571429,-13.5517857142857,5.85));
#17631=CARTESIAN_POINT('Origin',(10.3071428571428,13.5517857142857,6.35));
#17632=CARTESIAN_POINT('',(10.3071428571428,13.5517857142857,6.35));
#17633=CARTESIAN_POINT('Origin',(11.4071428571428,13.5517857142857,5.85));
#17634=CARTESIAN_POINT('',(11.4071428571428,13.5517857142857,5.85));
#17635=CARTESIAN_POINT('Origin',(9.95892857142858,13.5517857142857,6.1));
#17636=CARTESIAN_POINT('',(9.6107142857143,13.5517857142857,6.35));
#17637=CARTESIAN_POINT('Origin',(9.95892857142858,13.5517857142857,6.1));
#17638=CARTESIAN_POINT('',(8.5107142857143,13.5517857142857,5.85));
#17639=CARTESIAN_POINT('Origin',(9.6107142857143,-13.5517857142857,6.35));
#17640=CARTESIAN_POINT('',(9.6107142857143,-13.5517857142857,6.35));
#17641=CARTESIAN_POINT('Origin',(8.5107142857143,-13.5517857142857,5.85));
#17642=CARTESIAN_POINT('',(8.5107142857143,-13.5517857142857,5.85));
#17643=CARTESIAN_POINT('Origin',(8.16250000000001,-13.5517857142857,6.1));
#17644=CARTESIAN_POINT('',(6.71428571428572,-13.5517857142857,6.35));
#17645=CARTESIAN_POINT('Origin',(8.16250000000001,-13.5517857142857,6.1));
#17646=CARTESIAN_POINT('',(7.81428571428572,-13.5517857142857,5.85));
#17647=CARTESIAN_POINT('Origin',(6.7142857142857,13.5517857142857,6.35));
#17648=CARTESIAN_POINT('',(6.7142857142857,13.5517857142857,6.35));
#17649=CARTESIAN_POINT('Origin',(7.81428571428571,13.5517857142857,5.85));
#17650=CARTESIAN_POINT('',(7.81428571428571,13.5517857142857,5.85));
#17651=CARTESIAN_POINT('Origin',(6.36607142857143,13.5517857142857,6.1));
#17652=CARTESIAN_POINT('',(6.01785714285716,13.5517857142857,6.35));
#17653=CARTESIAN_POINT('Origin',(6.36607142857143,13.5517857142857,6.1));
#17654=CARTESIAN_POINT('',(4.91785714285716,13.5517857142857,5.85));
#17655=CARTESIAN_POINT('Origin',(6.01785714285716,-13.5517857142857,6.35));
#17656=CARTESIAN_POINT('',(6.01785714285716,-13.5517857142857,6.35));
#17657=CARTESIAN_POINT('Origin',(4.91785714285716,-13.5517857142857,5.85));
#17658=CARTESIAN_POINT('',(4.91785714285716,-13.5517857142857,5.85));
#17659=CARTESIAN_POINT('Origin',(4.56964285714287,-13.5517857142857,6.1));
#17660=CARTESIAN_POINT('',(3.12142857142858,-13.5517857142857,6.35));
#17661=CARTESIAN_POINT('Origin',(4.56964285714287,-13.5517857142857,6.1));
#17662=CARTESIAN_POINT('',(4.22142857142858,-13.5517857142857,5.85));
#17663=CARTESIAN_POINT('Origin',(3.12142857142856,13.5517857142857,6.35));
#17664=CARTESIAN_POINT('',(3.12142857142856,13.5517857142857,6.35));
#17665=CARTESIAN_POINT('Origin',(4.22142857142856,13.5517857142857,5.85));
#17666=CARTESIAN_POINT('',(4.22142857142856,13.5517857142857,5.85));
#17667=CARTESIAN_POINT('Origin',(2.77321428571429,13.5517857142857,6.1));
#17668=CARTESIAN_POINT('',(2.42500000000001,13.5517857142857,6.35));
#17669=CARTESIAN_POINT('Origin',(2.77321428571429,13.5517857142857,6.1));
#17670=CARTESIAN_POINT('',(1.32500000000001,13.5517857142857,5.85));
#17671=CARTESIAN_POINT('Origin',(2.42500000000001,-13.5517857142857,6.35));
#17672=CARTESIAN_POINT('',(2.42500000000001,-13.5517857142857,6.35));
#17673=CARTESIAN_POINT('Origin',(1.32500000000001,-13.5517857142857,5.85));
#17674=CARTESIAN_POINT('',(1.32500000000001,-13.5517857142857,5.85));
#17675=CARTESIAN_POINT('Origin',(0.976785714285726,-13.5517857142857,6.1));
#17676=CARTESIAN_POINT('',(-0.471428571428557,-13.5517857142857,6.35));
#17677=CARTESIAN_POINT('Origin',(0.976785714285726,-13.5517857142857,6.1));
#17678=CARTESIAN_POINT('',(0.628571428571443,-13.5517857142857,5.85));
#17679=CARTESIAN_POINT('Origin',(-0.47142857142857,13.5517857142857,6.35));
#17680=CARTESIAN_POINT('',(-0.47142857142857,13.5517857142857,6.35));
#17681=CARTESIAN_POINT('Origin',(0.62857142857143,13.5517857142857,5.85));
#17682=CARTESIAN_POINT('',(0.62857142857143,13.5517857142857,5.85));
#17683=CARTESIAN_POINT('Origin',(-0.819642857142857,13.5517857142857,6.1));
#17684=CARTESIAN_POINT('',(-1.16785714285714,13.5517857142857,6.35));
#17685=CARTESIAN_POINT('Origin',(-0.819642857142857,13.5517857142857,6.1));
#17686=CARTESIAN_POINT('',(-2.26785714285714,13.5517857142857,5.85));
#17687=CARTESIAN_POINT('Origin',(-1.16785714285714,-13.5517857142857,6.35));
#17688=CARTESIAN_POINT('',(-1.16785714285714,-13.5517857142857,6.35));
#17689=CARTESIAN_POINT('Origin',(-2.26785714285714,-13.5517857142857,5.85));
#17690=CARTESIAN_POINT('',(-2.26785714285714,-13.5517857142857,5.85));
#17691=CARTESIAN_POINT('Origin',(-2.61607142857142,-13.5517857142857,6.1));
#17692=CARTESIAN_POINT('',(-4.06428571428569,-13.5517857142857,6.35));
#17693=CARTESIAN_POINT('Origin',(-2.61607142857142,-13.5517857142857,6.1));
#17694=CARTESIAN_POINT('',(-2.96428571428569,-13.5517857142857,5.85));
#17695=CARTESIAN_POINT('Origin',(-4.06428571428571,13.5517857142857,6.35));
#17696=CARTESIAN_POINT('',(-4.06428571428571,13.5517857142857,6.35));
#17697=CARTESIAN_POINT('Origin',(-2.96428571428571,13.5517857142857,5.85));
#17698=CARTESIAN_POINT('',(-2.96428571428571,13.5517857142857,5.85));
#17699=CARTESIAN_POINT('Origin',(-4.4125,13.5517857142857,6.1));
#17700=CARTESIAN_POINT('',(-4.7607142857143,13.5517857142857,6.35));
#17701=CARTESIAN_POINT('Origin',(-4.4125,13.5517857142857,6.1));
#17702=CARTESIAN_POINT('',(-5.8607142857143,13.5517857142857,5.85));
#17703=CARTESIAN_POINT('Origin',(-4.7607142857143,-13.5517857142857,6.35));
#17704=CARTESIAN_POINT('',(-4.7607142857143,-13.5517857142857,6.35));
#17705=CARTESIAN_POINT('Origin',(-5.8607142857143,-13.5517857142857,5.85));
#17706=CARTESIAN_POINT('',(-5.8607142857143,-13.5517857142857,5.85));
#17707=CARTESIAN_POINT('Origin',(-6.20892857142857,-13.5517857142857,6.1));
#17708=CARTESIAN_POINT('',(-7.65714285714283,-13.5517857142857,6.35));
#17709=CARTESIAN_POINT('Origin',(-6.20892857142857,-13.5517857142857,6.1));
#17710=CARTESIAN_POINT('',(-6.55714285714283,-13.5517857142857,5.85));
#17711=CARTESIAN_POINT('Origin',(-7.65714285714285,13.5517857142857,6.35));
#17712=CARTESIAN_POINT('',(-7.65714285714285,13.5517857142857,6.35));
#17713=CARTESIAN_POINT('Origin',(-6.55714285714284,13.5517857142857,5.85));
#17714=CARTESIAN_POINT('',(-6.55714285714284,13.5517857142857,5.85));
#17715=CARTESIAN_POINT('Origin',(-8.00535714285714,13.5517857142857,6.1));
#17716=CARTESIAN_POINT('',(-8.35357142857143,13.5517857142857,6.35));
#17717=CARTESIAN_POINT('Origin',(-8.00535714285714,13.5517857142857,6.1));
#17718=CARTESIAN_POINT('',(-9.45357142857143,13.5517857142857,5.85));
#17719=CARTESIAN_POINT('Origin',(-8.35357142857143,-13.5517857142857,6.35));
#17720=CARTESIAN_POINT('',(-8.35357142857143,-13.5517857142857,6.35));
#17721=CARTESIAN_POINT('Origin',(-9.45357142857143,-13.5517857142857,5.85));
#17722=CARTESIAN_POINT('',(-9.45357142857143,-13.5517857142857,5.85));
#17723=CARTESIAN_POINT('Origin',(-9.8017857142857,-13.5517857142857,6.1));
#17724=CARTESIAN_POINT('',(-11.25,-13.5517857142857,6.35));
#17725=CARTESIAN_POINT('Origin',(-9.8017857142857,-13.5517857142857,6.1));
#17726=CARTESIAN_POINT('',(-10.15,-13.5517857142857,5.85));
#17727=CARTESIAN_POINT('Origin',(-11.25,13.5517857142857,6.35));
#17728=CARTESIAN_POINT('',(-11.25,13.5517857142857,6.35));
#17729=CARTESIAN_POINT('Origin',(-10.15,13.5517857142857,5.85));
#17730=CARTESIAN_POINT('',(-10.15,13.5517857142857,5.85));
#17731=CARTESIAN_POINT('Origin',(-11.5982142857143,13.5517857142857,6.1));
#17732=CARTESIAN_POINT('',(-11.9464285714286,13.5517857142857,6.35));
#17733=CARTESIAN_POINT('Origin',(-11.5982142857143,13.5517857142857,6.1));
#17734=CARTESIAN_POINT('',(-13.0464285714286,13.5517857142857,5.85));
#17735=CARTESIAN_POINT('Origin',(-11.9464285714286,-13.5517857142857,6.35));
#17736=CARTESIAN_POINT('',(-11.9464285714286,-13.5517857142857,6.35));
#17737=CARTESIAN_POINT('Origin',(-13.0464285714286,-13.5517857142857,5.85));
#17738=CARTESIAN_POINT('',(-13.0464285714286,-13.5517857142857,5.85));
#17739=CARTESIAN_POINT('Origin',(-13.3946428571428,-13.5517857142857,6.1));
#17740=CARTESIAN_POINT('',(-14.8428571428571,-13.5517857142857,6.35));
#17741=CARTESIAN_POINT('Origin',(-13.3946428571428,-13.5517857142857,6.1));
#17742=CARTESIAN_POINT('',(-13.7428571428571,-13.5517857142857,5.85));
#17743=CARTESIAN_POINT('Origin',(-14.8428571428571,19.25,6.35));
#17744=CARTESIAN_POINT('',(-14.8428571428571,19.25,6.35));
#17745=CARTESIAN_POINT('Origin',(-13.7428571428571,19.25,5.85));
#17746=CARTESIAN_POINT('',(-13.7428571428571,19.25,5.85));
#17747=CARTESIAN_POINT('Origin',(-13.2928571428571,19.25,6.1));
#17748=CARTESIAN_POINT('Origin',(-13.2928571428571,19.25,6.1));
#17749=CARTESIAN_POINT('Origin',(-12.4999999999955,20.8,6.35));
#17750=CARTESIAN_POINT('Origin',(20.0000000000033,-25.5,3.175));
#17751=CARTESIAN_POINT('',(20.0000000000033,25.5,3.175));
#17752=CARTESIAN_POINT('',(20.0000000000033,-25.5,3.175));
#17753=CARTESIAN_POINT('Origin',(10.,20.0000006705523,3.175));
#17754=CARTESIAN_POINT('',(7.975,20.0000006705523,3.175));
#17755=CARTESIAN_POINT('Origin',(-10.,-20.0000006705523,3.175));
#17756=CARTESIAN_POINT('',(-12.025,-20.0000006705523,3.175));
#17757=CARTESIAN_POINT('Origin',(-19.9999999999948,25.5,3.175));
#17758=CARTESIAN_POINT('',(-19.9999999999948,-25.5,3.175));
#17759=CARTESIAN_POINT('',(-19.9999999999948,25.5,3.175));
#17760=CARTESIAN_POINT('Origin',(19.5500000000032,25.5,3.175));
#17761=CARTESIAN_POINT('Origin',(-19.5499999999948,-25.5,3.175));
#17762=CARTESIAN_POINT('',(0.,0.,0.));
#17763=CARTESIAN_POINT('Origin',(12.95,-12.95,3.429));
#17764=CARTESIAN_POINT('',(14.95,-12.95,3.429));
#17765=CARTESIAN_POINT('',(12.95,-14.95,3.429));
#17766=CARTESIAN_POINT('Origin',(12.95,-12.95,3.429));
#17767=CARTESIAN_POINT('',(12.95,-14.95,3.4544));
#17768=CARTESIAN_POINT('',(12.95,-14.95,3.429));
#17769=CARTESIAN_POINT('',(14.95,-12.95,3.4544));
#17770=CARTESIAN_POINT('Origin',(12.95,-12.95,3.4544));
#17771=CARTESIAN_POINT('',(14.95,-12.95,3.429));
#17772=CARTESIAN_POINT('Origin',(14.25,-14.95,3.429));
#17773=CARTESIAN_POINT('',(-12.95,-14.95,3.429));
#17774=CARTESIAN_POINT('',(7.125,-14.95,3.429));
#17775=CARTESIAN_POINT('',(-12.95,-14.95,3.4544));
#17776=CARTESIAN_POINT('',(-12.95,-14.95,3.429));
#17777=CARTESIAN_POINT('',(7.125,-14.95,3.4544));
#17778=CARTESIAN_POINT('Origin',(-12.95,-12.95,3.429));
#17779=CARTESIAN_POINT('',(-14.95,-12.95,3.429));
#17780=CARTESIAN_POINT('Origin',(-12.95,-12.95,3.429));
#17781=CARTESIAN_POINT('',(-14.95,-12.95,3.4544));
#17782=CARTESIAN_POINT('',(-14.95,-12.95,3.429));
#17783=CARTESIAN_POINT('Origin',(-12.95,-12.95,3.4544));
#17784=CARTESIAN_POINT('Origin',(-14.95,-14.25,3.429));
#17785=CARTESIAN_POINT('',(-14.95,12.95,3.429));
#17786=CARTESIAN_POINT('',(-14.95,-7.12500000000001,3.429));
#17787=CARTESIAN_POINT('',(-14.95,12.95,3.4544));
#17788=CARTESIAN_POINT('',(-14.95,12.95,3.429));
#17789=CARTESIAN_POINT('',(-14.95,-7.12500000000001,3.4544));
#17790=CARTESIAN_POINT('Origin',(-12.95,12.95,3.429));
#17791=CARTESIAN_POINT('',(-12.95,14.95,3.429));
#17792=CARTESIAN_POINT('Origin',(-12.95,12.95,3.429));
#17793=CARTESIAN_POINT('',(-12.95,14.95,3.4544));
#17794=CARTESIAN_POINT('',(-12.95,14.95,3.429));
#17795=CARTESIAN_POINT('Origin',(-12.95,12.95,3.4544));
#17796=CARTESIAN_POINT('Origin',(-14.25,14.95,3.429));
#17797=CARTESIAN_POINT('',(12.95,14.95,3.429));
#17798=CARTESIAN_POINT('',(-7.125,14.95,3.429));
#17799=CARTESIAN_POINT('',(12.95,14.95,3.4544));
#17800=CARTESIAN_POINT('',(12.95,14.95,3.429));
#17801=CARTESIAN_POINT('',(-7.125,14.95,3.4544));
#17802=CARTESIAN_POINT('Origin',(12.95,12.95,3.429));
#17803=CARTESIAN_POINT('',(14.95,12.95,3.4544));
#17804=CARTESIAN_POINT('Origin',(12.95,12.95,3.4544));
#17805=CARTESIAN_POINT('',(14.95,12.95,3.429));
#17806=CARTESIAN_POINT('Origin',(12.95,12.95,3.429));
#17807=CARTESIAN_POINT('',(14.95,12.95,3.429));
#17808=CARTESIAN_POINT('Origin',(14.95,14.25,3.429));
#17809=CARTESIAN_POINT('',(14.95,7.12499999999999,3.4544));
#17810=CARTESIAN_POINT('',(14.95,7.12499999999999,3.429));
#17811=CARTESIAN_POINT('Origin',(10.,20.0000006705523,3.429));
#17812=CARTESIAN_POINT('',(7.9,20.0000006705523,3.4544));
#17813=CARTESIAN_POINT('Origin',(10.,20.0000006705523,3.4544));
#17814=CARTESIAN_POINT('',(7.9,20.0000006705523,3.429));
#17815=CARTESIAN_POINT('',(7.9,20.0000006705523,3.429));
#17816=CARTESIAN_POINT('Origin',(10.,20.0000006705523,3.429));
#17817=CARTESIAN_POINT('Origin',(-10.,-20.0000006705523,3.429));
#17818=CARTESIAN_POINT('',(-12.1,-20.0000006705523,3.4544));
#17819=CARTESIAN_POINT('Origin',(-10.,-20.0000006705523,3.4544));
#17820=CARTESIAN_POINT('',(-12.1,-20.0000006705523,3.429));
#17821=CARTESIAN_POINT('',(-12.1,-20.0000006705523,3.429));
#17822=CARTESIAN_POINT('Origin',(-10.,-20.0000006705523,3.429));
#17823=CARTESIAN_POINT('Origin',(11.,-19.950000000005,3.429));
#17824=CARTESIAN_POINT('',(9.2,-19.950000000005,3.4544));
#17825=CARTESIAN_POINT('Origin',(11.,-19.950000000005,3.4544));
#17826=CARTESIAN_POINT('',(9.2,-19.950000000005,3.429));
#17827=CARTESIAN_POINT('',(9.2,-19.950000000005,3.429));
#17828=CARTESIAN_POINT('Origin',(11.,-19.950000000005,3.429));
#17829=CARTESIAN_POINT('Origin',(-10.9999999999973,19.95,3.429));
#17830=CARTESIAN_POINT('',(-12.7999999999973,19.95,3.4544));
#17831=CARTESIAN_POINT('Origin',(-10.9999999999973,19.95,3.4544));
#17832=CARTESIAN_POINT('',(-12.7999999999973,19.95,3.429));
#17833=CARTESIAN_POINT('',(-12.7999999999973,19.95,3.429));
#17834=CARTESIAN_POINT('Origin',(-10.9999999999973,19.95,3.429));
#17835=CARTESIAN_POINT('Origin',(-19.9999999999948,21.,3.429));
#17836=CARTESIAN_POINT('',(-19.9999999999948,21.,3.429));
#17837=CARTESIAN_POINT('',(-19.9999999999948,-21.,3.429));
#17838=CARTESIAN_POINT('',(-19.9999999999948,-25.5,3.429));
#17839=CARTESIAN_POINT('',(-19.9999999999948,-21.,3.4544));
#17840=CARTESIAN_POINT('',(-19.9999999999948,-21.,3.429));
#17841=CARTESIAN_POINT('',(-19.9999999999948,21.,3.4544));
#17842=CARTESIAN_POINT('',(-19.9999999999948,-25.5,3.4544));
#17843=CARTESIAN_POINT('',(-19.9999999999948,21.,3.429));
#17844=CARTESIAN_POINT('Origin',(-15.4999999999948,21.,3.429));
#17845=CARTESIAN_POINT('',(-15.4999999999948,25.5,3.429));
#17846=CARTESIAN_POINT('Origin',(-15.4999999999948,21.,3.429));
#17847=CARTESIAN_POINT('',(-15.4999999999948,25.5,3.4544));
#17848=CARTESIAN_POINT('Origin',(-15.4999999999948,21.,3.4544));
#17849=CARTESIAN_POINT('',(-15.4999999999948,25.5,3.429));
#17850=CARTESIAN_POINT('Origin',(15.4999999999948,25.5,3.429));
#17851=CARTESIAN_POINT('',(15.4999999999948,25.5,3.429));
#17852=CARTESIAN_POINT('',(-19.9999999999948,25.5,3.429));
#17853=CARTESIAN_POINT('',(15.4999999999948,25.5,3.4544));
#17854=CARTESIAN_POINT('',(-19.9999999999948,25.5,3.4544));
#17855=CARTESIAN_POINT('',(15.4999999999948,25.5,3.429));
#17856=CARTESIAN_POINT('Origin',(15.4999999999948,21.,3.429));
#17857=CARTESIAN_POINT('',(19.9999999999948,21.,3.429));
#17858=CARTESIAN_POINT('Origin',(15.4999999999948,21.,3.429));
#17859=CARTESIAN_POINT('',(19.9999999999948,21.,3.4544));
#17860=CARTESIAN_POINT('Origin',(15.4999999999948,21.,3.4544));
#17861=CARTESIAN_POINT('',(19.9999999999948,21.,3.429));
#17862=CARTESIAN_POINT('Origin',(19.9999999999948,-21.,3.429));
#17863=CARTESIAN_POINT('',(19.9999999999948,-21.,3.429));
#17864=CARTESIAN_POINT('',(19.9999999999948,25.5,3.429));
#17865=CARTESIAN_POINT('',(19.9999999999948,-21.,3.4544));
#17866=CARTESIAN_POINT('',(19.9999999999948,25.5,3.4544));
#17867=CARTESIAN_POINT('',(19.9999999999948,-21.,3.429));
#17868=CARTESIAN_POINT('Origin',(15.4999999999948,-21.,3.429));
#17869=CARTESIAN_POINT('',(15.4999999999948,-25.5,3.429));
#17870=CARTESIAN_POINT('Origin',(15.4999999999948,-21.,3.429));
#17871=CARTESIAN_POINT('',(15.4999999999948,-25.5,3.4544));
#17872=CARTESIAN_POINT('Origin',(15.4999999999948,-21.,3.4544));
#17873=CARTESIAN_POINT('',(15.4999999999948,-25.5,3.429));
#17874=CARTESIAN_POINT('Origin',(-15.4999999999948,-25.5,3.429));
#17875=CARTESIAN_POINT('',(-15.4999999999948,-25.5,3.429));
#17876=CARTESIAN_POINT('',(19.9999999999948,-25.5,3.429));
#17877=CARTESIAN_POINT('',(-15.4999999999948,-25.5,3.4544));
#17878=CARTESIAN_POINT('',(19.9999999999948,-25.5,3.4544));
#17879=CARTESIAN_POINT('',(-15.4999999999948,-25.5,3.429));
#17880=CARTESIAN_POINT('Origin',(-15.4999999999948,-21.,3.429));
#17881=CARTESIAN_POINT('Origin',(-15.4999999999948,-21.,3.429));
#17882=CARTESIAN_POINT('Origin',(-15.4999999999948,-21.,3.4544));
#17883=CARTESIAN_POINT('Origin',(0.,-1.33226762955019E-14,3.4544));
#17884=CARTESIAN_POINT('Origin',(0.,-1.33226762955019E-14,3.429));
#17885=CARTESIAN_POINT('',(0.,0.,0.));
#17886=CARTESIAN_POINT('',(0.,0.,0.));
#17887=CARTESIAN_POINT('Origin',(10.1999997273088,-16.,3.81));
#17888=CARTESIAN_POINT('',(11.1999997273088,-15.9999999999999,3.429));
#17889=CARTESIAN_POINT('',(10.1999997273088,-16.,3.429));
#17890=CARTESIAN_POINT('',(10.4859878297596,-16.,3.429));
#17891=CARTESIAN_POINT('',(10.1999997273088,-16.,3.81));
#17892=CARTESIAN_POINT('',(10.1999997273088,-16.,3.81));
#17893=CARTESIAN_POINT('',(11.1999997273088,-15.9999999999999,3.81));
#17894=CARTESIAN_POINT('',(11.1999997273088,-16.,3.81));
#17895=CARTESIAN_POINT('',(11.1999997273088,-15.9999999999999,3.81));
#17896=CARTESIAN_POINT('Origin',(-0.397296803562787,-20.,3.81));
#17897=CARTESIAN_POINT('',(-0.397296803562788,-16.3,3.429));
#17898=CARTESIAN_POINT('',(2.28154180113529,-17.4477806265959,3.429));
#17899=CARTESIAN_POINT('Origin',(-0.397296803562787,-20.,3.429));
#17900=CARTESIAN_POINT('',(-0.397296803562788,-16.3,3.81));
#17901=CARTESIAN_POINT('',(-0.397296803562786,-16.3,3.81));
#17902=CARTESIAN_POINT('',(2.28154180113529,-17.4477806265959,3.81));
#17903=CARTESIAN_POINT('Origin',(-0.397296803562787,-20.,3.81));
#17904=CARTESIAN_POINT('',(2.28154180113529,-17.4477806265959,3.81));
#17905=CARTESIAN_POINT('Origin',(4.09156788539075,-15.7233080769985,3.81));
#17906=CARTESIAN_POINT('',(5.14559614753762,-17.9902497221662,3.429));
#17907=CARTESIAN_POINT('Origin',(4.09156788539075,-15.7233080769985,3.429));
#17908=CARTESIAN_POINT('',(5.14559614753762,-17.9902497221662,3.81));
#17909=CARTESIAN_POINT('Origin',(4.09156788539075,-15.7233080769985,3.81));
#17910=CARTESIAN_POINT('',(5.14559614753762,-17.9902497221662,3.81));
#17911=CARTESIAN_POINT('Origin',(8.72436016030312,-16.3262816967652,3.81));
#17912=CARTESIAN_POINT('',(8.72436016030312,-16.3262816967652,3.429));
#17913=CARTESIAN_POINT('',(8.25841242129983,-16.5429269230064,3.429));
#17914=CARTESIAN_POINT('',(8.72436016030312,-16.3262816967652,3.81));
#17915=CARTESIAN_POINT('',(8.25841242129983,-16.5429269230064,3.81));
#17916=CARTESIAN_POINT('',(8.72436016030312,-16.3262816967652,3.81));
#17917=CARTESIAN_POINT('Origin',(10.1999997273088,-19.5,3.81));
#17918=CARTESIAN_POINT('Origin',(10.1999997273088,-19.5,3.429));
#17919=CARTESIAN_POINT('Origin',(10.1999997273088,-19.5,3.81));
#17920=CARTESIAN_POINT('Origin',(11.1999997273088,-20.1225762235824,3.81));
#17921=CARTESIAN_POINT('',(13.4506407876514,-16.6685568928972,3.429));
#17922=CARTESIAN_POINT('Origin',(11.1999997273088,-20.1225762235824,3.429));
#17923=CARTESIAN_POINT('',(13.4506407876514,-16.6685568928972,3.81));
#17924=CARTESIAN_POINT('Origin',(11.1999997273088,-20.1225762235824,3.81));
#17925=CARTESIAN_POINT('',(13.4506407876514,-16.6685568928972,3.81));
#17926=CARTESIAN_POINT('Origin',(14.8141558771402,-14.5759942183066,3.81));
#17927=CARTESIAN_POINT('',(14.8141558629637,-17.073591452921,3.429));
#17928=CARTESIAN_POINT('Origin',(14.8141558771402,-14.5759942183066,3.429));
#17929=CARTESIAN_POINT('',(14.8141558629637,-17.073591452921,3.81));
#17930=CARTESIAN_POINT('Origin',(14.8141558771402,-14.5759942183066,3.81));
#17931=CARTESIAN_POINT('',(14.8141558629637,-17.073591452921,3.81));
#17932=CARTESIAN_POINT('Origin',(12.6027031964372,-16.3,3.429));
#17933=CARTESIAN_POINT('',(-8.75669433426915,-16.3,3.429));
#17934=CARTESIAN_POINT('',(6.3013515982186,-16.3,3.429));
#17935=CARTESIAN_POINT('',(-8.75669433426915,-16.3,3.81));
#17936=CARTESIAN_POINT('',(-8.75669433426915,-16.3,3.429));
#17937=CARTESIAN_POINT('',(6.3013515982186,-16.3,3.81));
#17938=CARTESIAN_POINT('Origin',(-2.22044604925031E-15,0.,3.81));
#17939=CARTESIAN_POINT('',(-4.85309570780597,-18.1,3.81));
#17940=CARTESIAN_POINT('',(-0.397296803562793,-18.1,3.81));
#17941=CARTESIAN_POINT('',(-4.37834716713458,-18.1,3.81));
#17942=CARTESIAN_POINT('',(1.50200913248712,-19.9486486486486,3.81));
#17943=CARTESIAN_POINT('Origin',(-0.397296803562788,-20.,3.81));
#17944=CARTESIAN_POINT('',(6.99999999999998,-25.3,3.81));
#17945=CARTESIAN_POINT('Origin',(6.99999999999999,-19.8,3.81));
#17946=CARTESIAN_POINT('',(13.8500000000032,-25.3,3.81));
#17947=CARTESIAN_POINT('',(3.49999999999998,-25.3,3.81));
#17948=CARTESIAN_POINT('',(19.11597627187,-18.2127086265793,3.81));
#17949=CARTESIAN_POINT('Origin',(13.8500000000032,-19.8,3.81));
#17950=CARTESIAN_POINT('',(18.2,-12.,3.81));
#17951=CARTESIAN_POINT('Origin',(39.7271739129706,-12.,3.81));
#17952=CARTESIAN_POINT('',(18.1999999999995,7.0000000000007,3.81));
#17953=CARTESIAN_POINT('',(18.1999999999998,-5.99999999999973,3.81));
#17954=CARTESIAN_POINT('',(18.9875379563211,12.0372162676131,3.81));
#17955=CARTESIAN_POINT('Origin',(34.7031815614083,6.99999999999999,3.81));
#17956=CARTESIAN_POINT('',(14.9979022561131,19.0725251171264,3.81));
#17957=CARTESIAN_POINT('Origin',(13.7499999999948,13.7159646573544,3.81));
#17958=CARTESIAN_POINT('',(14.2248330825064,20.0375562954255,3.81));
#17959=CARTESIAN_POINT('Origin',(15.2247935754073,20.046445200721,3.81));
#17960=CARTESIAN_POINT('',(5.83814916085746,19.2722489321631,3.81));
#17961=CARTESIAN_POINT('Origin',(10.,20.0000006705523,3.81));
#17962=CARTESIAN_POINT('',(4.85309570780597,18.1,3.81));
#17963=CARTESIAN_POINT('Origin',(4.85309570780597,19.1,3.81));
#17964=CARTESIAN_POINT('',(0.39729680356279,18.1,3.81));
#17965=CARTESIAN_POINT('',(4.37834716713458,18.1,3.81));
#17966=CARTESIAN_POINT('',(-1.50200913248713,19.9486486486486,3.81));
#17967=CARTESIAN_POINT('Origin',(0.397296803562786,20.,3.81));
#17968=CARTESIAN_POINT('',(-6.99999999999998,25.3,3.81));
#17969=CARTESIAN_POINT('Origin',(-6.99999999999999,19.8,3.81));
#17970=CARTESIAN_POINT('',(-13.8500000000032,25.3,3.81));
#17971=CARTESIAN_POINT('',(-3.49999999999999,25.3,3.81));
#17972=CARTESIAN_POINT('',(-19.11597627187,18.2127086265793,3.81));
#17973=CARTESIAN_POINT('Origin',(-13.8500000000033,19.8,3.81));
#17974=CARTESIAN_POINT('',(-18.2,12.,3.81));
#17975=CARTESIAN_POINT('Origin',(-39.7271739129706,12.,3.81));
#17976=CARTESIAN_POINT('',(-18.1999999999995,-7.00000000000069,3.81));
#17977=CARTESIAN_POINT('',(-18.1999999999998,5.99999999999973,3.81));
#17978=CARTESIAN_POINT('',(-18.9875379563209,-12.0372162676125,3.81));
#17979=CARTESIAN_POINT('Origin',(-34.7031815614083,-6.99999999999999,3.81));
#17980=CARTESIAN_POINT('',(-14.9979022561131,-19.0725251171264,3.81));
#17981=CARTESIAN_POINT('Origin',(-13.7499999999948,-13.7159646573544,3.81));
#17982=CARTESIAN_POINT('',(-14.2248330825064,-20.0375562954255,3.81));
#17983=CARTESIAN_POINT('Origin',(-15.2247935754073,-20.046445200721,3.81));
#17984=CARTESIAN_POINT('',(-5.83814916085746,-19.2722489321631,3.81));
#17985=CARTESIAN_POINT('Origin',(-10.,-20.0000006705523,3.81));
#17986=CARTESIAN_POINT('Origin',(-4.85309570780597,-19.1,3.81));
#17987=CARTESIAN_POINT('',(-12.2069811831508,-18.9950832325413,3.81));
#17988=CARTESIAN_POINT('',(-11.4085392881391,-18.6926665506622,3.81));
#17989=CARTESIAN_POINT('Origin',(-13.7499999999948,-13.7159646573544,3.81));
#17990=CARTESIAN_POINT('',(-8.75669433426915,-18.1,3.81));
#17991=CARTESIAN_POINT('Origin',(-8.75669433426915,-24.3290804933981,3.81));
#17992=CARTESIAN_POINT('',(-8.49314152890827,-18.1,3.81));
#17993=CARTESIAN_POINT('',(-4.37834716713458,-18.1,3.81));
#17994=CARTESIAN_POINT('Origin',(-10.,-20.0000006705523,3.81));
#17995=CARTESIAN_POINT('',(12.2069811831507,18.9950832325412,3.81));
#17996=CARTESIAN_POINT('',(8.49314152890826,18.1,3.81));
#17997=CARTESIAN_POINT('Origin',(10.,20.0000006705523,3.81));
#17998=CARTESIAN_POINT('',(11.4085392881389,18.6926665506621,3.81));
#17999=CARTESIAN_POINT('Origin',(13.7499999999948,13.7159646573544,3.81));
#18000=CARTESIAN_POINT('',(8.75669433426914,18.1,3.81));
#18001=CARTESIAN_POINT('Origin',(8.75669433426915,24.3290804933981,3.81));
#18002=CARTESIAN_POINT('',(4.37834716713458,18.1,3.81));
#18003=CARTESIAN_POINT('',(7.50855467455542,-21.9,3.81));
#18004=CARTESIAN_POINT('',(6.00855467455542,-20.4,3.81));
#18005=CARTESIAN_POINT('Origin',(7.50855467455542,-20.4,3.81));
#18006=CARTESIAN_POINT('',(6.00855467455542,-20.2,3.81));
#18007=CARTESIAN_POINT('',(6.00855467455542,-10.2,3.81));
#18008=CARTESIAN_POINT('',(6.87613771726729,-18.8398350128994,3.81));
#18009=CARTESIAN_POINT('Origin',(7.50855467455542,-20.2,3.81));
#18010=CARTESIAN_POINT('',(9.35677711759125,-17.6864466838658,3.81));
#18011=CARTESIAN_POINT('',(7.65050967842599,-18.4797860746238,3.81));
#18012=CARTESIAN_POINT('',(10.1999997273087,-17.5,3.81));
#18013=CARTESIAN_POINT('Origin',(10.1999997273087,-19.5,3.81));
#18014=CARTESIAN_POINT('',(12.1999997273088,-17.5,3.81));
#18015=CARTESIAN_POINT('',(5.09999986365437,-17.5,3.81));
#18016=CARTESIAN_POINT('',(13.1801853805859,-17.7902860916353,3.81));
#18017=CARTESIAN_POINT('Origin',(12.1999997273087,-19.3,3.81));
#18018=CARTESIAN_POINT('',(13.6245643315071,-18.0283116636125,3.81));
#18019=CARTESIAN_POINT('Origin',(14.8141558731806,-15.273591452941,3.81));
#18020=CARTESIAN_POINT('',(12.8243089076243,-21.9,3.81));
#18021=CARTESIAN_POINT('Origin',(12.8243089076243,-19.8814517647672,3.81));
#18022=CARTESIAN_POINT('',(6.41215445381216,-21.9,3.81));
#18023=CARTESIAN_POINT('',(-7.50855467455542,21.9,3.81));
#18024=CARTESIAN_POINT('',(-6.00855467455542,20.4,3.81));
#18025=CARTESIAN_POINT('Origin',(-7.50855467455542,20.4,3.81));
#18026=CARTESIAN_POINT('',(-6.00855467455542,20.2,3.81));
#18027=CARTESIAN_POINT('',(-6.00855467455542,10.2,3.81));
#18028=CARTESIAN_POINT('',(-6.8761377172673,18.8398350128994,3.81));
#18029=CARTESIAN_POINT('Origin',(-7.50855467455542,20.2,3.81));
#18030=CARTESIAN_POINT('',(-9.35677711759125,17.6864466838658,3.81));
#18031=CARTESIAN_POINT('',(-7.65050967842599,18.4797860746238,3.81));
#18032=CARTESIAN_POINT('',(-10.1999997273088,17.5,3.81));
#18033=CARTESIAN_POINT('Origin',(-10.1999997273088,19.5,3.81));
#18034=CARTESIAN_POINT('',(-12.1999997273088,17.5,3.81));
#18035=CARTESIAN_POINT('',(-5.09999986365438,17.5,3.81));
#18036=CARTESIAN_POINT('',(-13.1801853805859,17.7902860916353,3.81));
#18037=CARTESIAN_POINT('Origin',(-12.1999997273088,19.3,3.81));
#18038=CARTESIAN_POINT('',(-13.6245643315072,18.0283116636125,3.81));
#18039=CARTESIAN_POINT('Origin',(-14.8141558731806,15.273591452941,3.81));
#18040=CARTESIAN_POINT('',(-12.8243089076243,21.9,3.81));
#18041=CARTESIAN_POINT('Origin',(-12.8243089076243,19.8814517647672,3.81));
#18042=CARTESIAN_POINT('',(-6.41215445381216,21.9,3.81));
#18043=CARTESIAN_POINT('',(-12.1748355211104,-17.0639277492168,3.81));
#18044=CARTESIAN_POINT('Origin',(-8.75669433426915,-24.3290804933981,3.81));
#18045=CARTESIAN_POINT('',(-17.27343462516,-12.5866248315274,3.81));
#18046=CARTESIAN_POINT('Origin',(-13.7499999999948,-13.7159646573544,3.81));
#18047=CARTESIAN_POINT('',(-16.3999999999995,-6.99999999999932,3.81));
#18048=CARTESIAN_POINT('Origin',(-34.7031815614083,-6.99999999999999,3.81));
#18049=CARTESIAN_POINT('',(-16.4,12.,3.81));
#18050=CARTESIAN_POINT('',(-16.3999999999996,-3.49999999999989,3.81));
#18051=CARTESIAN_POINT('',(-16.5988146902238,15.0390857884503,3.81));
#18052=CARTESIAN_POINT('Origin',(-39.7271739129706,12.,3.81));
#18053=CARTESIAN_POINT('',(-14.8141558629637,17.073591452921,3.81));
#18054=CARTESIAN_POINT('Origin',(-14.8141558731806,15.2735914529409,3.81));
#18055=CARTESIAN_POINT('',(-13.4506407876514,16.6685568928972,3.81));
#18056=CARTESIAN_POINT('Origin',(-14.8141558771402,14.5759942183066,3.81));
#18057=CARTESIAN_POINT('',(-11.1999997273088,15.9999999999999,3.81));
#18058=CARTESIAN_POINT('Origin',(-11.1999997273088,20.1225762235824,3.81));
#18059=CARTESIAN_POINT('',(-10.1999997273088,16.,3.81));
#18060=CARTESIAN_POINT('',(-11.1999997273088,16.,3.81));
#18061=CARTESIAN_POINT('',(-8.72436016030312,16.3262816967652,3.81));
#18062=CARTESIAN_POINT('Origin',(-10.1999997273088,19.5,3.81));
#18063=CARTESIAN_POINT('',(-5.14559614753762,17.9902497221662,3.81));
#18064=CARTESIAN_POINT('',(-8.25841242129983,16.5429269230064,3.81));
#18065=CARTESIAN_POINT('',(-2.28154180113529,17.4477806265959,3.81));
#18066=CARTESIAN_POINT('Origin',(-4.09156788539075,15.7233080769985,3.81));
#18067=CARTESIAN_POINT('',(0.397296803562786,16.3,3.81));
#18068=CARTESIAN_POINT('Origin',(0.397296803562785,20.,3.81));
#18069=CARTESIAN_POINT('',(8.75669433426915,16.3,3.81));
#18070=CARTESIAN_POINT('',(-6.3013515982186,16.3,3.81));
#18071=CARTESIAN_POINT('',(12.1748355211101,17.0639277492166,3.81));
#18072=CARTESIAN_POINT('Origin',(8.75669433426915,24.3290804933981,3.81));
#18073=CARTESIAN_POINT('',(17.2734346251601,12.5866248315277,3.81));
#18074=CARTESIAN_POINT('Origin',(13.7499999999948,13.7159646573544,3.81));
#18075=CARTESIAN_POINT('',(16.3999999999995,6.9999999999993,3.81));
#18076=CARTESIAN_POINT('Origin',(34.7031815614083,6.99999999999999,3.81));
#18077=CARTESIAN_POINT('',(16.4,-12.,3.81));
#18078=CARTESIAN_POINT('',(16.3999999999995,3.49999999999989,3.81));
#18079=CARTESIAN_POINT('',(16.598814690245,-15.0390857884475,3.81));
#18080=CARTESIAN_POINT('Origin',(39.7271739129706,-12.,3.81));
#18081=CARTESIAN_POINT('Origin',(14.8141558731806,-15.273591452941,3.81));
#18082=CARTESIAN_POINT('Origin',(-10.1999997273088,16.,3.81));
#18083=CARTESIAN_POINT('',(-11.1999997273088,15.9999999999999,3.429));
#18084=CARTESIAN_POINT('',(-10.1999997273088,16.,3.429));
#18085=CARTESIAN_POINT('',(-10.4859878297596,16.,3.429));
#18086=CARTESIAN_POINT('',(-10.1999997273088,16.,3.81));
#18087=CARTESIAN_POINT('',(-11.1999997273088,15.9999999999999,3.81));
#18088=CARTESIAN_POINT('Origin',(0.397296803562785,20.,3.81));
#18089=CARTESIAN_POINT('',(0.397296803562786,16.3,3.429));
#18090=CARTESIAN_POINT('',(-2.28154180113529,17.4477806265959,3.429));
#18091=CARTESIAN_POINT('Origin',(0.397296803562785,20.,3.429));
#18092=CARTESIAN_POINT('',(0.397296803562784,16.3,3.81));
#18093=CARTESIAN_POINT('',(-2.28154180113529,17.4477806265959,3.81));
#18094=CARTESIAN_POINT('Origin',(-4.09156788539075,15.7233080769985,3.81));
#18095=CARTESIAN_POINT('',(-5.14559614753762,17.9902497221662,3.429));
#18096=CARTESIAN_POINT('Origin',(-4.09156788539075,15.7233080769985,3.429));
#18097=CARTESIAN_POINT('',(-5.14559614753762,17.9902497221662,3.81));
#18098=CARTESIAN_POINT('Origin',(-8.72436016030312,16.3262816967652,3.81));
#18099=CARTESIAN_POINT('',(-8.72436016030312,16.3262816967652,3.429));
#18100=CARTESIAN_POINT('',(-8.25841242129983,16.5429269230064,3.429));
#18101=CARTESIAN_POINT('',(-8.72436016030312,16.3262816967652,3.81));
#18102=CARTESIAN_POINT('Origin',(-10.1999997273088,19.5,3.81));
#18103=CARTESIAN_POINT('Origin',(-10.1999997273088,19.5,3.429));
#18104=CARTESIAN_POINT('Origin',(-11.1999997273088,20.1225762235824,3.81));
#18105=CARTESIAN_POINT('',(-13.4506407876514,16.6685568928972,3.429));
#18106=CARTESIAN_POINT('Origin',(-11.1999997273088,20.1225762235824,3.429));
#18107=CARTESIAN_POINT('',(-13.4506407876514,16.6685568928972,3.81));
#18108=CARTESIAN_POINT('Origin',(-14.8141558771402,14.5759942183066,3.81));
#18109=CARTESIAN_POINT('',(-14.8141558629637,17.073591452921,3.429));
#18110=CARTESIAN_POINT('Origin',(-14.8141558771402,14.5759942183066,3.429));
#18111=CARTESIAN_POINT('',(-14.8141558629637,17.073591452921,3.81));
#18112=CARTESIAN_POINT('Origin',(-12.6027031964372,16.3,3.429));
#18113=CARTESIAN_POINT('',(8.75669433426915,16.3,3.429));
#18114=CARTESIAN_POINT('',(-6.3013515982186,16.3,3.429));
#18115=CARTESIAN_POINT('',(8.75669433426915,16.3,3.429));
#18116=CARTESIAN_POINT('Origin',(-14.8141558731806,15.2735914529409,3.429));
#18117=CARTESIAN_POINT('',(-16.5988146902238,15.0390857884503,3.429));
#18118=CARTESIAN_POINT('',(-16.5988146902238,15.0390857884503,3.429));
#18119=CARTESIAN_POINT('Origin',(-14.8141558731806,15.2735914529409,3.429));
#18120=CARTESIAN_POINT('Origin',(4.85309570780597,19.1,3.429));
#18121=CARTESIAN_POINT('',(5.83814916085746,19.2722489321631,3.429));
#18122=CARTESIAN_POINT('',(5.83814916085746,19.2722489321631,3.429));
#18123=CARTESIAN_POINT('',(4.85309570780597,18.1,3.429));
#18124=CARTESIAN_POINT('Origin',(4.85309570780597,19.1,3.429));
#18125=CARTESIAN_POINT('',(4.85309570780597,18.1,3.429));
#18126=CARTESIAN_POINT('Origin',(10.,20.0000006705523,3.429));
#18127=CARTESIAN_POINT('',(14.2248330825064,20.0375562954255,3.429));
#18128=CARTESIAN_POINT('',(14.2248330825064,20.0375562954255,3.429));
#18129=CARTESIAN_POINT('Origin',(10.,20.0000006705523,3.429));
#18130=CARTESIAN_POINT('Origin',(15.2247935754073,20.046445200721,3.429));
#18131=CARTESIAN_POINT('',(14.9979022561131,19.0725251171264,3.429));
#18132=CARTESIAN_POINT('Origin',(15.2247935754073,20.046445200721,3.429));
#18133=CARTESIAN_POINT('',(14.9979022561131,19.0725251171264,3.429));
#18134=CARTESIAN_POINT('Origin',(-15.2247935754073,-20.046445200721,3.429));
#18135=CARTESIAN_POINT('',(-14.9979022561131,-19.0725251171264,3.429));
#18136=CARTESIAN_POINT('',(-14.2248330825064,-20.0375562954255,3.429));
#18137=CARTESIAN_POINT('Origin',(-15.2247935754073,-20.046445200721,3.429));
#18138=CARTESIAN_POINT('',(-14.2248330825064,-20.0375562954255,3.429));
#18139=CARTESIAN_POINT('',(-14.9979022561131,-19.0725251171264,3.429));
#18140=CARTESIAN_POINT('Origin',(-10.,-20.0000006705523,3.429));
#18141=CARTESIAN_POINT('',(-5.83814916085746,-19.2722489321631,3.429));
#18142=CARTESIAN_POINT('Origin',(-10.,-20.0000006705523,3.429));
#18143=CARTESIAN_POINT('',(-5.83814916085746,-19.2722489321631,3.429));
#18144=CARTESIAN_POINT('Origin',(-4.85309570780597,-19.1,3.429));
#18145=CARTESIAN_POINT('',(-4.85309570780597,-18.1,3.429));
#18146=CARTESIAN_POINT('Origin',(-4.85309570780597,-19.1,3.429));
#18147=CARTESIAN_POINT('',(-4.85309570780597,-18.1,3.429));
#18148=CARTESIAN_POINT('Origin',(-10.,-20.0000006705523,3.429));
#18149=CARTESIAN_POINT('',(-12.2069811831507,-18.9950832325412,3.429));
#18150=CARTESIAN_POINT('',(-12.2069811831507,-18.9950832325412,3.429));
#18151=CARTESIAN_POINT('',(-8.49314152890827,-18.1,3.429));
#18152=CARTESIAN_POINT('',(-8.49314152890827,-18.1,3.429));
#18153=CARTESIAN_POINT('Origin',(-10.,-20.0000006705523,3.429));
#18154=CARTESIAN_POINT('Origin',(-2.22044604925031E-15,0.,3.429));
#18155=CARTESIAN_POINT('',(-18.9875379563209,-12.0372162676125,3.429));
#18156=CARTESIAN_POINT('Origin',(-13.7499999999948,-13.7159646573544,3.429));
#18157=CARTESIAN_POINT('',(-18.1999999999995,-7.00000000000069,3.429));
#18158=CARTESIAN_POINT('Origin',(-34.7031815614083,-6.99999999999999,3.429));
#18159=CARTESIAN_POINT('',(-18.2,12.,3.429));
#18160=CARTESIAN_POINT('',(-18.1999999999998,5.99999999999973,3.429));
#18161=CARTESIAN_POINT('',(-19.11597627187,18.2127086265793,3.429));
#18162=CARTESIAN_POINT('Origin',(-39.7271739129706,12.,3.429));
#18163=CARTESIAN_POINT('',(-13.8500000000032,25.3,3.429));
#18164=CARTESIAN_POINT('Origin',(-13.8500000000033,19.8,3.429));
#18165=CARTESIAN_POINT('',(-6.99999999999998,25.3,3.429));
#18166=CARTESIAN_POINT('',(-3.49999999999999,25.3,3.429));
#18167=CARTESIAN_POINT('',(-1.50200913248713,19.9486486486486,3.429));
#18168=CARTESIAN_POINT('Origin',(-6.99999999999999,19.8,3.429));
#18169=CARTESIAN_POINT('',(0.39729680356279,18.1,3.429));
#18170=CARTESIAN_POINT('Origin',(0.397296803562786,20.,3.429));
#18171=CARTESIAN_POINT('',(4.37834716713458,18.1,3.429));
#18172=CARTESIAN_POINT('',(18.9875379563211,12.0372162676131,3.429));
#18173=CARTESIAN_POINT('Origin',(13.7499999999948,13.7159646573544,3.429));
#18174=CARTESIAN_POINT('',(18.1999999999995,7.0000000000007,3.429));
#18175=CARTESIAN_POINT('Origin',(34.7031815614083,6.99999999999999,3.429));
#18176=CARTESIAN_POINT('',(18.2,-12.,3.429));
#18177=CARTESIAN_POINT('',(18.1999999999998,-5.99999999999973,3.429));
#18178=CARTESIAN_POINT('',(19.11597627187,-18.2127086265793,3.429));
#18179=CARTESIAN_POINT('Origin',(39.7271739129706,-12.,3.429));
#18180=CARTESIAN_POINT('',(13.8500000000032,-25.3,3.429));
#18181=CARTESIAN_POINT('Origin',(13.8500000000032,-19.8,3.429));
#18182=CARTESIAN_POINT('',(6.99999999999998,-25.3,3.429));
#18183=CARTESIAN_POINT('',(3.49999999999998,-25.3,3.429));
#18184=CARTESIAN_POINT('',(1.50200913248712,-19.9486486486486,3.429));
#18185=CARTESIAN_POINT('Origin',(6.99999999999999,-19.8,3.429));
#18186=CARTESIAN_POINT('',(-0.397296803562793,-18.1,3.429));
#18187=CARTESIAN_POINT('Origin',(-0.397296803562788,-20.,3.429));
#18188=CARTESIAN_POINT('',(-4.37834716713458,-18.1,3.429));
#18189=CARTESIAN_POINT('',(16.598814690245,-15.0390857884475,3.429));
#18190=CARTESIAN_POINT('Origin',(14.8141558731806,-15.273591452941,3.429));
#18191=CARTESIAN_POINT('',(16.4,-12.,3.429));
#18192=CARTESIAN_POINT('Origin',(39.7271739129706,-12.,3.429));
#18193=CARTESIAN_POINT('',(16.3999999999995,6.9999999999993,3.429));
#18194=CARTESIAN_POINT('',(16.3999999999995,3.49999999999989,3.429));
#18195=CARTESIAN_POINT('',(17.2734346251601,12.5866248315277,3.429));
#18196=CARTESIAN_POINT('Origin',(34.7031815614083,6.99999999999999,3.429));
#18197=CARTESIAN_POINT('',(12.1748355211101,17.0639277492166,3.429));
#18198=CARTESIAN_POINT('Origin',(13.7499999999948,13.7159646573544,3.429));
#18199=CARTESIAN_POINT('Origin',(8.75669433426915,24.3290804933981,3.429));
#18200=CARTESIAN_POINT('',(-16.4,12.,3.429));
#18201=CARTESIAN_POINT('Origin',(-39.7271739129706,12.,3.429));
#18202=CARTESIAN_POINT('',(-16.3999999999995,-6.99999999999932,3.429));
#18203=CARTESIAN_POINT('',(-16.3999999999996,-3.49999999999989,3.429));
#18204=CARTESIAN_POINT('',(-17.27343462516,-12.5866248315274,3.429));
#18205=CARTESIAN_POINT('Origin',(-34.7031815614083,-6.99999999999999,3.429));
#18206=CARTESIAN_POINT('',(-12.1748355211104,-17.0639277492168,3.429));
#18207=CARTESIAN_POINT('Origin',(-13.7499999999948,-13.7159646573544,3.429));
#18208=CARTESIAN_POINT('Origin',(-8.75669433426915,-24.3290804933981,3.429));
#18209=CARTESIAN_POINT('',(-8.75669433426915,-18.1,3.429));
#18210=CARTESIAN_POINT('',(-4.37834716713458,-18.1,3.429));
#18211=CARTESIAN_POINT('',(-11.4085392881391,-18.6926665506622,3.429));
#18212=CARTESIAN_POINT('Origin',(-8.75669433426915,-24.3290804933981,3.429));
#18213=CARTESIAN_POINT('Origin',(-13.7499999999948,-13.7159646573544,3.429));
#18214=CARTESIAN_POINT('',(6.00855467455542,-20.4,3.429));
#18215=CARTESIAN_POINT('',(7.50855467455542,-21.9,3.429));
#18216=CARTESIAN_POINT('Origin',(7.50855467455542,-20.4,3.429));
#18217=CARTESIAN_POINT('',(12.8243089076243,-21.9,3.429));
#18218=CARTESIAN_POINT('',(6.41215445381216,-21.9,3.429));
#18219=CARTESIAN_POINT('',(13.6245643315071,-18.0283116636125,3.429));
#18220=CARTESIAN_POINT('Origin',(12.8243089076243,-19.8814517647672,3.429));
#18221=CARTESIAN_POINT('',(13.1801853805859,-17.7902860916353,3.429));
#18222=CARTESIAN_POINT('Origin',(14.8141558731806,-15.273591452941,3.429));
#18223=CARTESIAN_POINT('',(12.1999997273088,-17.5,3.429));
#18224=CARTESIAN_POINT('Origin',(12.1999997273087,-19.3,3.429));
#18225=CARTESIAN_POINT('',(10.1999997273087,-17.5,3.429));
#18226=CARTESIAN_POINT('',(5.09999986365437,-17.5,3.429));
#18227=CARTESIAN_POINT('',(9.35677711759125,-17.6864466838658,3.429));
#18228=CARTESIAN_POINT('Origin',(10.1999997273087,-19.5,3.429));
#18229=CARTESIAN_POINT('',(6.87613771726729,-18.8398350128994,3.429));
#18230=CARTESIAN_POINT('',(7.65050967842599,-18.4797860746238,3.429));
#18231=CARTESIAN_POINT('',(6.00855467455542,-20.2,3.429));
#18232=CARTESIAN_POINT('Origin',(7.50855467455542,-20.2,3.429));
#18233=CARTESIAN_POINT('',(6.00855467455542,-10.2,3.429));
#18234=CARTESIAN_POINT('',(-6.00855467455542,20.4,3.429));
#18235=CARTESIAN_POINT('',(-7.50855467455542,21.9,3.429));
#18236=CARTESIAN_POINT('Origin',(-7.50855467455542,20.4,3.429));
#18237=CARTESIAN_POINT('',(-12.8243089076243,21.9,3.429));
#18238=CARTESIAN_POINT('',(-6.41215445381216,21.9,3.429));
#18239=CARTESIAN_POINT('',(-13.6245643315072,18.0283116636125,3.429));
#18240=CARTESIAN_POINT('Origin',(-12.8243089076243,19.8814517647672,3.429));
#18241=CARTESIAN_POINT('',(-13.1801853805859,17.7902860916353,3.429));
#18242=CARTESIAN_POINT('Origin',(-14.8141558731806,15.273591452941,3.429));
#18243=CARTESIAN_POINT('',(-12.1999997273088,17.5,3.429));
#18244=CARTESIAN_POINT('Origin',(-12.1999997273088,19.3,3.429));
#18245=CARTESIAN_POINT('',(-10.1999997273088,17.5,3.429));
#18246=CARTESIAN_POINT('',(-5.09999986365438,17.5,3.429));
#18247=CARTESIAN_POINT('',(-9.35677711759125,17.6864466838658,3.429));
#18248=CARTESIAN_POINT('Origin',(-10.1999997273088,19.5,3.429));
#18249=CARTESIAN_POINT('',(-6.8761377172673,18.8398350128994,3.429));
#18250=CARTESIAN_POINT('',(-7.65050967842599,18.4797860746238,3.429));
#18251=CARTESIAN_POINT('',(-6.00855467455542,20.2,3.429));
#18252=CARTESIAN_POINT('Origin',(-7.50855467455542,20.2,3.429));
#18253=CARTESIAN_POINT('',(-6.00855467455542,10.2,3.429));
#18254=CARTESIAN_POINT('',(8.75669433426914,18.1,3.429));
#18255=CARTESIAN_POINT('',(8.49314152890826,18.1,3.429));
#18256=CARTESIAN_POINT('',(4.37834716713458,18.1,3.429));
#18257=CARTESIAN_POINT('',(11.4085392881389,18.6926665506621,3.429));
#18258=CARTESIAN_POINT('Origin',(8.75669433426915,24.3290804933981,3.429));
#18259=CARTESIAN_POINT('',(12.2069811831507,18.9950832325412,3.429));
#18260=CARTESIAN_POINT('Origin',(13.7499999999948,13.7159646573544,3.429));
#18261=CARTESIAN_POINT('Origin',(10.,20.0000006705523,3.429));
#18262=CARTESIAN_POINT('Origin',(-13.7499999999948,-13.7159646573544,3.429));
#18263=CARTESIAN_POINT('',(-11.4085392881391,-18.6926665506622,3.429));
#18264=CARTESIAN_POINT('Origin',(-13.7499999999948,-13.7159646573544,3.429));
#18265=CARTESIAN_POINT('',(-18.9875379563209,-12.0372162676125,3.429));
#18266=CARTESIAN_POINT('Origin',(-8.75669433426915,-18.1,3.429));
#18267=CARTESIAN_POINT('',(-8.75669433426915,-18.1,3.429));
#18268=CARTESIAN_POINT('Origin',(10.,20.0000006705523,3.429));
#18269=CARTESIAN_POINT('',(8.49314152890826,18.1,3.429));
#18270=CARTESIAN_POINT('',(12.2069811831507,18.9950832325412,3.429));
#18271=CARTESIAN_POINT('Origin',(8.75669433426914,18.1,3.429));
#18272=CARTESIAN_POINT('',(0.39729680356279,18.1,3.429));
#18273=CARTESIAN_POINT('Origin',(13.7499999999948,13.7159646573544,3.429));
#18274=CARTESIAN_POINT('',(18.9875379563211,12.0372162676131,3.429));
#18275=CARTESIAN_POINT('Origin',(13.7499999999948,13.7159646573544,3.429));
#18276=CARTESIAN_POINT('',(11.4085392881389,18.6926665506621,3.429));
#18277=CARTESIAN_POINT('Origin',(13.7499999999948,13.7159646573544,3.429));
#18278=CARTESIAN_POINT('',(17.2734346251601,12.5866248315277,3.429));
#18279=CARTESIAN_POINT('',(12.1748355211101,17.0639277492166,3.429));
#18280=CARTESIAN_POINT('Origin',(7.50855467455542,-20.4,3.81));
#18281=CARTESIAN_POINT('',(6.00855467455542,-20.4,3.81));
#18282=CARTESIAN_POINT('',(7.50855467455542,-21.9,3.81));
#18283=CARTESIAN_POINT('Origin',(12.8243089076243,-21.9,3.81));
#18284=CARTESIAN_POINT('',(12.8243089076243,-21.9,3.81));
#18285=CARTESIAN_POINT('Origin',(12.8243089076243,-19.8814517647672,3.81));
#18286=CARTESIAN_POINT('',(13.6245643315071,-18.0283116636125,3.81));
#18287=CARTESIAN_POINT('Origin',(14.8141558731806,-15.273591452941,3.81));
#18288=CARTESIAN_POINT('',(13.1801853805859,-17.7902860916353,3.81));
#18289=CARTESIAN_POINT('Origin',(12.1999997273087,-19.3,3.81));
#18290=CARTESIAN_POINT('',(12.1999997273088,-17.5,3.81));
#18291=CARTESIAN_POINT('Origin',(10.1999997273087,-17.5,3.81));
#18292=CARTESIAN_POINT('',(10.1999997273087,-17.5,3.81));
#18293=CARTESIAN_POINT('Origin',(10.1999997273087,-19.5,3.81));
#18294=CARTESIAN_POINT('',(9.35677711759125,-17.6864466838658,3.81));
#18295=CARTESIAN_POINT('Origin',(6.87613771726729,-18.8398350128994,3.81));
#18296=CARTESIAN_POINT('',(6.87613771726729,-18.8398350128994,3.81));
#18297=CARTESIAN_POINT('Origin',(7.50855467455542,-20.2,3.81));
#18298=CARTESIAN_POINT('',(6.00855467455542,-20.2,3.81));
#18299=CARTESIAN_POINT('Origin',(6.00855467455542,-20.4,3.81));
#18300=CARTESIAN_POINT('Origin',(-7.50855467455542,20.4,3.81));
#18301=CARTESIAN_POINT('',(-6.00855467455542,20.4,3.81));
#18302=CARTESIAN_POINT('',(-7.50855467455542,21.9,3.81));
#18303=CARTESIAN_POINT('Origin',(-12.8243089076243,21.9,3.81));
#18304=CARTESIAN_POINT('',(-12.8243089076243,21.9,3.81));
#18305=CARTESIAN_POINT('Origin',(-12.8243089076243,19.8814517647672,3.81));
#18306=CARTESIAN_POINT('',(-13.6245643315072,18.0283116636125,3.81));
#18307=CARTESIAN_POINT('Origin',(-14.8141558731806,15.273591452941,3.81));
#18308=CARTESIAN_POINT('',(-13.1801853805859,17.7902860916353,3.81));
#18309=CARTESIAN_POINT('Origin',(-12.1999997273088,19.3,3.81));
#18310=CARTESIAN_POINT('',(-12.1999997273088,17.5,3.81));
#18311=CARTESIAN_POINT('Origin',(-10.1999997273088,17.5,3.81));
#18312=CARTESIAN_POINT('',(-10.1999997273088,17.5,3.81));
#18313=CARTESIAN_POINT('Origin',(-10.1999997273088,19.5,3.81));
#18314=CARTESIAN_POINT('',(-9.35677711759125,17.6864466838658,3.81));
#18315=CARTESIAN_POINT('Origin',(-6.8761377172673,18.8398350128994,3.81));
#18316=CARTESIAN_POINT('',(-6.8761377172673,18.8398350128994,3.81));
#18317=CARTESIAN_POINT('Origin',(-7.50855467455542,20.2,3.81));
#18318=CARTESIAN_POINT('',(-6.00855467455542,20.2,3.81));
#18319=CARTESIAN_POINT('Origin',(-6.00855467455542,20.4,3.81));
#18320=CARTESIAN_POINT('Origin',(14.8141558731806,-15.273591452941,3.429));
#18321=CARTESIAN_POINT('',(16.598814690245,-15.0390857884475,3.429));
#18322=CARTESIAN_POINT('Origin',(39.7271739129706,-12.,3.429));
#18323=CARTESIAN_POINT('',(16.4,-12.,3.429));
#18324=CARTESIAN_POINT('Origin',(16.3999999999994,6.9999999999993,3.429));
#18325=CARTESIAN_POINT('',(16.3999999999995,6.9999999999993,3.429));
#18326=CARTESIAN_POINT('Origin',(34.7031815614083,6.99999999999999,3.429));
#18327=CARTESIAN_POINT('Origin',(8.75669433426915,24.3290804933981,3.429));
#18328=CARTESIAN_POINT('Origin',(-39.7271739129706,12.,3.429));
#18329=CARTESIAN_POINT('',(-16.4,12.,3.429));
#18330=CARTESIAN_POINT('Origin',(-16.3999999999995,-6.99999999999932,3.429));
#18331=CARTESIAN_POINT('',(-16.3999999999995,-6.99999999999932,3.429));
#18332=CARTESIAN_POINT('Origin',(-34.7031815614083,-6.99999999999999,3.429));
#18333=CARTESIAN_POINT('',(-17.27343462516,-12.5866248315274,3.429));
#18334=CARTESIAN_POINT('Origin',(-13.7499999999948,-13.7159646573544,3.429));
#18335=CARTESIAN_POINT('',(-12.1748355211104,-17.0639277492168,3.429));
#18336=CARTESIAN_POINT('Origin',(-8.75669433426915,-24.3290804933981,3.429));
#18337=CARTESIAN_POINT('Origin',(34.7031815614083,6.99999999999999,3.429));
#18338=CARTESIAN_POINT('',(18.1999999999995,7.0000000000007,3.429));
#18339=CARTESIAN_POINT('Origin',(18.2,-12.,3.429));
#18340=CARTESIAN_POINT('',(18.2,-12.,3.429));
#18341=CARTESIAN_POINT('Origin',(39.7271739129706,-12.,3.429));
#18342=CARTESIAN_POINT('',(19.11597627187,-18.2127086265793,3.429));
#18343=CARTESIAN_POINT('Origin',(13.8500000000032,-19.8,3.429));
#18344=CARTESIAN_POINT('',(13.8500000000032,-25.3,3.429));
#18345=CARTESIAN_POINT('Origin',(6.99999999999998,-25.3,3.429));
#18346=CARTESIAN_POINT('',(6.99999999999998,-25.3,3.429));
#18347=CARTESIAN_POINT('Origin',(6.99999999999999,-19.8,3.429));
#18348=CARTESIAN_POINT('',(1.50200913248712,-19.9486486486486,3.429));
#18349=CARTESIAN_POINT('Origin',(-0.397296803562788,-20.,3.429));
#18350=CARTESIAN_POINT('',(-0.397296803562793,-18.1,3.429));
#18351=CARTESIAN_POINT('Origin',(-8.75669433426915,-18.1,3.429));
#18352=CARTESIAN_POINT('Origin',(-8.75669433426915,-24.3290804933981,3.429));
#18353=CARTESIAN_POINT('Origin',(-34.7031815614083,-6.99999999999999,3.429));
#18354=CARTESIAN_POINT('',(-18.1999999999995,-7.00000000000069,3.429));
#18355=CARTESIAN_POINT('Origin',(-18.2,12.,3.429));
#18356=CARTESIAN_POINT('',(-18.2,12.,3.429));
#18357=CARTESIAN_POINT('Origin',(-39.7271739129706,12.,3.429));
#18358=CARTESIAN_POINT('',(-19.11597627187,18.2127086265793,3.429));
#18359=CARTESIAN_POINT('Origin',(-13.8500000000033,19.8,3.429));
#18360=CARTESIAN_POINT('',(-13.8500000000032,25.3,3.429));
#18361=CARTESIAN_POINT('Origin',(-6.99999999999998,25.3,3.429));
#18362=CARTESIAN_POINT('',(-6.99999999999998,25.3,3.429));
#18363=CARTESIAN_POINT('Origin',(-6.99999999999999,19.8,3.429));
#18364=CARTESIAN_POINT('',(-1.50200913248713,19.9486486486486,3.429));
#18365=CARTESIAN_POINT('Origin',(0.397296803562786,20.,3.429));
#18366=CARTESIAN_POINT('Origin',(8.75669433426914,18.1,3.429));
#18367=CARTESIAN_POINT('',(8.75669433426914,18.1,3.429));
#18368=CARTESIAN_POINT('Origin',(8.75669433426915,24.3290804933981,3.429));
#18369=CARTESIAN_POINT('',(0.,0.,0.));
#18370=CARTESIAN_POINT('',(0.,0.,0.));
#18371=CARTESIAN_POINT('',(0.,0.,0.));
#18372=CARTESIAN_POINT('',(0.,0.,0.));
#18373=CARTESIAN_POINT('',(0.,0.,0.));
#18374=CARTESIAN_POINT('Origin',(-16.0000000000033,21.5,3.075));
#18375=CARTESIAN_POINT('',(-20.0000000000033,21.5,3.085));
#18376=CARTESIAN_POINT('',(-16.0000000000033,25.5,3.085));
#18377=CARTESIAN_POINT('Origin',(-16.0000000000033,21.5,3.085));
#18378=CARTESIAN_POINT('',(-16.0000000000033,25.5,3.075));
#18379=CARTESIAN_POINT('',(-16.0000000000033,25.5,3.075));
#18380=CARTESIAN_POINT('',(-20.0000000000033,21.5,3.075));
#18381=CARTESIAN_POINT('Origin',(-16.0000000000033,21.5,3.075));
#18382=CARTESIAN_POINT('',(-20.0000000000033,21.5,3.075));
#18383=CARTESIAN_POINT('Origin',(20.0000000000033,25.5,3.075));
#18384=CARTESIAN_POINT('',(16.0000000000033,25.5,3.085));
#18385=CARTESIAN_POINT('',(-20.0000000000033,25.5,3.085));
#18386=CARTESIAN_POINT('',(16.0000000000033,25.5,3.075));
#18387=CARTESIAN_POINT('',(16.0000000000033,25.5,3.075));
#18388=CARTESIAN_POINT('',(-20.0000000000033,25.5,3.075));
#18389=CARTESIAN_POINT('Origin',(-4.44089209850063E-15,4.44089209850063E-15,
3.085));
#18390=CARTESIAN_POINT('',(-20.0000000000033,-21.5,3.085));
#18391=CARTESIAN_POINT('',(-20.0000000000033,-25.5,3.085));
#18392=CARTESIAN_POINT('',(-16.0000000000033,-25.5,3.085));
#18393=CARTESIAN_POINT('Origin',(-16.0000000000033,-21.5,3.085));
#18394=CARTESIAN_POINT('',(16.0000000000033,-25.5,3.085));
#18395=CARTESIAN_POINT('',(20.0000000000033,-25.5,3.085));
#18396=CARTESIAN_POINT('',(20.0000000000033,-21.5,3.085));
#18397=CARTESIAN_POINT('Origin',(16.0000000000033,-21.5,3.085));
#18398=CARTESIAN_POINT('',(20.0000000000033,21.5,3.085));
#18399=CARTESIAN_POINT('',(20.0000000000033,25.5,3.085));
#18400=CARTESIAN_POINT('Origin',(16.0000000000033,21.5,3.085));
#18401=CARTESIAN_POINT('',(7.575,20.0000006705523,3.085));
#18402=CARTESIAN_POINT('Origin',(10.,20.0000006705523,3.085));
#18403=CARTESIAN_POINT('',(-12.425,-20.0000006705523,3.085));
#18404=CARTESIAN_POINT('Origin',(-10.,-20.0000006705523,3.085));
#18405=CARTESIAN_POINT('',(9.2,-19.950000000005,3.085));
#18406=CARTESIAN_POINT('Origin',(11.,-19.950000000005,3.085));
#18407=CARTESIAN_POINT('',(-12.7999999999973,19.95,3.085));
#18408=CARTESIAN_POINT('Origin',(-10.9999999999973,19.95,3.085));
#18409=CARTESIAN_POINT('Origin',(16.0000000000033,21.5,3.075));
#18410=CARTESIAN_POINT('',(20.0000000000033,21.5,3.075));
#18411=CARTESIAN_POINT('',(20.0000000000033,21.5,3.075));
#18412=CARTESIAN_POINT('Origin',(16.0000000000033,21.5,3.075));
#18413=CARTESIAN_POINT('Origin',(20.0000000000033,-25.5,3.075));
#18414=CARTESIAN_POINT('',(20.0000000000033,-21.5,3.075));
#18415=CARTESIAN_POINT('',(20.0000000000033,-21.5,3.075));
#18416=CARTESIAN_POINT('',(20.0000000000033,25.5,3.075));
#18417=CARTESIAN_POINT('Origin',(16.0000000000033,-21.5,3.075));
#18418=CARTESIAN_POINT('',(16.0000000000033,-25.5,3.075));
#18419=CARTESIAN_POINT('',(16.0000000000033,-25.5,3.075));
#18420=CARTESIAN_POINT('Origin',(16.0000000000033,-21.5,3.075));
#18421=CARTESIAN_POINT('Origin',(-20.0000000000033,-25.5,3.075));
#18422=CARTESIAN_POINT('',(-16.0000000000033,-25.5,3.075));
#18423=CARTESIAN_POINT('',(-16.0000000000033,-25.5,3.075));
#18424=CARTESIAN_POINT('',(20.0000000000033,-25.5,3.075));
#18425=CARTESIAN_POINT('Origin',(-16.0000000000033,-21.5,3.075));
#18426=CARTESIAN_POINT('',(-20.0000000000033,-21.5,3.075));
#18427=CARTESIAN_POINT('',(-20.0000000000033,-21.5,3.075));
#18428=CARTESIAN_POINT('Origin',(-16.0000000000033,-21.5,3.075));
#18429=CARTESIAN_POINT('Origin',(-10.9999999999973,19.95,3.075));
#18430=CARTESIAN_POINT('',(-12.7999999999973,19.95,3.075));
#18431=CARTESIAN_POINT('',(-12.7999999999973,19.95,3.075));
#18432=CARTESIAN_POINT('Origin',(-10.9999999999973,19.95,3.075));
#18433=CARTESIAN_POINT('Origin',(11.,-19.950000000005,3.075));
#18434=CARTESIAN_POINT('',(9.2,-19.950000000005,3.075));
#18435=CARTESIAN_POINT('',(9.2,-19.950000000005,3.075));
#18436=CARTESIAN_POINT('Origin',(11.,-19.950000000005,3.075));
#18437=CARTESIAN_POINT('Origin',(-10.,-20.0000006705523,3.075));
#18438=CARTESIAN_POINT('',(-12.425,-20.0000006705523,3.075));
#18439=CARTESIAN_POINT('',(-12.425,-20.0000006705523,3.075));
#18440=CARTESIAN_POINT('Origin',(-10.,-20.0000006705523,3.075));
#18441=CARTESIAN_POINT('Origin',(10.,20.0000006705523,3.075));
#18442=CARTESIAN_POINT('',(7.575,20.0000006705523,3.075));
#18443=CARTESIAN_POINT('',(7.575,20.0000006705523,3.075));
#18444=CARTESIAN_POINT('Origin',(10.,20.0000006705523,3.075));
#18445=CARTESIAN_POINT('Origin',(-20.0000000000033,25.5,3.075));
#18446=CARTESIAN_POINT('',(-20.0000000000033,-25.5,3.075));
#18447=CARTESIAN_POINT('Origin',(-4.44089209850063E-15,4.44089209850063E-15,
3.075));
#18448=CARTESIAN_POINT('',(0.,0.,0.));
#18449=CARTESIAN_POINT('',(0.,0.,0.));
#18450=CARTESIAN_POINT('Origin',(15.,-15.,0.));
#18451=CARTESIAN_POINT('',(15.,15.,0.));
#18452=CARTESIAN_POINT('',(15.,-15.,0.));
#18453=CARTESIAN_POINT('',(15.,15.,0.));
#18454=CARTESIAN_POINT('',(15.,15.,0.3048));
#18455=CARTESIAN_POINT('',(15.,15.,0.));
#18456=CARTESIAN_POINT('',(15.,-15.,0.3048));
#18457=CARTESIAN_POINT('',(15.,15.,0.3048));
#18458=CARTESIAN_POINT('',(15.,-15.,0.));
#18459=CARTESIAN_POINT('Origin',(-15.,-15.,0.));
#18460=CARTESIAN_POINT('',(-15.,-15.,0.));
#18461=CARTESIAN_POINT('',(15.,-15.,0.));
#18462=CARTESIAN_POINT('',(-15.,-15.,0.3048));
#18463=CARTESIAN_POINT('',(15.,-15.,0.3048));
#18464=CARTESIAN_POINT('',(-15.,-15.,0.));
#18465=CARTESIAN_POINT('Origin',(-15.,15.,0.));
#18466=CARTESIAN_POINT('',(-15.,15.,0.));
#18467=CARTESIAN_POINT('',(-15.,-15.,0.));
#18468=CARTESIAN_POINT('',(-15.,15.,0.3048));
#18469=CARTESIAN_POINT('',(-15.,-15.,0.3048));
#18470=CARTESIAN_POINT('',(-15.,15.,0.));
#18471=CARTESIAN_POINT('Origin',(15.,15.,0.));
#18472=CARTESIAN_POINT('',(-15.,15.,0.));
#18473=CARTESIAN_POINT('',(-15.,15.,0.3048));
#18474=CARTESIAN_POINT('Origin',(0.,4.44089209850063E-15,0.3048));
#18475=CARTESIAN_POINT('Origin',(0.,4.44089209850063E-15,0.));
#18476=CARTESIAN_POINT('',(0.,0.,23.));
#18477=CARTESIAN_POINT('',(0.,0.,25.7702));
#18478=CARTESIAN_POINT('',(0.,0.,26.085));
#18479=CARTESIAN_POINT('',(-2.22044604925031E-15,0.,-8.175));
#18480=CARTESIAN_POINT('',(0.,0.,9.));
#18481=CARTESIAN_POINT('',(0.,0.,13.));
#18482=CARTESIAN_POINT('',(0.,0.,0.));
#18483=CARTESIAN_POINT('',(-2.22044604925031E-15,0.,59.825));
#18484=CARTESIAN_POINT('',(0.,0.,33.));
#18485=CARTESIAN_POINT('',(0.,0.,38.));
#18486=CARTESIAN_POINT('',(0.,0.,0.));
#18487=CARTESIAN_POINT('Origin',(0.,0.,0.));
#18488=UNCERTAINTY_MEASURE_WITH_UNIT(LENGTH_MEASURE(0.01),#18518,
'DISTANCE_ACCURACY_VALUE',
'Maximum model space distance between geometric entities at asserted c
onnectivities');
#18489=UNCERTAINTY_MEASURE_WITH_UNIT(LENGTH_MEASURE(0.01),#18518,
'DISTANCE_ACCURACY_VALUE',
'Maximum model space distance between geometric entities at asserted c
onnectivities');
#18490=UNCERTAINTY_MEASURE_WITH_UNIT(LENGTH_MEASURE(0.01),#18518,
'DISTANCE_ACCURACY_VALUE',
'Maximum model space distance between geometric entities at asserted c
onnectivities');
#18491=UNCERTAINTY_MEASURE_WITH_UNIT(LENGTH_MEASURE(0.01),#18518,
'DISTANCE_ACCURACY_VALUE',
'Maximum model space distance between geometric entities at asserted c
onnectivities');
#18492=UNCERTAINTY_MEASURE_WITH_UNIT(LENGTH_MEASURE(0.01),#18518,
'DISTANCE_ACCURACY_VALUE',
'Maximum model space distance between geometric entities at asserted c
onnectivities');
#18493=UNCERTAINTY_MEASURE_WITH_UNIT(LENGTH_MEASURE(0.01),#18518,
'DISTANCE_ACCURACY_VALUE',
'Maximum model space distance between geometric entities at asserted c
onnectivities');
#18494=UNCERTAINTY_MEASURE_WITH_UNIT(LENGTH_MEASURE(0.01),#18518,
'DISTANCE_ACCURACY_VALUE',
'Maximum model space distance between geometric entities at asserted c
onnectivities');
#18495=UNCERTAINTY_MEASURE_WITH_UNIT(LENGTH_MEASURE(0.01),#18518,
'DISTANCE_ACCURACY_VALUE',
'Maximum model space distance between geometric entities at asserted c
onnectivities');
#18496=UNCERTAINTY_MEASURE_WITH_UNIT(LENGTH_MEASURE(0.01),#18518,
'DISTANCE_ACCURACY_VALUE',
'Maximum model space distance between geometric entities at asserted c
onnectivities');
#18497=UNCERTAINTY_MEASURE_WITH_UNIT(LENGTH_MEASURE(0.01),#18518,
'DISTANCE_ACCURACY_VALUE',
'Maximum model space distance between geometric entities at asserted c
onnectivities');
#18498=UNCERTAINTY_MEASURE_WITH_UNIT(LENGTH_MEASURE(0.01),#18518,
'DISTANCE_ACCURACY_VALUE',
'Maximum model space distance between geometric entities at asserted c
onnectivities');
#18499=UNCERTAINTY_MEASURE_WITH_UNIT(LENGTH_MEASURE(0.01),#18518,
'DISTANCE_ACCURACY_VALUE',
'Maximum model space distance between geometric entities at asserted c
onnectivities');
#18500=UNCERTAINTY_MEASURE_WITH_UNIT(LENGTH_MEASURE(0.01),#18518,
'DISTANCE_ACCURACY_VALUE',
'Maximum model space distance between geometric entities at asserted c
onnectivities');
#18501=UNCERTAINTY_MEASURE_WITH_UNIT(LENGTH_MEASURE(0.01),#18518,
'DISTANCE_ACCURACY_VALUE',
'Maximum model space distance between geometric entities at asserted c
onnectivities');
#18502=UNCERTAINTY_MEASURE_WITH_UNIT(LENGTH_MEASURE(0.01),#18518,
'DISTANCE_ACCURACY_VALUE',
'Maximum model space distance between geometric entities at asserted c
onnectivities');
#18503=(
GEOMETRIC_REPRESENTATION_CONTEXT(3)
GLOBAL_UNCERTAINTY_ASSIGNED_CONTEXT((#18488))
GLOBAL_UNIT_ASSIGNED_CONTEXT((#18518,#18520,#18521))
REPRESENTATION_CONTEXT('','3D')
);
#18504=(
GEOMETRIC_REPRESENTATION_CONTEXT(3)
GLOBAL_UNCERTAINTY_ASSIGNED_CONTEXT((#18489))
GLOBAL_UNIT_ASSIGNED_CONTEXT((#18518,#18520,#18521))
REPRESENTATION_CONTEXT('','3D')
);
#18505=(
GEOMETRIC_REPRESENTATION_CONTEXT(3)
GLOBAL_UNCERTAINTY_ASSIGNED_CONTEXT((#18490))
GLOBAL_UNIT_ASSIGNED_CONTEXT((#18518,#18520,#18521))
REPRESENTATION_CONTEXT('','3D')
);
#18506=(
GEOMETRIC_REPRESENTATION_CONTEXT(3)
GLOBAL_UNCERTAINTY_ASSIGNED_CONTEXT((#18491))
GLOBAL_UNIT_ASSIGNED_CONTEXT((#18518,#18520,#18521))
REPRESENTATION_CONTEXT('','3D')
);
#18507=(
GEOMETRIC_REPRESENTATION_CONTEXT(3)
GLOBAL_UNCERTAINTY_ASSIGNED_CONTEXT((#18492))
GLOBAL_UNIT_ASSIGNED_CONTEXT((#18518,#18520,#18521))
REPRESENTATION_CONTEXT('','3D')
);
#18508=(
GEOMETRIC_REPRESENTATION_CONTEXT(3)
GLOBAL_UNCERTAINTY_ASSIGNED_CONTEXT((#18493))
GLOBAL_UNIT_ASSIGNED_CONTEXT((#18518,#18520,#18521))
REPRESENTATION_CONTEXT('','3D')
);
#18509=(
GEOMETRIC_REPRESENTATION_CONTEXT(3)
GLOBAL_UNCERTAINTY_ASSIGNED_CONTEXT((#18494))
GLOBAL_UNIT_ASSIGNED_CONTEXT((#18518,#18520,#18521))
REPRESENTATION_CONTEXT('','3D')
);
#18510=(
GEOMETRIC_REPRESENTATION_CONTEXT(3)
GLOBAL_UNCERTAINTY_ASSIGNED_CONTEXT((#18495))
GLOBAL_UNIT_ASSIGNED_CONTEXT((#18518,#18520,#18521))
REPRESENTATION_CONTEXT('','3D')
);
#18511=(
GEOMETRIC_REPRESENTATION_CONTEXT(3)
GLOBAL_UNCERTAINTY_ASSIGNED_CONTEXT((#18496))
GLOBAL_UNIT_ASSIGNED_CONTEXT((#18518,#18520,#18521))
REPRESENTATION_CONTEXT('','3D')
);
#18512=(
GEOMETRIC_REPRESENTATION_CONTEXT(3)
GLOBAL_UNCERTAINTY_ASSIGNED_CONTEXT((#18497))
GLOBAL_UNIT_ASSIGNED_CONTEXT((#18518,#18520,#18521))
REPRESENTATION_CONTEXT('','3D')
);
#18513=(
GEOMETRIC_REPRESENTATION_CONTEXT(3)
GLOBAL_UNCERTAINTY_ASSIGNED_CONTEXT((#18498))
GLOBAL_UNIT_ASSIGNED_CONTEXT((#18518,#18520,#18521))
REPRESENTATION_CONTEXT('','3D')
);
#18514=(
GEOMETRIC_REPRESENTATION_CONTEXT(3)
GLOBAL_UNCERTAINTY_ASSIGNED_CONTEXT((#18499))
GLOBAL_UNIT_ASSIGNED_CONTEXT((#18518,#18520,#18521))
REPRESENTATION_CONTEXT('','3D')
);
#18515=(
GEOMETRIC_REPRESENTATION_CONTEXT(3)
GLOBAL_UNCERTAINTY_ASSIGNED_CONTEXT((#18500))
GLOBAL_UNIT_ASSIGNED_CONTEXT((#18518,#18520,#18521))
REPRESENTATION_CONTEXT('','3D')
);
#18516=(
GEOMETRIC_REPRESENTATION_CONTEXT(3)
GLOBAL_UNCERTAINTY_ASSIGNED_CONTEXT((#18501))
GLOBAL_UNIT_ASSIGNED_CONTEXT((#18518,#18520,#18521))
REPRESENTATION_CONTEXT('','3D')
);
#18517=(
GEOMETRIC_REPRESENTATION_CONTEXT(3)
GLOBAL_UNCERTAINTY_ASSIGNED_CONTEXT((#18502))
GLOBAL_UNIT_ASSIGNED_CONTEXT((#18518,#18520,#18521))
REPRESENTATION_CONTEXT('','3D')
);
#18518=(
LENGTH_UNIT()
NAMED_UNIT(*)
SI_UNIT(.MILLI.,.METRE.)
);
#18519=(
LENGTH_UNIT()
NAMED_UNIT(*)
SI_UNIT($,.METRE.)
);
#18520=(
NAMED_UNIT(*)
PLANE_ANGLE_UNIT()
SI_UNIT($,.RADIAN.)
);
#18521=(
NAMED_UNIT(*)
SI_UNIT($,.STERADIAN.)
SOLID_ANGLE_UNIT()
);
#18522=SHAPE_DEFINITION_REPRESENTATION(#18536,#18566);
#18523=SHAPE_DEFINITION_REPRESENTATION(#18537,#18567);
#18524=SHAPE_DEFINITION_REPRESENTATION(#18538,#18568);
#18525=SHAPE_DEFINITION_REPRESENTATION(#18539,#18569);
#18526=SHAPE_DEFINITION_REPRESENTATION(#18540,#18570);
#18527=SHAPE_DEFINITION_REPRESENTATION(#18541,#18571);
#18528=SHAPE_DEFINITION_REPRESENTATION(#18544,#18572);
#18529=SHAPE_DEFINITION_REPRESENTATION(#18545,#18573);
#18530=SHAPE_DEFINITION_REPRESENTATION(#18546,#18574);
#18531=SHAPE_DEFINITION_REPRESENTATION(#18547,#18575);
#18532=SHAPE_DEFINITION_REPRESENTATION(#18550,#18576);
#18533=SHAPE_DEFINITION_REPRESENTATION(#18551,#18577);
#18534=SHAPE_DEFINITION_REPRESENTATION(#18552,#18578);
#18535=SHAPE_DEFINITION_REPRESENTATION(#18554,#18579);
#18536=PRODUCT_DEFINITION_SHAPE('',$,#18581);
#18537=PRODUCT_DEFINITION_SHAPE('',$,#18582);
#18538=PRODUCT_DEFINITION_SHAPE('',$,#18583);
#18539=PRODUCT_DEFINITION_SHAPE('',$,#18584);
#18540=PRODUCT_DEFINITION_SHAPE('',$,#18585);
#18541=PRODUCT_DEFINITION_SHAPE('',$,#18586);
#18542=PRODUCT_DEFINITION_SHAPE($,$,#64);
#18543=PRODUCT_DEFINITION_SHAPE($,$,#65);
#18544=PRODUCT_DEFINITION_SHAPE('',$,#18587);
#18545=PRODUCT_DEFINITION_SHAPE('',$,#18588);
#18546=PRODUCT_DEFINITION_SHAPE('',$,#18589);
#18547=PRODUCT_DEFINITION_SHAPE('',$,#18590);
#18548=PRODUCT_DEFINITION_SHAPE($,$,#66);
#18549=PRODUCT_DEFINITION_SHAPE($,$,#67);
#18550=PRODUCT_DEFINITION_SHAPE('',$,#18591);
#18551=PRODUCT_DEFINITION_SHAPE('',$,#18592);
#18552=PRODUCT_DEFINITION_SHAPE('',$,#18593);
#18553=PRODUCT_DEFINITION_SHAPE($,$,#68);
#18554=PRODUCT_DEFINITION_SHAPE('',$,#18594);
#18555=PRODUCT_DEFINITION_SHAPE($,$,#69);
#18556=PRODUCT_DEFINITION_SHAPE($,$,#70);
#18557=PRODUCT_DEFINITION_SHAPE($,$,#71);
#18558=PRODUCT_DEFINITION_SHAPE($,$,#72);
#18559=PRODUCT_DEFINITION_SHAPE($,$,#73);
#18560=PRODUCT_DEFINITION_SHAPE($,$,#74);
#18561=PRODUCT_DEFINITION_SHAPE($,$,#75);
#18562=PRODUCT_DEFINITION_SHAPE($,$,#76);
#18563=PRODUCT_DEFINITION_SHAPE($,$,#77);
#18564=PRODUCT_DEFINITION_SHAPE($,$,#78);
#18565=PRODUCT_DEFINITION_SHAPE($,$,#79);
#18566=SHAPE_REPRESENTATION('',(#11004,#12046,#12047,#12048,#12049,#12050,
#12051,#12052,#12053),#18503);
#18567=SHAPE_REPRESENTATION('',(#11005),#18504);
#18568=SHAPE_REPRESENTATION('',(#11366,#12000),#18505);
#18569=SHAPE_REPRESENTATION('',(#11367,#11394,#11395),#18506);
#18570=SHAPE_REPRESENTATION('',(#11368),#18507);
#18571=SHAPE_REPRESENTATION('',(#11381),#18508);
#18572=SHAPE_REPRESENTATION('',(#11396),#18509);
#18573=SHAPE_REPRESENTATION('',(#11757),#18510);
#18574=SHAPE_REPRESENTATION('',(#11804,#12001),#18511);
#18575=SHAPE_REPRESENTATION('',(#11805),#18512);
#18576=SHAPE_REPRESENTATION('',(#12002,#12043,#12044,#12045),#18513);
#18577=SHAPE_REPRESENTATION('',(#12003,#12035),#18514);
#18578=SHAPE_REPRESENTATION('',(#12004),#18515);
#18579=SHAPE_REPRESENTATION('',(#12036),#18516);
#18580=PRODUCT_DEFINITION_CONTEXT('part definition',#18624,'design');
#18581=PRODUCT_DEFINITION('nouveaux gasket qui va marcher',
'nouveaux gasket qui va marcher v74',#18595,#18580);
#18582=PRODUCT_DEFINITION('G Param\X\E9trique v51',
'G Param\X\E9trique v51',#18596,#18580);
#18583=PRODUCT_DEFINITION('gasket','gasket',#18597,#18580);
#18584=PRODUCT_DEFINITION('Shim','Shim',#18598,#18580);
#18585=PRODUCT_DEFINITION('h2','h2',#18599,#18580);
#18586=PRODUCT_DEFINITION('air','air',#18600,#18580);
#18587=PRODUCT_DEFINITION('G Param\X\E9trique v51_1',
'G Param\X\E9trique v51',#18601,#18580);
#18588=PRODUCT_DEFINITION('PTFE film','PTFE film',#18602,#18580);
#18589=PRODUCT_DEFINITION('gasket_1','gasket',#18603,#18580);
#18590=PRODUCT_DEFINITION(' gasket v2',' gasket v2',#18604,#18580);
#18591=PRODUCT_DEFINITION('MEA','MEA',#18605,#18580);
#18592=PRODUCT_DEFINITION('Membrane qui va marcher',
'Membrane qui va marcher v16',#18606,#18580);
#18593=PRODUCT_DEFINITION('Membrane','Membrane',#18607,#18580);
#18594=PRODUCT_DEFINITION('\X\C9lectrode','\X\C9lectrode',#18608,#18580);
#18595=PRODUCT_DEFINITION_FORMATION('',$,#18626);
#18596=PRODUCT_DEFINITION_FORMATION('',$,#18627);
#18597=PRODUCT_DEFINITION_FORMATION('',$,#18628);
#18598=PRODUCT_DEFINITION_FORMATION('',$,#18629);
#18599=PRODUCT_DEFINITION_FORMATION('',$,#18630);
#18600=PRODUCT_DEFINITION_FORMATION('',$,#18631);
#18601=PRODUCT_DEFINITION_FORMATION('',$,#18632);
#18602=PRODUCT_DEFINITION_FORMATION('',$,#18633);
#18603=PRODUCT_DEFINITION_FORMATION('',$,#18634);
#18604=PRODUCT_DEFINITION_FORMATION('',$,#18635);
#18605=PRODUCT_DEFINITION_FORMATION('',$,#18636);
#18606=PRODUCT_DEFINITION_FORMATION('',$,#18637);
#18607=PRODUCT_DEFINITION_FORMATION('',$,#18638);
#18608=PRODUCT_DEFINITION_FORMATION('',$,#18639);
#18609=PRODUCT_RELATED_PRODUCT_CATEGORY(
'nouveaux gasket qui va marcher v74',
'nouveaux gasket qui va marcher v74',(#18626));
#18610=PRODUCT_RELATED_PRODUCT_CATEGORY('G Param\X\E9trique v51',
'G Param\X\E9trique v51',(#18627));
#18611=PRODUCT_RELATED_PRODUCT_CATEGORY('gasket','gasket',(#18628));
#18612=PRODUCT_RELATED_PRODUCT_CATEGORY('Shim','Shim',(#18629));
#18613=PRODUCT_RELATED_PRODUCT_CATEGORY('h2','h2',(#18630));
#18614=PRODUCT_RELATED_PRODUCT_CATEGORY('air','air',(#18631));
#18615=PRODUCT_RELATED_PRODUCT_CATEGORY('G Param\X\E9trique v51',
'G Param\X\E9trique v51',(#18632));
#18616=PRODUCT_RELATED_PRODUCT_CATEGORY('PTFE film','PTFE film',(#18633));
#18617=PRODUCT_RELATED_PRODUCT_CATEGORY('gasket','gasket',(#18634));
#18618=PRODUCT_RELATED_PRODUCT_CATEGORY(' gasket v2',' gasket v2',(#18635));
#18619=PRODUCT_RELATED_PRODUCT_CATEGORY('MEA','MEA',(#18636));
#18620=PRODUCT_RELATED_PRODUCT_CATEGORY('Membrane qui va marcher v16',
'Membrane qui va marcher v16',(#18637));
#18621=PRODUCT_RELATED_PRODUCT_CATEGORY('Membrane','Membrane',(#18638));
#18622=PRODUCT_RELATED_PRODUCT_CATEGORY('\X\C9lectrode','\X\C9lectrode',
(#18639));
#18623=APPLICATION_PROTOCOL_DEFINITION('international standard',
'automotive_design',2009,#18624);
#18624=APPLICATION_CONTEXT(
'Core Data for Automotive Mechanical Design Process');
#18625=PRODUCT_CONTEXT('part definition',#18624,'mechanical');
#18626=PRODUCT('nouveaux gasket qui va marcher',
'nouveaux gasket qui va marcher v74',$,(#18625));
#18627=PRODUCT('G Param\X\E9trique v51','G Param\X\E9trique v51',$,(#18625));
#18628=PRODUCT('gasket','gasket',$,(#18625));
#18629=PRODUCT('Shim','Shim',$,(#18625));
#18630=PRODUCT('h2','h2',$,(#18625));
#18631=PRODUCT('air','air',$,(#18625));
#18632=PRODUCT('G Param\X\E9trique v51_1','G Param\X\E9trique v51',$,(#18625));
#18633=PRODUCT('PTFE film','PTFE film',$,(#18625));
#18634=PRODUCT('gasket_1','gasket',$,(#18625));
#18635=PRODUCT(' gasket v2',' gasket v2',$,(#18625));
#18636=PRODUCT('MEA','MEA',$,(#18625));
#18637=PRODUCT('Membrane qui va marcher','Membrane qui va marcher v16',
$,(#18625));
#18638=PRODUCT('Membrane','Membrane',$,(#18625));
#18639=PRODUCT('\X\C9lectrode','\X\C9lectrode',$,(#18625));
#18640=PRESENTATION_STYLE_ASSIGNMENT((#18646));
#18641=PRESENTATION_STYLE_ASSIGNMENT((#18647));
#18642=PRESENTATION_STYLE_ASSIGNMENT((#18648));
#18643=PRESENTATION_STYLE_ASSIGNMENT((#18649));
#18644=PRESENTATION_STYLE_ASSIGNMENT((#18650));
#18645=PRESENTATION_STYLE_ASSIGNMENT((NULL_STYLE(.NULL.)));
#18646=SURFACE_STYLE_USAGE(.BOTH.,#18651);
#18647=SURFACE_STYLE_USAGE(.BOTH.,#18652);
#18648=SURFACE_STYLE_USAGE(.BOTH.,#18653);
#18649=SURFACE_STYLE_USAGE(.BOTH.,#18654);
#18650=SURFACE_STYLE_USAGE(.BOTH.,#18655);
#18651=SURFACE_SIDE_STYLE('',(#18656));
#18652=SURFACE_SIDE_STYLE('',(#18657));
#18653=SURFACE_SIDE_STYLE('',(#18658));
#18654=SURFACE_SIDE_STYLE('',(#18659));
#18655=SURFACE_SIDE_STYLE('',(#18660));
#18656=SURFACE_STYLE_FILL_AREA(#18661);
#18657=SURFACE_STYLE_FILL_AREA(#18662);
#18658=SURFACE_STYLE_FILL_AREA(#18663);
#18659=SURFACE_STYLE_FILL_AREA(#18664);
#18660=SURFACE_STYLE_FILL_AREA(#18665);
#18661=FILL_AREA_STYLE('Acier - Satin\X\E9',(#18666));
#18662=FILL_AREA_STYLE('Caoutchouc - Rigide',(#18667));
#18663=FILL_AREA_STYLE('Verre (bronze)',(#18668));
#18664=FILL_AREA_STYLE('Plastique - Brillant (blanc)',(#18669));
#18665=FILL_AREA_STYLE('Fibre de carbone - Crois\X\E9e',(#18670));
#18666=FILL_AREA_STYLE_COLOUR('Acier - Satin\X\E9',#18671);
#18667=FILL_AREA_STYLE_COLOUR('Caoutchouc - Rigide',#18672);
#18668=FILL_AREA_STYLE_COLOUR('Verre (bronze)',#18673);
#18669=FILL_AREA_STYLE_COLOUR('Plastique - Brillant (blanc)',#18674);
#18670=FILL_AREA_STYLE_COLOUR('Fibre de carbone - Crois\X\E9e',#18675);
#18671=COLOUR_RGB('Acier - Satin\X\E9',0.627450980392157,0.627450980392157,
0.627450980392157);
#18672=COLOUR_RGB('Caoutchouc - Rigide',0.152941176470588,0.152941176470588,
0.152941176470588);
#18673=COLOUR_RGB('Verre (bronze)',0.627450980392157,0.486274509803922,
0.349019607843137);
#18674=COLOUR_RGB('Plastique - Brillant (blanc)',0.964705882352941,0.964705882352941,
0.952941176470588);
#18675=COLOUR_RGB('Fibre de carbone - Crois\X\E9e',0.0980392156862745,0.0980392156862745,
0.0980392156862745);
ENDSEC;
END-ISO-10303-21;
