ISO-10303-21;
HEADER;
/* Generated by software containing ST-Developer
 * from STEP Tools, Inc. (www.steptools.com) 
 */

FILE_DESCRIPTION(
/* description */ (''),
/* implementation_level */ '2;1');

FILE_NAME(
/* name */ 'filtre  air v10.step',
/* time_stamp */ '2025-12-17T16:19:55-05:00',
/* author */ (''),
/* organization */ (''),
/* preprocessor_version */ 'ST-DEVELOPER v20.1',
/* originating_system */ 'Autodesk Translation Framework v14.21.0.0',
/* authorisation */ '');

FILE_SCHEMA (('AUTOMOTIVE_DESIGN { 1 0 10303 214 3 1 1 }'));
ENDSEC;

DATA;
#10=MECHANICAL_DESIGN_GEOMETRIC_PRESENTATION_REPRESENTATION('',(#33,#34,
#35),#2652);
#11=ITEM_DEFINED_TRANSFORMATION($,$,#1512,#1684);
#12=ITEM_DEFINED_TRANSFORMATION($,$,#1621,#1685);
#13=ITEM_DEFINED_TRANSFORMATION($,$,#1674,#1686);
#14=ITEM_DEFINED_TRANSFORMATION($,$,#1511,#1687);
#15=(
REPRESENTATION_RELATIONSHIP($,$,#2673,#2672)
REPRESENTATION_RELATIONSHIP_WITH_TRANSFORMATION(#11)
SHAPE_REPRESENTATION_RELATIONSHIP()
);
#16=(
REPRESENTATION_RELATIONSHIP($,$,#2674,#2672)
REPRESENTATION_RELATIONSHIP_WITH_TRANSFORMATION(#12)
SHAPE_REPRESENTATION_RELATIONSHIP()
);
#17=(
REPRESENTATION_RELATIONSHIP($,$,#2675,#2672)
REPRESENTATION_RELATIONSHIP_WITH_TRANSFORMATION(#13)
SHAPE_REPRESENTATION_RELATIONSHIP()
);
#18=(
REPRESENTATION_RELATIONSHIP($,$,#2672,#2671)
REPRESENTATION_RELATIONSHIP_WITH_TRANSFORMATION(#14)
SHAPE_REPRESENTATION_RELATIONSHIP()
);
#19=CONTEXT_DEPENDENT_SHAPE_REPRESENTATION(#15,#2667);
#20=CONTEXT_DEPENDENT_SHAPE_REPRESENTATION(#16,#2668);
#21=CONTEXT_DEPENDENT_SHAPE_REPRESENTATION(#17,#2669);
#22=CONTEXT_DEPENDENT_SHAPE_REPRESENTATION(#18,#2670);
#23=NEXT_ASSEMBLY_USAGE_OCCURRENCE('filtre base:1','filtre base:1',
'filtre base:1',#2678,#2679,'filtre base:1');
#24=NEXT_ASSEMBLY_USAGE_OCCURRENCE('filtre cap:1','filtre cap:1',
'filtre cap:1',#2678,#2680,'filtre cap:1');
#25=NEXT_ASSEMBLY_USAGE_OCCURRENCE('Composant4:1','Composant4:1',
'Composant4:1',#2678,#2681,'Composant4:1');
#26=NEXT_ASSEMBLY_USAGE_OCCURRENCE('Filtre:1','Filtre:1','Filtre:1',#2677,
#2678,'Filtre:1');
#27=SHAPE_REPRESENTATION_RELATIONSHIP('SRR','None',#2673,#30);
#28=SHAPE_REPRESENTATION_RELATIONSHIP('SRR','None',#2674,#31);
#29=SHAPE_REPRESENTATION_RELATIONSHIP('SRR','None',#2675,#32);
#30=ADVANCED_BREP_SHAPE_REPRESENTATION('',(#36),#2649);
#31=ADVANCED_BREP_SHAPE_REPRESENTATION('',(#37),#2650);
#32=ADVANCED_BREP_SHAPE_REPRESENTATION('',(#38),#2651);
#33=STYLED_ITEM('',(#2701),#36);
#34=STYLED_ITEM('',(#2701),#37);
#35=STYLED_ITEM('',(#2702),#38);
#36=MANIFOLD_SOLID_BREP('Corps1',#1473);
#37=MANIFOLD_SOLID_BREP('Corps1',#1474);
#38=MANIFOLD_SOLID_BREP('Corps1',#1475);
#39=CONICAL_SURFACE('',#1612,33.330847955711,0.610865238198015);
#40=CONICAL_SURFACE('',#1617,34.15,0.610865238198015);
#41=CONICAL_SURFACE('',#1661,31.2289552807337,0.610865238198013);
#42=CONICAL_SURFACE('',#1669,30.4686717554579,0.610865238198017);
#43=CONICAL_SURFACE('',#1678,30.2945375915257,0.610865238198111);
#44=CONICAL_SURFACE('',#1683,30.4686717554579,0.610865238198017);
#45=FACE_BOUND('',#193,.T.);
#46=FACE_BOUND('',#199,.T.);
#47=FACE_BOUND('',#226,.T.);
#48=FACE_BOUND('',#234,.T.);
#49=FACE_BOUND('',#235,.T.);
#50=FACE_BOUND('',#236,.T.);
#51=FACE_BOUND('',#240,.T.);
#52=FACE_BOUND('',#242,.T.);
#53=FACE_BOUND('',#243,.T.);
#54=FACE_BOUND('',#244,.T.);
#55=FACE_BOUND('',#245,.T.);
#56=FACE_BOUND('',#264,.T.);
#57=FACE_BOUND('',#265,.T.);
#58=FACE_BOUND('',#266,.T.);
#59=FACE_BOUND('',#268,.T.);
#60=FACE_BOUND('',#271,.T.);
#61=FACE_BOUND('',#273,.T.);
#62=FACE_BOUND('',#274,.T.);
#63=FACE_BOUND('',#275,.T.);
#64=FACE_BOUND('',#278,.T.);
#65=FACE_BOUND('',#280,.T.);
#66=PLANE('',#1522);
#67=PLANE('',#1525);
#68=PLANE('',#1536);
#69=PLANE('',#1539);
#70=PLANE('',#1562);
#71=PLANE('',#1563);
#72=PLANE('',#1568);
#73=PLANE('',#1569);
#74=PLANE('',#1572);
#75=PLANE('',#1573);
#76=PLANE('',#1576);
#77=PLANE('',#1577);
#78=PLANE('',#1579);
#79=PLANE('',#1580);
#80=PLANE('',#1583);
#81=PLANE('',#1584);
#82=PLANE('',#1586);
#83=PLANE('',#1587);
#84=PLANE('',#1590);
#85=PLANE('',#1591);
#86=PLANE('',#1596);
#87=PLANE('',#1597);
#88=PLANE('',#1601);
#89=PLANE('',#1604);
#90=PLANE('',#1609);
#91=PLANE('',#1619);
#92=PLANE('',#1620);
#93=PLANE('',#1622);
#94=PLANE('',#1623);
#95=PLANE('',#1628);
#96=PLANE('',#1634);
#97=PLANE('',#1635);
#98=PLANE('',#1638);
#99=PLANE('',#1642);
#100=PLANE('',#1643);
#101=PLANE('',#1646);
#102=PLANE('',#1650);
#103=PLANE('',#1651);
#104=PLANE('',#1654);
#105=PLANE('',#1663);
#106=PLANE('',#1667);
#107=PLANE('',#1673);
#108=PLANE('',#1675);
#109=PLANE('',#1680);
#110=PLANE('',#1681);
#111=TOROIDAL_SURFACE('',#1519,36.65,2.5);
#112=TOROIDAL_SURFACE('',#1532,36.65,2.5);
#113=TOROIDAL_SURFACE('',#1546,36.65,2.5);
#114=FACE_OUTER_BOUND('',#189,.T.);
#115=FACE_OUTER_BOUND('',#190,.T.);
#116=FACE_OUTER_BOUND('',#191,.T.);
#117=FACE_OUTER_BOUND('',#192,.T.);
#118=FACE_OUTER_BOUND('',#194,.T.);
#119=FACE_OUTER_BOUND('',#195,.T.);
#120=FACE_OUTER_BOUND('',#196,.T.);
#121=FACE_OUTER_BOUND('',#197,.T.);
#122=FACE_OUTER_BOUND('',#198,.T.);
#123=FACE_OUTER_BOUND('',#200,.T.);
#124=FACE_OUTER_BOUND('',#201,.T.);
#125=FACE_OUTER_BOUND('',#202,.T.);
#126=FACE_OUTER_BOUND('',#203,.T.);
#127=FACE_OUTER_BOUND('',#204,.T.);
#128=FACE_OUTER_BOUND('',#205,.T.);
#129=FACE_OUTER_BOUND('',#206,.T.);
#130=FACE_OUTER_BOUND('',#207,.T.);
#131=FACE_OUTER_BOUND('',#208,.T.);
#132=FACE_OUTER_BOUND('',#209,.T.);
#133=FACE_OUTER_BOUND('',#210,.T.);
#134=FACE_OUTER_BOUND('',#211,.T.);
#135=FACE_OUTER_BOUND('',#212,.T.);
#136=FACE_OUTER_BOUND('',#213,.T.);
#137=FACE_OUTER_BOUND('',#214,.T.);
#138=FACE_OUTER_BOUND('',#215,.T.);
#139=FACE_OUTER_BOUND('',#216,.T.);
#140=FACE_OUTER_BOUND('',#217,.T.);
#141=FACE_OUTER_BOUND('',#218,.T.);
#142=FACE_OUTER_BOUND('',#219,.T.);
#143=FACE_OUTER_BOUND('',#220,.T.);
#144=FACE_OUTER_BOUND('',#221,.T.);
#145=FACE_OUTER_BOUND('',#222,.T.);
#146=FACE_OUTER_BOUND('',#223,.T.);
#147=FACE_OUTER_BOUND('',#224,.T.);
#148=FACE_OUTER_BOUND('',#225,.T.);
#149=FACE_OUTER_BOUND('',#227,.T.);
#150=FACE_OUTER_BOUND('',#228,.T.);
#151=FACE_OUTER_BOUND('',#229,.T.);
#152=FACE_OUTER_BOUND('',#230,.T.);
#153=FACE_OUTER_BOUND('',#231,.T.);
#154=FACE_OUTER_BOUND('',#232,.T.);
#155=FACE_OUTER_BOUND('',#233,.T.);
#156=FACE_OUTER_BOUND('',#237,.T.);
#157=FACE_OUTER_BOUND('',#238,.T.);
#158=FACE_OUTER_BOUND('',#239,.T.);
#159=FACE_OUTER_BOUND('',#241,.T.);
#160=FACE_OUTER_BOUND('',#246,.T.);
#161=FACE_OUTER_BOUND('',#247,.T.);
#162=FACE_OUTER_BOUND('',#248,.T.);
#163=FACE_OUTER_BOUND('',#249,.T.);
#164=FACE_OUTER_BOUND('',#250,.T.);
#165=FACE_OUTER_BOUND('',#251,.T.);
#166=FACE_OUTER_BOUND('',#252,.T.);
#167=FACE_OUTER_BOUND('',#253,.T.);
#168=FACE_OUTER_BOUND('',#254,.T.);
#169=FACE_OUTER_BOUND('',#255,.T.);
#170=FACE_OUTER_BOUND('',#256,.T.);
#171=FACE_OUTER_BOUND('',#257,.T.);
#172=FACE_OUTER_BOUND('',#258,.T.);
#173=FACE_OUTER_BOUND('',#259,.T.);
#174=FACE_OUTER_BOUND('',#260,.T.);
#175=FACE_OUTER_BOUND('',#261,.T.);
#176=FACE_OUTER_BOUND('',#262,.T.);
#177=FACE_OUTER_BOUND('',#263,.T.);
#178=FACE_OUTER_BOUND('',#267,.T.);
#179=FACE_OUTER_BOUND('',#269,.T.);
#180=FACE_OUTER_BOUND('',#270,.T.);
#181=FACE_OUTER_BOUND('',#272,.T.);
#182=FACE_OUTER_BOUND('',#276,.T.);
#183=FACE_OUTER_BOUND('',#277,.T.);
#184=FACE_OUTER_BOUND('',#279,.T.);
#185=FACE_OUTER_BOUND('',#281,.T.);
#186=FACE_OUTER_BOUND('',#282,.T.);
#187=FACE_OUTER_BOUND('',#283,.T.);
#188=FACE_OUTER_BOUND('',#284,.T.);
#189=EDGE_LOOP('',(#955,#956,#957,#958,#959));
#190=EDGE_LOOP('',(#960,#961,#962,#963,#964));
#191=EDGE_LOOP('',(#965,#966,#967,#968));
#192=EDGE_LOOP('',(#969,#970,#971,#972,#973,#974));
#193=EDGE_LOOP('',(#975));
#194=EDGE_LOOP('',(#976,#977,#978,#979));
#195=EDGE_LOOP('',(#980,#981,#982,#983,#984));
#196=EDGE_LOOP('',(#985,#986,#987,#988,#989));
#197=EDGE_LOOP('',(#990,#991,#992,#993,#994));
#198=EDGE_LOOP('',(#995,#996,#997,#998,#999,#1000));
#199=EDGE_LOOP('',(#1001));
#200=EDGE_LOOP('',(#1002,#1003,#1004,#1005));
#201=EDGE_LOOP('',(#1006,#1007,#1008,#1009,#1010));
#202=EDGE_LOOP('',(#1011,#1012,#1013,#1014,#1015));
#203=EDGE_LOOP('',(#1016,#1017,#1018,#1019));
#204=EDGE_LOOP('',(#1020,#1021,#1022,#1023,#1024,#1025,#1026,#1027,#1028,
#1029,#1030,#1031,#1032,#1033,#1034,#1035,#1036,#1037,#1038,#1039,#1040,
#1041,#1042,#1043));
#205=EDGE_LOOP('',(#1044,#1045,#1046,#1047));
#206=EDGE_LOOP('',(#1048,#1049,#1050,#1051,#1052,#1053));
#207=EDGE_LOOP('',(#1054,#1055,#1056,#1057));
#208=EDGE_LOOP('',(#1058,#1059,#1060,#1061,#1062,#1063));
#209=EDGE_LOOP('',(#1064,#1065,#1066,#1067));
#210=EDGE_LOOP('',(#1068,#1069,#1070,#1071));
#211=EDGE_LOOP('',(#1072,#1073,#1074,#1075));
#212=EDGE_LOOP('',(#1076,#1077,#1078,#1079));
#213=EDGE_LOOP('',(#1080,#1081,#1082,#1083));
#214=EDGE_LOOP('',(#1084,#1085,#1086,#1087));
#215=EDGE_LOOP('',(#1088,#1089,#1090,#1091));
#216=EDGE_LOOP('',(#1092,#1093,#1094,#1095));
#217=EDGE_LOOP('',(#1096,#1097,#1098,#1099));
#218=EDGE_LOOP('',(#1100,#1101,#1102,#1103));
#219=EDGE_LOOP('',(#1104,#1105,#1106,#1107));
#220=EDGE_LOOP('',(#1108,#1109,#1110,#1111));
#221=EDGE_LOOP('',(#1112,#1113,#1114,#1115));
#222=EDGE_LOOP('',(#1116,#1117,#1118,#1119));
#223=EDGE_LOOP('',(#1120,#1121,#1122,#1123));
#224=EDGE_LOOP('',(#1124,#1125,#1126,#1127));
#225=EDGE_LOOP('',(#1128,#1129,#1130,#1131,#1132,#1133));
#226=EDGE_LOOP('',(#1134));
#227=EDGE_LOOP('',(#1135,#1136,#1137,#1138));
#228=EDGE_LOOP('',(#1139,#1140,#1141,#1142));
#229=EDGE_LOOP('',(#1143,#1144,#1145,#1146));
#230=EDGE_LOOP('',(#1147,#1148,#1149,#1150));
#231=EDGE_LOOP('',(#1151,#1152,#1153,#1154));
#232=EDGE_LOOP('',(#1155,#1156,#1157,#1158));
#233=EDGE_LOOP('',(#1159,#1160,#1161,#1162,#1163,#1164,#1165,#1166,#1167,
#1168,#1169,#1170));
#234=EDGE_LOOP('',(#1171,#1172,#1173,#1174));
#235=EDGE_LOOP('',(#1175,#1176,#1177,#1178));
#236=EDGE_LOOP('',(#1179,#1180,#1181,#1182));
#237=EDGE_LOOP('',(#1183,#1184,#1185,#1186));
#238=EDGE_LOOP('',(#1187,#1188,#1189,#1190,#1191,#1192,#1193,#1194,#1195,
#1196,#1197,#1198,#1199,#1200,#1201,#1202,#1203,#1204,#1205,#1206));
#239=EDGE_LOOP('',(#1207));
#240=EDGE_LOOP('',(#1208));
#241=EDGE_LOOP('',(#1209,#1210,#1211,#1212,#1213,#1214,#1215,#1216,#1217,
#1218,#1219,#1220,#1221,#1222,#1223,#1224,#1225,#1226));
#242=EDGE_LOOP('',(#1227));
#243=EDGE_LOOP('',(#1228));
#244=EDGE_LOOP('',(#1229));
#245=EDGE_LOOP('',(#1230));
#246=EDGE_LOOP('',(#1231,#1232,#1233,#1234));
#247=EDGE_LOOP('',(#1235,#1236,#1237,#1238,#1239,#1240));
#248=EDGE_LOOP('',(#1241,#1242,#1243,#1244));
#249=EDGE_LOOP('',(#1245,#1246,#1247,#1248,#1249,#1250));
#250=EDGE_LOOP('',(#1251,#1252,#1253,#1254));
#251=EDGE_LOOP('',(#1255,#1256,#1257,#1258));
#252=EDGE_LOOP('',(#1259,#1260,#1261,#1262));
#253=EDGE_LOOP('',(#1263,#1264,#1265,#1266));
#254=EDGE_LOOP('',(#1267,#1268,#1269,#1270));
#255=EDGE_LOOP('',(#1271,#1272,#1273,#1274));
#256=EDGE_LOOP('',(#1275,#1276,#1277,#1278));
#257=EDGE_LOOP('',(#1279,#1280,#1281,#1282));
#258=EDGE_LOOP('',(#1283,#1284,#1285,#1286));
#259=EDGE_LOOP('',(#1287,#1288,#1289,#1290));
#260=EDGE_LOOP('',(#1291,#1292,#1293,#1294));
#261=EDGE_LOOP('',(#1295,#1296,#1297,#1298));
#262=EDGE_LOOP('',(#1299,#1300,#1301,#1302));
#263=EDGE_LOOP('',(#1303,#1304,#1305,#1306,#1307,#1308,#1309,#1310,#1311,
#1312,#1313,#1314));
#264=EDGE_LOOP('',(#1315,#1316,#1317,#1318));
#265=EDGE_LOOP('',(#1319,#1320,#1321,#1322));
#266=EDGE_LOOP('',(#1323,#1324,#1325,#1326));
#267=EDGE_LOOP('',(#1327));
#268=EDGE_LOOP('',(#1328));
#269=EDGE_LOOP('',(#1329,#1330,#1331,#1332));
#270=EDGE_LOOP('',(#1333));
#271=EDGE_LOOP('',(#1334));
#272=EDGE_LOOP('',(#1335,#1336,#1337,#1338,#1339,#1340,#1341,#1342,#1343,
#1344,#1345,#1346));
#273=EDGE_LOOP('',(#1347,#1348,#1349,#1350));
#274=EDGE_LOOP('',(#1351,#1352,#1353,#1354));
#275=EDGE_LOOP('',(#1355,#1356,#1357,#1358));
#276=EDGE_LOOP('',(#1359,#1360,#1361,#1362));
#277=EDGE_LOOP('',(#1363));
#278=EDGE_LOOP('',(#1364));
#279=EDGE_LOOP('',(#1365));
#280=EDGE_LOOP('',(#1366));
#281=EDGE_LOOP('',(#1367,#1368,#1369,#1370));
#282=EDGE_LOOP('',(#1371));
#283=EDGE_LOOP('',(#1372));
#284=EDGE_LOOP('',(#1373,#1374,#1375,#1376));
#285=B_SPLINE_CURVE_WITH_KNOTS('',3,(#2167,#2168,#2169,#2170,#2171,#2172,
#2173,#2174,#2175,#2176),.UNSPECIFIED.,.F.,.F.,(4,2,2,2,4),(-0.500977488651123,
-0.500041899313331,-0.311968061646239,-0.136774440567253,0.),
 .UNSPECIFIED.);
#286=B_SPLINE_CURVE_WITH_KNOTS('',3,(#2188,#2189,#2190,#2191,#2192,#2193,
#2194,#2195,#2196,#2197),.UNSPECIFIED.,.F.,.F.,(4,2,2,2,4),(-0.698371539332051,
-0.507348793566983,-0.262668819733954,0.,0.00130666843272139),
 .UNSPECIFIED.);
#287=B_SPLINE_CURVE_WITH_KNOTS('',3,(#2222,#2223,#2224,#2225,#2226,#2227,
#2228,#2229,#2230,#2231),.UNSPECIFIED.,.F.,.F.,(4,2,2,2,4),(-0.500977488624923,
-0.500041899288791,-0.311968061646561,-0.136774440567254,0.),
 .UNSPECIFIED.);
#288=B_SPLINE_CURVE_WITH_KNOTS('',3,(#2243,#2244,#2245,#2246,#2247,#2248,
#2249,#2250,#2251,#2252),.UNSPECIFIED.,.F.,.F.,(4,2,2,2,4),(-0.698371539831044,
-0.507348793925773,-0.262668819912987,0.,0.00130666843301141),
 .UNSPECIFIED.);
#289=B_SPLINE_CURVE_WITH_KNOTS('',3,(#2280,#2281,#2282,#2283,#2284,#2285,
#2286,#2287,#2288,#2289),.UNSPECIFIED.,.F.,.F.,(4,2,2,2,4),(-0.698371541451343,
-0.507348795090346,-0.262668820494752,0.,0.00130666843396607),
 .UNSPECIFIED.);
#290=B_SPLINE_CURVE_WITH_KNOTS('',3,(#2299,#2300,#2301,#2302,#2303,#2304,
#2305,#2306,#2307,#2308),.UNSPECIFIED.,.F.,.F.,(4,2,2,2,4),(-0.500977488646818,
-0.500041899310064,-0.311968061647301,-0.136774440567471,0.),
 .UNSPECIFIED.);
#291=CIRCLE('',#1514,7.5);
#292=CIRCLE('',#1515,7.5);
#293=CIRCLE('',#1517,7.5);
#294=CIRCLE('',#1518,7.5);
#295=CIRCLE('',#1520,34.15);
#296=CIRCLE('',#1521,36.65);
#297=CIRCLE('',#1523,5.12250291788815);
#298=CIRCLE('',#1524,1.95);
#299=CIRCLE('',#1527,7.5);
#300=CIRCLE('',#1528,7.5);
#301=CIRCLE('',#1530,7.5);
#302=CIRCLE('',#1531,7.5);
#303=CIRCLE('',#1533,34.15);
#304=CIRCLE('',#1534,34.15);
#305=CIRCLE('',#1535,36.65);
#306=CIRCLE('',#1537,3.8);
#307=CIRCLE('',#1538,1.95);
#308=CIRCLE('',#1541,7.5);
#309=CIRCLE('',#1542,7.5);
#310=CIRCLE('',#1544,7.5);
#311=CIRCLE('',#1545,7.5);
#312=CIRCLE('',#1547,36.65);
#313=CIRCLE('',#1548,34.15);
#314=CIRCLE('',#1550,34.15);
#315=CIRCLE('',#1551,34.15);
#316=CIRCLE('',#1552,34.15);
#317=CIRCLE('',#1553,34.15);
#318=CIRCLE('',#1554,34.15);
#319=CIRCLE('',#1555,34.15);
#320=CIRCLE('',#1556,34.15);
#321=CIRCLE('',#1557,34.15);
#322=CIRCLE('',#1558,34.15);
#323=CIRCLE('',#1559,34.15);
#324=CIRCLE('',#1560,34.15);
#325=CIRCLE('',#1561,34.15);
#326=CIRCLE('',#1564,25.9271500291415);
#327=CIRCLE('',#1565,27.1479246179029);
#328=CIRCLE('',#1566,27.1479246179029);
#329=CIRCLE('',#1567,25.9271500291415);
#330=CIRCLE('',#1570,32.9292254112385);
#331=CIRCLE('',#1571,32.9292254112385);
#332=CIRCLE('',#1574,25.9271500291415);
#333=CIRCLE('',#1575,27.1479246179029);
#334=CIRCLE('',#1578,32.9292254112385);
#335=CIRCLE('',#1581,25.9271500291415);
#336=CIRCLE('',#1582,27.1479246179029);
#337=CIRCLE('',#1585,32.9292254112385);
#338=CIRCLE('',#1588,25.9271500291415);
#339=CIRCLE('',#1589,27.1479246179029);
#340=CIRCLE('',#1592,32.9292254112385);
#341=CIRCLE('',#1594,1.95);
#342=CIRCLE('',#1595,1.95);
#343=CIRCLE('',#1599,3.8);
#344=CIRCLE('',#1600,3.8);
#345=CIRCLE('',#1603,1.95);
#346=CIRCLE('',#1606,3.8);
#347=CIRCLE('',#1608,1.95);
#348=CIRCLE('',#1611,5.12250291788815);
#349=CIRCLE('',#1613,33.15);
#350=CIRCLE('',#1614,24.526734952722);
#351=CIRCLE('',#1616,33.15);
#352=CIRCLE('',#1618,25.7475095414835);
#353=CIRCLE('',#1624,28.9586369452014);
#354=CIRCLE('',#1625,27.73786235644);
#355=CIRCLE('',#1626,27.73786235644);
#356=CIRCLE('',#1627,28.9586369452014);
#357=CIRCLE('',#1630,34.15);
#358=CIRCLE('',#1631,34.15);
#359=CIRCLE('',#1632,34.15);
#360=CIRCLE('',#1633,34.15);
#361=CIRCLE('',#1636,28.9586369452014);
#362=CIRCLE('',#1637,27.73786235644);
#363=CIRCLE('',#1640,34.15);
#364=CIRCLE('',#1641,34.15);
#365=CIRCLE('',#1644,28.9586369452014);
#366=CIRCLE('',#1645,27.73786235644);
#367=CIRCLE('',#1648,34.15);
#368=CIRCLE('',#1649,34.15);
#369=CIRCLE('',#1652,28.9586369452014);
#370=CIRCLE('',#1653,27.73786235644);
#371=CIRCLE('',#1656,34.15);
#372=CIRCLE('',#1657,34.15);
#373=CIRCLE('',#1659,35.95);
#374=CIRCLE('',#1660,35.95);
#375=CIRCLE('',#1662,26.5079105614675);
#376=CIRCLE('',#1664,24.9873435109157);
#377=CIRCLE('',#1666,24.9873435109157);
#378=CIRCLE('',#1668,25.9873435109157);
#379=CIRCLE('',#1670,34.95);
#380=CIRCLE('',#1672,34.95);
#381=CIRCLE('',#1676,34.95);
#382=CIRCLE('',#1677,34.7058450822477);
#383=CIRCLE('',#1679,25.8832301008036);
#384=CIRCLE('',#1682,25.9873435109157);
#385=LINE('',#2161,#496);
#386=LINE('',#2165,#497);
#387=LINE('',#2181,#498);
#388=LINE('',#2185,#499);
#389=LINE('',#2203,#500);
#390=LINE('',#2206,#501);
#391=LINE('',#2211,#502);
#392=LINE('',#2212,#503);
#393=LINE('',#2216,#504);
#394=LINE('',#2220,#505);
#395=LINE('',#2236,#506);
#396=LINE('',#2240,#507);
#397=LINE('',#2260,#508);
#398=LINE('',#2263,#509);
#399=LINE('',#2268,#510);
#400=LINE('',#2269,#511);
#401=LINE('',#2273,#512);
#402=LINE('',#2277,#513);
#403=LINE('',#2293,#514);
#404=LINE('',#2297,#515);
#405=LINE('',#2323,#516);
#406=LINE('',#2339,#517);
#407=LINE('',#2340,#518);
#408=LINE('',#2342,#519);
#409=LINE('',#2343,#520);
#410=LINE('',#2352,#521);
#411=LINE('',#2356,#522);
#412=LINE('',#2357,#523);
#413=LINE('',#2358,#524);
#414=LINE('',#2366,#525);
#415=LINE('',#2367,#526);
#416=LINE('',#2369,#527);
#417=LINE('',#2370,#528);
#418=LINE('',#2376,#529);
#419=LINE('',#2379,#530);
#420=LINE('',#2380,#531);
#421=LINE('',#2381,#532);
#422=LINE('',#2387,#533);
#423=LINE('',#2388,#534);
#424=LINE('',#2390,#535);
#425=LINE('',#2391,#536);
#426=LINE('',#2397,#537);
#427=LINE('',#2400,#538);
#428=LINE('',#2401,#539);
#429=LINE('',#2402,#540);
#430=LINE('',#2408,#541);
#431=LINE('',#2409,#542);
#432=LINE('',#2411,#543);
#433=LINE('',#2412,#544);
#434=LINE('',#2418,#545);
#435=LINE('',#2421,#546);
#436=LINE('',#2422,#547);
#437=LINE('',#2423,#548);
#438=LINE('',#2430,#549);
#439=LINE('',#2434,#550);
#440=LINE('',#2436,#551);
#441=LINE('',#2437,#552);
#442=LINE('',#2440,#553);
#443=LINE('',#2442,#554);
#444=LINE('',#2443,#555);
#445=LINE('',#2450,#556);
#446=LINE('',#2454,#557);
#447=LINE('',#2455,#558);
#448=LINE('',#2460,#559);
#449=LINE('',#2464,#560);
#450=LINE('',#2465,#561);
#451=LINE('',#2471,#562);
#452=LINE('',#2473,#563);
#453=LINE('',#2478,#564);
#454=LINE('',#2482,#565);
#455=LINE('',#2489,#566);
#456=LINE('',#2491,#567);
#457=LINE('',#2493,#568);
#458=LINE('',#2494,#569);
#459=LINE('',#2503,#570);
#460=LINE('',#2507,#571);
#461=LINE('',#2509,#572);
#462=LINE('',#2510,#573);
#463=LINE('',#2521,#574);
#464=LINE('',#2523,#575);
#465=LINE('',#2525,#576);
#466=LINE('',#2526,#577);
#467=LINE('',#2532,#578);
#468=LINE('',#2535,#579);
#469=LINE('',#2537,#580);
#470=LINE('',#2538,#581);
#471=LINE('',#2545,#582);
#472=LINE('',#2547,#583);
#473=LINE('',#2549,#584);
#474=LINE('',#2550,#585);
#475=LINE('',#2556,#586);
#476=LINE('',#2559,#587);
#477=LINE('',#2561,#588);
#478=LINE('',#2562,#589);
#479=LINE('',#2569,#590);
#480=LINE('',#2571,#591);
#481=LINE('',#2573,#592);
#482=LINE('',#2574,#593);
#483=LINE('',#2580,#594);
#484=LINE('',#2583,#595);
#485=LINE('',#2585,#596);
#486=LINE('',#2586,#597);
#487=LINE('',#2594,#598);
#488=LINE('',#2599,#599);
#489=LINE('',#2600,#600);
#490=LINE('',#2606,#601);
#491=LINE('',#2612,#602);
#492=LINE('',#2614,#603);
#493=LINE('',#2618,#604);
#494=LINE('',#2629,#605);
#495=LINE('',#2636,#606);
#496=VECTOR('',#1696,10.);
#497=VECTOR('',#1699,10.);
#498=VECTOR('',#1704,10.);
#499=VECTOR('',#1707,10.);
#500=VECTOR('',#1718,10.);
#501=VECTOR('',#1721,10.);
#502=VECTOR('',#1726,10.);
#503=VECTOR('',#1727,10.);
#504=VECTOR('',#1730,10.);
#505=VECTOR('',#1733,10.);
#506=VECTOR('',#1738,10.);
#507=VECTOR('',#1741,10.);
#508=VECTOR('',#1754,10.);
#509=VECTOR('',#1757,10.);
#510=VECTOR('',#1762,10.);
#511=VECTOR('',#1763,10.);
#512=VECTOR('',#1766,10.);
#513=VECTOR('',#1769,10.);
#514=VECTOR('',#1774,10.);
#515=VECTOR('',#1777,10.);
#516=VECTOR('',#1796,34.15);
#517=VECTOR('',#1815,10.);
#518=VECTOR('',#1816,10.);
#519=VECTOR('',#1817,10.);
#520=VECTOR('',#1818,10.);
#521=VECTOR('',#1827,10.);
#522=VECTOR('',#1832,10.);
#523=VECTOR('',#1833,10.);
#524=VECTOR('',#1834,10.);
#525=VECTOR('',#1843,10.);
#526=VECTOR('',#1844,10.);
#527=VECTOR('',#1845,10.);
#528=VECTOR('',#1846,10.);
#529=VECTOR('',#1853,10.);
#530=VECTOR('',#1856,10.);
#531=VECTOR('',#1857,10.);
#532=VECTOR('',#1858,10.);
#533=VECTOR('',#1865,10.);
#534=VECTOR('',#1866,10.);
#535=VECTOR('',#1867,10.);
#536=VECTOR('',#1868,10.);
#537=VECTOR('',#1875,10.);
#538=VECTOR('',#1878,10.);
#539=VECTOR('',#1879,10.);
#540=VECTOR('',#1880,10.);
#541=VECTOR('',#1887,10.);
#542=VECTOR('',#1888,10.);
#543=VECTOR('',#1889,10.);
#544=VECTOR('',#1890,10.);
#545=VECTOR('',#1897,10.);
#546=VECTOR('',#1900,10.);
#547=VECTOR('',#1901,10.);
#548=VECTOR('',#1902,10.);
#549=VECTOR('',#1911,1.95);
#550=VECTOR('',#1916,10.);
#551=VECTOR('',#1917,10.);
#552=VECTOR('',#1918,10.);
#553=VECTOR('',#1921,10.);
#554=VECTOR('',#1922,10.);
#555=VECTOR('',#1923,10.);
#556=VECTOR('',#1934,1.95);
#557=VECTOR('',#1939,10.);
#558=VECTOR('',#1940,10.);
#559=VECTOR('',#1947,1.95);
#560=VECTOR('',#1952,10.);
#561=VECTOR('',#1953,10.);
#562=VECTOR('',#1962,34.15);
#563=VECTOR('',#1963,34.15);
#564=VECTOR('',#1970,34.15);
#565=VECTOR('',#1975,34.15);
#566=VECTOR('',#1984,10.);
#567=VECTOR('',#1985,10.);
#568=VECTOR('',#1986,10.);
#569=VECTOR('',#1987,10.);
#570=VECTOR('',#1996,10.);
#571=VECTOR('',#2001,10.);
#572=VECTOR('',#2002,10.);
#573=VECTOR('',#2003,10.);
#574=VECTOR('',#2016,10.);
#575=VECTOR('',#2017,10.);
#576=VECTOR('',#2018,10.);
#577=VECTOR('',#2019,10.);
#578=VECTOR('',#2026,10.);
#579=VECTOR('',#2029,10.);
#580=VECTOR('',#2030,10.);
#581=VECTOR('',#2031,10.);
#582=VECTOR('',#2040,10.);
#583=VECTOR('',#2041,10.);
#584=VECTOR('',#2042,10.);
#585=VECTOR('',#2043,10.);
#586=VECTOR('',#2050,10.);
#587=VECTOR('',#2053,10.);
#588=VECTOR('',#2054,10.);
#589=VECTOR('',#2055,10.);
#590=VECTOR('',#2064,10.);
#591=VECTOR('',#2065,10.);
#592=VECTOR('',#2066,10.);
#593=VECTOR('',#2067,10.);
#594=VECTOR('',#2074,10.);
#595=VECTOR('',#2077,10.);
#596=VECTOR('',#2078,10.);
#597=VECTOR('',#2079,10.);
#598=VECTOR('',#2090,35.95);
#599=VECTOR('',#2097,31.2289552807337);
#600=VECTOR('',#2098,31.2289552807337);
#601=VECTOR('',#2105,24.9873435109157);
#602=VECTOR('',#2114,30.4686717554579);
#603=VECTOR('',#2115,30.4686717554579);
#604=VECTOR('',#2120,34.95);
#605=VECTOR('',#2135,30.2945375915257);
#606=VECTOR('',#2146,30.4686717554579);
#607=VERTEX_POINT('',#2159);
#608=VERTEX_POINT('',#2160);
#609=VERTEX_POINT('',#2162);
#610=VERTEX_POINT('',#2164);
#611=VERTEX_POINT('',#2166);
#612=VERTEX_POINT('',#2179);
#613=VERTEX_POINT('',#2180);
#614=VERTEX_POINT('',#2182);
#615=VERTEX_POINT('',#2184);
#616=VERTEX_POINT('',#2186);
#617=VERTEX_POINT('',#2202);
#618=VERTEX_POINT('',#2204);
#619=VERTEX_POINT('',#2207);
#620=VERTEX_POINT('',#2210);
#621=VERTEX_POINT('',#2214);
#622=VERTEX_POINT('',#2215);
#623=VERTEX_POINT('',#2217);
#624=VERTEX_POINT('',#2219);
#625=VERTEX_POINT('',#2221);
#626=VERTEX_POINT('',#2234);
#627=VERTEX_POINT('',#2235);
#628=VERTEX_POINT('',#2237);
#629=VERTEX_POINT('',#2239);
#630=VERTEX_POINT('',#2241);
#631=VERTEX_POINT('',#2254);
#632=VERTEX_POINT('',#2259);
#633=VERTEX_POINT('',#2261);
#634=VERTEX_POINT('',#2264);
#635=VERTEX_POINT('',#2267);
#636=VERTEX_POINT('',#2271);
#637=VERTEX_POINT('',#2272);
#638=VERTEX_POINT('',#2274);
#639=VERTEX_POINT('',#2276);
#640=VERTEX_POINT('',#2278);
#641=VERTEX_POINT('',#2291);
#642=VERTEX_POINT('',#2292);
#643=VERTEX_POINT('',#2294);
#644=VERTEX_POINT('',#2296);
#645=VERTEX_POINT('',#2298);
#646=VERTEX_POINT('',#2314);
#647=VERTEX_POINT('',#2315);
#648=VERTEX_POINT('',#2317);
#649=VERTEX_POINT('',#2319);
#650=VERTEX_POINT('',#2321);
#651=VERTEX_POINT('',#2327);
#652=VERTEX_POINT('',#2329);
#653=VERTEX_POINT('',#2331);
#654=VERTEX_POINT('',#2333);
#655=VERTEX_POINT('',#2337);
#656=VERTEX_POINT('',#2338);
#657=VERTEX_POINT('',#2341);
#658=VERTEX_POINT('',#2345);
#659=VERTEX_POINT('',#2347);
#660=VERTEX_POINT('',#2349);
#661=VERTEX_POINT('',#2351);
#662=VERTEX_POINT('',#2355);
#663=VERTEX_POINT('',#2360);
#664=VERTEX_POINT('',#2364);
#665=VERTEX_POINT('',#2365);
#666=VERTEX_POINT('',#2368);
#667=VERTEX_POINT('',#2372);
#668=VERTEX_POINT('',#2374);
#669=VERTEX_POINT('',#2378);
#670=VERTEX_POINT('',#2385);
#671=VERTEX_POINT('',#2386);
#672=VERTEX_POINT('',#2389);
#673=VERTEX_POINT('',#2393);
#674=VERTEX_POINT('',#2395);
#675=VERTEX_POINT('',#2399);
#676=VERTEX_POINT('',#2406);
#677=VERTEX_POINT('',#2407);
#678=VERTEX_POINT('',#2410);
#679=VERTEX_POINT('',#2414);
#680=VERTEX_POINT('',#2416);
#681=VERTEX_POINT('',#2420);
#682=VERTEX_POINT('',#2427);
#683=VERTEX_POINT('',#2429);
#684=VERTEX_POINT('',#2433);
#685=VERTEX_POINT('',#2435);
#686=VERTEX_POINT('',#2439);
#687=VERTEX_POINT('',#2441);
#688=VERTEX_POINT('',#2449);
#689=VERTEX_POINT('',#2453);
#690=VERTEX_POINT('',#2459);
#691=VERTEX_POINT('',#2463);
#692=VERTEX_POINT('',#2469);
#693=VERTEX_POINT('',#2472);
#694=VERTEX_POINT('',#2476);
#695=VERTEX_POINT('',#2480);
#696=VERTEX_POINT('',#2487);
#697=VERTEX_POINT('',#2488);
#698=VERTEX_POINT('',#2490);
#699=VERTEX_POINT('',#2492);
#700=VERTEX_POINT('',#2496);
#701=VERTEX_POINT('',#2498);
#702=VERTEX_POINT('',#2500);
#703=VERTEX_POINT('',#2502);
#704=VERTEX_POINT('',#2506);
#705=VERTEX_POINT('',#2508);
#706=VERTEX_POINT('',#2512);
#707=VERTEX_POINT('',#2514);
#708=VERTEX_POINT('',#2519);
#709=VERTEX_POINT('',#2520);
#710=VERTEX_POINT('',#2522);
#711=VERTEX_POINT('',#2524);
#712=VERTEX_POINT('',#2528);
#713=VERTEX_POINT('',#2530);
#714=VERTEX_POINT('',#2534);
#715=VERTEX_POINT('',#2536);
#716=VERTEX_POINT('',#2543);
#717=VERTEX_POINT('',#2544);
#718=VERTEX_POINT('',#2546);
#719=VERTEX_POINT('',#2548);
#720=VERTEX_POINT('',#2552);
#721=VERTEX_POINT('',#2554);
#722=VERTEX_POINT('',#2558);
#723=VERTEX_POINT('',#2560);
#724=VERTEX_POINT('',#2567);
#725=VERTEX_POINT('',#2568);
#726=VERTEX_POINT('',#2570);
#727=VERTEX_POINT('',#2572);
#728=VERTEX_POINT('',#2576);
#729=VERTEX_POINT('',#2578);
#730=VERTEX_POINT('',#2582);
#731=VERTEX_POINT('',#2584);
#732=VERTEX_POINT('',#2591);
#733=VERTEX_POINT('',#2593);
#734=VERTEX_POINT('',#2597);
#735=VERTEX_POINT('',#2602);
#736=VERTEX_POINT('',#2605);
#737=VERTEX_POINT('',#2609);
#738=VERTEX_POINT('',#2613);
#739=VERTEX_POINT('',#2617);
#740=VERTEX_POINT('',#2623);
#741=VERTEX_POINT('',#2625);
#742=VERTEX_POINT('',#2628);
#743=VERTEX_POINT('',#2633);
#744=EDGE_CURVE('',#607,#608,#385,.T.);
#745=EDGE_CURVE('',#608,#609,#291,.T.);
#746=EDGE_CURVE('',#609,#610,#386,.T.);
#747=EDGE_CURVE('',#610,#611,#285,.T.);
#748=EDGE_CURVE('',#611,#607,#292,.T.);
#749=EDGE_CURVE('',#612,#613,#387,.T.);
#750=EDGE_CURVE('',#613,#614,#293,.T.);
#751=EDGE_CURVE('',#614,#615,#388,.T.);
#752=EDGE_CURVE('',#615,#616,#294,.T.);
#753=EDGE_CURVE('',#616,#612,#286,.T.);
#754=EDGE_CURVE('',#610,#612,#295,.T.);
#755=EDGE_CURVE('',#611,#616,#296,.T.);
#756=EDGE_CURVE('',#615,#617,#389,.T.);
#757=EDGE_CURVE('',#617,#618,#297,.T.);
#758=EDGE_CURVE('',#618,#607,#390,.T.);
#759=EDGE_CURVE('',#619,#619,#298,.T.);
#760=EDGE_CURVE('',#620,#614,#391,.T.);
#761=EDGE_CURVE('',#620,#617,#392,.T.);
#762=EDGE_CURVE('',#621,#622,#393,.T.);
#763=EDGE_CURVE('',#622,#623,#299,.T.);
#764=EDGE_CURVE('',#623,#624,#394,.T.);
#765=EDGE_CURVE('',#624,#625,#287,.T.);
#766=EDGE_CURVE('',#625,#621,#300,.T.);
#767=EDGE_CURVE('',#626,#627,#395,.T.);
#768=EDGE_CURVE('',#627,#628,#301,.T.);
#769=EDGE_CURVE('',#628,#629,#396,.T.);
#770=EDGE_CURVE('',#629,#630,#302,.T.);
#771=EDGE_CURVE('',#630,#626,#288,.T.);
#772=EDGE_CURVE('',#624,#631,#303,.T.);
#773=EDGE_CURVE('',#631,#626,#304,.T.);
#774=EDGE_CURVE('',#625,#630,#305,.T.);
#775=EDGE_CURVE('',#629,#632,#397,.T.);
#776=EDGE_CURVE('',#632,#633,#306,.T.);
#777=EDGE_CURVE('',#633,#621,#398,.T.);
#778=EDGE_CURVE('',#634,#634,#307,.T.);
#779=EDGE_CURVE('',#635,#628,#399,.T.);
#780=EDGE_CURVE('',#635,#632,#400,.T.);
#781=EDGE_CURVE('',#636,#637,#401,.T.);
#782=EDGE_CURVE('',#637,#638,#308,.T.);
#783=EDGE_CURVE('',#638,#639,#402,.T.);
#784=EDGE_CURVE('',#639,#640,#309,.T.);
#785=EDGE_CURVE('',#640,#636,#289,.T.);
#786=EDGE_CURVE('',#641,#642,#403,.T.);
#787=EDGE_CURVE('',#642,#643,#310,.T.);
#788=EDGE_CURVE('',#643,#644,#404,.T.);
#789=EDGE_CURVE('',#644,#645,#290,.T.);
#790=EDGE_CURVE('',#645,#641,#311,.T.);
#791=EDGE_CURVE('',#645,#640,#312,.T.);
#792=EDGE_CURVE('',#644,#636,#313,.T.);
#793=EDGE_CURVE('',#646,#647,#314,.T.);
#794=EDGE_CURVE('',#648,#646,#315,.T.);
#795=EDGE_CURVE('',#649,#648,#316,.T.);
#796=EDGE_CURVE('',#650,#649,#317,.T.);
#797=EDGE_CURVE('',#650,#631,#405,.T.);
#798=EDGE_CURVE('',#623,#613,#318,.T.);
#799=EDGE_CURVE('',#609,#637,#319,.T.);
#800=EDGE_CURVE('',#643,#627,#320,.T.);
#801=EDGE_CURVE('',#651,#650,#321,.T.);
#802=EDGE_CURVE('',#652,#651,#322,.T.);
#803=EDGE_CURVE('',#653,#652,#323,.T.);
#804=EDGE_CURVE('',#654,#653,#324,.T.);
#805=EDGE_CURVE('',#647,#654,#325,.T.);
#806=EDGE_CURVE('',#655,#656,#406,.T.);
#807=EDGE_CURVE('',#655,#649,#407,.T.);
#808=EDGE_CURVE('',#657,#649,#408,.T.);
#809=EDGE_CURVE('',#656,#657,#409,.T.);
#810=EDGE_CURVE('',#656,#658,#326,.T.);
#811=EDGE_CURVE('',#659,#657,#327,.T.);
#812=EDGE_CURVE('',#660,#659,#328,.T.);
#813=EDGE_CURVE('',#660,#661,#410,.T.);
#814=EDGE_CURVE('',#658,#661,#329,.T.);
#815=EDGE_CURVE('',#661,#662,#411,.T.);
#816=EDGE_CURVE('',#651,#660,#412,.T.);
#817=EDGE_CURVE('',#651,#662,#413,.T.);
#818=EDGE_CURVE('',#662,#663,#330,.T.);
#819=EDGE_CURVE('',#663,#655,#331,.T.);
#820=EDGE_CURVE('',#664,#665,#414,.T.);
#821=EDGE_CURVE('',#664,#652,#415,.T.);
#822=EDGE_CURVE('',#666,#652,#416,.T.);
#823=EDGE_CURVE('',#665,#666,#417,.T.);
#824=EDGE_CURVE('',#665,#667,#332,.T.);
#825=EDGE_CURVE('',#668,#666,#333,.T.);
#826=EDGE_CURVE('',#668,#667,#418,.T.);
#827=EDGE_CURVE('',#667,#669,#419,.T.);
#828=EDGE_CURVE('',#653,#668,#420,.T.);
#829=EDGE_CURVE('',#653,#669,#421,.T.);
#830=EDGE_CURVE('',#669,#664,#334,.T.);
#831=EDGE_CURVE('',#670,#671,#422,.T.);
#832=EDGE_CURVE('',#670,#654,#423,.T.);
#833=EDGE_CURVE('',#672,#654,#424,.T.);
#834=EDGE_CURVE('',#671,#672,#425,.T.);
#835=EDGE_CURVE('',#671,#673,#335,.T.);
#836=EDGE_CURVE('',#674,#672,#336,.T.);
#837=EDGE_CURVE('',#674,#673,#426,.T.);
#838=EDGE_CURVE('',#673,#675,#427,.T.);
#839=EDGE_CURVE('',#647,#674,#428,.T.);
#840=EDGE_CURVE('',#647,#675,#429,.T.);
#841=EDGE_CURVE('',#675,#670,#337,.T.);
#842=EDGE_CURVE('',#676,#677,#430,.T.);
#843=EDGE_CURVE('',#676,#646,#431,.T.);
#844=EDGE_CURVE('',#678,#646,#432,.T.);
#845=EDGE_CURVE('',#677,#678,#433,.T.);
#846=EDGE_CURVE('',#677,#679,#338,.T.);
#847=EDGE_CURVE('',#680,#678,#339,.T.);
#848=EDGE_CURVE('',#680,#679,#434,.T.);
#849=EDGE_CURVE('',#679,#681,#435,.T.);
#850=EDGE_CURVE('',#648,#680,#436,.T.);
#851=EDGE_CURVE('',#648,#681,#437,.T.);
#852=EDGE_CURVE('',#681,#676,#340,.T.);
#853=EDGE_CURVE('',#682,#682,#341,.T.);
#854=EDGE_CURVE('',#682,#683,#438,.T.);
#855=EDGE_CURVE('',#683,#683,#342,.T.);
#856=EDGE_CURVE('',#684,#638,#439,.T.);
#857=EDGE_CURVE('',#684,#685,#440,.T.);
#858=EDGE_CURVE('',#639,#685,#441,.T.);
#859=EDGE_CURVE('',#686,#641,#442,.T.);
#860=EDGE_CURVE('',#687,#686,#443,.T.);
#861=EDGE_CURVE('',#687,#642,#444,.T.);
#862=EDGE_CURVE('',#684,#687,#343,.T.);
#863=EDGE_CURVE('',#685,#686,#344,.T.);
#864=EDGE_CURVE('',#634,#688,#445,.T.);
#865=EDGE_CURVE('',#688,#688,#345,.T.);
#866=EDGE_CURVE('',#689,#633,#446,.T.);
#867=EDGE_CURVE('',#689,#622,#447,.T.);
#868=EDGE_CURVE('',#635,#689,#346,.T.);
#869=EDGE_CURVE('',#619,#690,#448,.T.);
#870=EDGE_CURVE('',#690,#690,#347,.T.);
#871=EDGE_CURVE('',#691,#618,#449,.T.);
#872=EDGE_CURVE('',#691,#608,#450,.T.);
#873=EDGE_CURVE('',#620,#691,#348,.T.);
#874=EDGE_CURVE('',#692,#692,#349,.T.);
#875=EDGE_CURVE('',#692,#663,#451,.T.);
#876=EDGE_CURVE('',#658,#693,#452,.T.);
#877=EDGE_CURVE('',#693,#693,#350,.T.);
#878=EDGE_CURVE('',#694,#694,#351,.T.);
#879=EDGE_CURVE('',#694,#692,#453,.T.);
#880=EDGE_CURVE('',#695,#695,#352,.T.);
#881=EDGE_CURVE('',#695,#659,#454,.T.);
#882=EDGE_CURVE('',#696,#697,#455,.T.);
#883=EDGE_CURVE('',#698,#696,#456,.T.);
#884=EDGE_CURVE('',#699,#698,#457,.T.);
#885=EDGE_CURVE('',#699,#697,#458,.T.);
#886=EDGE_CURVE('',#697,#700,#353,.T.);
#887=EDGE_CURVE('',#701,#699,#354,.T.);
#888=EDGE_CURVE('',#702,#701,#355,.T.);
#889=EDGE_CURVE('',#703,#702,#459,.T.);
#890=EDGE_CURVE('',#700,#703,#356,.T.);
#891=EDGE_CURVE('',#703,#704,#460,.T.);
#892=EDGE_CURVE('',#705,#702,#461,.T.);
#893=EDGE_CURVE('',#705,#704,#462,.T.);
#894=EDGE_CURVE('',#704,#706,#357,.T.);
#895=EDGE_CURVE('',#707,#705,#358,.T.);
#896=EDGE_CURVE('',#698,#707,#359,.T.);
#897=EDGE_CURVE('',#706,#696,#360,.T.);
#898=EDGE_CURVE('',#708,#709,#463,.T.);
#899=EDGE_CURVE('',#710,#708,#464,.T.);
#900=EDGE_CURVE('',#711,#710,#465,.T.);
#901=EDGE_CURVE('',#711,#709,#466,.T.);
#902=EDGE_CURVE('',#709,#712,#361,.T.);
#903=EDGE_CURVE('',#713,#711,#362,.T.);
#904=EDGE_CURVE('',#712,#713,#467,.T.);
#905=EDGE_CURVE('',#712,#714,#468,.T.);
#906=EDGE_CURVE('',#715,#713,#469,.T.);
#907=EDGE_CURVE('',#715,#714,#470,.T.);
#908=EDGE_CURVE('',#714,#708,#363,.T.);
#909=EDGE_CURVE('',#710,#715,#364,.T.);
#910=EDGE_CURVE('',#716,#717,#471,.T.);
#911=EDGE_CURVE('',#718,#716,#472,.T.);
#912=EDGE_CURVE('',#719,#718,#473,.T.);
#913=EDGE_CURVE('',#719,#717,#474,.T.);
#914=EDGE_CURVE('',#717,#720,#365,.T.);
#915=EDGE_CURVE('',#721,#719,#366,.T.);
#916=EDGE_CURVE('',#720,#721,#475,.T.);
#917=EDGE_CURVE('',#720,#722,#476,.T.);
#918=EDGE_CURVE('',#723,#721,#477,.T.);
#919=EDGE_CURVE('',#723,#722,#478,.T.);
#920=EDGE_CURVE('',#722,#716,#367,.T.);
#921=EDGE_CURVE('',#718,#723,#368,.T.);
#922=EDGE_CURVE('',#724,#725,#479,.T.);
#923=EDGE_CURVE('',#726,#724,#480,.T.);
#924=EDGE_CURVE('',#727,#726,#481,.T.);
#925=EDGE_CURVE('',#727,#725,#482,.T.);
#926=EDGE_CURVE('',#725,#728,#369,.T.);
#927=EDGE_CURVE('',#729,#727,#370,.T.);
#928=EDGE_CURVE('',#728,#729,#483,.T.);
#929=EDGE_CURVE('',#728,#730,#484,.T.);
#930=EDGE_CURVE('',#731,#729,#485,.T.);
#931=EDGE_CURVE('',#731,#730,#486,.T.);
#932=EDGE_CURVE('',#730,#724,#371,.T.);
#933=EDGE_CURVE('',#726,#731,#372,.T.);
#934=EDGE_CURVE('',#732,#732,#373,.T.);
#935=EDGE_CURVE('',#732,#733,#487,.T.);
#936=EDGE_CURVE('',#733,#733,#374,.T.);
#937=EDGE_CURVE('',#734,#734,#375,.T.);
#938=EDGE_CURVE('',#734,#700,#488,.T.);
#939=EDGE_CURVE('',#706,#732,#489,.T.);
#940=EDGE_CURVE('',#735,#735,#376,.T.);
#941=EDGE_CURVE('',#735,#736,#490,.T.);
#942=EDGE_CURVE('',#736,#736,#377,.T.);
#943=EDGE_CURVE('',#737,#737,#378,.T.);
#944=EDGE_CURVE('',#737,#701,#491,.T.);
#945=EDGE_CURVE('',#707,#738,#492,.T.);
#946=EDGE_CURVE('',#738,#738,#379,.T.);
#947=EDGE_CURVE('',#738,#739,#493,.T.);
#948=EDGE_CURVE('',#739,#739,#380,.T.);
#949=EDGE_CURVE('',#740,#740,#381,.T.);
#950=EDGE_CURVE('',#741,#741,#382,.T.);
#951=EDGE_CURVE('',#741,#742,#494,.T.);
#952=EDGE_CURVE('',#742,#742,#383,.T.);
#953=EDGE_CURVE('',#743,#743,#384,.T.);
#954=EDGE_CURVE('',#740,#743,#495,.T.);
#955=ORIENTED_EDGE('',*,*,#744,.T.);
#956=ORIENTED_EDGE('',*,*,#745,.T.);
#957=ORIENTED_EDGE('',*,*,#746,.T.);
#958=ORIENTED_EDGE('',*,*,#747,.T.);
#959=ORIENTED_EDGE('',*,*,#748,.T.);
#960=ORIENTED_EDGE('',*,*,#749,.T.);
#961=ORIENTED_EDGE('',*,*,#750,.T.);
#962=ORIENTED_EDGE('',*,*,#751,.T.);
#963=ORIENTED_EDGE('',*,*,#752,.T.);
#964=ORIENTED_EDGE('',*,*,#753,.T.);
#965=ORIENTED_EDGE('',*,*,#754,.T.);
#966=ORIENTED_EDGE('',*,*,#753,.F.);
#967=ORIENTED_EDGE('',*,*,#755,.F.);
#968=ORIENTED_EDGE('',*,*,#747,.F.);
#969=ORIENTED_EDGE('',*,*,#755,.T.);
#970=ORIENTED_EDGE('',*,*,#752,.F.);
#971=ORIENTED_EDGE('',*,*,#756,.T.);
#972=ORIENTED_EDGE('',*,*,#757,.T.);
#973=ORIENTED_EDGE('',*,*,#758,.T.);
#974=ORIENTED_EDGE('',*,*,#748,.F.);
#975=ORIENTED_EDGE('',*,*,#759,.T.);
#976=ORIENTED_EDGE('',*,*,#751,.F.);
#977=ORIENTED_EDGE('',*,*,#760,.F.);
#978=ORIENTED_EDGE('',*,*,#761,.T.);
#979=ORIENTED_EDGE('',*,*,#756,.F.);
#980=ORIENTED_EDGE('',*,*,#762,.T.);
#981=ORIENTED_EDGE('',*,*,#763,.T.);
#982=ORIENTED_EDGE('',*,*,#764,.T.);
#983=ORIENTED_EDGE('',*,*,#765,.T.);
#984=ORIENTED_EDGE('',*,*,#766,.T.);
#985=ORIENTED_EDGE('',*,*,#767,.T.);
#986=ORIENTED_EDGE('',*,*,#768,.T.);
#987=ORIENTED_EDGE('',*,*,#769,.T.);
#988=ORIENTED_EDGE('',*,*,#770,.T.);
#989=ORIENTED_EDGE('',*,*,#771,.T.);
#990=ORIENTED_EDGE('',*,*,#772,.T.);
#991=ORIENTED_EDGE('',*,*,#773,.T.);
#992=ORIENTED_EDGE('',*,*,#771,.F.);
#993=ORIENTED_EDGE('',*,*,#774,.F.);
#994=ORIENTED_EDGE('',*,*,#765,.F.);
#995=ORIENTED_EDGE('',*,*,#774,.T.);
#996=ORIENTED_EDGE('',*,*,#770,.F.);
#997=ORIENTED_EDGE('',*,*,#775,.T.);
#998=ORIENTED_EDGE('',*,*,#776,.T.);
#999=ORIENTED_EDGE('',*,*,#777,.T.);
#1000=ORIENTED_EDGE('',*,*,#766,.F.);
#1001=ORIENTED_EDGE('',*,*,#778,.T.);
#1002=ORIENTED_EDGE('',*,*,#769,.F.);
#1003=ORIENTED_EDGE('',*,*,#779,.F.);
#1004=ORIENTED_EDGE('',*,*,#780,.T.);
#1005=ORIENTED_EDGE('',*,*,#775,.F.);
#1006=ORIENTED_EDGE('',*,*,#781,.T.);
#1007=ORIENTED_EDGE('',*,*,#782,.T.);
#1008=ORIENTED_EDGE('',*,*,#783,.T.);
#1009=ORIENTED_EDGE('',*,*,#784,.T.);
#1010=ORIENTED_EDGE('',*,*,#785,.T.);
#1011=ORIENTED_EDGE('',*,*,#786,.T.);
#1012=ORIENTED_EDGE('',*,*,#787,.T.);
#1013=ORIENTED_EDGE('',*,*,#788,.T.);
#1014=ORIENTED_EDGE('',*,*,#789,.T.);
#1015=ORIENTED_EDGE('',*,*,#790,.T.);
#1016=ORIENTED_EDGE('',*,*,#791,.F.);
#1017=ORIENTED_EDGE('',*,*,#789,.F.);
#1018=ORIENTED_EDGE('',*,*,#792,.T.);
#1019=ORIENTED_EDGE('',*,*,#785,.F.);
#1020=ORIENTED_EDGE('',*,*,#793,.F.);
#1021=ORIENTED_EDGE('',*,*,#794,.F.);
#1022=ORIENTED_EDGE('',*,*,#795,.F.);
#1023=ORIENTED_EDGE('',*,*,#796,.F.);
#1024=ORIENTED_EDGE('',*,*,#797,.T.);
#1025=ORIENTED_EDGE('',*,*,#772,.F.);
#1026=ORIENTED_EDGE('',*,*,#764,.F.);
#1027=ORIENTED_EDGE('',*,*,#798,.T.);
#1028=ORIENTED_EDGE('',*,*,#749,.F.);
#1029=ORIENTED_EDGE('',*,*,#754,.F.);
#1030=ORIENTED_EDGE('',*,*,#746,.F.);
#1031=ORIENTED_EDGE('',*,*,#799,.T.);
#1032=ORIENTED_EDGE('',*,*,#781,.F.);
#1033=ORIENTED_EDGE('',*,*,#792,.F.);
#1034=ORIENTED_EDGE('',*,*,#788,.F.);
#1035=ORIENTED_EDGE('',*,*,#800,.T.);
#1036=ORIENTED_EDGE('',*,*,#767,.F.);
#1037=ORIENTED_EDGE('',*,*,#773,.F.);
#1038=ORIENTED_EDGE('',*,*,#797,.F.);
#1039=ORIENTED_EDGE('',*,*,#801,.F.);
#1040=ORIENTED_EDGE('',*,*,#802,.F.);
#1041=ORIENTED_EDGE('',*,*,#803,.F.);
#1042=ORIENTED_EDGE('',*,*,#804,.F.);
#1043=ORIENTED_EDGE('',*,*,#805,.F.);
#1044=ORIENTED_EDGE('',*,*,#806,.F.);
#1045=ORIENTED_EDGE('',*,*,#807,.T.);
#1046=ORIENTED_EDGE('',*,*,#808,.F.);
#1047=ORIENTED_EDGE('',*,*,#809,.F.);
#1048=ORIENTED_EDGE('',*,*,#810,.F.);
#1049=ORIENTED_EDGE('',*,*,#809,.T.);
#1050=ORIENTED_EDGE('',*,*,#811,.F.);
#1051=ORIENTED_EDGE('',*,*,#812,.F.);
#1052=ORIENTED_EDGE('',*,*,#813,.T.);
#1053=ORIENTED_EDGE('',*,*,#814,.F.);
#1054=ORIENTED_EDGE('',*,*,#815,.F.);
#1055=ORIENTED_EDGE('',*,*,#813,.F.);
#1056=ORIENTED_EDGE('',*,*,#816,.F.);
#1057=ORIENTED_EDGE('',*,*,#817,.T.);
#1058=ORIENTED_EDGE('',*,*,#818,.F.);
#1059=ORIENTED_EDGE('',*,*,#817,.F.);
#1060=ORIENTED_EDGE('',*,*,#801,.T.);
#1061=ORIENTED_EDGE('',*,*,#796,.T.);
#1062=ORIENTED_EDGE('',*,*,#807,.F.);
#1063=ORIENTED_EDGE('',*,*,#819,.F.);
#1064=ORIENTED_EDGE('',*,*,#820,.F.);
#1065=ORIENTED_EDGE('',*,*,#821,.T.);
#1066=ORIENTED_EDGE('',*,*,#822,.F.);
#1067=ORIENTED_EDGE('',*,*,#823,.F.);
#1068=ORIENTED_EDGE('',*,*,#824,.F.);
#1069=ORIENTED_EDGE('',*,*,#823,.T.);
#1070=ORIENTED_EDGE('',*,*,#825,.F.);
#1071=ORIENTED_EDGE('',*,*,#826,.T.);
#1072=ORIENTED_EDGE('',*,*,#827,.F.);
#1073=ORIENTED_EDGE('',*,*,#826,.F.);
#1074=ORIENTED_EDGE('',*,*,#828,.F.);
#1075=ORIENTED_EDGE('',*,*,#829,.T.);
#1076=ORIENTED_EDGE('',*,*,#830,.F.);
#1077=ORIENTED_EDGE('',*,*,#829,.F.);
#1078=ORIENTED_EDGE('',*,*,#803,.T.);
#1079=ORIENTED_EDGE('',*,*,#821,.F.);
#1080=ORIENTED_EDGE('',*,*,#831,.F.);
#1081=ORIENTED_EDGE('',*,*,#832,.T.);
#1082=ORIENTED_EDGE('',*,*,#833,.F.);
#1083=ORIENTED_EDGE('',*,*,#834,.F.);
#1084=ORIENTED_EDGE('',*,*,#835,.F.);
#1085=ORIENTED_EDGE('',*,*,#834,.T.);
#1086=ORIENTED_EDGE('',*,*,#836,.F.);
#1087=ORIENTED_EDGE('',*,*,#837,.T.);
#1088=ORIENTED_EDGE('',*,*,#838,.F.);
#1089=ORIENTED_EDGE('',*,*,#837,.F.);
#1090=ORIENTED_EDGE('',*,*,#839,.F.);
#1091=ORIENTED_EDGE('',*,*,#840,.T.);
#1092=ORIENTED_EDGE('',*,*,#841,.F.);
#1093=ORIENTED_EDGE('',*,*,#840,.F.);
#1094=ORIENTED_EDGE('',*,*,#805,.T.);
#1095=ORIENTED_EDGE('',*,*,#832,.F.);
#1096=ORIENTED_EDGE('',*,*,#842,.F.);
#1097=ORIENTED_EDGE('',*,*,#843,.T.);
#1098=ORIENTED_EDGE('',*,*,#844,.F.);
#1099=ORIENTED_EDGE('',*,*,#845,.F.);
#1100=ORIENTED_EDGE('',*,*,#846,.F.);
#1101=ORIENTED_EDGE('',*,*,#845,.T.);
#1102=ORIENTED_EDGE('',*,*,#847,.F.);
#1103=ORIENTED_EDGE('',*,*,#848,.T.);
#1104=ORIENTED_EDGE('',*,*,#849,.F.);
#1105=ORIENTED_EDGE('',*,*,#848,.F.);
#1106=ORIENTED_EDGE('',*,*,#850,.F.);
#1107=ORIENTED_EDGE('',*,*,#851,.T.);
#1108=ORIENTED_EDGE('',*,*,#852,.F.);
#1109=ORIENTED_EDGE('',*,*,#851,.F.);
#1110=ORIENTED_EDGE('',*,*,#794,.T.);
#1111=ORIENTED_EDGE('',*,*,#843,.F.);
#1112=ORIENTED_EDGE('',*,*,#853,.F.);
#1113=ORIENTED_EDGE('',*,*,#854,.T.);
#1114=ORIENTED_EDGE('',*,*,#855,.T.);
#1115=ORIENTED_EDGE('',*,*,#854,.F.);
#1116=ORIENTED_EDGE('',*,*,#783,.F.);
#1117=ORIENTED_EDGE('',*,*,#856,.F.);
#1118=ORIENTED_EDGE('',*,*,#857,.T.);
#1119=ORIENTED_EDGE('',*,*,#858,.F.);
#1120=ORIENTED_EDGE('',*,*,#786,.F.);
#1121=ORIENTED_EDGE('',*,*,#859,.F.);
#1122=ORIENTED_EDGE('',*,*,#860,.F.);
#1123=ORIENTED_EDGE('',*,*,#861,.T.);
#1124=ORIENTED_EDGE('',*,*,#862,.T.);
#1125=ORIENTED_EDGE('',*,*,#860,.T.);
#1126=ORIENTED_EDGE('',*,*,#863,.F.);
#1127=ORIENTED_EDGE('',*,*,#857,.F.);
#1128=ORIENTED_EDGE('',*,*,#791,.T.);
#1129=ORIENTED_EDGE('',*,*,#784,.F.);
#1130=ORIENTED_EDGE('',*,*,#858,.T.);
#1131=ORIENTED_EDGE('',*,*,#863,.T.);
#1132=ORIENTED_EDGE('',*,*,#859,.T.);
#1133=ORIENTED_EDGE('',*,*,#790,.F.);
#1134=ORIENTED_EDGE('',*,*,#853,.T.);
#1135=ORIENTED_EDGE('',*,*,#778,.F.);
#1136=ORIENTED_EDGE('',*,*,#864,.T.);
#1137=ORIENTED_EDGE('',*,*,#865,.T.);
#1138=ORIENTED_EDGE('',*,*,#864,.F.);
#1139=ORIENTED_EDGE('',*,*,#762,.F.);
#1140=ORIENTED_EDGE('',*,*,#777,.F.);
#1141=ORIENTED_EDGE('',*,*,#866,.F.);
#1142=ORIENTED_EDGE('',*,*,#867,.T.);
#1143=ORIENTED_EDGE('',*,*,#868,.T.);
#1144=ORIENTED_EDGE('',*,*,#866,.T.);
#1145=ORIENTED_EDGE('',*,*,#776,.F.);
#1146=ORIENTED_EDGE('',*,*,#780,.F.);
#1147=ORIENTED_EDGE('',*,*,#759,.F.);
#1148=ORIENTED_EDGE('',*,*,#869,.T.);
#1149=ORIENTED_EDGE('',*,*,#870,.T.);
#1150=ORIENTED_EDGE('',*,*,#869,.F.);
#1151=ORIENTED_EDGE('',*,*,#744,.F.);
#1152=ORIENTED_EDGE('',*,*,#758,.F.);
#1153=ORIENTED_EDGE('',*,*,#871,.F.);
#1154=ORIENTED_EDGE('',*,*,#872,.T.);
#1155=ORIENTED_EDGE('',*,*,#873,.T.);
#1156=ORIENTED_EDGE('',*,*,#871,.T.);
#1157=ORIENTED_EDGE('',*,*,#757,.F.);
#1158=ORIENTED_EDGE('',*,*,#761,.F.);
#1159=ORIENTED_EDGE('',*,*,#874,.F.);
#1160=ORIENTED_EDGE('',*,*,#875,.T.);
#1161=ORIENTED_EDGE('',*,*,#819,.T.);
#1162=ORIENTED_EDGE('',*,*,#806,.T.);
#1163=ORIENTED_EDGE('',*,*,#810,.T.);
#1164=ORIENTED_EDGE('',*,*,#876,.T.);
#1165=ORIENTED_EDGE('',*,*,#877,.F.);
#1166=ORIENTED_EDGE('',*,*,#876,.F.);
#1167=ORIENTED_EDGE('',*,*,#814,.T.);
#1168=ORIENTED_EDGE('',*,*,#815,.T.);
#1169=ORIENTED_EDGE('',*,*,#818,.T.);
#1170=ORIENTED_EDGE('',*,*,#875,.F.);
#1171=ORIENTED_EDGE('',*,*,#827,.T.);
#1172=ORIENTED_EDGE('',*,*,#830,.T.);
#1173=ORIENTED_EDGE('',*,*,#820,.T.);
#1174=ORIENTED_EDGE('',*,*,#824,.T.);
#1175=ORIENTED_EDGE('',*,*,#838,.T.);
#1176=ORIENTED_EDGE('',*,*,#841,.T.);
#1177=ORIENTED_EDGE('',*,*,#831,.T.);
#1178=ORIENTED_EDGE('',*,*,#835,.T.);
#1179=ORIENTED_EDGE('',*,*,#849,.T.);
#1180=ORIENTED_EDGE('',*,*,#852,.T.);
#1181=ORIENTED_EDGE('',*,*,#842,.T.);
#1182=ORIENTED_EDGE('',*,*,#846,.T.);
#1183=ORIENTED_EDGE('',*,*,#878,.F.);
#1184=ORIENTED_EDGE('',*,*,#879,.T.);
#1185=ORIENTED_EDGE('',*,*,#874,.T.);
#1186=ORIENTED_EDGE('',*,*,#879,.F.);
#1187=ORIENTED_EDGE('',*,*,#880,.T.);
#1188=ORIENTED_EDGE('',*,*,#881,.T.);
#1189=ORIENTED_EDGE('',*,*,#811,.T.);
#1190=ORIENTED_EDGE('',*,*,#808,.T.);
#1191=ORIENTED_EDGE('',*,*,#795,.T.);
#1192=ORIENTED_EDGE('',*,*,#850,.T.);
#1193=ORIENTED_EDGE('',*,*,#847,.T.);
#1194=ORIENTED_EDGE('',*,*,#844,.T.);
#1195=ORIENTED_EDGE('',*,*,#793,.T.);
#1196=ORIENTED_EDGE('',*,*,#839,.T.);
#1197=ORIENTED_EDGE('',*,*,#836,.T.);
#1198=ORIENTED_EDGE('',*,*,#833,.T.);
#1199=ORIENTED_EDGE('',*,*,#804,.T.);
#1200=ORIENTED_EDGE('',*,*,#828,.T.);
#1201=ORIENTED_EDGE('',*,*,#825,.T.);
#1202=ORIENTED_EDGE('',*,*,#822,.T.);
#1203=ORIENTED_EDGE('',*,*,#802,.T.);
#1204=ORIENTED_EDGE('',*,*,#816,.T.);
#1205=ORIENTED_EDGE('',*,*,#812,.T.);
#1206=ORIENTED_EDGE('',*,*,#881,.F.);
#1207=ORIENTED_EDGE('',*,*,#880,.F.);
#1208=ORIENTED_EDGE('',*,*,#877,.T.);
#1209=ORIENTED_EDGE('',*,*,#872,.F.);
#1210=ORIENTED_EDGE('',*,*,#873,.F.);
#1211=ORIENTED_EDGE('',*,*,#760,.T.);
#1212=ORIENTED_EDGE('',*,*,#750,.F.);
#1213=ORIENTED_EDGE('',*,*,#798,.F.);
#1214=ORIENTED_EDGE('',*,*,#763,.F.);
#1215=ORIENTED_EDGE('',*,*,#867,.F.);
#1216=ORIENTED_EDGE('',*,*,#868,.F.);
#1217=ORIENTED_EDGE('',*,*,#779,.T.);
#1218=ORIENTED_EDGE('',*,*,#768,.F.);
#1219=ORIENTED_EDGE('',*,*,#800,.F.);
#1220=ORIENTED_EDGE('',*,*,#787,.F.);
#1221=ORIENTED_EDGE('',*,*,#861,.F.);
#1222=ORIENTED_EDGE('',*,*,#862,.F.);
#1223=ORIENTED_EDGE('',*,*,#856,.T.);
#1224=ORIENTED_EDGE('',*,*,#782,.F.);
#1225=ORIENTED_EDGE('',*,*,#799,.F.);
#1226=ORIENTED_EDGE('',*,*,#745,.F.);
#1227=ORIENTED_EDGE('',*,*,#855,.F.);
#1228=ORIENTED_EDGE('',*,*,#865,.F.);
#1229=ORIENTED_EDGE('',*,*,#870,.F.);
#1230=ORIENTED_EDGE('',*,*,#878,.T.);
#1231=ORIENTED_EDGE('',*,*,#882,.F.);
#1232=ORIENTED_EDGE('',*,*,#883,.F.);
#1233=ORIENTED_EDGE('',*,*,#884,.F.);
#1234=ORIENTED_EDGE('',*,*,#885,.T.);
#1235=ORIENTED_EDGE('',*,*,#886,.F.);
#1236=ORIENTED_EDGE('',*,*,#885,.F.);
#1237=ORIENTED_EDGE('',*,*,#887,.F.);
#1238=ORIENTED_EDGE('',*,*,#888,.F.);
#1239=ORIENTED_EDGE('',*,*,#889,.F.);
#1240=ORIENTED_EDGE('',*,*,#890,.F.);
#1241=ORIENTED_EDGE('',*,*,#891,.F.);
#1242=ORIENTED_EDGE('',*,*,#889,.T.);
#1243=ORIENTED_EDGE('',*,*,#892,.F.);
#1244=ORIENTED_EDGE('',*,*,#893,.T.);
#1245=ORIENTED_EDGE('',*,*,#894,.F.);
#1246=ORIENTED_EDGE('',*,*,#893,.F.);
#1247=ORIENTED_EDGE('',*,*,#895,.F.);
#1248=ORIENTED_EDGE('',*,*,#896,.F.);
#1249=ORIENTED_EDGE('',*,*,#883,.T.);
#1250=ORIENTED_EDGE('',*,*,#897,.F.);
#1251=ORIENTED_EDGE('',*,*,#898,.F.);
#1252=ORIENTED_EDGE('',*,*,#899,.F.);
#1253=ORIENTED_EDGE('',*,*,#900,.F.);
#1254=ORIENTED_EDGE('',*,*,#901,.T.);
#1255=ORIENTED_EDGE('',*,*,#902,.F.);
#1256=ORIENTED_EDGE('',*,*,#901,.F.);
#1257=ORIENTED_EDGE('',*,*,#903,.F.);
#1258=ORIENTED_EDGE('',*,*,#904,.F.);
#1259=ORIENTED_EDGE('',*,*,#905,.F.);
#1260=ORIENTED_EDGE('',*,*,#904,.T.);
#1261=ORIENTED_EDGE('',*,*,#906,.F.);
#1262=ORIENTED_EDGE('',*,*,#907,.T.);
#1263=ORIENTED_EDGE('',*,*,#908,.F.);
#1264=ORIENTED_EDGE('',*,*,#907,.F.);
#1265=ORIENTED_EDGE('',*,*,#909,.F.);
#1266=ORIENTED_EDGE('',*,*,#899,.T.);
#1267=ORIENTED_EDGE('',*,*,#910,.F.);
#1268=ORIENTED_EDGE('',*,*,#911,.F.);
#1269=ORIENTED_EDGE('',*,*,#912,.F.);
#1270=ORIENTED_EDGE('',*,*,#913,.T.);
#1271=ORIENTED_EDGE('',*,*,#914,.F.);
#1272=ORIENTED_EDGE('',*,*,#913,.F.);
#1273=ORIENTED_EDGE('',*,*,#915,.F.);
#1274=ORIENTED_EDGE('',*,*,#916,.F.);
#1275=ORIENTED_EDGE('',*,*,#917,.F.);
#1276=ORIENTED_EDGE('',*,*,#916,.T.);
#1277=ORIENTED_EDGE('',*,*,#918,.F.);
#1278=ORIENTED_EDGE('',*,*,#919,.T.);
#1279=ORIENTED_EDGE('',*,*,#920,.F.);
#1280=ORIENTED_EDGE('',*,*,#919,.F.);
#1281=ORIENTED_EDGE('',*,*,#921,.F.);
#1282=ORIENTED_EDGE('',*,*,#911,.T.);
#1283=ORIENTED_EDGE('',*,*,#922,.F.);
#1284=ORIENTED_EDGE('',*,*,#923,.F.);
#1285=ORIENTED_EDGE('',*,*,#924,.F.);
#1286=ORIENTED_EDGE('',*,*,#925,.T.);
#1287=ORIENTED_EDGE('',*,*,#926,.F.);
#1288=ORIENTED_EDGE('',*,*,#925,.F.);
#1289=ORIENTED_EDGE('',*,*,#927,.F.);
#1290=ORIENTED_EDGE('',*,*,#928,.F.);
#1291=ORIENTED_EDGE('',*,*,#929,.F.);
#1292=ORIENTED_EDGE('',*,*,#928,.T.);
#1293=ORIENTED_EDGE('',*,*,#930,.F.);
#1294=ORIENTED_EDGE('',*,*,#931,.T.);
#1295=ORIENTED_EDGE('',*,*,#932,.F.);
#1296=ORIENTED_EDGE('',*,*,#931,.F.);
#1297=ORIENTED_EDGE('',*,*,#933,.F.);
#1298=ORIENTED_EDGE('',*,*,#923,.T.);
#1299=ORIENTED_EDGE('',*,*,#934,.F.);
#1300=ORIENTED_EDGE('',*,*,#935,.T.);
#1301=ORIENTED_EDGE('',*,*,#936,.T.);
#1302=ORIENTED_EDGE('',*,*,#935,.F.);
#1303=ORIENTED_EDGE('',*,*,#937,.F.);
#1304=ORIENTED_EDGE('',*,*,#938,.T.);
#1305=ORIENTED_EDGE('',*,*,#890,.T.);
#1306=ORIENTED_EDGE('',*,*,#891,.T.);
#1307=ORIENTED_EDGE('',*,*,#894,.T.);
#1308=ORIENTED_EDGE('',*,*,#939,.T.);
#1309=ORIENTED_EDGE('',*,*,#934,.T.);
#1310=ORIENTED_EDGE('',*,*,#939,.F.);
#1311=ORIENTED_EDGE('',*,*,#897,.T.);
#1312=ORIENTED_EDGE('',*,*,#882,.T.);
#1313=ORIENTED_EDGE('',*,*,#886,.T.);
#1314=ORIENTED_EDGE('',*,*,#938,.F.);
#1315=ORIENTED_EDGE('',*,*,#905,.T.);
#1316=ORIENTED_EDGE('',*,*,#908,.T.);
#1317=ORIENTED_EDGE('',*,*,#898,.T.);
#1318=ORIENTED_EDGE('',*,*,#902,.T.);
#1319=ORIENTED_EDGE('',*,*,#917,.T.);
#1320=ORIENTED_EDGE('',*,*,#920,.T.);
#1321=ORIENTED_EDGE('',*,*,#910,.T.);
#1322=ORIENTED_EDGE('',*,*,#914,.T.);
#1323=ORIENTED_EDGE('',*,*,#929,.T.);
#1324=ORIENTED_EDGE('',*,*,#932,.T.);
#1325=ORIENTED_EDGE('',*,*,#922,.T.);
#1326=ORIENTED_EDGE('',*,*,#926,.T.);
#1327=ORIENTED_EDGE('',*,*,#937,.T.);
#1328=ORIENTED_EDGE('',*,*,#940,.F.);
#1329=ORIENTED_EDGE('',*,*,#940,.T.);
#1330=ORIENTED_EDGE('',*,*,#941,.T.);
#1331=ORIENTED_EDGE('',*,*,#942,.F.);
#1332=ORIENTED_EDGE('',*,*,#941,.F.);
#1333=ORIENTED_EDGE('',*,*,#943,.F.);
#1334=ORIENTED_EDGE('',*,*,#942,.T.);
#1335=ORIENTED_EDGE('',*,*,#943,.T.);
#1336=ORIENTED_EDGE('',*,*,#944,.T.);
#1337=ORIENTED_EDGE('',*,*,#887,.T.);
#1338=ORIENTED_EDGE('',*,*,#884,.T.);
#1339=ORIENTED_EDGE('',*,*,#896,.T.);
#1340=ORIENTED_EDGE('',*,*,#945,.T.);
#1341=ORIENTED_EDGE('',*,*,#946,.F.);
#1342=ORIENTED_EDGE('',*,*,#945,.F.);
#1343=ORIENTED_EDGE('',*,*,#895,.T.);
#1344=ORIENTED_EDGE('',*,*,#892,.T.);
#1345=ORIENTED_EDGE('',*,*,#888,.T.);
#1346=ORIENTED_EDGE('',*,*,#944,.F.);
#1347=ORIENTED_EDGE('',*,*,#906,.T.);
#1348=ORIENTED_EDGE('',*,*,#903,.T.);
#1349=ORIENTED_EDGE('',*,*,#900,.T.);
#1350=ORIENTED_EDGE('',*,*,#909,.T.);
#1351=ORIENTED_EDGE('',*,*,#918,.T.);
#1352=ORIENTED_EDGE('',*,*,#915,.T.);
#1353=ORIENTED_EDGE('',*,*,#912,.T.);
#1354=ORIENTED_EDGE('',*,*,#921,.T.);
#1355=ORIENTED_EDGE('',*,*,#930,.T.);
#1356=ORIENTED_EDGE('',*,*,#927,.T.);
#1357=ORIENTED_EDGE('',*,*,#924,.T.);
#1358=ORIENTED_EDGE('',*,*,#933,.T.);
#1359=ORIENTED_EDGE('',*,*,#946,.T.);
#1360=ORIENTED_EDGE('',*,*,#947,.T.);
#1361=ORIENTED_EDGE('',*,*,#948,.F.);
#1362=ORIENTED_EDGE('',*,*,#947,.F.);
#1363=ORIENTED_EDGE('',*,*,#936,.F.);
#1364=ORIENTED_EDGE('',*,*,#948,.T.);
#1365=ORIENTED_EDGE('',*,*,#949,.T.);
#1366=ORIENTED_EDGE('',*,*,#950,.F.);
#1367=ORIENTED_EDGE('',*,*,#950,.T.);
#1368=ORIENTED_EDGE('',*,*,#951,.T.);
#1369=ORIENTED_EDGE('',*,*,#952,.F.);
#1370=ORIENTED_EDGE('',*,*,#951,.F.);
#1371=ORIENTED_EDGE('',*,*,#952,.T.);
#1372=ORIENTED_EDGE('',*,*,#953,.F.);
#1373=ORIENTED_EDGE('',*,*,#949,.F.);
#1374=ORIENTED_EDGE('',*,*,#954,.T.);
#1375=ORIENTED_EDGE('',*,*,#953,.T.);
#1376=ORIENTED_EDGE('',*,*,#954,.F.);
#1377=CYLINDRICAL_SURFACE('',#1513,7.5);
#1378=CYLINDRICAL_SURFACE('',#1516,7.5);
#1379=CYLINDRICAL_SURFACE('',#1526,7.5);
#1380=CYLINDRICAL_SURFACE('',#1529,7.5);
#1381=CYLINDRICAL_SURFACE('',#1540,7.5);
#1382=CYLINDRICAL_SURFACE('',#1543,7.5);
#1383=CYLINDRICAL_SURFACE('',#1549,34.15);
#1384=CYLINDRICAL_SURFACE('',#1593,1.95);
#1385=CYLINDRICAL_SURFACE('',#1598,3.8);
#1386=CYLINDRICAL_SURFACE('',#1602,1.95);
#1387=CYLINDRICAL_SURFACE('',#1605,3.8);
#1388=CYLINDRICAL_SURFACE('',#1607,1.95);
#1389=CYLINDRICAL_SURFACE('',#1610,5.12250291788815);
#1390=CYLINDRICAL_SURFACE('',#1615,33.15);
#1391=CYLINDRICAL_SURFACE('',#1629,34.15);
#1392=CYLINDRICAL_SURFACE('',#1639,34.15);
#1393=CYLINDRICAL_SURFACE('',#1647,34.15);
#1394=CYLINDRICAL_SURFACE('',#1655,34.15);
#1395=CYLINDRICAL_SURFACE('',#1658,35.95);
#1396=CYLINDRICAL_SURFACE('',#1665,24.9873435109157);
#1397=CYLINDRICAL_SURFACE('',#1671,34.95);
#1398=ADVANCED_FACE('',(#114),#1377,.F.);
#1399=ADVANCED_FACE('',(#115),#1378,.F.);
#1400=ADVANCED_FACE('',(#116),#111,.F.);
#1401=ADVANCED_FACE('',(#117,#45),#66,.T.);
#1402=ADVANCED_FACE('',(#118),#67,.T.);
#1403=ADVANCED_FACE('',(#119),#1379,.F.);
#1404=ADVANCED_FACE('',(#120),#1380,.F.);
#1405=ADVANCED_FACE('',(#121),#112,.F.);
#1406=ADVANCED_FACE('',(#122,#46),#68,.T.);
#1407=ADVANCED_FACE('',(#123),#69,.T.);
#1408=ADVANCED_FACE('',(#124),#1381,.F.);
#1409=ADVANCED_FACE('',(#125),#1382,.F.);
#1410=ADVANCED_FACE('',(#126),#113,.F.);
#1411=ADVANCED_FACE('',(#127),#1383,.T.);
#1412=ADVANCED_FACE('',(#128),#70,.F.);
#1413=ADVANCED_FACE('',(#129),#71,.F.);
#1414=ADVANCED_FACE('',(#130),#72,.F.);
#1415=ADVANCED_FACE('',(#131),#73,.F.);
#1416=ADVANCED_FACE('',(#132),#74,.F.);
#1417=ADVANCED_FACE('',(#133),#75,.F.);
#1418=ADVANCED_FACE('',(#134),#76,.F.);
#1419=ADVANCED_FACE('',(#135),#77,.F.);
#1420=ADVANCED_FACE('',(#136),#78,.F.);
#1421=ADVANCED_FACE('',(#137),#79,.F.);
#1422=ADVANCED_FACE('',(#138),#80,.F.);
#1423=ADVANCED_FACE('',(#139),#81,.F.);
#1424=ADVANCED_FACE('',(#140),#82,.F.);
#1425=ADVANCED_FACE('',(#141),#83,.F.);
#1426=ADVANCED_FACE('',(#142),#84,.F.);
#1427=ADVANCED_FACE('',(#143),#85,.F.);
#1428=ADVANCED_FACE('',(#144),#1384,.F.);
#1429=ADVANCED_FACE('',(#145),#86,.T.);
#1430=ADVANCED_FACE('',(#146),#87,.T.);
#1431=ADVANCED_FACE('',(#147),#1385,.T.);
#1432=ADVANCED_FACE('',(#148,#47),#88,.T.);
#1433=ADVANCED_FACE('',(#149),#1386,.F.);
#1434=ADVANCED_FACE('',(#150),#89,.T.);
#1435=ADVANCED_FACE('',(#151),#1387,.T.);
#1436=ADVANCED_FACE('',(#152),#1388,.F.);
#1437=ADVANCED_FACE('',(#153),#90,.T.);
#1438=ADVANCED_FACE('',(#154),#1389,.T.);
#1439=ADVANCED_FACE('',(#155,#48,#49,#50),#39,.F.);
#1440=ADVANCED_FACE('',(#156),#1390,.F.);
#1441=ADVANCED_FACE('',(#157),#40,.T.);
#1442=ADVANCED_FACE('',(#158,#51),#91,.T.);
#1443=ADVANCED_FACE('',(#159,#52,#53,#54,#55),#92,.F.);
#1444=ADVANCED_FACE('',(#160),#93,.F.);
#1445=ADVANCED_FACE('',(#161),#94,.T.);
#1446=ADVANCED_FACE('',(#162),#95,.F.);
#1447=ADVANCED_FACE('',(#163),#1391,.F.);
#1448=ADVANCED_FACE('',(#164),#96,.F.);
#1449=ADVANCED_FACE('',(#165),#97,.T.);
#1450=ADVANCED_FACE('',(#166),#98,.F.);
#1451=ADVANCED_FACE('',(#167),#1392,.F.);
#1452=ADVANCED_FACE('',(#168),#99,.F.);
#1453=ADVANCED_FACE('',(#169),#100,.T.);
#1454=ADVANCED_FACE('',(#170),#101,.F.);
#1455=ADVANCED_FACE('',(#171),#1393,.F.);
#1456=ADVANCED_FACE('',(#172),#102,.F.);
#1457=ADVANCED_FACE('',(#173),#103,.T.);
#1458=ADVANCED_FACE('',(#174),#104,.F.);
#1459=ADVANCED_FACE('',(#175),#1394,.F.);
#1460=ADVANCED_FACE('',(#176),#1395,.T.);
#1461=ADVANCED_FACE('',(#177,#56,#57,#58),#41,.T.);
#1462=ADVANCED_FACE('',(#178,#59),#105,.T.);
#1463=ADVANCED_FACE('',(#179),#1396,.F.);
#1464=ADVANCED_FACE('',(#180,#60),#106,.T.);
#1465=ADVANCED_FACE('',(#181,#61,#62,#63),#42,.F.);
#1466=ADVANCED_FACE('',(#182),#1397,.F.);
#1467=ADVANCED_FACE('',(#183,#64),#107,.T.);
#1468=ADVANCED_FACE('',(#184,#65),#108,.T.);
#1469=ADVANCED_FACE('',(#185),#43,.F.);
#1470=ADVANCED_FACE('',(#186),#109,.T.);
#1471=ADVANCED_FACE('',(#187),#110,.T.);
#1472=ADVANCED_FACE('',(#188),#44,.T.);
#1473=CLOSED_SHELL('',(#1398,#1399,#1400,#1401,#1402,#1403,#1404,#1405,
#1406,#1407,#1408,#1409,#1410,#1411,#1412,#1413,#1414,#1415,#1416,#1417,
#1418,#1419,#1420,#1421,#1422,#1423,#1424,#1425,#1426,#1427,#1428,#1429,
#1430,#1431,#1432,#1433,#1434,#1435,#1436,#1437,#1438,#1439,#1440,#1441,
#1442,#1443));
#1474=CLOSED_SHELL('',(#1444,#1445,#1446,#1447,#1448,#1449,#1450,#1451,
#1452,#1453,#1454,#1455,#1456,#1457,#1458,#1459,#1460,#1461,#1462,#1463,
#1464,#1465,#1466,#1467));
#1475=CLOSED_SHELL('',(#1468,#1469,#1470,#1471,#1472));
#1476=DERIVED_UNIT_ELEMENT(#1482,1.);
#1477=DERIVED_UNIT_ELEMENT(#2654,-3.);
#1478=DERIVED_UNIT_ELEMENT(#1482,1.);
#1479=DERIVED_UNIT_ELEMENT(#2654,-3.);
#1480=DERIVED_UNIT_ELEMENT(#1482,1.);
#1481=DERIVED_UNIT_ELEMENT(#2654,-3.);
#1482=(
MASS_UNIT()
NAMED_UNIT(*)
SI_UNIT(.KILO.,.GRAM.)
);
#1483=DERIVED_UNIT((#1476,#1477));
#1484=DERIVED_UNIT((#1478,#1479));
#1485=DERIVED_UNIT((#1480,#1481));
#1486=MEASURE_REPRESENTATION_ITEM('density measure',
POSITIVE_RATIO_MEASURE(7850.),#1483);
#1487=MEASURE_REPRESENTATION_ITEM('density measure',
POSITIVE_RATIO_MEASURE(7850.),#1484);
#1488=MEASURE_REPRESENTATION_ITEM('density measure',
POSITIVE_RATIO_MEASURE(7850.),#1485);
#1489=PROPERTY_DEFINITION_REPRESENTATION(#1504,#1495);
#1490=PROPERTY_DEFINITION_REPRESENTATION(#1505,#1496);
#1491=PROPERTY_DEFINITION_REPRESENTATION(#1506,#1497);
#1492=PROPERTY_DEFINITION_REPRESENTATION(#1507,#1498);
#1493=PROPERTY_DEFINITION_REPRESENTATION(#1508,#1499);
#1494=PROPERTY_DEFINITION_REPRESENTATION(#1509,#1500);
#1495=REPRESENTATION('material name',(#1501),#2649);
#1496=REPRESENTATION('density',(#1486),#2649);
#1497=REPRESENTATION('material name',(#1502),#2650);
#1498=REPRESENTATION('density',(#1487),#2650);
#1499=REPRESENTATION('material name',(#1503),#2651);
#1500=REPRESENTATION('density',(#1488),#2651);
#1501=DESCRIPTIVE_REPRESENTATION_ITEM('Acier','Acier');
#1502=DESCRIPTIVE_REPRESENTATION_ITEM('Acier','Acier');
#1503=DESCRIPTIVE_REPRESENTATION_ITEM('Acier','Acier');
#1504=PROPERTY_DEFINITION('material property','material name',#2679);
#1505=PROPERTY_DEFINITION('material property','density of part',#2679);
#1506=PROPERTY_DEFINITION('material property','material name',#2680);
#1507=PROPERTY_DEFINITION('material property','density of part',#2680);
#1508=PROPERTY_DEFINITION('material property','material name',#2681);
#1509=PROPERTY_DEFINITION('material property','density of part',#2681);
#1510=AXIS2_PLACEMENT_3D('',#2155,#1688,#1689);
#1511=AXIS2_PLACEMENT_3D('',#2156,#1690,#1691);
#1512=AXIS2_PLACEMENT_3D('',#2157,#1692,#1693);
#1513=AXIS2_PLACEMENT_3D('',#2158,#1694,#1695);
#1514=AXIS2_PLACEMENT_3D('',#2163,#1697,#1698);
#1515=AXIS2_PLACEMENT_3D('',#2177,#1700,#1701);
#1516=AXIS2_PLACEMENT_3D('',#2178,#1702,#1703);
#1517=AXIS2_PLACEMENT_3D('',#2183,#1705,#1706);
#1518=AXIS2_PLACEMENT_3D('',#2187,#1708,#1709);
#1519=AXIS2_PLACEMENT_3D('',#2198,#1710,#1711);
#1520=AXIS2_PLACEMENT_3D('',#2199,#1712,#1713);
#1521=AXIS2_PLACEMENT_3D('',#2200,#1714,#1715);
#1522=AXIS2_PLACEMENT_3D('',#2201,#1716,#1717);
#1523=AXIS2_PLACEMENT_3D('',#2205,#1719,#1720);
#1524=AXIS2_PLACEMENT_3D('',#2208,#1722,#1723);
#1525=AXIS2_PLACEMENT_3D('',#2209,#1724,#1725);
#1526=AXIS2_PLACEMENT_3D('',#2213,#1728,#1729);
#1527=AXIS2_PLACEMENT_3D('',#2218,#1731,#1732);
#1528=AXIS2_PLACEMENT_3D('',#2232,#1734,#1735);
#1529=AXIS2_PLACEMENT_3D('',#2233,#1736,#1737);
#1530=AXIS2_PLACEMENT_3D('',#2238,#1739,#1740);
#1531=AXIS2_PLACEMENT_3D('',#2242,#1742,#1743);
#1532=AXIS2_PLACEMENT_3D('',#2253,#1744,#1745);
#1533=AXIS2_PLACEMENT_3D('',#2255,#1746,#1747);
#1534=AXIS2_PLACEMENT_3D('',#2256,#1748,#1749);
#1535=AXIS2_PLACEMENT_3D('',#2257,#1750,#1751);
#1536=AXIS2_PLACEMENT_3D('',#2258,#1752,#1753);
#1537=AXIS2_PLACEMENT_3D('',#2262,#1755,#1756);
#1538=AXIS2_PLACEMENT_3D('',#2265,#1758,#1759);
#1539=AXIS2_PLACEMENT_3D('',#2266,#1760,#1761);
#1540=AXIS2_PLACEMENT_3D('',#2270,#1764,#1765);
#1541=AXIS2_PLACEMENT_3D('',#2275,#1767,#1768);
#1542=AXIS2_PLACEMENT_3D('',#2279,#1770,#1771);
#1543=AXIS2_PLACEMENT_3D('',#2290,#1772,#1773);
#1544=AXIS2_PLACEMENT_3D('',#2295,#1775,#1776);
#1545=AXIS2_PLACEMENT_3D('',#2309,#1778,#1779);
#1546=AXIS2_PLACEMENT_3D('',#2310,#1780,#1781);
#1547=AXIS2_PLACEMENT_3D('',#2311,#1782,#1783);
#1548=AXIS2_PLACEMENT_3D('',#2312,#1784,#1785);
#1549=AXIS2_PLACEMENT_3D('',#2313,#1786,#1787);
#1550=AXIS2_PLACEMENT_3D('',#2316,#1788,#1789);
#1551=AXIS2_PLACEMENT_3D('',#2318,#1790,#1791);
#1552=AXIS2_PLACEMENT_3D('',#2320,#1792,#1793);
#1553=AXIS2_PLACEMENT_3D('',#2322,#1794,#1795);
#1554=AXIS2_PLACEMENT_3D('',#2324,#1797,#1798);
#1555=AXIS2_PLACEMENT_3D('',#2325,#1799,#1800);
#1556=AXIS2_PLACEMENT_3D('',#2326,#1801,#1802);
#1557=AXIS2_PLACEMENT_3D('',#2328,#1803,#1804);
#1558=AXIS2_PLACEMENT_3D('',#2330,#1805,#1806);
#1559=AXIS2_PLACEMENT_3D('',#2332,#1807,#1808);
#1560=AXIS2_PLACEMENT_3D('',#2334,#1809,#1810);
#1561=AXIS2_PLACEMENT_3D('',#2335,#1811,#1812);
#1562=AXIS2_PLACEMENT_3D('',#2336,#1813,#1814);
#1563=AXIS2_PLACEMENT_3D('',#2344,#1819,#1820);
#1564=AXIS2_PLACEMENT_3D('',#2346,#1821,#1822);
#1565=AXIS2_PLACEMENT_3D('',#2348,#1823,#1824);
#1566=AXIS2_PLACEMENT_3D('',#2350,#1825,#1826);
#1567=AXIS2_PLACEMENT_3D('',#2353,#1828,#1829);
#1568=AXIS2_PLACEMENT_3D('',#2354,#1830,#1831);
#1569=AXIS2_PLACEMENT_3D('',#2359,#1835,#1836);
#1570=AXIS2_PLACEMENT_3D('',#2361,#1837,#1838);
#1571=AXIS2_PLACEMENT_3D('',#2362,#1839,#1840);
#1572=AXIS2_PLACEMENT_3D('',#2363,#1841,#1842);
#1573=AXIS2_PLACEMENT_3D('',#2371,#1847,#1848);
#1574=AXIS2_PLACEMENT_3D('',#2373,#1849,#1850);
#1575=AXIS2_PLACEMENT_3D('',#2375,#1851,#1852);
#1576=AXIS2_PLACEMENT_3D('',#2377,#1854,#1855);
#1577=AXIS2_PLACEMENT_3D('',#2382,#1859,#1860);
#1578=AXIS2_PLACEMENT_3D('',#2383,#1861,#1862);
#1579=AXIS2_PLACEMENT_3D('',#2384,#1863,#1864);
#1580=AXIS2_PLACEMENT_3D('',#2392,#1869,#1870);
#1581=AXIS2_PLACEMENT_3D('',#2394,#1871,#1872);
#1582=AXIS2_PLACEMENT_3D('',#2396,#1873,#1874);
#1583=AXIS2_PLACEMENT_3D('',#2398,#1876,#1877);
#1584=AXIS2_PLACEMENT_3D('',#2403,#1881,#1882);
#1585=AXIS2_PLACEMENT_3D('',#2404,#1883,#1884);
#1586=AXIS2_PLACEMENT_3D('',#2405,#1885,#1886);
#1587=AXIS2_PLACEMENT_3D('',#2413,#1891,#1892);
#1588=AXIS2_PLACEMENT_3D('',#2415,#1893,#1894);
#1589=AXIS2_PLACEMENT_3D('',#2417,#1895,#1896);
#1590=AXIS2_PLACEMENT_3D('',#2419,#1898,#1899);
#1591=AXIS2_PLACEMENT_3D('',#2424,#1903,#1904);
#1592=AXIS2_PLACEMENT_3D('',#2425,#1905,#1906);
#1593=AXIS2_PLACEMENT_3D('',#2426,#1907,#1908);
#1594=AXIS2_PLACEMENT_3D('',#2428,#1909,#1910);
#1595=AXIS2_PLACEMENT_3D('',#2431,#1912,#1913);
#1596=AXIS2_PLACEMENT_3D('',#2432,#1914,#1915);
#1597=AXIS2_PLACEMENT_3D('',#2438,#1919,#1920);
#1598=AXIS2_PLACEMENT_3D('',#2444,#1924,#1925);
#1599=AXIS2_PLACEMENT_3D('',#2445,#1926,#1927);
#1600=AXIS2_PLACEMENT_3D('',#2446,#1928,#1929);
#1601=AXIS2_PLACEMENT_3D('',#2447,#1930,#1931);
#1602=AXIS2_PLACEMENT_3D('',#2448,#1932,#1933);
#1603=AXIS2_PLACEMENT_3D('',#2451,#1935,#1936);
#1604=AXIS2_PLACEMENT_3D('',#2452,#1937,#1938);
#1605=AXIS2_PLACEMENT_3D('',#2456,#1941,#1942);
#1606=AXIS2_PLACEMENT_3D('',#2457,#1943,#1944);
#1607=AXIS2_PLACEMENT_3D('',#2458,#1945,#1946);
#1608=AXIS2_PLACEMENT_3D('',#2461,#1948,#1949);
#1609=AXIS2_PLACEMENT_3D('',#2462,#1950,#1951);
#1610=AXIS2_PLACEMENT_3D('',#2466,#1954,#1955);
#1611=AXIS2_PLACEMENT_3D('',#2467,#1956,#1957);
#1612=AXIS2_PLACEMENT_3D('',#2468,#1958,#1959);
#1613=AXIS2_PLACEMENT_3D('',#2470,#1960,#1961);
#1614=AXIS2_PLACEMENT_3D('',#2474,#1964,#1965);
#1615=AXIS2_PLACEMENT_3D('',#2475,#1966,#1967);
#1616=AXIS2_PLACEMENT_3D('',#2477,#1968,#1969);
#1617=AXIS2_PLACEMENT_3D('',#2479,#1971,#1972);
#1618=AXIS2_PLACEMENT_3D('',#2481,#1973,#1974);
#1619=AXIS2_PLACEMENT_3D('',#2483,#1976,#1977);
#1620=AXIS2_PLACEMENT_3D('',#2484,#1978,#1979);
#1621=AXIS2_PLACEMENT_3D('',#2485,#1980,#1981);
#1622=AXIS2_PLACEMENT_3D('',#2486,#1982,#1983);
#1623=AXIS2_PLACEMENT_3D('',#2495,#1988,#1989);
#1624=AXIS2_PLACEMENT_3D('',#2497,#1990,#1991);
#1625=AXIS2_PLACEMENT_3D('',#2499,#1992,#1993);
#1626=AXIS2_PLACEMENT_3D('',#2501,#1994,#1995);
#1627=AXIS2_PLACEMENT_3D('',#2504,#1997,#1998);
#1628=AXIS2_PLACEMENT_3D('',#2505,#1999,#2000);
#1629=AXIS2_PLACEMENT_3D('',#2511,#2004,#2005);
#1630=AXIS2_PLACEMENT_3D('',#2513,#2006,#2007);
#1631=AXIS2_PLACEMENT_3D('',#2515,#2008,#2009);
#1632=AXIS2_PLACEMENT_3D('',#2516,#2010,#2011);
#1633=AXIS2_PLACEMENT_3D('',#2517,#2012,#2013);
#1634=AXIS2_PLACEMENT_3D('',#2518,#2014,#2015);
#1635=AXIS2_PLACEMENT_3D('',#2527,#2020,#2021);
#1636=AXIS2_PLACEMENT_3D('',#2529,#2022,#2023);
#1637=AXIS2_PLACEMENT_3D('',#2531,#2024,#2025);
#1638=AXIS2_PLACEMENT_3D('',#2533,#2027,#2028);
#1639=AXIS2_PLACEMENT_3D('',#2539,#2032,#2033);
#1640=AXIS2_PLACEMENT_3D('',#2540,#2034,#2035);
#1641=AXIS2_PLACEMENT_3D('',#2541,#2036,#2037);
#1642=AXIS2_PLACEMENT_3D('',#2542,#2038,#2039);
#1643=AXIS2_PLACEMENT_3D('',#2551,#2044,#2045);
#1644=AXIS2_PLACEMENT_3D('',#2553,#2046,#2047);
#1645=AXIS2_PLACEMENT_3D('',#2555,#2048,#2049);
#1646=AXIS2_PLACEMENT_3D('',#2557,#2051,#2052);
#1647=AXIS2_PLACEMENT_3D('',#2563,#2056,#2057);
#1648=AXIS2_PLACEMENT_3D('',#2564,#2058,#2059);
#1649=AXIS2_PLACEMENT_3D('',#2565,#2060,#2061);
#1650=AXIS2_PLACEMENT_3D('',#2566,#2062,#2063);
#1651=AXIS2_PLACEMENT_3D('',#2575,#2068,#2069);
#1652=AXIS2_PLACEMENT_3D('',#2577,#2070,#2071);
#1653=AXIS2_PLACEMENT_3D('',#2579,#2072,#2073);
#1654=AXIS2_PLACEMENT_3D('',#2581,#2075,#2076);
#1655=AXIS2_PLACEMENT_3D('',#2587,#2080,#2081);
#1656=AXIS2_PLACEMENT_3D('',#2588,#2082,#2083);
#1657=AXIS2_PLACEMENT_3D('',#2589,#2084,#2085);
#1658=AXIS2_PLACEMENT_3D('',#2590,#2086,#2087);
#1659=AXIS2_PLACEMENT_3D('',#2592,#2088,#2089);
#1660=AXIS2_PLACEMENT_3D('',#2595,#2091,#2092);
#1661=AXIS2_PLACEMENT_3D('',#2596,#2093,#2094);
#1662=AXIS2_PLACEMENT_3D('',#2598,#2095,#2096);
#1663=AXIS2_PLACEMENT_3D('',#2601,#2099,#2100);
#1664=AXIS2_PLACEMENT_3D('',#2603,#2101,#2102);
#1665=AXIS2_PLACEMENT_3D('',#2604,#2103,#2104);
#1666=AXIS2_PLACEMENT_3D('',#2607,#2106,#2107);
#1667=AXIS2_PLACEMENT_3D('',#2608,#2108,#2109);
#1668=AXIS2_PLACEMENT_3D('',#2610,#2110,#2111);
#1669=AXIS2_PLACEMENT_3D('',#2611,#2112,#2113);
#1670=AXIS2_PLACEMENT_3D('',#2615,#2116,#2117);
#1671=AXIS2_PLACEMENT_3D('',#2616,#2118,#2119);
#1672=AXIS2_PLACEMENT_3D('',#2619,#2121,#2122);
#1673=AXIS2_PLACEMENT_3D('',#2620,#2123,#2124);
#1674=AXIS2_PLACEMENT_3D('',#2621,#2125,#2126);
#1675=AXIS2_PLACEMENT_3D('',#2622,#2127,#2128);
#1676=AXIS2_PLACEMENT_3D('',#2624,#2129,#2130);
#1677=AXIS2_PLACEMENT_3D('',#2626,#2131,#2132);
#1678=AXIS2_PLACEMENT_3D('',#2627,#2133,#2134);
#1679=AXIS2_PLACEMENT_3D('',#2630,#2136,#2137);
#1680=AXIS2_PLACEMENT_3D('',#2631,#2138,#2139);
#1681=AXIS2_PLACEMENT_3D('',#2632,#2140,#2141);
#1682=AXIS2_PLACEMENT_3D('',#2634,#2142,#2143);
#1683=AXIS2_PLACEMENT_3D('',#2635,#2144,#2145);
#1684=AXIS2_PLACEMENT_3D('',#2637,#2147,#2148);
#1685=AXIS2_PLACEMENT_3D('',#2638,#2149,#2150);
#1686=AXIS2_PLACEMENT_3D('',#2639,#2151,#2152);
#1687=AXIS2_PLACEMENT_3D('',#2640,#2153,#2154);
#1688=DIRECTION('axis',(0.,0.,1.));
#1689=DIRECTION('refdir',(1.,0.,0.));
#1690=DIRECTION('axis',(0.,0.,1.));
#1691=DIRECTION('refdir',(1.,0.,0.));
#1692=DIRECTION('axis',(0.,0.,1.));
#1693=DIRECTION('refdir',(1.,0.,0.));
#1694=DIRECTION('center_axis',(0.,0.,-1.));
#1695=DIRECTION('ref_axis',(-0.975158268782478,-0.221509256748245,0.));
#1696=DIRECTION('',(0.,0.,-1.));
#1697=DIRECTION('center_axis',(0.,0.,-1.));
#1698=DIRECTION('ref_axis',(-0.975158268782478,-0.221509256748245,0.));
#1699=DIRECTION('',(0.,0.,1.));
#1700=DIRECTION('center_axis',(0.,0.,1.));
#1701=DIRECTION('ref_axis',(-0.975158268782478,-0.221509256748245,0.));
#1702=DIRECTION('center_axis',(0.,0.,1.));
#1703=DIRECTION('ref_axis',(-0.0545796812844281,0.998509418278511,0.));
#1704=DIRECTION('',(0.,0.,-1.));
#1705=DIRECTION('center_axis',(0.,0.,-1.));
#1706=DIRECTION('ref_axis',(-0.0545796812844281,0.998509418278511,0.));
#1707=DIRECTION('',(0.,0.,1.));
#1708=DIRECTION('center_axis',(0.,0.,1.));
#1709=DIRECTION('ref_axis',(-0.0545796812844281,0.998509418278511,0.));
#1710=DIRECTION('center_axis',(0.,0.,1.));
#1711=DIRECTION('ref_axis',(1.,0.,0.));
#1712=DIRECTION('center_axis',(0.,0.,-1.));
#1713=DIRECTION('ref_axis',(0.771851168264669,-0.635803251052136,0.));
#1714=DIRECTION('center_axis',(0.,0.,-1.));
#1715=DIRECTION('ref_axis',(0.771851168264669,-0.635803251052136,0.));
#1716=DIRECTION('center_axis',(0.,0.,1.));
#1717=DIRECTION('ref_axis',(1.,0.,0.));
#1718=DIRECTION('',(0.89874978989484,-0.438461874242198,0.));
#1719=DIRECTION('center_axis',(0.,0.,1.));
#1720=DIRECTION('ref_axis',(1.,0.,0.));
#1721=DIRECTION('',(-0.715495325269014,0.698617520191261,0.));
#1722=DIRECTION('center_axis',(0.,0.,-1.));
#1723=DIRECTION('ref_axis',(1.,0.,0.));
#1724=DIRECTION('center_axis',(-0.438461874242198,-0.89874978989484,0.));
#1725=DIRECTION('ref_axis',(0.89874978989484,-0.438461874242198,0.));
#1726=DIRECTION('',(-0.89874978989484,0.438461874242198,0.));
#1727=DIRECTION('',(0.,0.,1.));
#1728=DIRECTION('center_axis',(0.,0.,-1.));
#1729=DIRECTION('ref_axis',(0.519969131574795,0.854185051501929,0.));
#1730=DIRECTION('',(0.,0.,-1.));
#1731=DIRECTION('center_axis',(0.,0.,-1.));
#1732=DIRECTION('ref_axis',(0.519969131574795,0.854185051501929,0.));
#1733=DIRECTION('',(0.,0.,1.));
#1734=DIRECTION('center_axis',(0.,0.,1.));
#1735=DIRECTION('ref_axis',(0.519969131574795,0.854185051501929,0.));
#1736=DIRECTION('center_axis',(0.,0.,1.));
#1737=DIRECTION('ref_axis',(0.676995996147679,-0.735986699064603,0.));
#1738=DIRECTION('',(0.,0.,-1.));
#1739=DIRECTION('center_axis',(0.,0.,-1.));
#1740=DIRECTION('ref_axis',(0.676995996147679,-0.735986699064603,0.));
#1741=DIRECTION('',(0.,0.,1.));
#1742=DIRECTION('center_axis',(0.,0.,1.));
#1743=DIRECTION('ref_axis',(0.676995996147679,-0.735986699064603,0.));
#1744=DIRECTION('center_axis',(0.,0.,1.));
#1745=DIRECTION('ref_axis',(-0.980685856641755,-0.195589495072785,0.));
#1746=DIRECTION('center_axis',(0.,0.,-1.));
#1747=DIRECTION('ref_axis',(-0.973013490631516,-0.230748233035648,0.));
#1748=DIRECTION('center_axis',(0.,0.,-1.));
#1749=DIRECTION('ref_axis',(-0.973013490631516,-0.230748233035648,0.));
#1750=DIRECTION('center_axis',(0.,0.,-1.));
#1751=DIRECTION('ref_axis',(-0.973013490631516,-0.230748233035648,0.));
#1752=DIRECTION('center_axis',(0.,0.,1.));
#1753=DIRECTION('ref_axis',(1.,0.,0.));
#1754=DIRECTION('',(-1.,0.,0.));
#1755=DIRECTION('center_axis',(0.,0.,1.));
#1756=DIRECTION('ref_axis',(-1.46081976924363E-16,1.,0.));
#1757=DIRECTION('',(1.,2.03352609133294E-15,0.));
#1758=DIRECTION('center_axis',(0.,0.,-1.));
#1759=DIRECTION('ref_axis',(1.,0.,0.));
#1760=DIRECTION('center_axis',(0.,1.,0.));
#1761=DIRECTION('ref_axis',(-1.,0.,0.));
#1762=DIRECTION('',(1.,0.,0.));
#1763=DIRECTION('',(0.,0.,1.));
#1764=DIRECTION('center_axis',(0.,0.,1.));
#1765=DIRECTION('ref_axis',(-0.98520216542838,0.171396304613699,0.));
#1766=DIRECTION('',(0.,0.,-1.));
#1767=DIRECTION('center_axis',(0.,0.,-1.));
#1768=DIRECTION('ref_axis',(-0.98520216542838,0.171396304613699,0.));
#1769=DIRECTION('',(0.,0.,1.));
#1770=DIRECTION('center_axis',(0.,0.,1.));
#1771=DIRECTION('ref_axis',(-0.98520216542838,0.171396304613699,0.));
#1772=DIRECTION('center_axis',(0.,0.,-1.));
#1773=DIRECTION('ref_axis',(0.104396592860415,-0.994535746667327,0.));
#1774=DIRECTION('',(0.,0.,-1.));
#1775=DIRECTION('center_axis',(0.,0.,-1.));
#1776=DIRECTION('ref_axis',(0.104396592860415,-0.994535746667327,0.));
#1777=DIRECTION('',(0.,0.,1.));
#1778=DIRECTION('center_axis',(0.,0.,1.));
#1779=DIRECTION('ref_axis',(0.104396592860415,-0.994535746667327,0.));
#1780=DIRECTION('center_axis',(0.,0.,1.));
#1781=DIRECTION('ref_axis',(1.,0.,0.));
#1782=DIRECTION('center_axis',(0.,0.,-1.));
#1783=DIRECTION('ref_axis',(0.671797253086961,0.740735074601449,0.));
#1784=DIRECTION('center_axis',(0.,0.,-1.));
#1785=DIRECTION('ref_axis',(0.671797253086961,0.740735074601449,0.));
#1786=DIRECTION('center_axis',(0.,0.,1.));
#1787=DIRECTION('ref_axis',(1.,0.,0.));
#1788=DIRECTION('center_axis',(0.,0.,1.));
#1789=DIRECTION('ref_axis',(1.,0.,0.));
#1790=DIRECTION('center_axis',(0.,0.,1.));
#1791=DIRECTION('ref_axis',(1.,0.,0.));
#1792=DIRECTION('center_axis',(0.,0.,1.));
#1793=DIRECTION('ref_axis',(1.,0.,0.));
#1794=DIRECTION('center_axis',(0.,0.,1.));
#1795=DIRECTION('ref_axis',(1.,0.,0.));
#1796=DIRECTION('',(0.,0.,-1.));
#1797=DIRECTION('center_axis',(0.,0.,1.));
#1798=DIRECTION('ref_axis',(1.,0.,0.));
#1799=DIRECTION('center_axis',(0.,0.,1.));
#1800=DIRECTION('ref_axis',(1.,0.,0.));
#1801=DIRECTION('center_axis',(0.,0.,1.));
#1802=DIRECTION('ref_axis',(1.,0.,0.));
#1803=DIRECTION('center_axis',(0.,0.,1.));
#1804=DIRECTION('ref_axis',(1.,0.,0.));
#1805=DIRECTION('center_axis',(0.,0.,1.));
#1806=DIRECTION('ref_axis',(1.,0.,0.));
#1807=DIRECTION('center_axis',(0.,0.,1.));
#1808=DIRECTION('ref_axis',(1.,0.,0.));
#1809=DIRECTION('center_axis',(0.,0.,1.));
#1810=DIRECTION('ref_axis',(1.,0.,0.));
#1811=DIRECTION('center_axis',(0.,0.,1.));
#1812=DIRECTION('ref_axis',(1.,0.,0.));
#1813=DIRECTION('center_axis',(0.675590207615661,-0.737277336810123,0.));
#1814=DIRECTION('ref_axis',(-0.737277336810123,-0.675590207615661,0.));
#1815=DIRECTION('',(0.42288490744994,0.387502623717855,0.819152044288992));
#1816=DIRECTION('',(-0.737277336810123,-0.675590207615661,0.));
#1817=DIRECTION('',(-0.42288490744994,-0.387502623717854,-0.819152044288992));
#1818=DIRECTION('',(-0.737277336810123,-0.675590207615661,0.));
#1819=DIRECTION('center_axis',(0.,0.,1.));
#1820=DIRECTION('ref_axis',(1.,0.,0.));
#1821=DIRECTION('center_axis',(0.,0.,-1.));
#1822=DIRECTION('ref_axis',(1.,0.,0.));
#1823=DIRECTION('center_axis',(0.,0.,1.));
#1824=DIRECTION('ref_axis',(1.,0.,0.));
#1825=DIRECTION('center_axis',(0.,0.,1.));
#1826=DIRECTION('ref_axis',(1.,0.,0.));
#1827=DIRECTION('',(0.737277336810123,-0.675590207615662,0.));
#1828=DIRECTION('center_axis',(0.,0.,-1.));
#1829=DIRECTION('ref_axis',(1.,0.,0.));
#1830=DIRECTION('center_axis',(0.675590207615662,0.737277336810123,0.));
#1831=DIRECTION('ref_axis',(0.737277336810123,-0.675590207615662,0.));
#1832=DIRECTION('',(-0.42288490744994,0.387502623717855,-0.819152044288992));
#1833=DIRECTION('',(0.42288490744994,-0.387502623717855,0.819152044288992));
#1834=DIRECTION('',(0.737277336810123,-0.675590207615662,0.));
#1835=DIRECTION('center_axis',(0.,0.,-1.));
#1836=DIRECTION('ref_axis',(-1.,0.,0.));
#1837=DIRECTION('center_axis',(0.,0.,1.));
#1838=DIRECTION('ref_axis',(1.,0.,0.));
#1839=DIRECTION('center_axis',(0.,0.,1.));
#1840=DIRECTION('ref_axis',(1.,0.,0.));
#1841=DIRECTION('center_axis',(-0.737277336810123,-0.675590207615661,0.));
#1842=DIRECTION('ref_axis',(-0.675590207615661,0.737277336810123,0.));
#1843=DIRECTION('',(0.387502623717854,-0.42288490744994,0.819152044288992));
#1844=DIRECTION('',(-0.675590207615661,0.737277336810123,0.));
#1845=DIRECTION('',(-0.387502623717854,0.42288490744994,-0.819152044288992));
#1846=DIRECTION('',(-0.675590207615661,0.737277336810123,0.));
#1847=DIRECTION('center_axis',(0.,0.,1.));
#1848=DIRECTION('ref_axis',(1.,0.,0.));
#1849=DIRECTION('center_axis',(0.,0.,-1.));
#1850=DIRECTION('ref_axis',(1.,0.,0.));
#1851=DIRECTION('center_axis',(0.,0.,1.));
#1852=DIRECTION('ref_axis',(1.,0.,0.));
#1853=DIRECTION('',(-0.675590207615662,-0.737277336810123,0.));
#1854=DIRECTION('center_axis',(0.737277336810123,-0.675590207615662,0.));
#1855=DIRECTION('ref_axis',(-0.675590207615662,-0.737277336810123,0.));
#1856=DIRECTION('',(0.387502623717855,0.42288490744994,-0.819152044288992));
#1857=DIRECTION('',(-0.387502623717855,-0.42288490744994,0.819152044288992));
#1858=DIRECTION('',(-0.675590207615662,-0.737277336810123,0.));
#1859=DIRECTION('center_axis',(0.,0.,-1.));
#1860=DIRECTION('ref_axis',(-1.,0.,0.));
#1861=DIRECTION('center_axis',(0.,0.,1.));
#1862=DIRECTION('ref_axis',(1.,0.,0.));
#1863=DIRECTION('center_axis',(-0.675590207615661,0.737277336810123,0.));
#1864=DIRECTION('ref_axis',(0.737277336810123,0.675590207615662,0.));
#1865=DIRECTION('',(-0.42288490744994,-0.387502623717855,0.819152044288992));
#1866=DIRECTION('',(0.737277336810123,0.675590207615662,0.));
#1867=DIRECTION('',(0.42288490744994,0.387502623717855,-0.819152044288992));
#1868=DIRECTION('',(0.737277336810123,0.675590207615662,0.));
#1869=DIRECTION('center_axis',(0.,0.,1.));
#1870=DIRECTION('ref_axis',(1.,0.,0.));
#1871=DIRECTION('center_axis',(0.,0.,-1.));
#1872=DIRECTION('ref_axis',(1.,0.,0.));
#1873=DIRECTION('center_axis',(0.,0.,1.));
#1874=DIRECTION('ref_axis',(1.,0.,0.));
#1875=DIRECTION('',(-0.737277336810123,0.675590207615662,0.));
#1876=DIRECTION('center_axis',(-0.675590207615662,-0.737277336810123,0.));
#1877=DIRECTION('ref_axis',(-0.737277336810123,0.675590207615662,0.));
#1878=DIRECTION('',(0.42288490744994,-0.387502623717855,-0.819152044288992));
#1879=DIRECTION('',(-0.42288490744994,0.387502623717855,0.819152044288992));
#1880=DIRECTION('',(-0.737277336810123,0.675590207615662,0.));
#1881=DIRECTION('center_axis',(0.,0.,-1.));
#1882=DIRECTION('ref_axis',(-1.,0.,0.));
#1883=DIRECTION('center_axis',(0.,0.,1.));
#1884=DIRECTION('ref_axis',(1.,0.,0.));
#1885=DIRECTION('center_axis',(0.737277336810123,0.675590207615661,0.));
#1886=DIRECTION('ref_axis',(0.675590207615662,-0.737277336810123,0.));
#1887=DIRECTION('',(-0.387502623717854,0.42288490744994,0.819152044288992));
#1888=DIRECTION('',(0.675590207615662,-0.737277336810123,0.));
#1889=DIRECTION('',(0.387502623717854,-0.42288490744994,-0.819152044288992));
#1890=DIRECTION('',(0.675590207615662,-0.737277336810123,0.));
#1891=DIRECTION('center_axis',(0.,0.,1.));
#1892=DIRECTION('ref_axis',(1.,0.,0.));
#1893=DIRECTION('center_axis',(0.,0.,-1.));
#1894=DIRECTION('ref_axis',(1.,0.,0.));
#1895=DIRECTION('center_axis',(0.,0.,1.));
#1896=DIRECTION('ref_axis',(1.,0.,0.));
#1897=DIRECTION('',(0.675590207615662,0.737277336810123,0.));
#1898=DIRECTION('center_axis',(-0.737277336810123,0.675590207615662,0.));
#1899=DIRECTION('ref_axis',(0.675590207615662,0.737277336810123,0.));
#1900=DIRECTION('',(-0.387502623717855,-0.42288490744994,-0.819152044288992));
#1901=DIRECTION('',(0.387502623717855,0.42288490744994,0.819152044288992));
#1902=DIRECTION('',(0.675590207615662,0.737277336810123,0.));
#1903=DIRECTION('center_axis',(0.,0.,-1.));
#1904=DIRECTION('ref_axis',(-1.,0.,0.));
#1905=DIRECTION('center_axis',(0.,0.,1.));
#1906=DIRECTION('ref_axis',(1.,0.,0.));
#1907=DIRECTION('center_axis',(0.,0.,1.));
#1908=DIRECTION('ref_axis',(1.,0.,0.));
#1909=DIRECTION('center_axis',(0.,0.,-1.));
#1910=DIRECTION('ref_axis',(1.,0.,0.));
#1911=DIRECTION('',(0.,0.,-1.));
#1912=DIRECTION('center_axis',(0.,0.,-1.));
#1913=DIRECTION('ref_axis',(1.,0.,0.));
#1914=DIRECTION('center_axis',(0.637306615750601,-0.770610327935278,0.));
#1915=DIRECTION('ref_axis',(0.770610327935278,0.637306615750601,0.));
#1916=DIRECTION('',(-0.770610327935278,-0.637306615750601,0.));
#1917=DIRECTION('',(0.,0.,1.));
#1918=DIRECTION('',(0.770610327935278,0.637306615750601,0.));
#1919=DIRECTION('center_axis',(-0.6373066157506,0.770610327935279,0.));
#1920=DIRECTION('ref_axis',(-0.770610327935279,-0.6373066157506,0.));
#1921=DIRECTION('',(-0.770610327935278,-0.6373066157506,0.));
#1922=DIRECTION('',(0.,0.,1.));
#1923=DIRECTION('',(-0.770610327935278,-0.6373066157506,0.));
#1924=DIRECTION('center_axis',(0.,0.,1.));
#1925=DIRECTION('ref_axis',(0.637306615750587,-0.770610327935289,0.));
#1926=DIRECTION('center_axis',(0.,0.,1.));
#1927=DIRECTION('ref_axis',(0.637306615750587,-0.770610327935289,0.));
#1928=DIRECTION('center_axis',(0.,0.,1.));
#1929=DIRECTION('ref_axis',(0.637306615750587,-0.770610327935289,0.));
#1930=DIRECTION('center_axis',(0.,0.,1.));
#1931=DIRECTION('ref_axis',(1.,0.,0.));
#1932=DIRECTION('center_axis',(0.,0.,1.));
#1933=DIRECTION('ref_axis',(1.,0.,0.));
#1934=DIRECTION('',(0.,0.,-1.));
#1935=DIRECTION('center_axis',(0.,0.,-1.));
#1936=DIRECTION('ref_axis',(1.,0.,0.));
#1937=DIRECTION('center_axis',(2.03352609133294E-15,-1.,0.));
#1938=DIRECTION('ref_axis',(1.,2.03352609133294E-15,0.));
#1939=DIRECTION('',(0.,0.,1.));
#1940=DIRECTION('',(1.,2.03352609133294E-15,0.));
#1941=DIRECTION('center_axis',(0.,0.,1.));
#1942=DIRECTION('ref_axis',(-1.46081976924363E-16,1.,0.));
#1943=DIRECTION('center_axis',(0.,0.,1.));
#1944=DIRECTION('ref_axis',(-1.46081976924363E-16,1.,0.));
#1945=DIRECTION('center_axis',(0.,0.,1.));
#1946=DIRECTION('ref_axis',(1.,0.,0.));
#1947=DIRECTION('',(0.,0.,-1.));
#1948=DIRECTION('center_axis',(0.,0.,-1.));
#1949=DIRECTION('ref_axis',(1.,0.,0.));
#1950=DIRECTION('center_axis',(0.698617520191261,0.715495325269014,0.));
#1951=DIRECTION('ref_axis',(-0.715495325269014,0.698617520191261,0.));
#1952=DIRECTION('',(0.,0.,1.));
#1953=DIRECTION('',(-0.715495325269014,0.698617520191261,0.));
#1954=DIRECTION('center_axis',(0.,0.,1.));
#1955=DIRECTION('ref_axis',(1.,0.,0.));
#1956=DIRECTION('center_axis',(0.,0.,1.));
#1957=DIRECTION('ref_axis',(1.,0.,0.));
#1958=DIRECTION('center_axis',(0.,0.,-1.));
#1959=DIRECTION('ref_axis',(1.,0.,0.));
#1960=DIRECTION('center_axis',(0.,0.,1.));
#1961=DIRECTION('ref_axis',(1.,0.,0.));
#1962=DIRECTION('',(0.573576436351046,7.02428546843654E-17,0.819152044288992));
#1963=DIRECTION('',(0.573576436351046,7.02428546843654E-17,0.819152044288992));
#1964=DIRECTION('center_axis',(0.,0.,-1.));
#1965=DIRECTION('ref_axis',(1.,0.,0.));
#1966=DIRECTION('center_axis',(0.,0.,1.));
#1967=DIRECTION('ref_axis',(1.,0.,0.));
#1968=DIRECTION('center_axis',(0.,0.,1.));
#1969=DIRECTION('ref_axis',(1.,0.,0.));
#1970=DIRECTION('',(0.,0.,1.));
#1971=DIRECTION('center_axis',(0.,0.,-1.));
#1972=DIRECTION('ref_axis',(1.,0.,0.));
#1973=DIRECTION('center_axis',(0.,0.,-1.));
#1974=DIRECTION('ref_axis',(1.,0.,0.));
#1975=DIRECTION('',(-0.573576436351046,-7.02428546843654E-17,-0.819152044288992));
#1976=DIRECTION('center_axis',(0.,0.,1.));
#1977=DIRECTION('ref_axis',(1.,0.,0.));
#1978=DIRECTION('center_axis',(0.,0.,1.));
#1979=DIRECTION('ref_axis',(1.,0.,0.));
#1980=DIRECTION('axis',(0.,0.,1.));
#1981=DIRECTION('refdir',(1.,0.,0.));
#1982=DIRECTION('center_axis',(0.675590207615662,0.737277336810123,0.));
#1983=DIRECTION('ref_axis',(-0.737277336810123,0.675590207615662,0.));
#1984=DIRECTION('',(0.422884907449939,-0.387502623717854,0.819152044288993));
#1985=DIRECTION('',(0.,0.,1.));
#1986=DIRECTION('',(-0.422884907449941,0.387502623717856,-0.819152044288991));
#1987=DIRECTION('',(-0.737277336810123,0.675590207615662,0.));
#1988=DIRECTION('center_axis',(0.,0.,-1.));
#1989=DIRECTION('ref_axis',(-1.,0.,0.));
#1990=DIRECTION('center_axis',(0.,0.,1.));
#1991=DIRECTION('ref_axis',(1.,0.,0.));
#1992=DIRECTION('center_axis',(0.,0.,-1.));
#1993=DIRECTION('ref_axis',(1.,0.,0.));
#1994=DIRECTION('center_axis',(0.,0.,-1.));
#1995=DIRECTION('ref_axis',(1.,0.,0.));
#1996=DIRECTION('',(0.737277336810123,0.675590207615661,0.));
#1997=DIRECTION('center_axis',(0.,0.,1.));
#1998=DIRECTION('ref_axis',(1.,0.,0.));
#1999=DIRECTION('center_axis',(0.675590207615661,-0.737277336810123,0.));
#2000=DIRECTION('ref_axis',(0.737277336810123,0.675590207615661,0.));
#2001=DIRECTION('',(-0.422884907449939,-0.387502623717853,-0.819152044288993));
#2002=DIRECTION('',(0.422884907449941,0.387502623717855,0.819152044288991));
#2003=DIRECTION('',(0.,0.,1.));
#2004=DIRECTION('center_axis',(0.,0.,1.));
#2005=DIRECTION('ref_axis',(-1.83697019872103E-16,-1.,0.));
#2006=DIRECTION('center_axis',(0.,0.,-1.));
#2007=DIRECTION('ref_axis',(-1.83697019872103E-16,-1.,0.));
#2008=DIRECTION('center_axis',(0.,0.,1.));
#2009=DIRECTION('ref_axis',(-1.83697019872103E-16,-1.,0.));
#2010=DIRECTION('center_axis',(0.,0.,1.));
#2011=DIRECTION('ref_axis',(-1.83697019872103E-16,-1.,0.));
#2012=DIRECTION('center_axis',(0.,0.,-1.));
#2013=DIRECTION('ref_axis',(-1.83697019872103E-16,-1.,0.));
#2014=DIRECTION('center_axis',(0.737277336810123,-0.675590207615662,0.));
#2015=DIRECTION('ref_axis',(0.675590207615662,0.737277336810123,0.));
#2016=DIRECTION('',(-0.387502623717854,-0.422884907449939,0.819152044288993));
#2017=DIRECTION('',(0.,0.,1.));
#2018=DIRECTION('',(0.387502623717855,0.422884907449941,-0.819152044288991));
#2019=DIRECTION('',(0.675590207615662,0.737277336810123,0.));
#2020=DIRECTION('center_axis',(0.,0.,-1.));
#2021=DIRECTION('ref_axis',(-1.,0.,0.));
#2022=DIRECTION('center_axis',(0.,0.,1.));
#2023=DIRECTION('ref_axis',(1.,0.,0.));
#2024=DIRECTION('center_axis',(0.,0.,-1.));
#2025=DIRECTION('ref_axis',(1.,0.,0.));
#2026=DIRECTION('',(0.675590207615661,-0.737277336810123,0.));
#2027=DIRECTION('center_axis',(-0.737277336810123,-0.675590207615661,0.));
#2028=DIRECTION('ref_axis',(0.675590207615661,-0.737277336810123,0.));
#2029=DIRECTION('',(-0.387502623717853,0.422884907449939,-0.819152044288993));
#2030=DIRECTION('',(0.387502623717855,-0.422884907449941,0.819152044288991));
#2031=DIRECTION('',(0.,0.,1.));
#2032=DIRECTION('center_axis',(0.,0.,1.));
#2033=DIRECTION('ref_axis',(-1.,1.22464679914735E-16,0.));
#2034=DIRECTION('center_axis',(0.,0.,-1.));
#2035=DIRECTION('ref_axis',(-1.,1.22464679914735E-16,0.));
#2036=DIRECTION('center_axis',(0.,0.,1.));
#2037=DIRECTION('ref_axis',(-1.,1.22464679914735E-16,0.));
#2038=DIRECTION('center_axis',(-0.675590207615662,-0.737277336810123,0.));
#2039=DIRECTION('ref_axis',(0.737277336810123,-0.675590207615662,0.));
#2040=DIRECTION('',(-0.422884907449939,0.387502623717853,0.819152044288993));
#2041=DIRECTION('',(0.,0.,1.));
#2042=DIRECTION('',(0.422884907449941,-0.387502623717855,-0.819152044288991));
#2043=DIRECTION('',(0.737277336810123,-0.675590207615662,0.));
#2044=DIRECTION('center_axis',(0.,0.,-1.));
#2045=DIRECTION('ref_axis',(-1.,0.,0.));
#2046=DIRECTION('center_axis',(0.,0.,1.));
#2047=DIRECTION('ref_axis',(1.,0.,0.));
#2048=DIRECTION('center_axis',(0.,0.,-1.));
#2049=DIRECTION('ref_axis',(1.,0.,0.));
#2050=DIRECTION('',(-0.737277336810123,-0.675590207615662,0.));
#2051=DIRECTION('center_axis',(-0.675590207615661,0.737277336810123,0.));
#2052=DIRECTION('ref_axis',(-0.737277336810123,-0.675590207615662,0.));
#2053=DIRECTION('',(0.422884907449939,0.387502623717853,-0.819152044288993));
#2054=DIRECTION('',(-0.422884907449941,-0.387502623717855,0.819152044288991));
#2055=DIRECTION('',(0.,0.,1.));
#2056=DIRECTION('center_axis',(0.,0.,1.));
#2057=DIRECTION('ref_axis',(6.12323399573677E-17,1.,0.));
#2058=DIRECTION('center_axis',(0.,0.,-1.));
#2059=DIRECTION('ref_axis',(6.12323399573677E-17,1.,0.));
#2060=DIRECTION('center_axis',(0.,0.,1.));
#2061=DIRECTION('ref_axis',(6.12323399573677E-17,1.,0.));
#2062=DIRECTION('center_axis',(-0.737277336810123,0.675590207615662,0.));
#2063=DIRECTION('ref_axis',(-0.675590207615662,-0.737277336810123,0.));
#2064=DIRECTION('',(0.387502623717853,0.422884907449939,0.819152044288993));
#2065=DIRECTION('',(0.,0.,1.));
#2066=DIRECTION('',(-0.387502623717855,-0.422884907449941,-0.819152044288991));
#2067=DIRECTION('',(-0.675590207615662,-0.737277336810123,0.));
#2068=DIRECTION('center_axis',(0.,0.,-1.));
#2069=DIRECTION('ref_axis',(-1.,0.,0.));
#2070=DIRECTION('center_axis',(0.,0.,1.));
#2071=DIRECTION('ref_axis',(1.,0.,0.));
#2072=DIRECTION('center_axis',(0.,0.,-1.));
#2073=DIRECTION('ref_axis',(1.,0.,0.));
#2074=DIRECTION('',(-0.675590207615662,0.737277336810123,0.));
#2075=DIRECTION('center_axis',(0.737277336810123,0.675590207615661,0.));
#2076=DIRECTION('ref_axis',(-0.675590207615662,0.737277336810123,0.));
#2077=DIRECTION('',(0.387502623717853,-0.422884907449939,-0.819152044288993));
#2078=DIRECTION('',(-0.387502623717855,0.422884907449941,0.819152044288991));
#2079=DIRECTION('',(0.,0.,1.));
#2080=DIRECTION('center_axis',(0.,0.,1.));
#2081=DIRECTION('ref_axis',(1.,0.,0.));
#2082=DIRECTION('center_axis',(0.,0.,-1.));
#2083=DIRECTION('ref_axis',(1.,0.,0.));
#2084=DIRECTION('center_axis',(0.,0.,1.));
#2085=DIRECTION('ref_axis',(1.,0.,0.));
#2086=DIRECTION('center_axis',(0.,0.,1.));
#2087=DIRECTION('ref_axis',(1.,0.,0.));
#2088=DIRECTION('center_axis',(0.,0.,1.));
#2089=DIRECTION('ref_axis',(1.,0.,0.));
#2090=DIRECTION('',(0.,0.,-1.));
#2091=DIRECTION('center_axis',(0.,0.,1.));
#2092=DIRECTION('ref_axis',(1.,0.,0.));
#2093=DIRECTION('center_axis',(0.,0.,-1.));
#2094=DIRECTION('ref_axis',(1.,0.,0.));
#2095=DIRECTION('center_axis',(0.,0.,1.));
#2096=DIRECTION('ref_axis',(1.,0.,0.));
#2097=DIRECTION('',(-0.573576436351044,-7.02428546843652E-17,-0.819152044288993));
#2098=DIRECTION('',(-0.573576436351044,-7.02428546843652E-17,-0.819152044288993));
#2099=DIRECTION('center_axis',(0.,0.,1.));
#2100=DIRECTION('ref_axis',(1.,0.,0.));
#2101=DIRECTION('center_axis',(0.,0.,1.));
#2102=DIRECTION('ref_axis',(1.,0.,0.));
#2103=DIRECTION('center_axis',(0.,0.,1.));
#2104=DIRECTION('ref_axis',(1.,0.,0.));
#2105=DIRECTION('',(0.,0.,-1.));
#2106=DIRECTION('center_axis',(0.,0.,1.));
#2107=DIRECTION('ref_axis',(1.,0.,0.));
#2108=DIRECTION('center_axis',(0.,0.,-1.));
#2109=DIRECTION('ref_axis',(-1.,0.,0.));
#2110=DIRECTION('center_axis',(0.,0.,1.));
#2111=DIRECTION('ref_axis',(1.,0.,0.));
#2112=DIRECTION('center_axis',(0.,0.,-1.));
#2113=DIRECTION('ref_axis',(1.,0.,0.));
#2114=DIRECTION('',(-0.573576436351047,-7.02428546843656E-17,-0.819152044288991));
#2115=DIRECTION('',(-0.573576436351047,-7.02428546843656E-17,-0.819152044288991));
#2116=DIRECTION('center_axis',(0.,0.,1.));
#2117=DIRECTION('ref_axis',(1.,0.,0.));
#2118=DIRECTION('center_axis',(0.,0.,1.));
#2119=DIRECTION('ref_axis',(1.,0.,0.));
#2120=DIRECTION('',(0.,0.,-1.));
#2121=DIRECTION('center_axis',(0.,0.,1.));
#2122=DIRECTION('ref_axis',(1.,0.,0.));
#2123=DIRECTION('center_axis',(0.,0.,-1.));
#2124=DIRECTION('ref_axis',(-1.,0.,0.));
#2125=DIRECTION('axis',(0.,0.,1.));
#2126=DIRECTION('refdir',(1.,0.,0.));
#2127=DIRECTION('center_axis',(0.,0.,-1.));
#2128=DIRECTION('ref_axis',(-1.,0.,0.));
#2129=DIRECTION('center_axis',(0.,0.,-1.));
#2130=DIRECTION('ref_axis',(1.,0.,0.));
#2131=DIRECTION('center_axis',(0.,0.,-1.));
#2132=DIRECTION('ref_axis',(1.,0.,0.));
#2133=DIRECTION('center_axis',(0.,0.,-1.));
#2134=DIRECTION('ref_axis',(-1.,0.,0.));
#2135=DIRECTION('',(-0.573576436351125,7.02428546843751E-17,0.819152044288937));
#2136=DIRECTION('center_axis',(0.,0.,-1.));
#2137=DIRECTION('ref_axis',(1.,0.,0.));
#2138=DIRECTION('center_axis',(0.,0.,-1.));
#2139=DIRECTION('ref_axis',(-1.,0.,0.));
#2140=DIRECTION('center_axis',(0.,0.,1.));
#2141=DIRECTION('ref_axis',(1.,0.,0.));
#2142=DIRECTION('center_axis',(0.,0.,-1.));
#2143=DIRECTION('ref_axis',(1.,0.,0.));
#2144=DIRECTION('center_axis',(0.,0.,-1.));
#2145=DIRECTION('ref_axis',(-1.,0.,0.));
#2146=DIRECTION('',(-0.573576436351047,7.02428546843655E-17,0.819152044288991));
#2147=DIRECTION('',(0.,6.16297582203915E-33,1.));
#2148=DIRECTION('',(1.,7.70371977754895E-34,-6.16297582203915E-33));
#2149=DIRECTION('',(-3.08148791101958E-33,0.,1.));
#2150=DIRECTION('',(1.,7.70371977754895E-34,-6.16297582203915E-33));
#2151=DIRECTION('',(-2.77555756156289E-17,2.77555756156289E-17,1.));
#2152=DIRECTION('',(1.,5.55111512312578E-17,-2.77555756156289E-17));
#2153=DIRECTION('',(2.77555756156289E-17,-2.77555756156289E-17,1.));
#2154=DIRECTION('',(1.,-5.55111512312578E-17,2.77555756156289E-17));
#2155=CARTESIAN_POINT('',(0.,0.,0.));
#2156=CARTESIAN_POINT('',(0.,0.,0.));
#2157=CARTESIAN_POINT('',(0.,0.,0.));
#2158=CARTESIAN_POINT('Origin',(89.8061679681554,69.6944799644663,23.06));
#2159=CARTESIAN_POINT('',(84.5665365667209,64.3282650249487,24.56));
#2160=CARTESIAN_POINT('',(84.5665365667209,64.3282650249487,23.06));
#2161=CARTESIAN_POINT('',(84.5665365667209,64.3282650249487,23.06));
#2162=CARTESIAN_POINT('',(82.7624402427973,72.2705039804687,23.06));
#2163=CARTESIAN_POINT('Origin',(89.8061679681554,69.6944799644663,23.06));
#2164=CARTESIAN_POINT('',(82.7624402427973,72.2705039804687,27.06));
#2165=CARTESIAN_POINT('',(82.7624402427973,72.2705039804687,23.06));
#2166=CARTESIAN_POINT('',(82.9615151150658,66.628419410483,24.56));
#2167=CARTESIAN_POINT('Ctrl Pts',(82.7624402427973,72.2705039804687,27.06));
#2168=CARTESIAN_POINT('Ctrl Pts',(82.7611788313155,72.2670548515117,27.0576583625398));
#2169=CARTESIAN_POINT('Ctrl Pts',(82.7599199527948,72.2636047947739,27.0553167242285));
#2170=CARTESIAN_POINT('Ctrl Pts',(82.5061109901453,71.5664313127153,26.5822561066275));
#2171=CARTESIAN_POINT('Ctrl Pts',(82.3526160048147,70.8261488696953,26.1045634059705));
#2172=CARTESIAN_POINT('Ctrl Pts',(82.2802555621018,69.349192756785,25.2986525139941));
#2173=CARTESIAN_POINT('Ctrl Pts',(82.3482105548291,68.6597913593525,24.987874586497));
#2174=CARTESIAN_POINT('Ctrl Pts',(82.6136826397315,67.5064725675596,24.6381425184731));
#2175=CARTESIAN_POINT('Ctrl Pts',(82.7751334630585,67.04449655042,24.56));
#2176=CARTESIAN_POINT('Ctrl Pts',(82.9615151150658,66.628419410483,24.56));
#2177=CARTESIAN_POINT('Origin',(89.8061679681554,69.6944799644663,24.56));
#2178=CARTESIAN_POINT('Origin',(72.9231984677524,48.7805822607254,23.06));
#2179=CARTESIAN_POINT('',(68.919621312695,55.1226142665971,27.06));
#2180=CARTESIAN_POINT('',(68.919621312695,55.1226142665971,23.06));
#2181=CARTESIAN_POINT('',(68.919621312695,55.1226142665971,23.06));
#2182=CARTESIAN_POINT('',(76.2116625245689,55.5212056849366,23.06));
#2183=CARTESIAN_POINT('Origin',(72.9231984677524,48.7805822607254,23.06));
#2184=CARTESIAN_POINT('',(76.2116625245689,55.5212056849366,24.56));
#2185=CARTESIAN_POINT('',(76.2116625245689,55.5212056849366,23.06));
#2186=CARTESIAN_POINT('',(74.4767914098295,56.1179079976903,24.56));
#2187=CARTESIAN_POINT('Origin',(72.9231984677524,48.7805822607254,24.56));
#2188=CARTESIAN_POINT('Ctrl Pts',(74.4767914098295,56.1179079976903,24.56));
#2189=CARTESIAN_POINT('Ctrl Pts',(74.030765355194,56.2123488001442,24.56));
#2190=CARTESIAN_POINT('Ctrl Pts',(73.5451305577886,56.2727396298612,24.6381425184726));
#2191=CARTESIAN_POINT('Ctrl Pts',(72.3617646348359,56.289010947195,24.9878745864976));
#2192=CARTESIAN_POINT('Ctrl Pts',(71.6735374416095,56.2100457756176,25.2986525139952));
#2193=CARTESIAN_POINT('Ctrl Pts',(70.2450606733616,55.8278291937764,26.1045634059211));
#2194=CARTESIAN_POINT('Ctrl Pts',(69.553799660904,55.5216641779425,26.5822561060339));
#2195=CARTESIAN_POINT('Ctrl Pts',(68.9258338076836,55.1265328799871,27.0553167242275));
#2196=CARTESIAN_POINT('Ctrl Pts',(68.9227268396386,55.1245747134562,27.0576583625401));
#2197=CARTESIAN_POINT('Ctrl Pts',(68.919621312695,55.1226142665971,27.06));
#2198=CARTESIAN_POINT('Origin',(50.69,84.,27.06));
#2199=CARTESIAN_POINT('Origin',(50.69,84.,27.06));
#2200=CARTESIAN_POINT('Origin',(50.69,84.,24.56));
#2201=CARTESIAN_POINT('Origin',(80.9702034328829,59.9818321061345,24.56));
#2202=CARTESIAN_POINT('',(82.3698035737105,52.5169100549255,24.56));
#2203=CARTESIAN_POINT('',(82.3698035737105,52.5169100549255,24.56));
#2204=CARTESIAN_POINT('',(88.1944960538495,60.7858854024135,24.56));
#2205=CARTESIAN_POINT('Origin',(84.6158258038989,57.1207584761132,24.56));
#2206=CARTESIAN_POINT('',(88.1944960538495,60.7858854024135,24.56));
#2207=CARTESIAN_POINT('',(82.6658258038989,57.1207584761132,24.56));
#2208=CARTESIAN_POINT('Origin',(84.6158258038989,57.1207584761132,24.56));
#2209=CARTESIAN_POINT('Origin',(72.2020781439787,57.477311713792,23.06));
#2210=CARTESIAN_POINT('',(82.3698035737105,52.5169100549255,23.06));
#2211=CARTESIAN_POINT('',(82.3698035737105,52.5169100549255,23.06));
#2212=CARTESIAN_POINT('',(82.3698035737105,52.5169100549255,23.06));
#2213=CARTESIAN_POINT('Origin',(13.6923167091787,64.8716458859608,23.06));
#2214=CARTESIAN_POINT('',(13.6923167091787,72.3716458859608,24.56));
#2215=CARTESIAN_POINT('',(13.6923167091787,72.3716458859608,23.06));
#2216=CARTESIAN_POINT('',(13.6923167091787,72.3716458859608,23.06));
#2217=CARTESIAN_POINT('',(20.3545646006831,68.3161274191011,23.06));
#2218=CARTESIAN_POINT('Origin',(13.6923167091787,64.8716458859608,23.06));
#2219=CARTESIAN_POINT('',(20.3545646006831,68.3161274191011,27.06));
#2220=CARTESIAN_POINT('',(20.3545646006831,68.3161274191011,23.06));
#2221=CARTESIAN_POINT('',(16.0648957496765,71.9864802970059,24.56));
#2222=CARTESIAN_POINT('Ctrl Pts',(20.3545646006831,68.3161274191011,27.06));
#2223=CARTESIAN_POINT('Ctrl Pts',(20.3528779283041,68.3193897473768,27.0576583625394));
#2224=CARTESIAN_POINT('Ctrl Pts',(20.351188859098,68.3226508379575,27.0553167242294));
#2225=CARTESIAN_POINT('Ctrl Pts',(20.009476147506,68.9812116008833,26.582256105941));
#2226=CARTESIAN_POINT('Ctrl Pts',(19.5681528179235,69.5950621712666,26.1045634059138));
#2227=CARTESIAN_POINT('Ctrl Pts',(18.5294332644986,70.6475340626508,25.2986525139948));
#2228=CARTESIAN_POINT('Ctrl Pts',(17.9757658566597,71.0638807563034,24.9878745864974));
#2229=CARTESIAN_POINT('Ctrl Pts',(16.9468331175464,71.6486175190855,24.6381425184731));
#2230=CARTESIAN_POINT('Ctrl Pts',(16.4973968591428,71.8422544432433,24.56));
#2231=CARTESIAN_POINT('Ctrl Pts',(16.0648957496765,71.9864802970059,24.56));
#2232=CARTESIAN_POINT('Origin',(13.6923167091787,64.8716458859608,24.56));
#2233=CARTESIAN_POINT('Origin',(9.18493796122586,87.4716458859608,23.06));
#2234=CARTESIAN_POINT('',(16.6588386884961,86.8464995679606,27.06));
#2235=CARTESIAN_POINT('',(16.6588386884961,86.8464995679606,23.06));
#2236=CARTESIAN_POINT('',(16.6588386884961,86.8464995679606,23.06));
#2237=CARTESIAN_POINT('',(9.18493796122586,79.9716458859608,23.06));
#2238=CARTESIAN_POINT('Origin',(9.18493796122586,87.4716458859608,23.06));
#2239=CARTESIAN_POINT('',(9.18493796122586,79.9716458859608,24.56));
#2240=CARTESIAN_POINT('',(9.18493796122586,79.9716458859608,23.06));
#2241=CARTESIAN_POINT('',(14.105408913641,81.8113485787128,24.56));
#2242=CARTESIAN_POINT('Origin',(9.18493796122586,87.4716458859608,24.56));
#2243=CARTESIAN_POINT('Ctrl Pts',(14.105408913641,81.8113485787128,24.56));
#2244=CARTESIAN_POINT('Ctrl Pts',(14.4494906903707,82.1104573173096,24.56));
#2245=CARTESIAN_POINT('Ctrl Pts',(14.790256641509,82.46169338509,24.6381425184728));
#2246=CARTESIAN_POINT('Ctrl Pts',(15.516146338839,83.3964146326718,24.9878745864974));
#2247=CARTESIAN_POINT('Ctrl Pts',(15.8677319154529,83.9933063733883,25.298652513995));
#2248=CARTESIAN_POINT('Ctrl Pts',(16.4232253509345,85.3637305543913,26.1045634058992));
#2249=CARTESIAN_POINT('Ctrl Pts',(16.5952951824447,86.0999171996123,26.5822561057726));
#2250=CARTESIAN_POINT('Ctrl Pts',(16.6582237646896,86.8391802446618,27.0553167242277));
#2251=CARTESIAN_POINT('Ctrl Pts',(16.6585325707198,86.8428397945526,27.0576583625396));
#2252=CARTESIAN_POINT('Ctrl Pts',(16.6588386884961,86.8464995679606,27.06));
#2253=CARTESIAN_POINT('Origin',(50.69,84.,27.06));
#2254=CARTESIAN_POINT('',(16.54,84.,27.06));
#2255=CARTESIAN_POINT('Origin',(50.69,84.,27.06));
#2256=CARTESIAN_POINT('Origin',(50.69,84.,27.06));
#2257=CARTESIAN_POINT('Origin',(50.69,84.,24.56));
#2258=CARTESIAN_POINT('Origin',(5.20653715932002,76.1716458859608,24.56));
#2259=CARTESIAN_POINT('',(-4.36767653725033,79.9716458859608,24.56));
#2260=CARTESIAN_POINT('',(0.,79.9716458859608,24.56));
#2261=CARTESIAN_POINT('',(-4.36767653725033,72.3716458859608,24.56));
#2262=CARTESIAN_POINT('Origin',(-4.36767653725033,76.1716458859608,24.56));
#2263=CARTESIAN_POINT('',(-4.36767653725033,72.3716458859608,24.56));
#2264=CARTESIAN_POINT('',(-6.31767653725033,76.1716458859608,24.56));
#2265=CARTESIAN_POINT('Origin',(-4.36767653725033,76.1716458859608,24.56));
#2266=CARTESIAN_POINT('Origin',(16.7784258234463,79.9716458859608,23.06));
#2267=CARTESIAN_POINT('',(-4.36767653725033,79.9716458859608,23.06));
#2268=CARTESIAN_POINT('',(0.,79.9716458859608,23.06));
#2269=CARTESIAN_POINT('',(-4.36767653725033,79.9716458859608,23.06));
#2270=CARTESIAN_POINT('Origin',(86.5137160259229,105.245796527644,23.06));
#2271=CARTESIAN_POINT('',(80.0628668015671,101.420022843194,27.06));
#2272=CARTESIAN_POINT('',(80.0628668015671,101.420022843194,23.06));
#2273=CARTESIAN_POINT('',(80.0628668015671,101.420022843194,23.06));
#2274=CARTESIAN_POINT('',(81.7339164077934,111.025373987158,23.06));
#2275=CARTESIAN_POINT('Origin',(86.5137160259229,105.245796527644,23.06));
#2276=CARTESIAN_POINT('',(81.7339164077934,111.025373987158,24.56));
#2277=CARTESIAN_POINT('',(81.7339164077934,111.025373987158,23.06));
#2278=CARTESIAN_POINT('',(79.222401743972,107.002707465005,24.56));
#2279=CARTESIAN_POINT('Origin',(86.5137160259229,105.245796527644,24.56));
#2280=CARTESIAN_POINT('Ctrl Pts',(79.222401743972,107.002707465005,24.56));
#2281=CARTESIAN_POINT('Ctrl Pts',(79.1156015170463,106.559478384156,24.56));
#2282=CARTESIAN_POINT('Ctrl Pts',(79.0417373088548,106.0757095473,24.6381425184724));
#2283=CARTESIAN_POINT('Ctrl Pts',(78.9925843090844,104.893252932457,24.9878745864972));
#2284=CARTESIAN_POINT('Ctrl Pts',(79.0523918490787,104.203096989225,25.2986525139946));
#2285=CARTESIAN_POINT('Ctrl Pts',(79.3947607329377,102.764549478806,26.1045634058299));
#2286=CARTESIAN_POINT('Ctrl Pts',(79.6815960402587,102.065046578479,26.5822561049287));
#2287=CARTESIAN_POINT('Ctrl Pts',(80.0591223587601,101.426341844119,27.0553167242315));
#2288=CARTESIAN_POINT('Ctrl Pts',(80.0609934204082,101.423181655082,27.0576583625379));
#2289=CARTESIAN_POINT('Ctrl Pts',(80.0628668015671,101.420022843194,27.06));
#2290=CARTESIAN_POINT('Origin',(69.9904457809151,120.908200886225,23.06));
#2291=CARTESIAN_POINT('',(74.7702453990446,115.128623426711,24.56));
#2292=CARTESIAN_POINT('',(74.7702453990446,115.128623426711,23.06));
#2293=CARTESIAN_POINT('',(74.7702453990446,115.128623426711,23.06));
#2294=CARTESIAN_POINT('',(66.5149753521789,114.262066272859,23.06));
#2295=CARTESIAN_POINT('Origin',(69.9904457809151,120.908200886225,23.06));
#2296=CARTESIAN_POINT('',(66.5149753521789,114.262066272859,27.06));
#2297=CARTESIAN_POINT('',(66.5149753521789,114.262066272859,23.06));
#2298=CARTESIAN_POINT('',(72.1346055070182,113.721228013801,24.56));
#2299=CARTESIAN_POINT('Ctrl Pts',(66.5149753521789,114.262066272859,27.06));
#2300=CARTESIAN_POINT('Ctrl Pts',(66.5182297902016,114.260364426031,27.0576583625414));
#2301=CARTESIAN_POINT('Ctrl Pts',(66.5214854794443,114.258664968998,27.0553167242267));
#2302=CARTESIAN_POINT('Ctrl Pts',(67.1794578656779,113.915820699676,26.5822561064811));
#2303=CARTESIAN_POINT('Ctrl Pts',(67.8932935639317,113.666787767224,26.1045634059582));
#2304=CARTESIAN_POINT('Ctrl Pts',(69.3480857829378,113.401806649817,25.2986525139948));
#2305=CARTESIAN_POINT('Ctrl Pts',(70.0404520054053,113.378977243242,24.9878745864973));
#2306=CARTESIAN_POINT('Ctrl Pts',(71.2185904855709,113.491268760815,24.6381425184734));
#2307=CARTESIAN_POINT('Ctrl Pts',(71.697719198574,113.590887459568,24.56));
#2308=CARTESIAN_POINT('Ctrl Pts',(72.1346055070182,113.721228013801,24.56));
#2309=CARTESIAN_POINT('Origin',(69.9904457809151,120.908200886225,24.56));
#2310=CARTESIAN_POINT('Origin',(50.69,84.,27.06));
#2311=CARTESIAN_POINT('Origin',(50.69,84.,24.56));
#2312=CARTESIAN_POINT('Origin',(50.69,84.,27.06));
#2313=CARTESIAN_POINT('Origin',(50.69,84.,23.06));
#2314=CARTESIAN_POINT('',(73.7614055900748,58.8219789479343,31.06));
#2315=CARTESIAN_POINT('',(75.8680210520657,60.9285944099251,31.06));
#2316=CARTESIAN_POINT('Origin',(50.69,84.,31.06));
#2317=CARTESIAN_POINT('',(27.6185944099252,58.8219789479343,31.06));
#2318=CARTESIAN_POINT('Origin',(50.69,84.,31.06));
#2319=CARTESIAN_POINT('',(25.5119789479343,60.9285944099251,31.06));
#2320=CARTESIAN_POINT('Origin',(50.69,84.,31.06));
#2321=CARTESIAN_POINT('',(16.54,84.,31.06));
#2322=CARTESIAN_POINT('Origin',(50.69,84.,31.06));
#2323=CARTESIAN_POINT('',(16.54,84.,23.06));
#2324=CARTESIAN_POINT('Origin',(50.69,84.,23.06));
#2325=CARTESIAN_POINT('Origin',(50.69,84.,23.06));
#2326=CARTESIAN_POINT('Origin',(50.69,84.,23.06));
#2327=CARTESIAN_POINT('',(25.5119789479343,107.071405590075,31.06));
#2328=CARTESIAN_POINT('Origin',(50.69,84.,31.06));
#2329=CARTESIAN_POINT('',(27.6185944099252,109.178021052066,31.06));
#2330=CARTESIAN_POINT('Origin',(50.69,84.,31.06));
#2331=CARTESIAN_POINT('',(73.7614055900749,109.178021052066,31.06));
#2332=CARTESIAN_POINT('Origin',(50.69,84.,31.06));
#2333=CARTESIAN_POINT('',(75.8680210520657,107.071405590075,31.06));
#2334=CARTESIAN_POINT('Origin',(50.69,84.,31.06));
#2335=CARTESIAN_POINT('Origin',(50.69,84.,31.06));
#2336=CARTESIAN_POINT('Origin',(50.69,84.,41.06));
#2337=CARTESIAN_POINT('',(26.4120283855818,61.7533377677984,31.06));
#2338=CARTESIAN_POINT('',(31.5744998754381,66.4838713289299,41.06));
#2339=CARTESIAN_POINT('',(26.1159211855903,61.4820055095951,30.486423563649));
#2340=CARTESIAN_POINT('',(28.974203923146,64.1011390861733,31.06));
#2341=CARTESIAN_POINT('',(30.6744504377906,65.6591279710566,41.06));
#2342=CARTESIAN_POINT('',(25.5119789479343,60.9285944099251,31.06));
#2343=CARTESIAN_POINT('',(28.974203923146,64.1011390861733,41.06));
#2344=CARTESIAN_POINT('Origin',(33.615,84.,41.06));
#2345=CARTESIAN_POINT('',(24.7628499708586,84.,41.06));
#2346=CARTESIAN_POINT('Origin',(50.69,84.,41.06));
#2347=CARTESIAN_POINT('',(23.5420753820971,84.,41.06));
#2348=CARTESIAN_POINT('Origin',(50.69,84.,41.06));
#2349=CARTESIAN_POINT('',(30.6744504377906,102.340872028943,41.06));
#2350=CARTESIAN_POINT('Origin',(50.69,84.,41.06));
#2351=CARTESIAN_POINT('',(31.5744998754381,101.51612867107,41.06));
#2352=CARTESIAN_POINT('',(46.049203923146,88.2525061174791,41.06));
#2353=CARTESIAN_POINT('Origin',(50.69,84.,41.06));
#2354=CARTESIAN_POINT('Origin',(16.54,115.292709592695,41.06));
#2355=CARTESIAN_POINT('',(26.4120283855818,106.246662232202,31.06));
#2356=CARTESIAN_POINT('',(26.1159211855903,106.517994490405,30.486423563649));
#2357=CARTESIAN_POINT('',(25.5119789479343,107.071405590075,31.06));
#2358=CARTESIAN_POINT('',(46.049203923146,88.2525061174791,31.06));
#2359=CARTESIAN_POINT('Origin',(33.615,84.,31.06));
#2360=CARTESIAN_POINT('',(17.7607745887615,84.,31.06));
#2361=CARTESIAN_POINT('Origin',(50.69,84.,31.06));
#2362=CARTESIAN_POINT('Origin',(50.69,84.,31.06));
#2363=CARTESIAN_POINT('Origin',(50.69,84.,41.06));
#2364=CARTESIAN_POINT('',(28.4433377677985,108.277971614418,31.06));
#2365=CARTESIAN_POINT('',(33.1738713289299,103.115500124562,41.06));
#2366=CARTESIAN_POINT('',(28.1720055095952,108.57407881441,30.486423563649));
#2367=CARTESIAN_POINT('',(30.7911390861733,105.715796076854,31.06));
#2368=CARTESIAN_POINT('',(32.3491279710567,104.015549562209,41.06));
#2369=CARTESIAN_POINT('',(27.6185944099252,109.178021052066,31.06));
#2370=CARTESIAN_POINT('',(30.7911390861733,105.715796076854,41.06));
#2371=CARTESIAN_POINT('Origin',(50.69,101.075,41.06));
#2372=CARTESIAN_POINT('',(68.2061286710701,103.115500124562,41.06));
#2373=CARTESIAN_POINT('Origin',(50.69,84.,41.06));
#2374=CARTESIAN_POINT('',(69.0308720289434,104.015549562209,41.06));
#2375=CARTESIAN_POINT('Origin',(50.69,84.,41.06));
#2376=CARTESIAN_POINT('',(54.9425061174792,88.640796076854,41.06));
#2377=CARTESIAN_POINT('Origin',(81.9827095926952,118.15,41.06));
#2378=CARTESIAN_POINT('',(72.9366622322016,108.277971614418,31.06));
#2379=CARTESIAN_POINT('',(73.2079944904049,108.57407881441,30.486423563649));
#2380=CARTESIAN_POINT('',(73.7614055900749,109.178021052066,31.06));
#2381=CARTESIAN_POINT('',(54.9425061174792,88.640796076854,31.06));
#2382=CARTESIAN_POINT('Origin',(50.69,101.075,31.06));
#2383=CARTESIAN_POINT('Origin',(50.69,84.,31.06));
#2384=CARTESIAN_POINT('Origin',(50.69,84.,41.06));
#2385=CARTESIAN_POINT('',(74.9679716144182,106.246662232202,31.06));
#2386=CARTESIAN_POINT('',(69.8055001245619,101.51612867107,41.06));
#2387=CARTESIAN_POINT('',(75.2640788144098,106.517994490405,30.486423563649));
#2388=CARTESIAN_POINT('',(72.4057960768541,103.898860913827,31.06));
#2389=CARTESIAN_POINT('',(70.7055495622094,102.340872028943,41.06));
#2390=CARTESIAN_POINT('',(75.8680210520657,107.071405590075,31.06));
#2391=CARTESIAN_POINT('',(72.4057960768541,103.898860913827,41.06));
#2392=CARTESIAN_POINT('Origin',(67.765,84.,41.06));
#2393=CARTESIAN_POINT('',(69.8055001245619,66.4838713289299,41.06));
#2394=CARTESIAN_POINT('Origin',(50.69,84.,41.06));
#2395=CARTESIAN_POINT('',(70.7055495622094,65.6591279710566,41.06));
#2396=CARTESIAN_POINT('Origin',(50.69,84.,41.06));
#2397=CARTESIAN_POINT('',(55.3307960768541,79.7474938825208,41.06));
#2398=CARTESIAN_POINT('Origin',(84.84,52.7072904073049,41.06));
#2399=CARTESIAN_POINT('',(74.9679716144182,61.7533377677984,31.06));
#2400=CARTESIAN_POINT('',(75.2640788144098,61.4820055095952,30.486423563649));
#2401=CARTESIAN_POINT('',(75.8680210520657,60.9285944099252,31.06));
#2402=CARTESIAN_POINT('',(55.3307960768541,79.7474938825208,31.06));
#2403=CARTESIAN_POINT('Origin',(67.765,84.,31.06));
#2404=CARTESIAN_POINT('Origin',(50.69,84.,31.06));
#2405=CARTESIAN_POINT('Origin',(50.69,84.,41.06));
#2406=CARTESIAN_POINT('',(72.9366622322016,59.7220283855818,31.06));
#2407=CARTESIAN_POINT('',(68.2061286710701,64.8844998754381,41.06));
#2408=CARTESIAN_POINT('',(73.2079944904049,59.4259211855903,30.486423563649));
#2409=CARTESIAN_POINT('',(70.5888609138267,62.2842039231459,31.06));
#2410=CARTESIAN_POINT('',(69.0308720289434,63.9844504377906,41.06));
#2411=CARTESIAN_POINT('',(73.7614055900748,58.8219789479343,31.06));
#2412=CARTESIAN_POINT('',(70.5888609138267,62.2842039231459,41.06));
#2413=CARTESIAN_POINT('Origin',(50.69,66.925,41.06));
#2414=CARTESIAN_POINT('',(33.1738713289299,64.8844998754381,41.06));
#2415=CARTESIAN_POINT('Origin',(50.69,84.,41.06));
#2416=CARTESIAN_POINT('',(32.3491279710567,63.9844504377906,41.06));
#2417=CARTESIAN_POINT('Origin',(50.69,84.,41.06));
#2418=CARTESIAN_POINT('',(46.4374938825209,79.3592039231459,41.06));
#2419=CARTESIAN_POINT('Origin',(19.3972904073049,49.85,41.06));
#2420=CARTESIAN_POINT('',(28.4433377677984,59.7220283855818,31.06));
#2421=CARTESIAN_POINT('',(28.1720055095952,59.4259211855903,30.486423563649));
#2422=CARTESIAN_POINT('',(27.6185944099252,58.8219789479343,31.06));
#2423=CARTESIAN_POINT('',(46.4374938825209,79.3592039231459,31.06));
#2424=CARTESIAN_POINT('Origin',(50.69,66.925,31.06));
#2425=CARTESIAN_POINT('Origin',(50.69,84.,31.06));
#2426=CARTESIAN_POINT('Origin',(81.8543080825559,116.056096091798,23.06));
#2427=CARTESIAN_POINT('',(79.9043080825559,116.056096091798,24.56));
#2428=CARTESIAN_POINT('Origin',(81.8543080825559,116.056096091798,24.56));
#2429=CARTESIAN_POINT('',(79.9043080825559,116.056096091798,23.06));
#2430=CARTESIAN_POINT('',(79.9043080825559,116.056096091798,23.06));
#2431=CARTESIAN_POINT('Origin',(81.8543080825559,116.056096091798,23.06));
#2432=CARTESIAN_POINT('Origin',(76.3303206098417,106.556516996747,23.06));
#2433=CARTESIAN_POINT('',(84.2760732224082,113.127776845644,23.06));
#2434=CARTESIAN_POINT('',(80.2019327485596,109.758399894211,23.06));
#2435=CARTESIAN_POINT('',(84.2760732224082,113.127776845644,24.56));
#2436=CARTESIAN_POINT('',(84.2760732224082,113.127776845644,23.06));
#2437=CARTESIAN_POINT('',(80.2019327485596,109.758399894211,24.56));
#2438=CARTESIAN_POINT('Origin',(79.4325429427037,118.984415337952,23.06));
#2439=CARTESIAN_POINT('',(79.4325429427037,118.984415337952,24.56));
#2440=CARTESIAN_POINT('',(79.4325429427037,118.984415337952,24.56));
#2441=CARTESIAN_POINT('',(79.4325429427037,118.984415337952,23.06));
#2442=CARTESIAN_POINT('',(79.4325429427037,118.984415337952,23.06));
#2443=CARTESIAN_POINT('',(79.4325429427037,118.984415337952,23.06));
#2444=CARTESIAN_POINT('Origin',(81.8543080825559,116.056096091798,23.06));
#2445=CARTESIAN_POINT('Origin',(81.8543080825559,116.056096091798,23.06));
#2446=CARTESIAN_POINT('Origin',(81.8543080825559,116.056096091798,24.56));
#2447=CARTESIAN_POINT('Origin',(78.148425994818,113.206306544272,24.56));
#2448=CARTESIAN_POINT('Origin',(-4.36767653725033,76.1716458859608,23.06));
#2449=CARTESIAN_POINT('',(-6.31767653725033,76.1716458859608,23.06));
#2450=CARTESIAN_POINT('',(-6.31767653725033,76.1716458859608,23.06));
#2451=CARTESIAN_POINT('Origin',(-4.36767653725033,76.1716458859608,23.06));
#2452=CARTESIAN_POINT('Origin',(-4.36767653725033,72.3716458859608,23.06));
#2453=CARTESIAN_POINT('',(-4.36767653725033,72.3716458859608,23.06));
#2454=CARTESIAN_POINT('',(-4.36767653725033,72.3716458859608,23.06));
#2455=CARTESIAN_POINT('',(-4.36767653725033,72.3716458859608,23.06));
#2456=CARTESIAN_POINT('Origin',(-4.36767653725033,76.1716458859608,23.06));
#2457=CARTESIAN_POINT('Origin',(-4.36767653725033,76.1716458859608,23.06));
#2458=CARTESIAN_POINT('Origin',(84.6158258038989,57.1207584761132,23.06));
#2459=CARTESIAN_POINT('',(82.6658258038989,57.1207584761132,23.06));
#2460=CARTESIAN_POINT('',(82.6658258038989,57.1207584761132,23.06));
#2461=CARTESIAN_POINT('Origin',(84.6158258038989,57.1207584761132,23.06));
#2462=CARTESIAN_POINT('Origin',(88.1944960538495,60.7858854024135,23.06));
#2463=CARTESIAN_POINT('',(88.1944960538495,60.7858854024135,23.06));
#2464=CARTESIAN_POINT('',(88.1944960538495,60.7858854024135,23.06));
#2465=CARTESIAN_POINT('',(88.1944960538495,60.7858854024135,23.06));
#2466=CARTESIAN_POINT('Origin',(84.6158258038989,57.1207584761132,23.06));
#2467=CARTESIAN_POINT('Origin',(84.6158258038989,57.1207584761132,23.06));
#2468=CARTESIAN_POINT('Origin',(50.69,84.,30.486423563649));
#2469=CARTESIAN_POINT('',(17.54,84.,30.744701211121));
#2470=CARTESIAN_POINT('Origin',(50.69,84.,30.744701211121));
#2471=CARTESIAN_POINT('',(17.359152044289,84.,30.486423563649));
#2472=CARTESIAN_POINT('',(26.163265047278,84.,43.06));
#2473=CARTESIAN_POINT('',(17.359152044289,84.,30.486423563649));
#2474=CARTESIAN_POINT('Origin',(50.69,84.,43.06));
#2475=CARTESIAN_POINT('Origin',(50.69,84.,23.06));
#2476=CARTESIAN_POINT('',(17.54,84.,23.06));
#2477=CARTESIAN_POINT('Origin',(50.69,84.,23.06));
#2478=CARTESIAN_POINT('',(17.54,84.,23.06));
#2479=CARTESIAN_POINT('Origin',(50.69,84.,31.06));
#2480=CARTESIAN_POINT('',(24.9424904585165,84.,43.06));
#2481=CARTESIAN_POINT('Origin',(50.69,84.,43.06));
#2482=CARTESIAN_POINT('',(16.54,84.,31.06));
#2483=CARTESIAN_POINT('Origin',(50.69,84.,43.06));
#2484=CARTESIAN_POINT('Origin',(50.69,84.,23.06));
#2485=CARTESIAN_POINT('',(0.,0.,0.));
#2486=CARTESIAN_POINT('Origin',(50.69,5.55111512312578E-16,31.36));
#2487=CARTESIAN_POINT('',(25.5119789479343,23.0714055900749,33.9459652010147));
#2488=CARTESIAN_POINT('',(29.3394532753907,19.5641715460752,41.36));
#2489=CARTESIAN_POINT('',(27.6655990192582,21.0979763817311,38.1176493944395));
#2490=CARTESIAN_POINT('',(25.5119789479343,23.0714055900749,32.2025184053937));
#2491=CARTESIAN_POINT('',(25.5119789479343,23.0714055900749,31.36));
#2492=CARTESIAN_POINT('',(30.2395027130382,18.7394281882019,41.36));
#2493=CARTESIAN_POINT('',(28.2261388319942,20.5843362770432,37.46));
#2494=CARTESIAN_POINT('',(46.049203923146,4.25250611747915,41.36));
#2495=CARTESIAN_POINT('Origin',(33.615,1.99840144432528E-14,41.36));
#2496=CARTESIAN_POINT('',(21.7313630547986,-3.54641020426112E-15,41.36));
#2497=CARTESIAN_POINT('Origin',(50.69,0.,41.36));
#2498=CARTESIAN_POINT('',(22.9521376435601,-3.39690843500041E-15,41.36));
#2499=CARTESIAN_POINT('Origin',(50.69,0.,41.36));
#2500=CARTESIAN_POINT('',(30.2395027130382,-18.7394281882019,41.36));
#2501=CARTESIAN_POINT('Origin',(50.69,0.,41.36));
#2502=CARTESIAN_POINT('',(29.3394532753907,-19.5641715460752,41.36));
#2503=CARTESIAN_POINT('',(33.4601933971131,-15.7882089125166,41.36));
#2504=CARTESIAN_POINT('Origin',(50.69,0.,41.36));
#2505=CARTESIAN_POINT('Origin',(25.5119789479343,-23.0714055900748,31.36));
#2506=CARTESIAN_POINT('',(25.5119789479343,-23.0714055900748,33.9459652010148));
#2507=CARTESIAN_POINT('',(27.6655990192582,-21.0979763817311,38.1176493944395));
#2508=CARTESIAN_POINT('',(25.5119789479343,-23.0714055900748,32.2025184053937));
#2509=CARTESIAN_POINT('',(28.2261388319942,-20.5843362770432,37.46));
#2510=CARTESIAN_POINT('',(25.5119789479343,-23.0714055900748,31.36));
#2511=CARTESIAN_POINT('Origin',(50.69,0.,31.36));
#2512=CARTESIAN_POINT('',(16.54,-4.18216881908821E-15,33.9459652010148));
#2513=CARTESIAN_POINT('Origin',(50.69,0.,33.9459652010148));
#2514=CARTESIAN_POINT('',(16.54,-4.18216881908821E-15,32.2025184053937));
#2515=CARTESIAN_POINT('Origin',(50.69,0.,32.2025184053937));
#2516=CARTESIAN_POINT('Origin',(50.69,0.,32.2025184053937));
#2517=CARTESIAN_POINT('Origin',(50.69,0.,33.9459652010148));
#2518=CARTESIAN_POINT('Origin',(50.69,1.11022302462516E-15,31.36));
#2519=CARTESIAN_POINT('',(73.7614055900749,25.1780210520657,33.9459652010148));
#2520=CARTESIAN_POINT('',(70.2541715460752,21.3505467246093,41.36));
#2521=CARTESIAN_POINT('',(71.7879763817311,23.0244009807418,38.1176493944395));
#2522=CARTESIAN_POINT('',(73.7614055900749,25.1780210520657,32.2025184053937));
#2523=CARTESIAN_POINT('',(73.7614055900749,25.1780210520657,31.36));
#2524=CARTESIAN_POINT('',(69.4294281882019,20.4504972869618,41.36));
#2525=CARTESIAN_POINT('',(71.2743362770432,22.4638611680058,37.46));
#2526=CARTESIAN_POINT('',(54.9425061174792,4.64079607685405,41.36));
#2527=CARTESIAN_POINT('Origin',(50.69,17.075,41.36));
#2528=CARTESIAN_POINT('',(31.1258284539248,21.3505467246094,41.36));
#2529=CARTESIAN_POINT('Origin',(50.69,0.,41.36));
#2530=CARTESIAN_POINT('',(31.9505718117981,20.4504972869618,41.36));
#2531=CARTESIAN_POINT('Origin',(50.69,0.,41.36));
#2532=CARTESIAN_POINT('',(34.9017910874835,17.2298066028869,41.36));
#2533=CARTESIAN_POINT('Origin',(27.6185944099252,25.1780210520657,31.36));
#2534=CARTESIAN_POINT('',(27.6185944099252,25.1780210520657,33.9459652010148));
#2535=CARTESIAN_POINT('',(29.5920236182689,23.0244009807418,38.1176493944395));
#2536=CARTESIAN_POINT('',(27.6185944099252,25.1780210520657,32.2025184053937));
#2537=CARTESIAN_POINT('',(30.1056637229568,22.4638611680058,37.46));
#2538=CARTESIAN_POINT('',(27.6185944099252,25.1780210520657,31.36));
#2539=CARTESIAN_POINT('Origin',(50.69,0.,31.36));
#2540=CARTESIAN_POINT('Origin',(50.69,0.,33.9459652010148));
#2541=CARTESIAN_POINT('Origin',(50.69,0.,32.2025184053937));
#2542=CARTESIAN_POINT('Origin',(50.69,-5.55111512312578E-16,31.36));
#2543=CARTESIAN_POINT('',(75.8680210520657,-23.0714055900749,33.9459652010147));
#2544=CARTESIAN_POINT('',(72.0405467246094,-19.5641715460752,41.36));
#2545=CARTESIAN_POINT('',(73.7144009807418,-21.0979763817311,38.1176493944395));
#2546=CARTESIAN_POINT('',(75.8680210520657,-23.0714055900749,32.2025184053937));
#2547=CARTESIAN_POINT('',(75.8680210520657,-23.0714055900749,31.36));
#2548=CARTESIAN_POINT('',(71.1404972869618,-18.7394281882019,41.36));
#2549=CARTESIAN_POINT('',(73.1538611680058,-20.5843362770432,37.46));
#2550=CARTESIAN_POINT('',(55.3307960768541,-4.25250611747914,41.36));
#2551=CARTESIAN_POINT('Origin',(67.765,-8.88178419700125E-15,41.36));
#2552=CARTESIAN_POINT('',(72.0405467246094,19.5641715460752,41.36));
#2553=CARTESIAN_POINT('Origin',(50.69,0.,41.36));
#2554=CARTESIAN_POINT('',(71.1404972869618,18.7394281882019,41.36));
#2555=CARTESIAN_POINT('Origin',(50.69,0.,41.36));
#2556=CARTESIAN_POINT('',(67.9198066028869,15.7882089125166,41.36));
#2557=CARTESIAN_POINT('Origin',(75.8680210520657,23.0714055900748,31.36));
#2558=CARTESIAN_POINT('',(75.8680210520657,23.0714055900748,33.9459652010147));
#2559=CARTESIAN_POINT('',(73.7144009807418,21.0979763817311,38.1176493944395));
#2560=CARTESIAN_POINT('',(75.8680210520657,23.0714055900748,32.2025184053937));
#2561=CARTESIAN_POINT('',(73.1538611680058,20.5843362770432,37.46));
#2562=CARTESIAN_POINT('',(75.8680210520657,23.0714055900748,31.36));
#2563=CARTESIAN_POINT('Origin',(50.69,0.,31.36));
#2564=CARTESIAN_POINT('Origin',(50.69,0.,33.9459652010148));
#2565=CARTESIAN_POINT('Origin',(50.69,0.,32.2025184053937));
#2566=CARTESIAN_POINT('Origin',(50.69,1.11022302462516E-15,31.36));
#2567=CARTESIAN_POINT('',(27.6185944099252,-25.1780210520657,33.9459652010148));
#2568=CARTESIAN_POINT('',(31.1258284539248,-21.3505467246093,41.36));
#2569=CARTESIAN_POINT('',(29.5920236182689,-23.0244009807418,38.1176493944395));
#2570=CARTESIAN_POINT('',(27.6185944099252,-25.1780210520657,32.2025184053937));
#2571=CARTESIAN_POINT('',(27.6185944099252,-25.1780210520657,31.36));
#2572=CARTESIAN_POINT('',(31.9505718117981,-20.4504972869618,41.36));
#2573=CARTESIAN_POINT('',(30.1056637229568,-22.4638611680058,37.46));
#2574=CARTESIAN_POINT('',(46.4374938825209,-4.64079607685405,41.36));
#2575=CARTESIAN_POINT('Origin',(50.69,-17.075,41.36));
#2576=CARTESIAN_POINT('',(70.2541715460752,-21.3505467246094,41.36));
#2577=CARTESIAN_POINT('Origin',(50.69,0.,41.36));
#2578=CARTESIAN_POINT('',(69.4294281882019,-20.4504972869618,41.36));
#2579=CARTESIAN_POINT('Origin',(50.69,0.,41.36));
#2580=CARTESIAN_POINT('',(66.4782089125166,-17.2298066028869,41.36));
#2581=CARTESIAN_POINT('Origin',(73.7614055900749,-25.1780210520657,31.36));
#2582=CARTESIAN_POINT('',(73.7614055900749,-25.1780210520657,33.9459652010148));
#2583=CARTESIAN_POINT('',(71.7879763817311,-23.0244009807418,38.1176493944395));
#2584=CARTESIAN_POINT('',(73.7614055900749,-25.1780210520657,32.2025184053937));
#2585=CARTESIAN_POINT('',(71.2743362770432,-22.4638611680058,37.46));
#2586=CARTESIAN_POINT('',(73.7614055900749,-25.1780210520657,31.36));
#2587=CARTESIAN_POINT('Origin',(50.69,0.,31.36));
#2588=CARTESIAN_POINT('Origin',(50.69,0.,33.9459652010148));
#2589=CARTESIAN_POINT('Origin',(50.69,0.,32.2025184053937));
#2590=CARTESIAN_POINT('Origin',(50.69,0.,29.7176493944395));
#2591=CARTESIAN_POINT('',(14.74,-4.40260524293473E-15,31.375298788879));
#2592=CARTESIAN_POINT('Origin',(50.69,0.,31.375298788879));
#2593=CARTESIAN_POINT('',(14.74,-4.40260524293473E-15,28.06));
#2594=CARTESIAN_POINT('',(14.74,-4.40260524293473E-15,29.7176493944395));
#2595=CARTESIAN_POINT('Origin',(50.69,0.,28.06));
#2596=CARTESIAN_POINT('Origin',(50.69,0.,38.1176493944395));
#2597=CARTESIAN_POINT('',(24.1820894385325,-3.24628278211855E-15,44.86));
#2598=CARTESIAN_POINT('Origin',(50.69,0.,44.86));
#2599=CARTESIAN_POINT('',(19.4610447192663,-3.82444401252664E-15,38.1176493944395));
#2600=CARTESIAN_POINT('',(19.4610447192663,-3.82444401252664E-15,38.1176493944395));
#2601=CARTESIAN_POINT('Origin',(75.6773435109157,0.,44.86));
#2602=CARTESIAN_POINT('',(25.7026564890843,-3.06006702498383E-15,44.86));
#2603=CARTESIAN_POINT('Origin',(50.69,0.,44.86));
#2604=CARTESIAN_POINT('Origin',(50.69,0.,44.36));
#2605=CARTESIAN_POINT('',(25.7026564890843,-3.06006702498383E-15,43.86));
#2606=CARTESIAN_POINT('',(25.7026564890843,-3.06006702498383E-15,44.36));
#2607=CARTESIAN_POINT('Origin',(50.69,0.,43.86));
#2608=CARTESIAN_POINT('Origin',(76.6773435109157,0.,43.86));
#2609=CARTESIAN_POINT('',(24.7026564890843,-3.18253170489857E-15,43.86));
#2610=CARTESIAN_POINT('Origin',(50.69,0.,43.86));
#2611=CARTESIAN_POINT('Origin',(50.69,0.,37.46));
#2612=CARTESIAN_POINT('',(20.2213282445422,-3.73133613395928E-15,37.46));
#2613=CARTESIAN_POINT('',(15.74,-4.28014056302E-15,31.06));
#2614=CARTESIAN_POINT('',(20.2213282445422,-3.73133613395928E-15,37.46));
#2615=CARTESIAN_POINT('Origin',(50.69,0.,31.06));
#2616=CARTESIAN_POINT('Origin',(50.69,0.,29.56));
#2617=CARTESIAN_POINT('',(15.74,-4.28014056302E-15,28.06));
#2618=CARTESIAN_POINT('',(15.74,-4.28014056302E-15,29.56));
#2619=CARTESIAN_POINT('Origin',(50.69,0.,28.06));
#2620=CARTESIAN_POINT('Origin',(86.64,0.,28.06));
#2621=CARTESIAN_POINT('',(0.,0.,0.));
#2622=CARTESIAN_POINT('Origin',(-34.7058450822477,0.,4.19999999999996));
#2623=CARTESIAN_POINT('',(34.95,-4.28014056302E-15,4.19999999999996));
#2624=CARTESIAN_POINT('Origin',(0.,0.,4.19999999999996));
#2625=CARTESIAN_POINT('',(34.7058450822477,-4.25024020916786E-15,4.19999999999995));
#2626=CARTESIAN_POINT('Origin',(0.,0.,4.19999999999996));
#2627=CARTESIAN_POINT('Origin',(0.,0.,10.4999999999999));
#2628=CARTESIAN_POINT('',(25.8832301008036,-3.16978148945436E-15,16.7999999999999));
#2629=CARTESIAN_POINT('',(30.2945375915257,-3.71001084931111E-15,10.4999999999999));
#2630=CARTESIAN_POINT('Origin',(0.,0.,16.7999999999999));
#2631=CARTESIAN_POINT('Origin',(0.,0.,16.7999999999999));
#2632=CARTESIAN_POINT('Origin',(-25.9873435109157,0.,16.9999999999999));
#2633=CARTESIAN_POINT('',(25.9873435109157,-3.18253170489857E-15,16.9999999999999));
#2634=CARTESIAN_POINT('Origin',(0.,0.,16.9999999999999));
#2635=CARTESIAN_POINT('Origin',(0.,0.,10.5999999999999));
#2636=CARTESIAN_POINT('',(30.4686717554579,-3.73133613395928E-15,10.5999999999999));
#2637=CARTESIAN_POINT('',(0.,0.,4.44089209850063E-16));
#2638=CARTESIAN_POINT('',(0.,84.,-0.30000000000002));
#2639=CARTESIAN_POINT('',(50.69,84.,26.56));
#2640=CARTESIAN_POINT('',(-50.69,-83.9999999999999,-26.56));
#2641=UNCERTAINTY_MEASURE_WITH_UNIT(LENGTH_MEASURE(0.01),#2653,
'DISTANCE_ACCURACY_VALUE',
'Maximum model space distance between geometric entities at asserted c
onnectivities');
#2642=UNCERTAINTY_MEASURE_WITH_UNIT(LENGTH_MEASURE(0.01),#2653,
'DISTANCE_ACCURACY_VALUE',
'Maximum model space distance between geometric entities at asserted c
onnectivities');
#2643=UNCERTAINTY_MEASURE_WITH_UNIT(LENGTH_MEASURE(0.01),#2653,
'DISTANCE_ACCURACY_VALUE',
'Maximum model space distance between geometric entities at asserted c
onnectivities');
#2644=UNCERTAINTY_MEASURE_WITH_UNIT(LENGTH_MEASURE(0.01),#2653,
'DISTANCE_ACCURACY_VALUE',
'Maximum model space distance between geometric entities at asserted c
onnectivities');
#2645=UNCERTAINTY_MEASURE_WITH_UNIT(LENGTH_MEASURE(0.01),#2653,
'DISTANCE_ACCURACY_VALUE',
'Maximum model space distance between geometric entities at asserted c
onnectivities');
#2646=UNCERTAINTY_MEASURE_WITH_UNIT(LENGTH_MEASURE(0.01),#2653,
'DISTANCE_ACCURACY_VALUE',
'Maximum model space distance between geometric entities at asserted c
onnectivities');
#2647=(
GEOMETRIC_REPRESENTATION_CONTEXT(3)
GLOBAL_UNCERTAINTY_ASSIGNED_CONTEXT((#2641))
GLOBAL_UNIT_ASSIGNED_CONTEXT((#2653,#2655,#2656))
REPRESENTATION_CONTEXT('','3D')
);
#2648=(
GEOMETRIC_REPRESENTATION_CONTEXT(3)
GLOBAL_UNCERTAINTY_ASSIGNED_CONTEXT((#2642))
GLOBAL_UNIT_ASSIGNED_CONTEXT((#2653,#2655,#2656))
REPRESENTATION_CONTEXT('','3D')
);
#2649=(
GEOMETRIC_REPRESENTATION_CONTEXT(3)
GLOBAL_UNCERTAINTY_ASSIGNED_CONTEXT((#2643))
GLOBAL_UNIT_ASSIGNED_CONTEXT((#2653,#2655,#2656))
REPRESENTATION_CONTEXT('','3D')
);
#2650=(
GEOMETRIC_REPRESENTATION_CONTEXT(3)
GLOBAL_UNCERTAINTY_ASSIGNED_CONTEXT((#2644))
GLOBAL_UNIT_ASSIGNED_CONTEXT((#2653,#2655,#2656))
REPRESENTATION_CONTEXT('','3D')
);
#2651=(
GEOMETRIC_REPRESENTATION_CONTEXT(3)
GLOBAL_UNCERTAINTY_ASSIGNED_CONTEXT((#2645))
GLOBAL_UNIT_ASSIGNED_CONTEXT((#2653,#2655,#2656))
REPRESENTATION_CONTEXT('','3D')
);
#2652=(
GEOMETRIC_REPRESENTATION_CONTEXT(3)
GLOBAL_UNCERTAINTY_ASSIGNED_CONTEXT((#2646))
GLOBAL_UNIT_ASSIGNED_CONTEXT((#2653,#2655,#2656))
REPRESENTATION_CONTEXT('','3D')
);
#2653=(
LENGTH_UNIT()
NAMED_UNIT(*)
SI_UNIT(.MILLI.,.METRE.)
);
#2654=(
LENGTH_UNIT()
NAMED_UNIT(*)
SI_UNIT($,.METRE.)
);
#2655=(
NAMED_UNIT(*)
PLANE_ANGLE_UNIT()
SI_UNIT($,.RADIAN.)
);
#2656=(
NAMED_UNIT(*)
SI_UNIT($,.STERADIAN.)
SOLID_ANGLE_UNIT()
);
#2657=SHAPE_DEFINITION_REPRESENTATION(#2662,#2671);
#2658=SHAPE_DEFINITION_REPRESENTATION(#2663,#2672);
#2659=SHAPE_DEFINITION_REPRESENTATION(#2664,#2673);
#2660=SHAPE_DEFINITION_REPRESENTATION(#2665,#2674);
#2661=SHAPE_DEFINITION_REPRESENTATION(#2666,#2675);
#2662=PRODUCT_DEFINITION_SHAPE('',$,#2677);
#2663=PRODUCT_DEFINITION_SHAPE('',$,#2678);
#2664=PRODUCT_DEFINITION_SHAPE('',$,#2679);
#2665=PRODUCT_DEFINITION_SHAPE('',$,#2680);
#2666=PRODUCT_DEFINITION_SHAPE('',$,#2681);
#2667=PRODUCT_DEFINITION_SHAPE($,$,#23);
#2668=PRODUCT_DEFINITION_SHAPE($,$,#24);
#2669=PRODUCT_DEFINITION_SHAPE($,$,#25);
#2670=PRODUCT_DEFINITION_SHAPE($,$,#26);
#2671=SHAPE_REPRESENTATION('',(#1510,#1687),#2647);
#2672=SHAPE_REPRESENTATION('',(#1511,#1684,#1685,#1686),#2648);
#2673=SHAPE_REPRESENTATION('',(#1512),#2649);
#2674=SHAPE_REPRESENTATION('',(#1621),#2650);
#2675=SHAPE_REPRESENTATION('',(#1674),#2651);
#2676=PRODUCT_DEFINITION_CONTEXT('part definition',#2693,'design');
#2677=PRODUCT_DEFINITION('filtre \X\E0 air','filtre \X\E0 air v10',#2682,
#2676);
#2678=PRODUCT_DEFINITION('Filtre','Filtre',#2683,#2676);
#2679=PRODUCT_DEFINITION('filtre base','filtre base',#2684,#2676);
#2680=PRODUCT_DEFINITION('filtre cap','filtre cap',#2685,#2676);
#2681=PRODUCT_DEFINITION('Composant4','Composant4',#2686,#2676);
#2682=PRODUCT_DEFINITION_FORMATION('',$,#2695);
#2683=PRODUCT_DEFINITION_FORMATION('',$,#2696);
#2684=PRODUCT_DEFINITION_FORMATION('',$,#2697);
#2685=PRODUCT_DEFINITION_FORMATION('',$,#2698);
#2686=PRODUCT_DEFINITION_FORMATION('',$,#2699);
#2687=PRODUCT_RELATED_PRODUCT_CATEGORY('filtre \X\E0 air v10',
'filtre \X\E0 air v10',(#2695));
#2688=PRODUCT_RELATED_PRODUCT_CATEGORY('Filtre','Filtre',(#2696));
#2689=PRODUCT_RELATED_PRODUCT_CATEGORY('filtre base','filtre base',(#2697));
#2690=PRODUCT_RELATED_PRODUCT_CATEGORY('filtre cap','filtre cap',(#2698));
#2691=PRODUCT_RELATED_PRODUCT_CATEGORY('Composant4','Composant4',(#2699));
#2692=APPLICATION_PROTOCOL_DEFINITION('international standard',
'automotive_design',2009,#2693);
#2693=APPLICATION_CONTEXT(
'Core Data for Automotive Mechanical Design Process');
#2694=PRODUCT_CONTEXT('part definition',#2693,'mechanical');
#2695=PRODUCT('filtre \X\E0 air','filtre \X\E0 air v10',$,(#2694));
#2696=PRODUCT('Filtre','Filtre',$,(#2694));
#2697=PRODUCT('filtre base','filtre base',$,(#2694));
#2698=PRODUCT('filtre cap','filtre cap',$,(#2694));
#2699=PRODUCT('Composant4','Composant4',$,(#2694));
#2700=PRESENTATION_STYLE_ASSIGNMENT((#2703));
#2701=PRESENTATION_STYLE_ASSIGNMENT((#2704));
#2702=PRESENTATION_STYLE_ASSIGNMENT((#2705));
#2703=SURFACE_STYLE_USAGE(.BOTH.,#2706);
#2704=SURFACE_STYLE_USAGE(.BOTH.,#2707);
#2705=SURFACE_STYLE_USAGE(.BOTH.,#2708);
#2706=SURFACE_SIDE_STYLE('',(#2709));
#2707=SURFACE_SIDE_STYLE('',(#2710));
#2708=SURFACE_SIDE_STYLE('',(#2711));
#2709=SURFACE_STYLE_FILL_AREA(#2712);
#2710=SURFACE_STYLE_FILL_AREA(#2713);
#2711=SURFACE_STYLE_FILL_AREA(#2714);
#2712=FILL_AREA_STYLE('Acier - Satin\X\E9',(#2715));
#2713=FILL_AREA_STYLE('Plastique - Brillant (noir)',(#2716));
#2714=FILL_AREA_STYLE('Tissu (blanc)',(#2717));
#2715=FILL_AREA_STYLE_COLOUR('Acier - Satin\X\E9',#2718);
#2716=FILL_AREA_STYLE_COLOUR('Plastique - Brillant (noir)',#2719);
#2717=FILL_AREA_STYLE_COLOUR('Tissu (blanc)',#2720);
#2718=COLOUR_RGB('Acier - Satin\X\E9',0.627450980392157,0.627450980392157,
0.627450980392157);
#2719=COLOUR_RGB('Plastique - Brillant (noir)',0.0980392156862745,0.0980392156862745,
0.0980392156862745);
#2720=COLOUR_RGB('Tissu (blanc)',0.,0.,0.);
ENDSEC;
END-ISO-10303-21;
