ISO-10303-21;
HEADER;
/* Generated by software containing ST-Developer
 * from STEP Tools, Inc. (www.steptools.com) 
 */

FILE_DESCRIPTION(
/* description */ (''),
/* implementation_level */ '2;1');

FILE_NAME(
/* name */ 'duct en U v5.step',
/* time_stamp */ '2025-12-17T16:17:41-05:00',
/* author */ (''),
/* organization */ (''),
/* preprocessor_version */ 'ST-DEVELOPER v20.1',
/* originating_system */ 'Autodesk Translation Framework v14.21.0.0',
/* authorisation */ '');

FILE_SCHEMA (('AUTOMOTIVE_DESIGN { 1 0 10303 214 3 1 1 }'));
ENDSEC;

DATA;
#10=MECHANICAL_DESIGN_GEOMETRIC_PRESENTATION_REPRESENTATION('',(#13),#5740);
#11=SHAPE_REPRESENTATION_RELATIONSHIP('SRR','None',#5747,#12);
#12=ADVANCED_BREP_SHAPE_REPRESENTATION('',(#14),#5739);
#13=STYLED_ITEM('',(#5757),#14);
#14=MANIFOLD_SOLID_BREP('Corps6',#1647);
#15=(
BOUNDED_SURFACE()
B_SPLINE_SURFACE(2,2,((#4117,#4118,#4119),(#4120,#4121,#4122),(#4123,#4124,
#4125)),.UNSPECIFIED.,.F.,.F.,.F.)
B_SPLINE_SURFACE_WITH_KNOTS((3,3),(3,3),(0.,1.5707963267949),(0.,1.5707963267949),
 .UNSPECIFIED.)
GEOMETRIC_REPRESENTATION_ITEM()
RATIONAL_B_SPLINE_SURFACE(((1.,0.707106781186548,1.),(0.707106781186515,
0.499999999999977,0.707106781186515),(1.,0.707106781186548,1.)))
REPRESENTATION_ITEM('')
SURFACE()
);
#16=(
BOUNDED_SURFACE()
B_SPLINE_SURFACE(2,2,((#4162,#4163,#4164),(#4165,#4166,#4167),(#4168,#4169,
#4170)),.UNSPECIFIED.,.F.,.F.,.F.)
B_SPLINE_SURFACE_WITH_KNOTS((3,3),(3,3),(0.,1.5707963267949),(1.5707963267949,
3.14159265358979),.UNSPECIFIED.)
GEOMETRIC_REPRESENTATION_ITEM()
RATIONAL_B_SPLINE_SURFACE(((1.,0.707106781186548,1.),(0.707106781186547,
0.5,0.707106781186547),(1.,0.707106781186548,1.)))
REPRESENTATION_ITEM('')
SURFACE()
);
#17=CYLINDRICAL_SURFACE('',#1677,2.);
#18=CYLINDRICAL_SURFACE('',#1682,2.);
#19=CYLINDRICAL_SURFACE('',#1687,2.);
#20=CYLINDRICAL_SURFACE('',#1689,2.);
#21=CYLINDRICAL_SURFACE('',#1695,0.5);
#22=CYLINDRICAL_SURFACE('',#1699,0.5);
#23=CYLINDRICAL_SURFACE('',#1705,0.8);
#24=CYLINDRICAL_SURFACE('',#1707,0.8);
#25=CYLINDRICAL_SURFACE('',#1714,0.8);
#26=CYLINDRICAL_SURFACE('',#1716,0.5);
#27=CYLINDRICAL_SURFACE('',#1717,0.5);
#28=CYLINDRICAL_SURFACE('',#1718,0.5);
#29=PLANE('',#1671);
#30=PLANE('',#1674);
#31=PLANE('',#1679);
#32=PLANE('',#1680);
#33=PLANE('',#1684);
#34=PLANE('',#1685);
#35=PLANE('',#1688);
#36=PLANE('',#1690);
#37=PLANE('',#1691);
#38=PLANE('',#1692);
#39=PLANE('',#1694);
#40=PLANE('',#1697);
#41=PLANE('',#1700);
#42=PLANE('',#1720);
#43=PLANE('',#1721);
#44=PLANE('',#1722);
#45=PLANE('',#1723);
#46=PLANE('',#1724);
#47=PLANE('',#1725);
#48=PLANE('',#1726);
#49=PLANE('',#1727);
#50=PLANE('',#1728);
#51=PLANE('',#1729);
#52=PLANE('',#1730);
#53=PLANE('',#1731);
#54=PLANE('',#1732);
#55=PLANE('',#1733);
#56=PLANE('',#1734);
#57=PLANE('',#1735);
#58=PLANE('',#1736);
#59=PLANE('',#1737);
#60=PLANE('',#1738);
#61=PLANE('',#1739);
#62=PLANE('',#1740);
#63=PLANE('',#1741);
#64=PLANE('',#1742);
#65=PLANE('',#1743);
#66=PLANE('',#1744);
#67=LINE('',#2146,#164);
#68=LINE('',#2326,#165);
#69=LINE('',#3214,#166);
#70=LINE('',#3218,#167);
#71=LINE('',#3221,#168);
#72=LINE('',#3224,#169);
#73=LINE('',#3228,#170);
#74=LINE('',#3231,#171);
#75=LINE('',#3236,#172);
#76=LINE('',#3237,#173);
#77=LINE('',#3240,#174);
#78=LINE('',#3241,#175);
#79=LINE('',#3244,#176);
#80=LINE('',#3276,#177);
#81=LINE('',#3282,#178);
#82=LINE('',#3283,#179);
#83=LINE('',#3286,#180);
#84=LINE('',#3293,#181);
#85=LINE('',#3297,#182);
#86=LINE('',#3328,#183);
#87=LINE('',#3335,#184);
#88=LINE('',#3336,#185);
#89=LINE('',#3440,#186);
#90=LINE('',#3719,#187);
#91=LINE('',#3981,#188);
#92=LINE('',#3997,#189);
#93=LINE('',#4091,#190);
#94=LINE('',#4093,#191);
#95=LINE('',#4094,#192);
#96=LINE('',#4097,#193);
#97=LINE('',#4101,#194);
#98=LINE('',#4105,#195);
#99=LINE('',#4106,#196);
#100=LINE('',#4108,#197);
#101=LINE('',#4109,#198);
#102=LINE('',#4116,#199);
#103=LINE('',#4138,#200);
#104=LINE('',#4139,#201);
#105=LINE('',#4143,#202);
#106=LINE('',#4147,#203);
#107=LINE('',#4183,#204);
#108=LINE('',#4184,#205);
#109=LINE('',#4186,#206);
#110=LINE('',#4187,#207);
#111=LINE('',#4189,#208);
#112=LINE('',#4190,#209);
#113=LINE('',#4195,#210);
#114=LINE('',#4196,#211);
#115=LINE('',#4198,#212);
#116=LINE('',#4200,#213);
#117=LINE('',#4203,#214);
#118=LINE('',#4204,#215);
#119=LINE('',#4206,#216);
#120=LINE('',#4208,#217);
#121=LINE('',#4210,#218);
#122=LINE('',#4211,#219);
#123=LINE('',#4213,#220);
#124=LINE('',#4216,#221);
#125=LINE('',#4217,#222);
#126=LINE('',#4219,#223);
#127=LINE('',#4221,#224);
#128=LINE('',#4223,#225);
#129=LINE('',#4225,#226);
#130=LINE('',#4226,#227);
#131=LINE('',#4228,#228);
#132=LINE('',#4229,#229);
#133=LINE('',#4230,#230);
#134=LINE('',#4231,#231);
#135=LINE('',#4235,#232);
#136=LINE('',#4237,#233);
#137=LINE('',#4238,#234);
#138=LINE('',#4240,#235);
#139=LINE('',#4241,#236);
#140=LINE('',#4243,#237);
#141=LINE('',#4280,#238);
#142=LINE('',#4311,#239);
#143=LINE('',#4313,#240);
#144=LINE('',#4314,#241);
#145=LINE('',#4327,#242);
#146=LINE('',#4335,#243);
#147=LINE('',#4389,#244);
#148=LINE('',#4432,#245);
#149=LINE('',#4435,#246);
#150=LINE('',#4436,#247);
#151=LINE('',#4478,#248);
#152=LINE('',#4481,#249);
#153=LINE('',#4482,#250);
#154=LINE('',#4524,#251);
#155=LINE('',#4526,#252);
#156=LINE('',#4535,#253);
#157=LINE('',#4553,#254);
#158=LINE('',#4559,#255);
#159=LINE('',#4571,#256);
#160=LINE('',#4583,#257);
#161=LINE('',#4589,#258);
#162=LINE('',#4597,#259);
#163=LINE('',#4671,#260);
#164=VECTOR('',#1757,10.);
#165=VECTOR('',#1768,10.);
#166=VECTOR('',#1771,10.);
#167=VECTOR('',#1774,10.);
#168=VECTOR('',#1777,10.);
#169=VECTOR('',#1780,10.);
#170=VECTOR('',#1783,10.);
#171=VECTOR('',#1786,10.);
#172=VECTOR('',#1791,10.);
#173=VECTOR('',#1792,10.);
#174=VECTOR('',#1795,10.);
#175=VECTOR('',#1796,10.);
#176=VECTOR('',#1799,10.);
#177=VECTOR('',#1800,10.);
#178=VECTOR('',#1807,10.);
#179=VECTOR('',#1808,10.);
#180=VECTOR('',#1811,10.);
#181=VECTOR('',#1814,10.);
#182=VECTOR('',#1817,10.);
#183=VECTOR('',#1820,10.);
#184=VECTOR('',#1825,10.);
#185=VECTOR('',#1826,10.);
#186=VECTOR('',#1833,10.);
#187=VECTOR('',#1834,10.);
#188=VECTOR('',#1835,10.);
#189=VECTOR('',#1836,10.);
#190=VECTOR('',#1841,10.);
#191=VECTOR('',#1842,10.);
#192=VECTOR('',#1843,10.);
#193=VECTOR('',#1846,10.);
#194=VECTOR('',#1851,10.);
#195=VECTOR('',#1854,10.);
#196=VECTOR('',#1855,10.);
#197=VECTOR('',#1858,10.);
#198=VECTOR('',#1859,10.);
#199=VECTOR('',#1862,10.);
#200=VECTOR('',#1875,10.);
#201=VECTOR('',#1876,10.);
#202=VECTOR('',#1879,10.);
#203=VECTOR('',#1882,10.);
#204=VECTOR('',#1897,10.);
#205=VECTOR('',#1898,10.);
#206=VECTOR('',#1901,10.);
#207=VECTOR('',#1902,10.);
#208=VECTOR('',#1905,10.);
#209=VECTOR('',#1906,10.);
#210=VECTOR('',#1911,10.);
#211=VECTOR('',#1912,10.);
#212=VECTOR('',#1915,10.);
#213=VECTOR('',#1918,10.);
#214=VECTOR('',#1921,10.);
#215=VECTOR('',#1922,10.);
#216=VECTOR('',#1925,10.);
#217=VECTOR('',#1926,10.);
#218=VECTOR('',#1927,10.);
#219=VECTOR('',#1928,10.);
#220=VECTOR('',#1931,10.);
#221=VECTOR('',#1934,10.);
#222=VECTOR('',#1935,10.);
#223=VECTOR('',#1936,10.);
#224=VECTOR('',#1937,10.);
#225=VECTOR('',#1938,10.);
#226=VECTOR('',#1939,10.);
#227=VECTOR('',#1940,10.);
#228=VECTOR('',#1943,10.);
#229=VECTOR('',#1944,10.);
#230=VECTOR('',#1945,10.);
#231=VECTOR('',#1946,10.);
#232=VECTOR('',#1949,10.);
#233=VECTOR('',#1950,10.);
#234=VECTOR('',#1951,10.);
#235=VECTOR('',#1952,10.);
#236=VECTOR('',#1953,10.);
#237=VECTOR('',#1956,10.);
#238=VECTOR('',#1963,10.);
#239=VECTOR('',#1964,10.);
#240=VECTOR('',#1965,10.);
#241=VECTOR('',#1966,10.);
#242=VECTOR('',#1967,10.);
#243=VECTOR('',#1968,10.);
#244=VECTOR('',#1971,10.);
#245=VECTOR('',#1972,10.);
#246=VECTOR('',#1975,10.);
#247=VECTOR('',#1976,10.);
#248=VECTOR('',#1977,10.);
#249=VECTOR('',#1980,10.);
#250=VECTOR('',#1981,10.);
#251=VECTOR('',#1982,10.);
#252=VECTOR('',#1985,10.);
#253=VECTOR('',#1988,10.);
#254=VECTOR('',#1993,10.);
#255=VECTOR('',#1994,10.);
#256=VECTOR('',#1997,10.);
#257=VECTOR('',#2002,10.);
#258=VECTOR('',#2003,10.);
#259=VECTOR('',#2008,10.);
#260=VECTOR('',#2009,10.);
#261=FACE_OUTER_BOUND('',#349,.T.);
#262=FACE_OUTER_BOUND('',#350,.T.);
#263=FACE_OUTER_BOUND('',#351,.T.);
#264=FACE_OUTER_BOUND('',#352,.T.);
#265=FACE_OUTER_BOUND('',#353,.T.);
#266=FACE_OUTER_BOUND('',#354,.T.);
#267=FACE_OUTER_BOUND('',#355,.T.);
#268=FACE_OUTER_BOUND('',#356,.T.);
#269=FACE_OUTER_BOUND('',#357,.T.);
#270=FACE_OUTER_BOUND('',#358,.T.);
#271=FACE_OUTER_BOUND('',#359,.T.);
#272=FACE_OUTER_BOUND('',#360,.T.);
#273=FACE_OUTER_BOUND('',#361,.T.);
#274=FACE_OUTER_BOUND('',#362,.T.);
#275=FACE_OUTER_BOUND('',#363,.T.);
#276=FACE_OUTER_BOUND('',#364,.T.);
#277=FACE_OUTER_BOUND('',#365,.T.);
#278=FACE_OUTER_BOUND('',#366,.T.);
#279=FACE_OUTER_BOUND('',#367,.T.);
#280=FACE_OUTER_BOUND('',#368,.T.);
#281=FACE_OUTER_BOUND('',#369,.T.);
#282=FACE_OUTER_BOUND('',#370,.T.);
#283=FACE_OUTER_BOUND('',#371,.T.);
#284=FACE_OUTER_BOUND('',#372,.T.);
#285=FACE_OUTER_BOUND('',#373,.T.);
#286=FACE_OUTER_BOUND('',#374,.T.);
#287=FACE_OUTER_BOUND('',#375,.T.);
#288=FACE_OUTER_BOUND('',#376,.T.);
#289=FACE_OUTER_BOUND('',#377,.T.);
#290=FACE_OUTER_BOUND('',#378,.T.);
#291=FACE_OUTER_BOUND('',#379,.T.);
#292=FACE_OUTER_BOUND('',#380,.T.);
#293=FACE_OUTER_BOUND('',#381,.T.);
#294=FACE_OUTER_BOUND('',#382,.T.);
#295=FACE_OUTER_BOUND('',#383,.T.);
#296=FACE_OUTER_BOUND('',#384,.T.);
#297=FACE_OUTER_BOUND('',#385,.T.);
#298=FACE_OUTER_BOUND('',#386,.T.);
#299=FACE_OUTER_BOUND('',#387,.T.);
#300=FACE_OUTER_BOUND('',#388,.T.);
#301=FACE_OUTER_BOUND('',#389,.T.);
#302=FACE_OUTER_BOUND('',#390,.T.);
#303=FACE_OUTER_BOUND('',#391,.T.);
#304=FACE_OUTER_BOUND('',#392,.T.);
#305=FACE_OUTER_BOUND('',#393,.T.);
#306=FACE_OUTER_BOUND('',#394,.T.);
#307=FACE_OUTER_BOUND('',#395,.T.);
#308=FACE_OUTER_BOUND('',#396,.T.);
#309=FACE_OUTER_BOUND('',#397,.T.);
#310=FACE_OUTER_BOUND('',#398,.T.);
#311=FACE_OUTER_BOUND('',#399,.T.);
#312=FACE_OUTER_BOUND('',#400,.T.);
#313=FACE_OUTER_BOUND('',#401,.T.);
#314=FACE_OUTER_BOUND('',#402,.T.);
#315=FACE_OUTER_BOUND('',#403,.T.);
#316=FACE_OUTER_BOUND('',#404,.T.);
#317=FACE_OUTER_BOUND('',#405,.T.);
#318=FACE_OUTER_BOUND('',#406,.T.);
#319=FACE_OUTER_BOUND('',#407,.T.);
#320=FACE_OUTER_BOUND('',#408,.T.);
#321=FACE_OUTER_BOUND('',#409,.T.);
#322=FACE_OUTER_BOUND('',#410,.T.);
#323=FACE_OUTER_BOUND('',#411,.T.);
#324=FACE_OUTER_BOUND('',#412,.T.);
#325=FACE_OUTER_BOUND('',#413,.T.);
#326=FACE_OUTER_BOUND('',#414,.T.);
#327=FACE_OUTER_BOUND('',#415,.T.);
#328=FACE_OUTER_BOUND('',#416,.T.);
#329=FACE_OUTER_BOUND('',#417,.T.);
#330=FACE_OUTER_BOUND('',#418,.T.);
#331=FACE_OUTER_BOUND('',#419,.T.);
#332=FACE_OUTER_BOUND('',#420,.T.);
#333=FACE_OUTER_BOUND('',#421,.T.);
#334=FACE_OUTER_BOUND('',#422,.T.);
#335=FACE_OUTER_BOUND('',#423,.T.);
#336=FACE_OUTER_BOUND('',#424,.T.);
#337=FACE_OUTER_BOUND('',#425,.T.);
#338=FACE_OUTER_BOUND('',#426,.T.);
#339=FACE_OUTER_BOUND('',#427,.T.);
#340=FACE_OUTER_BOUND('',#428,.T.);
#341=FACE_OUTER_BOUND('',#429,.T.);
#342=FACE_OUTER_BOUND('',#430,.T.);
#343=FACE_OUTER_BOUND('',#431,.T.);
#344=FACE_OUTER_BOUND('',#432,.T.);
#345=FACE_OUTER_BOUND('',#433,.T.);
#346=FACE_OUTER_BOUND('',#434,.T.);
#347=FACE_OUTER_BOUND('',#435,.T.);
#348=FACE_OUTER_BOUND('',#436,.T.);
#349=EDGE_LOOP('',(#1011,#1012,#1013,#1014));
#350=EDGE_LOOP('',(#1015,#1016,#1017,#1018));
#351=EDGE_LOOP('',(#1019,#1020,#1021,#1022));
#352=EDGE_LOOP('',(#1023,#1024,#1025,#1026));
#353=EDGE_LOOP('',(#1027,#1028,#1029,#1030));
#354=EDGE_LOOP('',(#1031,#1032,#1033,#1034));
#355=EDGE_LOOP('',(#1035,#1036,#1037,#1038));
#356=EDGE_LOOP('',(#1039,#1040,#1041,#1042));
#357=EDGE_LOOP('',(#1043,#1044,#1045,#1046));
#358=EDGE_LOOP('',(#1047,#1048,#1049,#1050));
#359=EDGE_LOOP('',(#1051,#1052,#1053,#1054,#1055,#1056,#1057));
#360=EDGE_LOOP('',(#1058,#1059,#1060,#1061,#1062,#1063,#1064,#1065));
#361=EDGE_LOOP('',(#1066,#1067,#1068,#1069,#1070,#1071,#1072));
#362=EDGE_LOOP('',(#1073,#1074,#1075,#1076,#1077));
#363=EDGE_LOOP('',(#1078,#1079,#1080,#1081,#1082));
#364=EDGE_LOOP('',(#1083,#1084,#1085,#1086,#1087,#1088,#1089,#1090,#1091));
#365=EDGE_LOOP('',(#1092,#1093,#1094,#1095,#1096,#1097,#1098,#1099,#1100));
#366=EDGE_LOOP('',(#1101,#1102,#1103,#1104));
#367=EDGE_LOOP('',(#1105,#1106,#1107,#1108));
#368=EDGE_LOOP('',(#1109,#1110,#1111,#1112,#1113,#1114,#1115,#1116,#1117));
#369=EDGE_LOOP('',(#1118,#1119,#1120,#1121));
#370=EDGE_LOOP('',(#1122,#1123,#1124,#1125));
#371=EDGE_LOOP('',(#1126,#1127,#1128,#1129,#1130,#1131,#1132,#1133,#1134));
#372=EDGE_LOOP('',(#1135,#1136,#1137,#1138));
#373=EDGE_LOOP('',(#1139,#1140,#1141,#1142));
#374=EDGE_LOOP('',(#1143,#1144,#1145,#1146));
#375=EDGE_LOOP('',(#1147,#1148,#1149,#1150));
#376=EDGE_LOOP('',(#1151,#1152,#1153,#1154));
#377=EDGE_LOOP('',(#1155,#1156,#1157,#1158));
#378=EDGE_LOOP('',(#1159,#1160,#1161,#1162));
#379=EDGE_LOOP('',(#1163,#1164,#1165,#1166,#1167,#1168));
#380=EDGE_LOOP('',(#1169,#1170,#1171,#1172,#1173,#1174,#1175,#1176,#1177,
#1178));
#381=EDGE_LOOP('',(#1179,#1180,#1181,#1182,#1183,#1184,#1185,#1186,#1187,
#1188));
#382=EDGE_LOOP('',(#1189,#1190,#1191,#1192,#1193,#1194,#1195,#1196,#1197,
#1198,#1199));
#383=EDGE_LOOP('',(#1200,#1201,#1202,#1203,#1204));
#384=EDGE_LOOP('',(#1205,#1206,#1207,#1208,#1209));
#385=EDGE_LOOP('',(#1210,#1211,#1212,#1213,#1214));
#386=EDGE_LOOP('',(#1215,#1216,#1217,#1218));
#387=EDGE_LOOP('',(#1219,#1220,#1221,#1222,#1223,#1224));
#388=EDGE_LOOP('',(#1225,#1226,#1227,#1228));
#389=EDGE_LOOP('',(#1229,#1230,#1231,#1232,#1233));
#390=EDGE_LOOP('',(#1234,#1235,#1236,#1237));
#391=EDGE_LOOP('',(#1238,#1239,#1240,#1241));
#392=EDGE_LOOP('',(#1242,#1243,#1244,#1245,#1246));
#393=EDGE_LOOP('',(#1247,#1248,#1249,#1250));
#394=EDGE_LOOP('',(#1251,#1252,#1253,#1254));
#395=EDGE_LOOP('',(#1255,#1256,#1257,#1258));
#396=EDGE_LOOP('',(#1259,#1260,#1261,#1262));
#397=EDGE_LOOP('',(#1263,#1264,#1265,#1266));
#398=EDGE_LOOP('',(#1267,#1268,#1269,#1270));
#399=EDGE_LOOP('',(#1271,#1272,#1273,#1274));
#400=EDGE_LOOP('',(#1275,#1276,#1277,#1278));
#401=EDGE_LOOP('',(#1279,#1280,#1281,#1282,#1283,#1284,#1285));
#402=EDGE_LOOP('',(#1286,#1287,#1288,#1289));
#403=EDGE_LOOP('',(#1290,#1291,#1292,#1293,#1294,#1295,#1296));
#404=EDGE_LOOP('',(#1297,#1298,#1299,#1300,#1301,#1302));
#405=EDGE_LOOP('',(#1303,#1304,#1305,#1306,#1307,#1308));
#406=EDGE_LOOP('',(#1309,#1310,#1311,#1312,#1313,#1314,#1315,#1316,#1317,
#1318,#1319));
#407=EDGE_LOOP('',(#1320,#1321,#1322));
#408=EDGE_LOOP('',(#1323,#1324,#1325));
#409=EDGE_LOOP('',(#1326,#1327,#1328,#1329,#1330,#1331,#1332,#1333,#1334,
#1335,#1336,#1337,#1338,#1339,#1340,#1341,#1342,#1343,#1344,#1345,#1346,
#1347,#1348,#1349,#1350,#1351,#1352,#1353));
#410=EDGE_LOOP('',(#1354,#1355,#1356,#1357,#1358));
#411=EDGE_LOOP('',(#1359,#1360,#1361,#1362));
#412=EDGE_LOOP('',(#1363,#1364,#1365,#1366));
#413=EDGE_LOOP('',(#1367,#1368,#1369,#1370));
#414=EDGE_LOOP('',(#1371,#1372,#1373,#1374));
#415=EDGE_LOOP('',(#1375,#1376,#1377,#1378,#1379));
#416=EDGE_LOOP('',(#1380,#1381,#1382,#1383));
#417=EDGE_LOOP('',(#1384,#1385,#1386,#1387));
#418=EDGE_LOOP('',(#1388,#1389,#1390,#1391,#1392,#1393));
#419=EDGE_LOOP('',(#1394,#1395,#1396,#1397,#1398,#1399,#1400,#1401,#1402,
#1403,#1404,#1405,#1406,#1407,#1408,#1409,#1410));
#420=EDGE_LOOP('',(#1411,#1412,#1413,#1414));
#421=EDGE_LOOP('',(#1415,#1416,#1417,#1418));
#422=EDGE_LOOP('',(#1419,#1420,#1421,#1422));
#423=EDGE_LOOP('',(#1423,#1424,#1425,#1426));
#424=EDGE_LOOP('',(#1427,#1428,#1429,#1430));
#425=EDGE_LOOP('',(#1431,#1432,#1433,#1434));
#426=EDGE_LOOP('',(#1435,#1436,#1437,#1438,#1439,#1440,#1441,#1442,#1443,
#1444,#1445));
#427=EDGE_LOOP('',(#1446,#1447,#1448,#1449,#1450,#1451,#1452));
#428=EDGE_LOOP('',(#1453,#1454,#1455,#1456,#1457,#1458,#1459));
#429=EDGE_LOOP('',(#1460,#1461,#1462,#1463,#1464,#1465,#1466,#1467));
#430=EDGE_LOOP('',(#1468,#1469,#1470,#1471,#1472,#1473,#1474));
#431=EDGE_LOOP('',(#1475,#1476,#1477,#1478,#1479,#1480,#1481,#1482,#1483));
#432=EDGE_LOOP('',(#1484,#1485,#1486,#1487,#1488,#1489,#1490,#1491,#1492));
#433=EDGE_LOOP('',(#1493,#1494,#1495,#1496,#1497,#1498));
#434=EDGE_LOOP('',(#1499,#1500,#1501,#1502,#1503,#1504,#1505,#1506,#1507,
#1508));
#435=EDGE_LOOP('',(#1509,#1510,#1511,#1512,#1513,#1514,#1515,#1516,#1517,
#1518));
#436=EDGE_LOOP('',(#1519,#1520,#1521,#1522));
#437=B_SPLINE_CURVE_WITH_KNOTS('',3,(#2037,#2038,#2039,#2040),
 .UNSPECIFIED.,.F.,.F.,(4,4),(-3.625,0.),.UNSPECIFIED.);
#438=B_SPLINE_CURVE_WITH_KNOTS('',3,(#2043,#2044,#2045,#2046),
 .UNSPECIFIED.,.F.,.F.,(4,4),(0.,3.625),.UNSPECIFIED.);
#439=B_SPLINE_CURVE_WITH_KNOTS('',3,(#2070,#2071,#2072,#2073),
 .UNSPECIFIED.,.F.,.F.,(4,4),(-3.62499999999999,0.),.UNSPECIFIED.);
#440=B_SPLINE_CURVE_WITH_KNOTS('',3,(#2074,#2075,#2076,#2077),
 .UNSPECIFIED.,.F.,.F.,(4,4),(0.,3.62499999999999),.UNSPECIFIED.);
#441=B_SPLINE_CURVE_WITH_KNOTS('',3,(#2111,#2112,#2113,#2114,#2115,#2116),
 .UNSPECIFIED.,.F.,.F.,(4,1,1,4),(-0.471221770023315,-0.269269582870468,
-0.134634791435236,-4.58578729577191E-15),.UNSPECIFIED.);
#442=B_SPLINE_CURVE_WITH_KNOTS('',3,(#2117,#2118,#2119,#2120,#2121,#2122),
 .UNSPECIFIED.,.F.,.F.,(4,1,1,4),(4.58578729577191E-15,0.134634791435236,
0.269269582870468,0.471221770023315),.UNSPECIFIED.);
#443=B_SPLINE_CURVE_WITH_KNOTS('',3,(#2147,#2148,#2149,#2150),
 .UNSPECIFIED.,.F.,.F.,(4,4),(0.,2.70000000000062),.UNSPECIFIED.);
#444=B_SPLINE_CURVE_WITH_KNOTS('',3,(#2184,#2185,#2186,#2187,#2188,#2189),
 .UNSPECIFIED.,.F.,.F.,(4,1,1,4),(-0.471221770023314,-0.336586978588082,
-0.201952187152849,0.),.UNSPECIFIED.);
#445=B_SPLINE_CURVE_WITH_KNOTS('',3,(#2190,#2191,#2192,#2193,#2194,#2195),
 .UNSPECIFIED.,.F.,.F.,(4,1,1,4),(0.,0.201952187152849,0.336586978588082,
0.471221770023314),.UNSPECIFIED.);
#446=B_SPLINE_CURVE_WITH_KNOTS('',3,(#2219,#2220,#2221,#2222),
 .UNSPECIFIED.,.F.,.F.,(4,4),(-3.62499999999999,0.),.UNSPECIFIED.);
#447=B_SPLINE_CURVE_WITH_KNOTS('',3,(#2223,#2224,#2225,#2226),
 .UNSPECIFIED.,.F.,.F.,(4,4),(0.,3.62499999999999),.UNSPECIFIED.);
#448=B_SPLINE_CURVE_WITH_KNOTS('',3,(#2250,#2251,#2252,#2253),
 .UNSPECIFIED.,.F.,.F.,(4,4),(-3.625,0.),.UNSPECIFIED.);
#449=B_SPLINE_CURVE_WITH_KNOTS('',3,(#2254,#2255,#2256,#2257),
 .UNSPECIFIED.,.F.,.F.,(4,4),(0.,3.625),.UNSPECIFIED.);
#450=B_SPLINE_CURVE_WITH_KNOTS('',3,(#2291,#2292,#2293,#2294,#2295,#2296),
 .UNSPECIFIED.,.F.,.F.,(4,1,1,4),(-0.471221770023316,-0.269269582870466,
-0.134634791435234,-7.31335667298253E-16),.UNSPECIFIED.);
#451=B_SPLINE_CURVE_WITH_KNOTS('',3,(#2297,#2298,#2299,#2300,#2301,#2302),
 .UNSPECIFIED.,.F.,.F.,(4,1,1,4),(7.31335667298253E-16,0.134634791435234,
0.269269582870466,0.471221770023316),.UNSPECIFIED.);
#452=B_SPLINE_CURVE_WITH_KNOTS('',3,(#2327,#2328,#2329,#2330),
 .UNSPECIFIED.,.F.,.F.,(4,4),(0.,2.70000000000062),.UNSPECIFIED.);
#453=B_SPLINE_CURVE_WITH_KNOTS('',3,(#2361,#2362,#2363,#2364,#2365,#2366),
 .UNSPECIFIED.,.F.,.F.,(4,1,1,4),(-0.471221770023316,-0.269269582870466,
-0.134634791435233,0.),.UNSPECIFIED.);
#454=B_SPLINE_CURVE_WITH_KNOTS('',3,(#2367,#2368,#2369,#2370,#2371,#2372),
 .UNSPECIFIED.,.F.,.F.,(4,1,1,4),(0.,0.134634791435233,0.269269582870466,
0.471221770023316),.UNSPECIFIED.);
#455=B_SPLINE_CURVE_WITH_KNOTS('',3,(#2509,#2510,#2511,#2512,#2513,#2514),
 .UNSPECIFIED.,.F.,.F.,(4,2,4),(5.03210190869048,5.03211515854387,5.50117730046985),
 .UNSPECIFIED.);
#456=B_SPLINE_CURVE_WITH_KNOTS('',3,(#2516,#2517,#2518,#2519,#2520,#2521,
#2522,#2523,#2524,#2525,#2526,#2527,#2528,#2529,#2530),.UNSPECIFIED.,.F.,
 .F.,(4,2,1,1,2,1,1,1,1,1,4),(3.94577870156958,3.94622111484439,4.01011266999677,
4.07400422514916,4.20178733545392,4.22773507992548,4.25368282439704,4.30557831334017,
4.40936929122641,4.82453320277138,5.03210190869048),.UNSPECIFIED.);
#457=B_SPLINE_CURVE_WITH_KNOTS('',3,(#2532,#2533,#2534,#2535,#2536,#2537,
#2538,#2539,#2540,#2541,#2542,#2543,#2544,#2545),.UNSPECIFIED.,.F.,.F.,
(4,1,1,1,1,1,1,1,1,1,1,4),(-5.55473240196525E-17,0.493277639355549,0.986555278711097,
1.9731105574222,2.46638819677774,2.95966583613329,3.45294347548884,3.69958229516662,
3.8229017050055,3.88456140992495,3.91539126238467,3.94577870156958),
 .UNSPECIFIED.);
#458=B_SPLINE_CURVE_WITH_KNOTS('',3,(#2547,#2548,#2549,#2550,#2551),
 .UNSPECIFIED.,.F.,.F.,(4,1,4),(-1.,-0.571428571428571,0.),
 .UNSPECIFIED.);
#459=B_SPLINE_CURVE_WITH_KNOTS('',3,(#2553,#2554,#2555,#2556,#2557,#2558,
#2559,#2560,#2561,#2562,#2563,#2564,#2565,#2566,#2567,#2568,#2569,#2570),
 .UNSPECIFIED.,.F.,.F.,(4,1,1,2,1,1,1,1,1,1,1,1,1,1,4),(-4.20137004692811,
-4.07400422514916,-4.01011266999677,-3.94622111484439,-3.91539126238467,
-3.88456140992495,-3.8229017050055,-3.69958229516662,-3.45294347548884,
-2.95966583613329,-2.46638819677774,-1.9731105574222,-0.986555278711097,
-0.493277639355549,5.55473240196525E-17),.UNSPECIFIED.);
#460=B_SPLINE_CURVE_WITH_KNOTS('',3,(#2571,#2572,#2573,#2574,#2575,#2576,
#2577,#2578,#2579,#2580,#2581,#2582,#2583),.UNSPECIFIED.,.F.,.F.,(4,2,1,
1,1,1,1,2,4),(-5.50117730046985,-5.03211515854387,-4.82453320277138,-4.40936929122641,
-4.30557831334017,-4.25368282439704,-4.22773507992548,-4.20178733545392,
-4.20137004692927),.UNSPECIFIED.);
#461=B_SPLINE_CURVE_WITH_KNOTS('',3,(#2680,#2681,#2682,#2683,#2684,#2685,
#2686,#2687,#2688,#2689,#2690,#2691,#2692),.UNSPECIFIED.,.F.,.F.,(4,3,3,
3,4),(0.1,0.399129355398449,0.649000542655701,0.9873696302457,1.32045438472665),
 .UNSPECIFIED.);
#462=B_SPLINE_CURVE_WITH_KNOTS('',3,(#2694,#2695,#2696,#2697,#2698,#2699,
#2700),.UNSPECIFIED.,.F.,.F.,(4,2,1,4),(1.32045438472665,1.39999963162511,
2.59828162657621,3.79656362152731),.UNSPECIFIED.);
#463=B_SPLINE_CURVE_WITH_KNOTS('',3,(#2702,#2703,#2704,#2705,#2706,#2707,
#2708,#2709,#2710,#2711,#2712,#2713,#2714,#2715,#2716,#2717),
 .UNSPECIFIED.,.F.,.F.,(4,1,1,1,1,1,1,1,1,1,1,1,1,4),(3.79656362152731,
4.34076869277541,4.88497376402351,5.42917883527161,5.97338390651971,6.51758897776781,
7.06179404901591,8.1502041915121,8.6944092627602,9.2386143340083,10.3270244765045,
10.8712295477526,11.4154346190007,12.5038447614969),.UNSPECIFIED.);
#464=B_SPLINE_CURVE_WITH_KNOTS('',3,(#2718,#2719,#2720,#2721,#2722),
 .UNSPECIFIED.,.F.,.F.,(4,1,4),(-0.879421221864952,-0.558384755387476,-0.120578778135049),
 .UNSPECIFIED.);
#465=B_SPLINE_CURVE_WITH_KNOTS('',3,(#2839,#2840,#2841,#2842,#2843,#2844),
 .UNSPECIFIED.,.F.,.F.,(4,2,4),(-1.39999963162511,-1.32045438472665,-0.0999999999999996),
 .UNSPECIFIED.);
#466=B_SPLINE_CURVE_WITH_KNOTS('',3,(#2846,#2847,#2848,#2849,#2850,#2851,
#2852,#2853,#2854,#2855,#2856,#2857,#2858,#2859,#2860,#2861,#2862,#2863,
#2864),.UNSPECIFIED.,.F.,.F.,(4,1,1,1,1,1,1,1,1,1,1,1,1,2,1,4),(-12.5038447614969,
-11.4154346190007,-10.8712295477526,-10.3270244765045,-9.2386143340083,
-8.6944092627602,-8.1502041915121,-7.06179404901591,-6.51758897776781,-5.97338390651971,
-5.42917883527161,-4.88497376402351,-4.34076869277541,-3.79656362152731,
-2.59828162657621,-1.39999963162511),.UNSPECIFIED.);
#467=B_SPLINE_CURVE_WITH_KNOTS('',3,(#2865,#2866,#2867,#2868,#2869,#2870,
#2871),.UNSPECIFIED.,.F.,.F.,(4,3,4),(0.,0.134984069524916,0.314962828891471),
 .UNSPECIFIED.);
#468=B_SPLINE_CURVE_WITH_KNOTS('',3,(#2997,#2998,#2999,#3000,#3001,#3002,
#3003,#3004,#3005,#3006,#3007,#3008,#3009,#3010,#3011,#3012,#3013,#3014,
#3015,#3016,#3017,#3018,#3019,#3020,#3021,#3022,#3023,#3024,#3025,#3026,
#3027,#3028),.UNSPECIFIED.,.F.,.F.,(4,1,1,1,1,1,1,1,1,1,1,1,1,1,1,1,1,1,
1,1,1,1,1,1,2,1,1,1,4),(0.,0.0896336944973452,0.17926738899469,0.298778981657817,
0.358534777989381,0.448168472486726,0.537802166984071,0.627435861481416,
0.717069555978761,0.78429482685177,0.806703250476107,0.829111674100443,
0.840315885912611,0.843116938865653,0.851520097724779,0.862724309536947,
0.873928521349115,0.885132733161284,0.887933786114326,0.888634049352586,
0.890734839067368,0.89353589202041,0.894936418496931,0.895286550116061,
0.896336944973452,0.915588655192668,0.934840365411884,0.963717930740708,
0.992595496069532),.UNSPECIFIED.);
#469=B_SPLINE_CURVE_WITH_KNOTS('',3,(#3029,#3030,#3031,#3032),
 .UNSPECIFIED.,.F.,.F.,(4,4),(-0.939393939393939,-6.66133814775094E-16),
 .UNSPECIFIED.);
#470=B_SPLINE_CURVE_WITH_KNOTS('',3,(#3162,#3163,#3164,#3165,#3166,#3167,
#3168,#3169,#3170,#3171,#3172,#3173,#3174,#3175,#3176,#3177,#3178,#3179,
#3180,#3181,#3182,#3183),.UNSPECIFIED.,.F.,.F.,(4,3,3,3,3,3,3,4),(-12.4038447614969,
-12.0138447614829,-11.8548442188412,-11.6238447542884,-11.3638447603948,
-11.1833903767702,-11.1269122556499,-11.1038451298718),.UNSPECIFIED.);
#471=B_SPLINE_CURVE_WITH_KNOTS('',3,(#3185,#3186,#3187,#3188,#3189,#3190,
#3191,#3192,#3193,#3194,#3195,#3196,#3197,#3198,#3199,#3200,#3201,#3202,
#3203,#3204,#3205,#3206,#3207),.UNSPECIFIED.,.F.,.F.,(4,1,1,1,1,2,1,1,1,
1,1,1,1,1,1,1,1,1,1,4),(-11.1038451298718,-10.804274631134,-10.3549188830274,
-10.130241008974,-9.9055631349207,-8.7072811399696,-8.29912733653352,-8.16307606872149,
-7.82294789919143,-7.6188709974734,-6.5304608549772,-5.9862557837291,-5.16994817685695,
-4.3536405699848,-3.8094354987367,-3.2652304274886,-2.1768202849924,-1.6326152137443,
-1.0884101424962,1.23987378789044E-16),.UNSPECIFIED.);
#472=B_SPLINE_CURVE_WITH_KNOTS('',3,(#3208,#3209,#3210,#3211),
 .UNSPECIFIED.,.F.,.F.,(4,4),(0.,0.939393939393939),.UNSPECIFIED.);
#473=B_SPLINE_CURVE_WITH_KNOTS('',3,(#3246,#3247,#3248,#3249,#3250,#3251,
#3252),.UNSPECIFIED.,.F.,.F.,(4,3,4),(-0.472444243337206,-0.202476104287374,
0.),.UNSPECIFIED.);
#474=B_SPLINE_CURVE_WITH_KNOTS('',3,(#3254,#3255,#3256,#3257,#3258,#3259),
 .UNSPECIFIED.,.F.,.F.,(4,2,4),(-3.68711281876341,-1.84354968022331,-0.0621128187634088),
 .UNSPECIFIED.);
#475=B_SPLINE_CURVE_WITH_KNOTS('',3,(#3261,#3262,#3263,#3264,#3265,#3266),
 .UNSPECIFIED.,.F.,.F.,(4,2,4),(-3.625,-1.84356313854009,0.),
 .UNSPECIFIED.);
#476=B_SPLINE_CURVE_WITH_KNOTS('',3,(#3268,#3269,#3270,#3271,#3272,#3273,
#3274),.UNSPECIFIED.,.F.,.F.,(4,3,4),(-0.472444243337205,-0.202476104287374,
0.),.UNSPECIFIED.);
#477=B_SPLINE_CURVE_WITH_KNOTS('',3,(#3287,#3288,#3289,#3290),
 .UNSPECIFIED.,.F.,.F.,(4,4),(5.50117730046985,5.60117724427319),
 .UNSPECIFIED.);
#478=B_SPLINE_CURVE_WITH_KNOTS('',3,(#3299,#3300,#3301,#3302,#3303,#3304,
#3305),.UNSPECIFIED.,.F.,.F.,(4,3,4),(-0.472444243337205,-0.202476104287374,
0.),.UNSPECIFIED.);
#479=B_SPLINE_CURVE_WITH_KNOTS('',3,(#3307,#3308,#3309,#3310,#3311,#3312),
 .UNSPECIFIED.,.F.,.F.,(4,2,4),(-3.68705319318615,-1.84347206417101,-0.0620531931861565),
 .UNSPECIFIED.);
#480=B_SPLINE_CURVE_WITH_KNOTS('',3,(#3314,#3315,#3316,#3317,#3318,#3319),
 .UNSPECIFIED.,.F.,.F.,(4,2,4),(-3.62499999999999,-1.84358112901515,0.),
 .UNSPECIFIED.);
#481=B_SPLINE_CURVE_WITH_KNOTS('',3,(#3320,#3321,#3322,#3323,#3324,#3325,
#3326),.UNSPECIFIED.,.F.,.F.,(4,3,4),(-0.472444243337206,-0.202476104287374,
0.),.UNSPECIFIED.);
#482=B_SPLINE_CURVE_WITH_KNOTS('',3,(#3330,#3331,#3332,#3333),
 .UNSPECIFIED.,.F.,.F.,(4,4),(12.4038447614969,12.5038447614969),
 .UNSPECIFIED.);
#483=B_SPLINE_CURVE_WITH_KNOTS('',3,(#3338,#3339,#3340,#3341),
 .UNSPECIFIED.,.F.,.F.,(4,4),(0.,0.0999999438033395),.UNSPECIFIED.);
#484=B_SPLINE_CURVE_WITH_KNOTS('',3,(#3343,#3344,#3345,#3346),
 .UNSPECIFIED.,.F.,.F.,(4,4),(0.,0.1),.UNSPECIFIED.);
#485=B_SPLINE_CURVE_WITH_KNOTS('',3,(#3413,#3414,#3415,#3416,#3417,#3418,
#3419,#3420,#3421,#3422,#3423,#3424,#3425,#3426,#3427,#3428,#3429,#3430,
#3431,#3432,#3433,#3434,#3435,#3436,#3437,#3438),.UNSPECIFIED.,.F.,.F.,
(4,1,1,1,1,1,1,1,1,1,1,1,2,1,1,1,2,1,2,1,4),(-12.5038447642345,-11.4154346213961,
-10.8712295499769,-10.3270244785577,-9.23861433571933,-8.69440926430013,
-8.15020419288092,-7.06179405004252,-6.51758897862332,-5.97338390720412,
-5.42917883578491,-4.88497376436571,-3.79656362152731,-3.19742262405176,
-2.59828162657621,-1.99914062910066,-1.39999963162511,-1.38011331990049,
-1.32045438472665,-0.710227192363326,-0.0999999999999973),.UNSPECIFIED.);
#486=B_SPLINE_CURVE_WITH_KNOTS('',3,(#3441,#3442,#3443,#3444,#3445,#3446,
#3447,#3448,#3449,#3450,#3451,#3452,#3453,#3454,#3455,#3456),
 .UNSPECIFIED.,.F.,.F.,(4,1,1,1,1,1,1,1,1,1,1,2,4),(0.,0.0896336944973452,
0.17926738899469,0.298778981657817,0.328656879823599,0.358534777989381,
0.478046370652508,0.537802166984071,0.627435861481416,0.717069555978761,
0.806703250476107,0.896336944973452,0.992595496069532),.UNSPECIFIED.);
#487=B_SPLINE_CURVE_WITH_KNOTS('',3,(#3588,#3589,#3590,#3591,#3592,#3593,
#3594),.UNSPECIFIED.,.F.,.F.,(4,1,2,4),(0.0999999999999973,0.710227192363326,
1.32045438472665,1.32075466123452),.UNSPECIFIED.);
#488=B_SPLINE_CURVE_WITH_KNOTS('',3,(#3596,#3597,#3598,#3599,#3600,#3601,
#3602,#3603,#3604,#3605),.UNSPECIFIED.,.F.,.F.,(4,1,2,1,1,1,4),(1.32075466123452,
1.38011331990049,1.39999963162511,1.99914062910066,2.59828162657621,3.19742262405176,
3.79646612835173),.UNSPECIFIED.);
#489=B_SPLINE_CURVE_WITH_KNOTS('',3,(#3607,#3608,#3609,#3610,#3611,#3612,
#3613,#3614,#3615,#3616,#3617,#3618,#3619,#3620,#3621,#3622,#3623),
 .UNSPECIFIED.,.F.,.F.,(4,2,1,1,1,1,1,1,1,1,1,1,1,4),(3.79646612835173,
3.79656362152731,4.88497376436571,5.42917883578491,5.97338390720412,6.51758897862332,
7.06179405004252,8.15020419288092,8.69440926430013,9.23861433571933,10.3270244785577,
10.8712295499769,11.4154346213961,12.5038447614969),.UNSPECIFIED.);
#490=B_SPLINE_CURVE_WITH_KNOTS('',3,(#3624,#3625,#3626,#3627,#3628,#3629,
#3630),.UNSPECIFIED.,.F.,.F.,(4,3,4),(0.,0.202476104287374,0.472444243337205),
 .UNSPECIFIED.);
#491=B_SPLINE_CURVE_WITH_KNOTS('',3,(#3684,#3685,#3686,#3687,#3688,#3689),
 .UNSPECIFIED.,.F.,.F.,(4,2,4),(5.03207273927794,5.03211515854387,5.50117730046985),
 .UNSPECIFIED.);
#492=B_SPLINE_CURVE_WITH_KNOTS('',3,(#3691,#3692,#3693,#3694,#3695,#3696,
#3697,#3698,#3699,#3700,#3701,#3702,#3703,#3704,#3705,#3706),
 .UNSPECIFIED.,.F.,.F.,(4,2,1,1,1,2,1,1,1,1,1,4),(3.94566575334248,3.94622111484439,
3.97816689242058,4.01011266999677,4.07400422514916,4.20178733545392,4.22773507992548,
4.25368282439704,4.30557831334017,4.40936929122641,4.82453320277138,5.03207273927794),
 .UNSPECIFIED.);
#493=B_SPLINE_CURVE_WITH_KNOTS('',3,(#3708,#3709,#3710,#3711,#3712,#3713,
#3714,#3715,#3716,#3717,#3718),.UNSPECIFIED.,.F.,.F.,(4,1,1,1,1,1,1,1,4),
(-5.55473240196525E-17,0.493277639355549,0.986555278711097,1.47983291806665,
1.97311055742219,2.95966583613329,3.45294347548884,3.69958229516662,3.94566575334248),
 .UNSPECIFIED.);
#494=B_SPLINE_CURVE_WITH_KNOTS('',3,(#3846,#3847,#3848,#3849,#3850,#3851,
#3852,#3853,#3854,#3855,#3856,#3857,#3858),.UNSPECIFIED.,.F.,.F.,(4,2,1,
1,1,1,1,2,4),(-5.50117730046985,-5.03211515854387,-4.82453320277138,-4.40936929122641,
-4.30557831334017,-4.25368282439704,-4.22773507992548,-4.20178733545392,
-4.20106199393613),.UNSPECIFIED.);
#495=B_SPLINE_CURVE_WITH_KNOTS('',3,(#3860,#3861,#3862,#3863,#3864,#3865,
#3866,#3867,#3868,#3869,#3870,#3871,#3872,#3873,#3874,#3875),
 .UNSPECIFIED.,.F.,.F.,(4,1,1,1,2,1,1,1,1,1,1,1,4),(-4.20106199393613,-4.07400422514916,
-4.01011266999677,-3.97816689242058,-3.94622111484439,-3.69958229516662,
-3.45294347548884,-2.95966583613329,-1.97311055742219,-1.47983291806665,
-0.986555278711097,-0.493277639355549,5.55473240196525E-17),
 .UNSPECIFIED.);
#496=B_SPLINE_CURVE_WITH_KNOTS('',3,(#3877,#3878,#3879,#3880,#3881,#3882),
 .UNSPECIFIED.,.F.,.F.,(4,2,4),(-0.272020436831154,-0.270324997979032,-0.0532202596631965),
 .UNSPECIFIED.);
#497=B_SPLINE_CURVE_WITH_KNOTS('',3,(#3884,#3885,#3886,#3887,#3888,#3889,
#3890,#3891),.UNSPECIFIED.,.F.,.F.,(4,2,2,4),(-0.376970772125914,-0.358395069858163,
-0.238541196963857,-0.132885703762976),.UNSPECIFIED.);
#498=B_SPLINE_CURVE_WITH_KNOTS('',3,(#3893,#3894,#3895,#3896,#3897,#3898,
#3899,#3900,#3901,#3902,#3903,#3904,#3905,#3906,#3907,#3908,#3909,#3910,
#3911,#3912,#3913,#3914),.UNSPECIFIED.,.F.,.F.,(4,3,3,3,3,3,3,4),(-0.176471712021802,
-0.113761662019244,-0.0757670292560261,-0.0137618635716708,0.,0.0109838553574868,
0.0221431477920703,0.0237731249684501),.UNSPECIFIED.);
#499=B_SPLINE_CURVE_WITH_KNOTS('',3,(#3915,#3916,#3917,#3918),
 .UNSPECIFIED.,.F.,.F.,(4,4),(0.333372598371757,0.472444243337206),
 .UNSPECIFIED.);
#500=B_SPLINE_CURVE_WITH_KNOTS('',3,(#3960,#3961,#3962,#3963,#3964,#3965,
#3966,#3967,#3968,#3969),.UNSPECIFIED.,.F.,.F.,(4,1,1,1,1,2,4),(0.0426060297597025,
0.140705566860082,0.281411133720164,0.422116700580246,0.562822267440328,
0.70352783430041,0.978823416735744),.UNSPECIFIED.);
#501=B_SPLINE_CURVE_WITH_KNOTS('',3,(#3971,#3972,#3973,#3974),
 .UNSPECIFIED.,.F.,.F.,(4,4),(-2.60000000000001,-0.0500000000000069),
 .UNSPECIFIED.);
#502=B_SPLINE_CURVE_WITH_KNOTS('',3,(#3976,#3977,#3978,#3979),
 .UNSPECIFIED.,.F.,.F.,(4,4),(-0.20095899558304,0.),.UNSPECIFIED.);
#503=B_SPLINE_CURVE_WITH_KNOTS('',3,(#3983,#3984,#3985,#3986),
 .UNSPECIFIED.,.F.,.F.,(4,4),(-0.407874194511555,-0.0526955554287187),
 .UNSPECIFIED.);
#504=B_SPLINE_CURVE_WITH_KNOTS('',3,(#3988,#3989,#3990,#3991),
 .UNSPECIFIED.,.F.,.F.,(4,4),(-1.75,-0.0500000000000007),.UNSPECIFIED.);
#505=B_SPLINE_CURVE_WITH_KNOTS('',3,(#3993,#3994,#3995,#3996),
 .UNSPECIFIED.,.F.,.F.,(4,4),(-0.355428423778106,0.),.UNSPECIFIED.);
#506=B_SPLINE_CURVE_WITH_KNOTS('',3,(#4020,#4021,#4022,#4023,#4024,#4025,
#4026,#4027,#4028,#4029,#4030,#4031),.UNSPECIFIED.,.F.,.F.,(4,2,2,2,2,4),
(0.038784377622572,0.0576899213528965,0.0864183488840418,0.119692465083577,
0.154526342375507,0.155065115687701),.UNSPECIFIED.);
#507=B_SPLINE_CURVE_WITH_KNOTS('',3,(#4033,#4034,#4035,#4036),
 .UNSPECIFIED.,.F.,.F.,(4,4),(0.0500000000000043,2.55),.UNSPECIFIED.);
#508=B_SPLINE_CURVE_WITH_KNOTS('',3,(#4039,#4040,#4041,#4042),
 .UNSPECIFIED.,.F.,.F.,(4,4),(-2.55,0.),.UNSPECIFIED.);
#509=B_SPLINE_CURVE_WITH_KNOTS('',3,(#4043,#4044,#4045,#4046),
 .UNSPECIFIED.,.F.,.F.,(4,4),(0.,0.253636907716404),.UNSPECIFIED.);
#510=B_SPLINE_CURVE_WITH_KNOTS('',3,(#4068,#4069,#4070,#4071),
 .UNSPECIFIED.,.F.,.F.,(4,4),(-0.253639580183468,0.),.UNSPECIFIED.);
#511=B_SPLINE_CURVE_WITH_KNOTS('',3,(#4073,#4074,#4075,#4076),
 .UNSPECIFIED.,.F.,.F.,(4,4),(0.,2.5),.UNSPECIFIED.);
#512=B_SPLINE_CURVE_WITH_KNOTS('',3,(#4077,#4078,#4079,#4080,#4081,#4082,
#4083,#4084,#4085,#4086,#4087,#4088),.UNSPECIFIED.,.F.,.F.,(4,2,2,2,2,4),
(-0.000547307112925471,0.,0.0380329611362746,0.0741489863740383,0.101932907535565,
0.11768699909327),.UNSPECIFIED.);
#513=B_SPLINE_CURVE_WITH_KNOTS('',3,(#4112,#4113,#4114,#4115),
 .UNSPECIFIED.,.F.,.F.,(4,4),(-0.251844283076336,-0.0509063264001366),
 .UNSPECIFIED.);
#514=B_SPLINE_CURVE_WITH_KNOTS('',3,(#4150,#4151,#4152,#4153,#4154,#4155,
#4156,#4157,#4158,#4159,#4160,#4161),.UNSPECIFIED.,.F.,.F.,(4,2,2,2,2,4),
(0.,0.0186226692243208,0.0429630700618675,0.0744662734485975,0.107800469287874,
0.108302904356864),.UNSPECIFIED.);
#515=B_SPLINE_CURVE_WITH_KNOTS('',3,(#4245,#4246,#4247,#4248,#4249,#4250,
#4251,#4252,#4253,#4254,#4255,#4256,#4257,#4258,#4259,#4260),
 .UNSPECIFIED.,.F.,.F.,(4,3,3,3,3,4),(0.,0.117193342016078,0.234386684032156,
0.351580026048235,0.41201213469272,0.472444243337204),.UNSPECIFIED.);
#516=B_SPLINE_CURVE_WITH_KNOTS('',3,(#4262,#4263,#4264,#4265,#4266,#4267,
#4268,#4269,#4270,#4271,#4272,#4273,#4274,#4275,#4276,#4277),
 .UNSPECIFIED.,.F.,.F.,(4,3,3,3,3,4),(0.,0.117193342016078,0.234386684032157,
0.351580026048236,0.41201213469272,0.472444243337205),.UNSPECIFIED.);
#517=B_SPLINE_CURVE_WITH_KNOTS('',3,(#4281,#4282,#4283,#4284),
 .UNSPECIFIED.,.F.,.F.,(4,4),(-0.12121212121212,-0.0606060606060607),
 .UNSPECIFIED.);
#518=B_SPLINE_CURVE_WITH_KNOTS('',3,(#4286,#4287,#4288,#4289,#4290,#4291,
#4292),.UNSPECIFIED.,.F.,.F.,(4,3,4),(0.,0.134984069524916,0.31496282889147),
 .UNSPECIFIED.);
#519=B_SPLINE_CURVE_WITH_KNOTS('',3,(#4294,#4295,#4296,#4297,#4298),
 .UNSPECIFIED.,.F.,.F.,(4,1,4),(0.120578778135048,0.441521316319271,0.879421221864951),
 .UNSPECIFIED.);
#520=B_SPLINE_CURVE_WITH_KNOTS('',3,(#4300,#4301,#4302,#4303,#4304),
 .UNSPECIFIED.,.F.,.F.,(4,1,4),(-1.,-0.571428571428571,0.),
 .UNSPECIFIED.);
#521=B_SPLINE_CURVE_WITH_KNOTS('',3,(#4306,#4307,#4308,#4309),
 .UNSPECIFIED.,.F.,.F.,(4,4),(0.0606060606060606,0.121212121212122),
 .UNSPECIFIED.);
#522=B_SPLINE_CURVE_WITH_KNOTS('',3,(#4316,#4317,#4318,#4319,#4320,#4321,
#4322),.UNSPECIFIED.,.F.,.F.,(4,3,4),(0.,0.117193342016078,0.139348294090817),
 .UNSPECIFIED.);
#523=B_SPLINE_CURVE_WITH_KNOTS('',3,(#4323,#4324,#4325,#4326),
 .UNSPECIFIED.,.F.,.F.,(4,4),(0.,0.139348294090817),.UNSPECIFIED.);
#524=B_SPLINE_CURVE_WITH_KNOTS('',3,(#4328,#4329,#4330,#4331,#4332,#4333,
#4334),.UNSPECIFIED.,.F.,.F.,(4,3,4),(0.,0.202476104287373,0.472444243337204),
 .UNSPECIFIED.);
#525=B_SPLINE_CURVE_WITH_KNOTS('',3,(#4336,#4337,#4338,#4339,#4340,#4341,
#4342,#4343,#4344,#4345),.UNSPECIFIED.,.F.,.F.,(4,3,3,4),(0.333372598371757,
0.351580026048236,0.412012134692721,0.472444243337206),.UNSPECIFIED.);
#526=B_SPLINE_CURVE_WITH_KNOTS('',3,(#4372,#4373,#4374,#4375,#4376,#4377,
#4378,#4379,#4380,#4381,#4382,#4383,#4384,#4385,#4386,#4387),
 .UNSPECIFIED.,.F.,.F.,(4,3,3,3,3,4),(-0.200213103267293,-0.17644374566775,
-0.106514630354534,-0.100688723615168,-0.0304154300121369,0.),
 .UNSPECIFIED.);
#527=B_SPLINE_CURVE_WITH_KNOTS('',3,(#4390,#4391,#4392,#4393,#4394,#4395,
#4396),.UNSPECIFIED.,.F.,.F.,(4,3,4),(-0.147852689851171,-0.117193342016078,
0.),.UNSPECIFIED.);
#528=B_SPLINE_CURVE_WITH_KNOTS('',3,(#4422,#4423,#4424,#4425,#4426,#4427,
#4428,#4429,#4430,#4431),.UNSPECIFIED.,.F.,.F.,(4,3,3,4),(-0.472444243337206,
-0.412012134692721,-0.351580026048236,-0.324871327589143),.UNSPECIFIED.);
#529=B_SPLINE_CURVE_WITH_KNOTS('',3,(#4462,#4463,#4464,#4465,#4466,#4467,
#4468,#4469,#4470,#4471,#4472,#4473,#4474,#4475,#4476,#4477),
 .UNSPECIFIED.,.F.,.F.,(4,3,3,3,3,4),(-0.472444243337205,-0.41201213469272,
-0.351580026048236,-0.234386684032157,-0.117193342016078,0.),
 .UNSPECIFIED.);
#530=B_SPLINE_CURVE_WITH_KNOTS('',3,(#4508,#4509,#4510,#4511,#4512,#4513,
#4514,#4515,#4516,#4517,#4518,#4519,#4520,#4521,#4522,#4523),
 .UNSPECIFIED.,.F.,.F.,(4,3,3,3,3,4),(-0.472444243337204,-0.41201213469272,
-0.351580026048235,-0.234386684032156,-0.117193342016078,0.),
 .UNSPECIFIED.);
#531=B_SPLINE_CURVE_WITH_KNOTS('',3,(#4529,#4530,#4531,#4532,#4533,#4534),
 .UNSPECIFIED.,.F.,.F.,(4,2,4),(-0.21763950363003,0.,0.00169961447136534),
 .UNSPECIFIED.);
#532=B_SPLINE_CURVE_WITH_KNOTS('',3,(#4537,#4538,#4539,#4540,#4541,#4542,
#4543,#4544),.UNSPECIFIED.,.F.,.F.,(4,2,2,4),(-0.344914733357529,-0.2359097656255,
-0.116932562052645,-0.100905437615817),.UNSPECIFIED.);
#533=B_SPLINE_CURVE_WITH_KNOTS('',3,(#4548,#4549,#4550,#4551),
 .UNSPECIFIED.,.F.,.F.,(4,4),(-1.75,-0.0500000000000003),.UNSPECIFIED.);
#534=B_SPLINE_CURVE_WITH_KNOTS('',3,(#4555,#4556,#4557,#4558),
 .UNSPECIFIED.,.F.,.F.,(4,4),(-1.75,-0.05),.UNSPECIFIED.);
#535=B_SPLINE_CURVE_WITH_KNOTS('',3,(#4562,#4563,#4564,#4565),
 .UNSPECIFIED.,.F.,.F.,(4,4),(-0.355428423778106,0.),.UNSPECIFIED.);
#536=B_SPLINE_CURVE_WITH_KNOTS('',3,(#4567,#4568,#4569,#4570),
 .UNSPECIFIED.,.F.,.F.,(4,4),(-0.406708062665078,-0.0522578322645783),
 .UNSPECIFIED.);
#537=B_SPLINE_CURVE_WITH_KNOTS('',3,(#4573,#4574,#4575,#4576),
 .UNSPECIFIED.,.F.,.F.,(4,4),(-0.407874194511556,-0.052695555428719),
 .UNSPECIFIED.);
#538=B_SPLINE_CURVE_WITH_KNOTS('',3,(#4577,#4578,#4579,#4580),
 .UNSPECIFIED.,.F.,.F.,(4,4),(-0.3546072309268,0.),.UNSPECIFIED.);
#539=B_SPLINE_CURVE_WITH_KNOTS('',3,(#4585,#4586,#4587,#4588),
 .UNSPECIFIED.,.F.,.F.,(4,4),(-1.75,-0.0500000000000134),.UNSPECIFIED.);
#540=B_SPLINE_CURVE_WITH_KNOTS('',3,(#4591,#4592,#4593,#4594),
 .UNSPECIFIED.,.F.,.F.,(4,4),(-0.406708062665078,-0.0522578322645785),
 .UNSPECIFIED.);
#541=B_SPLINE_CURVE_WITH_KNOTS('',3,(#4598,#4599,#4600,#4601),
 .UNSPECIFIED.,.F.,.F.,(4,4),(-0.3546072309268,0.),.UNSPECIFIED.);
#542=B_SPLINE_CURVE_WITH_KNOTS('',3,(#4643,#4644,#4645,#4646,#4647,#4648,
#4649,#4650,#4651,#4652,#4653,#4654,#4655),.UNSPECIFIED.,.F.,.F.,(4,2,1,
1,1,1,1,2,4),(-1.40016158687226,-1.39938990881927,-1.37344216434771,-1.34749441987615,
-1.29559893093303,-1.19180795304678,-0.984225997274297,-0.569062085729323,
-0.0999999438033396),.UNSPECIFIED.);
#543=B_SPLINE_CURVE_WITH_KNOTS('',3,(#4656,#4657,#4658,#4659,#4660,#4661,
#4662,#4663,#4664,#4665,#4666,#4667,#4668,#4669,#4670),.UNSPECIFIED.,.F.,
 .F.,(4,1,1,1,1,1,1,2,1,1,1,4),(-5.60117724427319,-5.10789960491765,-4.6146219655621,
-4.12134432620655,-3.628066686851,-2.6415114081399,-2.14823376878435,-1.6549561294288,
-1.62301035185261,-1.59106457427642,-1.52717301912404,-1.40016158687226),
 .UNSPECIFIED.);
#544=B_SPLINE_CURVE_WITH_KNOTS('',3,(#4674,#4675,#4676,#4677),
 .UNSPECIFIED.,.F.,.F.,(4,4),(0.464646464646465,1.),.UNSPECIFIED.);
#545=B_SPLINE_CURVE_WITH_KNOTS('',3,(#4678,#4679,#4680,#4681),
 .UNSPECIFIED.,.F.,.F.,(4,4),(-1.,-0.464646464646464),.UNSPECIFIED.);
#546=B_SPLINE_CURVE_WITH_KNOTS('',3,(#4833,#4834,#4835,#4836,#4837,#4838),
 .UNSPECIFIED.,.F.,.F.,(4,1,1,4),(11.1833903767702,11.6410607710427,12.0224527662698,
12.4038447614969),.UNSPECIFIED.);
#547=B_SPLINE_CURVE_WITH_KNOTS('',3,(#4840,#4841,#4842,#4843,#4844,#4845,
#4846,#4847,#4848,#4849,#4850),.UNSPECIFIED.,.F.,.F.,(4,1,1,1,1,2,1,4),
(8.7072811399696,9.9055631349207,10.130241008974,10.3549188830274,10.804274631134,
11.1038451298718,11.1386461753899,11.1833903767702),.UNSPECIFIED.);
#548=B_SPLINE_CURVE_WITH_KNOTS('',3,(#4851,#4852,#4853,#4854,#4855,#4856,
#4857,#4858,#4859,#4860,#4861,#4862,#4863,#4864,#4865,#4866,#4867),
 .UNSPECIFIED.,.F.,.F.,(4,1,1,1,1,1,1,1,1,1,1,1,1,1,4),(-1.23987378789044E-16,
1.0884101424962,1.6326152137443,2.1768202849924,3.2652304274886,3.8094354987367,
4.3536405699848,5.16994817685695,5.9862557837291,6.5304608549772,7.6188709974734,
7.82294789919143,8.16307606872149,8.29912733653352,8.7072811399696),
 .UNSPECIFIED.);
#549=B_SPLINE_CURVE_WITH_KNOTS('',3,(#4964,#4965,#4966,#4967,#4968,#4969),
 .UNSPECIFIED.,.F.,.F.,(4,2,4),(0.0999999438033405,0.569062085729322,0.569097931723165),
 .UNSPECIFIED.);
#550=B_SPLINE_CURVE_WITH_KNOTS('',3,(#4971,#4972,#4973,#4974,#4975,#4976,
#4977,#4978,#4979,#4980,#4981,#4982,#4983,#4984),.UNSPECIFIED.,.F.,.F.,
(4,1,1,1,1,2,1,1,2,4),(0.569097931723165,0.984225997274297,1.19180795304678,
1.29559893093303,1.34749441987615,1.39938990881927,1.46328146397165,1.59106457427642,
1.6549561294288,1.65561375194897),.UNSPECIFIED.);
#551=B_SPLINE_CURVE_WITH_KNOTS('',3,(#4985,#4986,#4987,#4988,#4989,#4990,
#4991,#4992,#4993,#4994),.UNSPECIFIED.,.F.,.F.,(4,1,1,1,1,1,1,4),(1.65561375194897,
2.14823376878435,2.6415114081399,3.13478904749545,3.628066686851,4.6146219655621,
5.10789960491765,5.60117724427319),.UNSPECIFIED.);
#552=B_SPLINE_CURVE_WITH_KNOTS('',3,(#5106,#5107,#5108,#5109,#5110,#5111,
#5112,#5113,#5114,#5115,#5116,#5117),.UNSPECIFIED.,.F.,.F.,(4,2,1,1,1,1,
2,4),(-1.40016247647922,-1.39938990881927,-1.34749441987615,-1.29559893093303,
-1.19180795304678,-0.984225997274297,-0.569062085729322,-0.0999999438033405),
 .UNSPECIFIED.);
#553=B_SPLINE_CURVE_WITH_KNOTS('',3,(#5118,#5119,#5120,#5121,#5122,#5123,
#5124,#5125,#5126,#5127,#5128,#5129,#5130,#5131),.UNSPECIFIED.,.F.,.F.,
(4,1,1,1,1,1,1,2,1,1,4),(-5.60117724427319,-5.10789960491765,-4.6146219655621,
-3.628066686851,-3.13478904749545,-2.6415114081399,-2.14823376878435,-1.6549561294288,
-1.59106457427642,-1.46328146397165,-1.40016247648037),.UNSPECIFIED.);
#554=B_SPLINE_CURVE_WITH_KNOTS('',3,(#5196,#5197,#5198,#5199,#5200,#5201,
#5202,#5203,#5204,#5205,#5206,#5207,#5208,#5209,#5210,#5211),
 .UNSPECIFIED.,.F.,.F.,(4,1,1,1,1,1,1,2,1,1,1,1,4),(0.,0.140705566860082,
0.281411133720164,0.422116700580246,0.562822267440328,0.633175050870369,
0.66835144258539,0.70352783430041,0.717292613422177,0.731057392543943,0.758586950787477,
0.86870518376161,0.978823416735744),.UNSPECIFIED.);
#555=B_SPLINE_CURVE_WITH_KNOTS('',3,(#5411,#5412,#5413,#5414,#5415,#5416,
#5417,#5418,#5419,#5420,#5421,#5422,#5423,#5424,#5425,#5426,#5427,#5428,
#5429,#5430,#5431,#5432,#5433,#5434,#5435,#5436,#5437),.UNSPECIFIED.,.F.,
 .F.,(4,1,1,2,1,2,1,1,2,1,1,1,1,1,1,1,1,1,1,1,1,4),(-12.4038447614969,-12.0224527662698,
-11.7936175691336,-11.1833903767702,-11.1336745974587,-11.1038451298718,
-10.5047041323962,-9.9055631349207,-8.7072811399696,-8.29912733640519,-8.16307606855039,
-7.61887099713119,-6.53046085429278,-5.98625578287357,-4.89784564003517,
-4.35364056861596,-3.80943549719676,-3.26523042577755,-2.17682028293915,
-1.63261521151994,-1.08841014010074,2.73766955916458E-9),.UNSPECIFIED.);
#556=B_SPLINE_CURVE_WITH_KNOTS('',3,(#5439,#5440,#5441,#5442,#5443,#5444,
#5445,#5446,#5447,#5448,#5449,#5450,#5451,#5452,#5453,#5454,#5455,#5456),
 .UNSPECIFIED.,.F.,.F.,(4,1,1,1,1,1,1,1,1,1,1,1,1,2,4),(-5.99565385435357E-17,
1.08841014010074,1.63261521151994,2.17682028293915,3.26523042577755,3.80943549719676,
4.35364056861596,4.89784564003517,5.98625578287357,6.53046085429278,7.61887099713119,
8.16307606855039,8.29912733640519,8.7072811399696,8.70769253269022),
 .UNSPECIFIED.);
#557=B_SPLINE_CURVE_WITH_KNOTS('',3,(#5458,#5459,#5460,#5461,#5462,#5463,
#5464,#5465,#5466),.UNSPECIFIED.,.F.,.F.,(4,1,1,2,1,4),(8.70769253269022,
9.9055631349207,10.5047041323962,11.1038451298718,11.1336745974587,11.183239276503),
 .UNSPECIFIED.);
#558=B_SPLINE_CURVE_WITH_KNOTS('',3,(#5467,#5468,#5469,#5470,#5471,#5472,
#5473,#5474),.UNSPECIFIED.,.F.,.F.,(4,2,1,1,4),(11.183239276503,11.1833903767702,
11.7936175691336,12.0224527662698,12.4038447614969),.UNSPECIFIED.);
#559=B_SPLINE_CURVE_WITH_KNOTS('',3,(#5524,#5525,#5526,#5527,#5528,#5529,
#5530,#5531,#5532,#5533),.UNSPECIFIED.,.F.,.F.,(4,1,1,1,1,1,1,4),(1.65547614358706,
2.14823376878435,2.6415114081399,3.628066686851,4.12134432620655,4.6146219655621,
5.10789960491765,5.60117724427319),.UNSPECIFIED.);
#560=B_SPLINE_CURVE_WITH_KNOTS('',3,(#5535,#5536,#5537,#5538,#5539,#5540,
#5541,#5542,#5543,#5544,#5545,#5546,#5547,#5548,#5549,#5550),
 .UNSPECIFIED.,.F.,.F.,(4,1,1,1,1,1,2,1,1,1,2,4),(0.569115921855839,0.984225997274297,
1.19180795304678,1.29559893093303,1.34749441987615,1.37344216434771,1.39938990881927,
1.52717301912404,1.59106457427642,1.62301035185261,1.6549561294288,1.65547614358706),
 .UNSPECIFIED.);
#561=B_SPLINE_CURVE_WITH_KNOTS('',3,(#5551,#5552,#5553,#5554,#5555,#5556),
 .UNSPECIFIED.,.F.,.F.,(4,2,4),(0.0999999438033396,0.569062085729323,0.569115921855839),
 .UNSPECIFIED.);
#562=CIRCLE('',#1661,0.99999999999997);
#563=CIRCLE('',#1662,0.999999999999999);
#564=CIRCLE('',#1663,0.999999999999996);
#565=CIRCLE('',#1664,0.999999999999996);
#566=CIRCLE('',#1665,0.999999999999996);
#567=CIRCLE('',#1666,0.999999999999996);
#568=CIRCLE('',#1667,1.00000000000001);
#569=CIRCLE('',#1668,1.);
#570=CIRCLE('',#1669,1.);
#571=CIRCLE('',#1670,1.);
#572=CIRCLE('',#1672,2.);
#573=CIRCLE('',#1673,2.);
#574=CIRCLE('',#1675,2.);
#575=CIRCLE('',#1676,2.);
#576=CIRCLE('',#1678,2.);
#577=CIRCLE('',#1681,2.);
#578=CIRCLE('',#1683,2.);
#579=CIRCLE('',#1686,2.);
#580=CIRCLE('',#1693,1.);
#581=CIRCLE('',#1696,0.5);
#582=CIRCLE('',#1698,0.5);
#583=CIRCLE('',#1701,0.500000000000007);
#584=CIRCLE('',#1702,0.800000000000001);
#585=CIRCLE('',#1703,0.5);
#586=CIRCLE('',#1704,0.300000000000002);
#587=CIRCLE('',#1706,0.8);
#588=CIRCLE('',#1708,0.8);
#589=CIRCLE('',#1709,0.8);
#590=CIRCLE('',#1710,0.499999999999998);
#591=CIRCLE('',#1711,0.800000000000004);
#592=CIRCLE('',#1712,0.5);
#593=CIRCLE('',#1713,0.300000000000003);
#594=CIRCLE('',#1715,0.8);
#595=CIRCLE('',#1719,0.5);
#596=VERTEX_POINT('',#2033);
#597=VERTEX_POINT('',#2034);
#598=VERTEX_POINT('',#2036);
#599=VERTEX_POINT('',#2041);
#600=VERTEX_POINT('',#2067);
#601=VERTEX_POINT('',#2068);
#602=VERTEX_POINT('',#2108);
#603=VERTEX_POINT('',#2109);
#604=VERTEX_POINT('',#2143);
#605=VERTEX_POINT('',#2144);
#606=VERTEX_POINT('',#2181);
#607=VERTEX_POINT('',#2182);
#608=VERTEX_POINT('',#2216);
#609=VERTEX_POINT('',#2217);
#610=VERTEX_POINT('',#2247);
#611=VERTEX_POINT('',#2248);
#612=VERTEX_POINT('',#2288);
#613=VERTEX_POINT('',#2289);
#614=VERTEX_POINT('',#2323);
#615=VERTEX_POINT('',#2324);
#616=VERTEX_POINT('',#2508);
#617=VERTEX_POINT('',#2515);
#618=VERTEX_POINT('',#2531);
#619=VERTEX_POINT('',#2546);
#620=VERTEX_POINT('',#2552);
#621=VERTEX_POINT('',#2679);
#622=VERTEX_POINT('',#2693);
#623=VERTEX_POINT('',#2701);
#624=VERTEX_POINT('',#2838);
#625=VERTEX_POINT('',#2845);
#626=VERTEX_POINT('',#2996);
#627=VERTEX_POINT('',#3161);
#628=VERTEX_POINT('',#3184);
#629=VERTEX_POINT('',#3213);
#630=VERTEX_POINT('',#3215);
#631=VERTEX_POINT('',#3217);
#632=VERTEX_POINT('',#3219);
#633=VERTEX_POINT('',#3223);
#634=VERTEX_POINT('',#3225);
#635=VERTEX_POINT('',#3227);
#636=VERTEX_POINT('',#3229);
#637=VERTEX_POINT('',#3233);
#638=VERTEX_POINT('',#3234);
#639=VERTEX_POINT('',#3239);
#640=VERTEX_POINT('',#3243);
#641=VERTEX_POINT('',#3245);
#642=VERTEX_POINT('',#3253);
#643=VERTEX_POINT('',#3260);
#644=VERTEX_POINT('',#3267);
#645=VERTEX_POINT('',#3275);
#646=VERTEX_POINT('',#3279);
#647=VERTEX_POINT('',#3280);
#648=VERTEX_POINT('',#3285);
#649=VERTEX_POINT('',#3292);
#650=VERTEX_POINT('',#3294);
#651=VERTEX_POINT('',#3296);
#652=VERTEX_POINT('',#3298);
#653=VERTEX_POINT('',#3306);
#654=VERTEX_POINT('',#3313);
#655=VERTEX_POINT('',#3412);
#656=VERTEX_POINT('',#3439);
#657=VERTEX_POINT('',#3587);
#658=VERTEX_POINT('',#3595);
#659=VERTEX_POINT('',#3606);
#660=VERTEX_POINT('',#3683);
#661=VERTEX_POINT('',#3690);
#662=VERTEX_POINT('',#3707);
#663=VERTEX_POINT('',#3845);
#664=VERTEX_POINT('',#3859);
#665=VERTEX_POINT('',#3876);
#666=VERTEX_POINT('',#3883);
#667=VERTEX_POINT('',#3892);
#668=VERTEX_POINT('',#3959);
#669=VERTEX_POINT('',#3970);
#670=VERTEX_POINT('',#3975);
#671=VERTEX_POINT('',#3980);
#672=VERTEX_POINT('',#3982);
#673=VERTEX_POINT('',#3987);
#674=VERTEX_POINT('',#3992);
#675=VERTEX_POINT('',#4018);
#676=VERTEX_POINT('',#4019);
#677=VERTEX_POINT('',#4032);
#678=VERTEX_POINT('',#4038);
#679=VERTEX_POINT('',#4067);
#680=VERTEX_POINT('',#4072);
#681=VERTEX_POINT('',#4090);
#682=VERTEX_POINT('',#4092);
#683=VERTEX_POINT('',#4096);
#684=VERTEX_POINT('',#4100);
#685=VERTEX_POINT('',#4102);
#686=VERTEX_POINT('',#4104);
#687=VERTEX_POINT('',#4111);
#688=VERTEX_POINT('',#4126);
#689=VERTEX_POINT('',#4127);
#690=VERTEX_POINT('',#4129);
#691=VERTEX_POINT('',#4131);
#692=VERTEX_POINT('',#4135);
#693=VERTEX_POINT('',#4136);
#694=VERTEX_POINT('',#4141);
#695=VERTEX_POINT('',#4142);
#696=VERTEX_POINT('',#4144);
#697=VERTEX_POINT('',#4146);
#698=VERTEX_POINT('',#4148);
#699=VERTEX_POINT('',#4171);
#700=VERTEX_POINT('',#4172);
#701=VERTEX_POINT('',#4174);
#702=VERTEX_POINT('',#4176);
#703=VERTEX_POINT('',#4180);
#704=VERTEX_POINT('',#4181);
#705=VERTEX_POINT('',#4192);
#706=VERTEX_POINT('',#4193);
#707=VERTEX_POINT('',#4202);
#708=VERTEX_POINT('',#4207);
#709=VERTEX_POINT('',#4209);
#710=VERTEX_POINT('',#4215);
#711=VERTEX_POINT('',#4218);
#712=VERTEX_POINT('',#4220);
#713=VERTEX_POINT('',#4222);
#714=VERTEX_POINT('',#4224);
#715=VERTEX_POINT('',#4233);
#716=VERTEX_POINT('',#4234);
#717=VERTEX_POINT('',#4236);
#718=VERTEX_POINT('',#4239);
#719=VERTEX_POINT('',#4279);
#720=VERTEX_POINT('',#4285);
#721=VERTEX_POINT('',#4293);
#722=VERTEX_POINT('',#4299);
#723=VERTEX_POINT('',#4305);
#724=VERTEX_POINT('',#4310);
#725=VERTEX_POINT('',#4312);
#726=VERTEX_POINT('',#4315);
#727=VERTEX_POINT('',#4371);
#728=VERTEX_POINT('',#4388);
#729=VERTEX_POINT('',#4421);
#730=VERTEX_POINT('',#4434);
#731=VERTEX_POINT('',#4461);
#732=VERTEX_POINT('',#4480);
#733=VERTEX_POINT('',#4507);
#734=VERTEX_POINT('',#4528);
#735=VERTEX_POINT('',#4546);
#736=VERTEX_POINT('',#4547);
#737=VERTEX_POINT('',#4552);
#738=VERTEX_POINT('',#4554);
#739=VERTEX_POINT('',#4561);
#740=VERTEX_POINT('',#4566);
#741=VERTEX_POINT('',#4582);
#742=VERTEX_POINT('',#4584);
#743=VERTEX_POINT('',#4596);
#744=VERTEX_POINT('',#4642);
#745=VERTEX_POINT('',#4673);
#746=VERTEX_POINT('',#4832);
#747=VERTEX_POINT('',#4839);
#748=VERTEX_POINT('',#4963);
#749=VERTEX_POINT('',#4970);
#750=VERTEX_POINT('',#5105);
#751=VERTEX_POINT('',#5438);
#752=VERTEX_POINT('',#5457);
#753=VERTEX_POINT('',#5523);
#754=VERTEX_POINT('',#5534);
#755=EDGE_CURVE('',#596,#597,#562,.T.);
#756=EDGE_CURVE('',#597,#598,#437,.T.);
#757=EDGE_CURVE('',#598,#599,#563,.T.);
#758=EDGE_CURVE('',#599,#596,#438,.T.);
#759=EDGE_CURVE('',#600,#601,#564,.T.);
#760=EDGE_CURVE('',#601,#597,#439,.T.);
#761=EDGE_CURVE('',#596,#600,#440,.T.);
#762=EDGE_CURVE('',#602,#603,#565,.T.);
#763=EDGE_CURVE('',#603,#601,#441,.T.);
#764=EDGE_CURVE('',#600,#602,#442,.T.);
#765=EDGE_CURVE('',#604,#605,#566,.T.);
#766=EDGE_CURVE('',#603,#605,#67,.T.);
#767=EDGE_CURVE('',#602,#604,#443,.T.);
#768=EDGE_CURVE('',#606,#607,#567,.T.);
#769=EDGE_CURVE('',#607,#605,#444,.T.);
#770=EDGE_CURVE('',#604,#606,#445,.T.);
#771=EDGE_CURVE('',#608,#609,#568,.T.);
#772=EDGE_CURVE('',#609,#607,#446,.T.);
#773=EDGE_CURVE('',#606,#608,#447,.T.);
#774=EDGE_CURVE('',#610,#611,#569,.T.);
#775=EDGE_CURVE('',#611,#609,#448,.T.);
#776=EDGE_CURVE('',#608,#610,#449,.T.);
#777=EDGE_CURVE('',#612,#613,#570,.T.);
#778=EDGE_CURVE('',#613,#611,#450,.T.);
#779=EDGE_CURVE('',#610,#612,#451,.T.);
#780=EDGE_CURVE('',#614,#615,#571,.T.);
#781=EDGE_CURVE('',#615,#613,#68,.T.);
#782=EDGE_CURVE('',#612,#614,#452,.T.);
#783=EDGE_CURVE('',#598,#615,#453,.T.);
#784=EDGE_CURVE('',#614,#599,#454,.T.);
#785=EDGE_CURVE('',#616,#604,#455,.T.);
#786=EDGE_CURVE('',#617,#616,#456,.T.);
#787=EDGE_CURVE('',#618,#617,#457,.T.);
#788=EDGE_CURVE('',#619,#618,#458,.T.);
#789=EDGE_CURVE('',#620,#619,#459,.T.);
#790=EDGE_CURVE('',#606,#620,#460,.T.);
#791=EDGE_CURVE('',#602,#621,#461,.T.);
#792=EDGE_CURVE('',#621,#622,#462,.T.);
#793=EDGE_CURVE('',#622,#623,#463,.T.);
#794=EDGE_CURVE('',#618,#623,#464,.T.);
#795=EDGE_CURVE('',#624,#600,#465,.T.);
#796=EDGE_CURVE('',#625,#624,#466,.T.);
#797=EDGE_CURVE('',#623,#625,#467,.T.);
#798=EDGE_CURVE('',#626,#596,#468,.T.);
#799=EDGE_CURVE('',#625,#626,#469,.T.);
#800=EDGE_CURVE('',#599,#627,#470,.T.);
#801=EDGE_CURVE('',#627,#628,#471,.T.);
#802=EDGE_CURVE('',#626,#628,#472,.T.);
#803=EDGE_CURVE('',#629,#603,#69,.T.);
#804=EDGE_CURVE('',#630,#629,#572,.T.);
#805=EDGE_CURVE('',#631,#630,#70,.T.);
#806=EDGE_CURVE('',#632,#631,#573,.T.);
#807=EDGE_CURVE('',#615,#632,#71,.T.);
#808=EDGE_CURVE('',#633,#613,#72,.T.);
#809=EDGE_CURVE('',#634,#633,#574,.T.);
#810=EDGE_CURVE('',#635,#634,#73,.T.);
#811=EDGE_CURVE('',#636,#635,#575,.T.);
#812=EDGE_CURVE('',#605,#636,#74,.T.);
#813=EDGE_CURVE('',#637,#638,#576,.T.);
#814=EDGE_CURVE('',#638,#630,#75,.T.);
#815=EDGE_CURVE('',#629,#637,#76,.T.);
#816=EDGE_CURVE('',#639,#638,#77,.T.);
#817=EDGE_CURVE('',#631,#639,#78,.T.);
#818=EDGE_CURVE('',#637,#640,#79,.T.);
#819=EDGE_CURVE('',#641,#640,#473,.T.);
#820=EDGE_CURVE('',#642,#641,#474,.T.);
#821=EDGE_CURVE('',#643,#642,#475,.T.);
#822=EDGE_CURVE('',#644,#643,#476,.T.);
#823=EDGE_CURVE('',#644,#645,#80,.T.);
#824=EDGE_CURVE('',#639,#645,#577,.T.);
#825=EDGE_CURVE('',#646,#647,#578,.T.);
#826=EDGE_CURVE('',#647,#636,#81,.T.);
#827=EDGE_CURVE('',#635,#646,#82,.T.);
#828=EDGE_CURVE('',#648,#647,#83,.T.);
#829=EDGE_CURVE('',#648,#605,#477,.T.);
#830=EDGE_CURVE('',#646,#649,#84,.T.);
#831=EDGE_CURVE('',#650,#649,#579,.T.);
#832=EDGE_CURVE('',#650,#651,#85,.T.);
#833=EDGE_CURVE('',#652,#651,#478,.T.);
#834=EDGE_CURVE('',#653,#652,#479,.T.);
#835=EDGE_CURVE('',#654,#653,#480,.T.);
#836=EDGE_CURVE('',#648,#654,#481,.T.);
#837=EDGE_CURVE('',#645,#632,#86,.T.);
#838=EDGE_CURVE('',#644,#615,#482,.T.);
#839=EDGE_CURVE('',#649,#634,#87,.T.);
#840=EDGE_CURVE('',#633,#650,#88,.T.);
#841=EDGE_CURVE('',#613,#651,#483,.T.);
#842=EDGE_CURVE('',#603,#640,#484,.T.);
#843=EDGE_CURVE('',#655,#641,#485,.T.);
#844=EDGE_CURVE('',#656,#655,#89,.T.);
#845=EDGE_CURVE('',#656,#642,#486,.T.);
#846=EDGE_CURVE('',#640,#657,#487,.T.);
#847=EDGE_CURVE('',#657,#658,#488,.T.);
#848=EDGE_CURVE('',#658,#659,#489,.T.);
#849=EDGE_CURVE('',#659,#655,#490,.T.);
#850=EDGE_CURVE('',#660,#648,#491,.T.);
#851=EDGE_CURVE('',#661,#660,#492,.T.);
#852=EDGE_CURVE('',#662,#661,#493,.T.);
#853=EDGE_CURVE('',#659,#662,#90,.T.);
#854=EDGE_CURVE('',#654,#663,#494,.T.);
#855=EDGE_CURVE('',#663,#664,#495,.T.);
#856=EDGE_CURVE('',#664,#665,#496,.T.);
#857=EDGE_CURVE('',#665,#666,#497,.T.);
#858=EDGE_CURVE('',#666,#667,#498,.T.);
#859=EDGE_CURVE('',#667,#662,#499,.T.);
#860=EDGE_CURVE('',#668,#653,#500,.T.);
#861=EDGE_CURVE('',#668,#669,#501,.T.);
#862=EDGE_CURVE('',#669,#670,#502,.T.);
#863=EDGE_CURVE('',#671,#670,#91,.T.);
#864=EDGE_CURVE('',#671,#672,#503,.T.);
#865=EDGE_CURVE('',#672,#673,#504,.T.);
#866=EDGE_CURVE('',#673,#674,#505,.T.);
#867=EDGE_CURVE('',#664,#674,#92,.T.);
#868=EDGE_CURVE('',#675,#676,#506,.T.);
#869=EDGE_CURVE('',#676,#677,#507,.T.);
#870=EDGE_CURVE('',#677,#668,#580,.T.);
#871=EDGE_CURVE('',#678,#668,#508,.T.);
#872=EDGE_CURVE('',#678,#675,#509,.T.);
#873=EDGE_CURVE('',#679,#669,#510,.T.);
#874=EDGE_CURVE('',#677,#680,#511,.T.);
#875=EDGE_CURVE('',#680,#679,#512,.T.);
#876=EDGE_CURVE('',#681,#679,#93,.T.);
#877=EDGE_CURVE('',#682,#681,#94,.T.);
#878=EDGE_CURVE('',#670,#682,#95,.T.);
#879=EDGE_CURVE('',#680,#683,#96,.T.);
#880=EDGE_CURVE('',#683,#681,#581,.T.);
#881=EDGE_CURVE('',#683,#684,#97,.T.);
#882=EDGE_CURVE('',#685,#684,#582,.T.);
#883=EDGE_CURVE('',#685,#686,#98,.T.);
#884=EDGE_CURVE('',#686,#682,#99,.T.);
#885=EDGE_CURVE('',#675,#685,#100,.T.);
#886=EDGE_CURVE('',#684,#676,#101,.T.);
#887=EDGE_CURVE('',#687,#678,#513,.T.);
#888=EDGE_CURVE('',#687,#686,#102,.T.);
#889=EDGE_CURVE('',#688,#689,#583,.T.);
#890=EDGE_CURVE('',#690,#688,#584,.F.);
#891=EDGE_CURVE('',#691,#690,#585,.T.);
#892=EDGE_CURVE('',#691,#689,#586,.T.);
#893=EDGE_CURVE('',#692,#693,#587,.T.);
#894=EDGE_CURVE('',#693,#690,#103,.T.);
#895=EDGE_CURVE('',#688,#692,#104,.T.);
#896=EDGE_CURVE('',#694,#695,#105,.T.);
#897=EDGE_CURVE('',#695,#696,#588,.T.);
#898=EDGE_CURVE('',#696,#697,#106,.T.);
#899=EDGE_CURVE('',#697,#698,#589,.T.);
#900=EDGE_CURVE('',#698,#694,#514,.T.);
#901=EDGE_CURVE('',#699,#700,#590,.T.);
#902=EDGE_CURVE('',#701,#699,#591,.F.);
#903=EDGE_CURVE('',#702,#701,#592,.T.);
#904=EDGE_CURVE('',#702,#700,#593,.T.);
#905=EDGE_CURVE('',#703,#704,#594,.T.);
#906=EDGE_CURVE('',#704,#701,#107,.T.);
#907=EDGE_CURVE('',#699,#703,#108,.T.);
#908=EDGE_CURVE('',#698,#702,#109,.T.);
#909=EDGE_CURVE('',#701,#694,#110,.T.);
#910=EDGE_CURVE('',#700,#691,#111,.T.);
#911=EDGE_CURVE('',#690,#699,#112,.T.);
#912=EDGE_CURVE('',#705,#706,#595,.T.);
#913=EDGE_CURVE('',#706,#688,#113,.T.);
#914=EDGE_CURVE('',#689,#705,#114,.T.);
#915=EDGE_CURVE('',#695,#704,#115,.T.);
#916=EDGE_CURVE('',#703,#693,#116,.T.);
#917=EDGE_CURVE('',#707,#706,#117,.T.);
#918=EDGE_CURVE('',#692,#707,#118,.T.);
#919=EDGE_CURVE('',#665,#705,#119,.T.);
#920=EDGE_CURVE('',#664,#708,#120,.T.);
#921=EDGE_CURVE('',#708,#709,#121,.T.);
#922=EDGE_CURVE('',#707,#709,#122,.T.);
#923=EDGE_CURVE('',#670,#687,#123,.T.);
#924=EDGE_CURVE('',#655,#710,#124,.T.);
#925=EDGE_CURVE('',#656,#655,#125,.T.);
#926=EDGE_CURVE('',#656,#711,#126,.T.);
#927=EDGE_CURVE('',#712,#711,#127,.T.);
#928=EDGE_CURVE('',#712,#713,#128,.T.);
#929=EDGE_CURVE('',#714,#713,#129,.T.);
#930=EDGE_CURVE('',#710,#714,#130,.T.);
#931=EDGE_CURVE('',#710,#659,#131,.T.);
#932=EDGE_CURVE('',#709,#714,#132,.T.);
#933=EDGE_CURVE('',#662,#708,#133,.T.);
#934=EDGE_CURVE('',#659,#662,#134,.T.);
#935=EDGE_CURVE('',#715,#716,#135,.T.);
#936=EDGE_CURVE('',#715,#717,#136,.T.);
#937=EDGE_CURVE('',#713,#717,#137,.T.);
#938=EDGE_CURVE('',#718,#712,#138,.T.);
#939=EDGE_CURVE('',#718,#716,#139,.T.);
#940=EDGE_CURVE('',#717,#696,#140,.T.);
#941=EDGE_CURVE('',#711,#718,#515,.T.);
#942=EDGE_CURVE('',#659,#655,#516,.T.);
#943=EDGE_CURVE('',#674,#719,#141,.T.);
#944=EDGE_CURVE('',#719,#619,#517,.T.);
#945=EDGE_CURVE('',#628,#720,#518,.T.);
#946=EDGE_CURVE('',#720,#721,#519,.T.);
#947=EDGE_CURVE('',#721,#722,#520,.T.);
#948=EDGE_CURVE('',#722,#723,#521,.T.);
#949=EDGE_CURVE('',#723,#724,#142,.T.);
#950=EDGE_CURVE('',#725,#724,#143,.T.);
#951=EDGE_CURVE('',#715,#725,#144,.T.);
#952=EDGE_CURVE('',#716,#726,#522,.T.);
#953=EDGE_CURVE('',#716,#726,#523,.T.);
#954=EDGE_CURVE('',#718,#716,#145,.T.);
#955=EDGE_CURVE('',#711,#718,#524,.T.);
#956=EDGE_CURVE('',#656,#711,#146,.T.);
#957=EDGE_CURVE('',#667,#662,#525,.T.);
#958=EDGE_CURVE('',#726,#727,#526,.T.);
#959=EDGE_CURVE('',#716,#728,#147,.T.);
#960=EDGE_CURVE('',#727,#728,#527,.T.);
#961=EDGE_CURVE('',#729,#666,#528,.T.);
#962=EDGE_CURVE('',#662,#729,#148,.T.);
#963=EDGE_CURVE('',#730,#729,#149,.T.);
#964=EDGE_CURVE('',#659,#730,#150,.T.);
#965=EDGE_CURVE('',#731,#730,#529,.T.);
#966=EDGE_CURVE('',#655,#731,#151,.T.);
#967=EDGE_CURVE('',#732,#731,#152,.T.);
#968=EDGE_CURVE('',#711,#732,#153,.T.);
#969=EDGE_CURVE('',#733,#732,#530,.T.);
#970=EDGE_CURVE('',#718,#733,#154,.T.);
#971=EDGE_CURVE('',#728,#733,#155,.T.);
#972=EDGE_CURVE('',#734,#725,#531,.T.);
#973=EDGE_CURVE('',#697,#734,#156,.T.);
#974=EDGE_CURVE('',#727,#734,#532,.T.);
#975=EDGE_CURVE('',#735,#736,#533,.T.);
#976=EDGE_CURVE('',#737,#735,#157,.T.);
#977=EDGE_CURVE('',#738,#737,#534,.T.);
#978=EDGE_CURVE('',#736,#738,#158,.T.);
#979=EDGE_CURVE('',#736,#739,#535,.T.);
#980=EDGE_CURVE('',#740,#738,#536,.T.);
#981=EDGE_CURVE('',#739,#740,#159,.T.);
#982=EDGE_CURVE('',#724,#735,#537,.T.);
#983=EDGE_CURVE('',#737,#723,#538,.T.);
#984=EDGE_CURVE('',#741,#672,#160,.T.);
#985=EDGE_CURVE('',#742,#741,#539,.T.);
#986=EDGE_CURVE('',#673,#742,#161,.T.);
#987=EDGE_CURVE('',#719,#742,#540,.T.);
#988=EDGE_CURVE('',#743,#671,#162,.T.);
#989=EDGE_CURVE('',#741,#743,#541,.T.);
#990=EDGE_CURVE('',#744,#652,#542,.T.);
#991=EDGE_CURVE('',#725,#744,#543,.T.);
#992=EDGE_CURVE('',#739,#687,#163,.T.);
#993=EDGE_CURVE('',#740,#745,#544,.T.);
#994=EDGE_CURVE('',#745,#743,#545,.T.);
#995=EDGE_CURVE('',#746,#614,#546,.T.);
#996=EDGE_CURVE('',#747,#746,#547,.T.);
#997=EDGE_CURVE('',#720,#747,#548,.T.);
#998=EDGE_CURVE('',#612,#748,#549,.T.);
#999=EDGE_CURVE('',#748,#749,#550,.T.);
#1000=EDGE_CURVE('',#749,#721,#551,.T.);
#1001=EDGE_CURVE('',#750,#610,#552,.T.);
#1002=EDGE_CURVE('',#722,#750,#553,.T.);
#1003=EDGE_CURVE('',#745,#608,#554,.T.);
#1004=EDGE_CURVE('',#643,#711,#555,.T.);
#1005=EDGE_CURVE('',#718,#751,#556,.T.);
#1006=EDGE_CURVE('',#751,#752,#557,.T.);
#1007=EDGE_CURVE('',#752,#644,#558,.T.);
#1008=EDGE_CURVE('',#753,#716,#559,.T.);
#1009=EDGE_CURVE('',#754,#753,#560,.T.);
#1010=EDGE_CURVE('',#651,#754,#561,.T.);
#1011=ORIENTED_EDGE('',*,*,#755,.T.);
#1012=ORIENTED_EDGE('',*,*,#756,.T.);
#1013=ORIENTED_EDGE('',*,*,#757,.T.);
#1014=ORIENTED_EDGE('',*,*,#758,.T.);
#1015=ORIENTED_EDGE('',*,*,#759,.T.);
#1016=ORIENTED_EDGE('',*,*,#760,.T.);
#1017=ORIENTED_EDGE('',*,*,#755,.F.);
#1018=ORIENTED_EDGE('',*,*,#761,.T.);
#1019=ORIENTED_EDGE('',*,*,#762,.T.);
#1020=ORIENTED_EDGE('',*,*,#763,.T.);
#1021=ORIENTED_EDGE('',*,*,#759,.F.);
#1022=ORIENTED_EDGE('',*,*,#764,.T.);
#1023=ORIENTED_EDGE('',*,*,#765,.T.);
#1024=ORIENTED_EDGE('',*,*,#766,.F.);
#1025=ORIENTED_EDGE('',*,*,#762,.F.);
#1026=ORIENTED_EDGE('',*,*,#767,.T.);
#1027=ORIENTED_EDGE('',*,*,#768,.T.);
#1028=ORIENTED_EDGE('',*,*,#769,.T.);
#1029=ORIENTED_EDGE('',*,*,#765,.F.);
#1030=ORIENTED_EDGE('',*,*,#770,.T.);
#1031=ORIENTED_EDGE('',*,*,#771,.T.);
#1032=ORIENTED_EDGE('',*,*,#772,.T.);
#1033=ORIENTED_EDGE('',*,*,#768,.F.);
#1034=ORIENTED_EDGE('',*,*,#773,.T.);
#1035=ORIENTED_EDGE('',*,*,#774,.T.);
#1036=ORIENTED_EDGE('',*,*,#775,.T.);
#1037=ORIENTED_EDGE('',*,*,#771,.F.);
#1038=ORIENTED_EDGE('',*,*,#776,.T.);
#1039=ORIENTED_EDGE('',*,*,#777,.T.);
#1040=ORIENTED_EDGE('',*,*,#778,.T.);
#1041=ORIENTED_EDGE('',*,*,#774,.F.);
#1042=ORIENTED_EDGE('',*,*,#779,.T.);
#1043=ORIENTED_EDGE('',*,*,#780,.T.);
#1044=ORIENTED_EDGE('',*,*,#781,.T.);
#1045=ORIENTED_EDGE('',*,*,#777,.F.);
#1046=ORIENTED_EDGE('',*,*,#782,.T.);
#1047=ORIENTED_EDGE('',*,*,#757,.F.);
#1048=ORIENTED_EDGE('',*,*,#783,.T.);
#1049=ORIENTED_EDGE('',*,*,#780,.F.);
#1050=ORIENTED_EDGE('',*,*,#784,.T.);
#1051=ORIENTED_EDGE('',*,*,#770,.F.);
#1052=ORIENTED_EDGE('',*,*,#785,.F.);
#1053=ORIENTED_EDGE('',*,*,#786,.F.);
#1054=ORIENTED_EDGE('',*,*,#787,.F.);
#1055=ORIENTED_EDGE('',*,*,#788,.F.);
#1056=ORIENTED_EDGE('',*,*,#789,.F.);
#1057=ORIENTED_EDGE('',*,*,#790,.F.);
#1058=ORIENTED_EDGE('',*,*,#767,.F.);
#1059=ORIENTED_EDGE('',*,*,#791,.T.);
#1060=ORIENTED_EDGE('',*,*,#792,.T.);
#1061=ORIENTED_EDGE('',*,*,#793,.T.);
#1062=ORIENTED_EDGE('',*,*,#794,.F.);
#1063=ORIENTED_EDGE('',*,*,#787,.T.);
#1064=ORIENTED_EDGE('',*,*,#786,.T.);
#1065=ORIENTED_EDGE('',*,*,#785,.T.);
#1066=ORIENTED_EDGE('',*,*,#764,.F.);
#1067=ORIENTED_EDGE('',*,*,#795,.F.);
#1068=ORIENTED_EDGE('',*,*,#796,.F.);
#1069=ORIENTED_EDGE('',*,*,#797,.F.);
#1070=ORIENTED_EDGE('',*,*,#793,.F.);
#1071=ORIENTED_EDGE('',*,*,#792,.F.);
#1072=ORIENTED_EDGE('',*,*,#791,.F.);
#1073=ORIENTED_EDGE('',*,*,#761,.F.);
#1074=ORIENTED_EDGE('',*,*,#798,.F.);
#1075=ORIENTED_EDGE('',*,*,#799,.F.);
#1076=ORIENTED_EDGE('',*,*,#796,.T.);
#1077=ORIENTED_EDGE('',*,*,#795,.T.);
#1078=ORIENTED_EDGE('',*,*,#758,.F.);
#1079=ORIENTED_EDGE('',*,*,#800,.T.);
#1080=ORIENTED_EDGE('',*,*,#801,.T.);
#1081=ORIENTED_EDGE('',*,*,#802,.F.);
#1082=ORIENTED_EDGE('',*,*,#798,.T.);
#1083=ORIENTED_EDGE('',*,*,#763,.F.);
#1084=ORIENTED_EDGE('',*,*,#803,.F.);
#1085=ORIENTED_EDGE('',*,*,#804,.F.);
#1086=ORIENTED_EDGE('',*,*,#805,.F.);
#1087=ORIENTED_EDGE('',*,*,#806,.F.);
#1088=ORIENTED_EDGE('',*,*,#807,.F.);
#1089=ORIENTED_EDGE('',*,*,#783,.F.);
#1090=ORIENTED_EDGE('',*,*,#756,.F.);
#1091=ORIENTED_EDGE('',*,*,#760,.F.);
#1092=ORIENTED_EDGE('',*,*,#769,.F.);
#1093=ORIENTED_EDGE('',*,*,#772,.F.);
#1094=ORIENTED_EDGE('',*,*,#775,.F.);
#1095=ORIENTED_EDGE('',*,*,#778,.F.);
#1096=ORIENTED_EDGE('',*,*,#808,.F.);
#1097=ORIENTED_EDGE('',*,*,#809,.F.);
#1098=ORIENTED_EDGE('',*,*,#810,.F.);
#1099=ORIENTED_EDGE('',*,*,#811,.F.);
#1100=ORIENTED_EDGE('',*,*,#812,.F.);
#1101=ORIENTED_EDGE('',*,*,#813,.T.);
#1102=ORIENTED_EDGE('',*,*,#814,.T.);
#1103=ORIENTED_EDGE('',*,*,#804,.T.);
#1104=ORIENTED_EDGE('',*,*,#815,.T.);
#1105=ORIENTED_EDGE('',*,*,#814,.F.);
#1106=ORIENTED_EDGE('',*,*,#816,.F.);
#1107=ORIENTED_EDGE('',*,*,#817,.F.);
#1108=ORIENTED_EDGE('',*,*,#805,.T.);
#1109=ORIENTED_EDGE('',*,*,#813,.F.);
#1110=ORIENTED_EDGE('',*,*,#818,.T.);
#1111=ORIENTED_EDGE('',*,*,#819,.F.);
#1112=ORIENTED_EDGE('',*,*,#820,.F.);
#1113=ORIENTED_EDGE('',*,*,#821,.F.);
#1114=ORIENTED_EDGE('',*,*,#822,.F.);
#1115=ORIENTED_EDGE('',*,*,#823,.T.);
#1116=ORIENTED_EDGE('',*,*,#824,.F.);
#1117=ORIENTED_EDGE('',*,*,#816,.T.);
#1118=ORIENTED_EDGE('',*,*,#825,.T.);
#1119=ORIENTED_EDGE('',*,*,#826,.T.);
#1120=ORIENTED_EDGE('',*,*,#811,.T.);
#1121=ORIENTED_EDGE('',*,*,#827,.T.);
#1122=ORIENTED_EDGE('',*,*,#826,.F.);
#1123=ORIENTED_EDGE('',*,*,#828,.F.);
#1124=ORIENTED_EDGE('',*,*,#829,.T.);
#1125=ORIENTED_EDGE('',*,*,#812,.T.);
#1126=ORIENTED_EDGE('',*,*,#825,.F.);
#1127=ORIENTED_EDGE('',*,*,#830,.T.);
#1128=ORIENTED_EDGE('',*,*,#831,.F.);
#1129=ORIENTED_EDGE('',*,*,#832,.T.);
#1130=ORIENTED_EDGE('',*,*,#833,.F.);
#1131=ORIENTED_EDGE('',*,*,#834,.F.);
#1132=ORIENTED_EDGE('',*,*,#835,.F.);
#1133=ORIENTED_EDGE('',*,*,#836,.F.);
#1134=ORIENTED_EDGE('',*,*,#828,.T.);
#1135=ORIENTED_EDGE('',*,*,#824,.T.);
#1136=ORIENTED_EDGE('',*,*,#837,.T.);
#1137=ORIENTED_EDGE('',*,*,#806,.T.);
#1138=ORIENTED_EDGE('',*,*,#817,.T.);
#1139=ORIENTED_EDGE('',*,*,#837,.F.);
#1140=ORIENTED_EDGE('',*,*,#823,.F.);
#1141=ORIENTED_EDGE('',*,*,#838,.T.);
#1142=ORIENTED_EDGE('',*,*,#807,.T.);
#1143=ORIENTED_EDGE('',*,*,#831,.T.);
#1144=ORIENTED_EDGE('',*,*,#839,.T.);
#1145=ORIENTED_EDGE('',*,*,#809,.T.);
#1146=ORIENTED_EDGE('',*,*,#840,.T.);
#1147=ORIENTED_EDGE('',*,*,#840,.F.);
#1148=ORIENTED_EDGE('',*,*,#808,.T.);
#1149=ORIENTED_EDGE('',*,*,#841,.T.);
#1150=ORIENTED_EDGE('',*,*,#832,.F.);
#1151=ORIENTED_EDGE('',*,*,#815,.F.);
#1152=ORIENTED_EDGE('',*,*,#803,.T.);
#1153=ORIENTED_EDGE('',*,*,#842,.T.);
#1154=ORIENTED_EDGE('',*,*,#818,.F.);
#1155=ORIENTED_EDGE('',*,*,#827,.F.);
#1156=ORIENTED_EDGE('',*,*,#810,.T.);
#1157=ORIENTED_EDGE('',*,*,#839,.F.);
#1158=ORIENTED_EDGE('',*,*,#830,.F.);
#1159=ORIENTED_EDGE('',*,*,#820,.T.);
#1160=ORIENTED_EDGE('',*,*,#843,.F.);
#1161=ORIENTED_EDGE('',*,*,#844,.F.);
#1162=ORIENTED_EDGE('',*,*,#845,.T.);
#1163=ORIENTED_EDGE('',*,*,#819,.T.);
#1164=ORIENTED_EDGE('',*,*,#846,.T.);
#1165=ORIENTED_EDGE('',*,*,#847,.T.);
#1166=ORIENTED_EDGE('',*,*,#848,.T.);
#1167=ORIENTED_EDGE('',*,*,#849,.T.);
#1168=ORIENTED_EDGE('',*,*,#843,.T.);
#1169=ORIENTED_EDGE('',*,*,#850,.F.);
#1170=ORIENTED_EDGE('',*,*,#851,.F.);
#1171=ORIENTED_EDGE('',*,*,#852,.F.);
#1172=ORIENTED_EDGE('',*,*,#853,.F.);
#1173=ORIENTED_EDGE('',*,*,#848,.F.);
#1174=ORIENTED_EDGE('',*,*,#847,.F.);
#1175=ORIENTED_EDGE('',*,*,#846,.F.);
#1176=ORIENTED_EDGE('',*,*,#842,.F.);
#1177=ORIENTED_EDGE('',*,*,#766,.T.);
#1178=ORIENTED_EDGE('',*,*,#829,.F.);
#1179=ORIENTED_EDGE('',*,*,#836,.T.);
#1180=ORIENTED_EDGE('',*,*,#854,.T.);
#1181=ORIENTED_EDGE('',*,*,#855,.T.);
#1182=ORIENTED_EDGE('',*,*,#856,.T.);
#1183=ORIENTED_EDGE('',*,*,#857,.T.);
#1184=ORIENTED_EDGE('',*,*,#858,.T.);
#1185=ORIENTED_EDGE('',*,*,#859,.T.);
#1186=ORIENTED_EDGE('',*,*,#852,.T.);
#1187=ORIENTED_EDGE('',*,*,#851,.T.);
#1188=ORIENTED_EDGE('',*,*,#850,.T.);
#1189=ORIENTED_EDGE('',*,*,#835,.T.);
#1190=ORIENTED_EDGE('',*,*,#860,.F.);
#1191=ORIENTED_EDGE('',*,*,#861,.T.);
#1192=ORIENTED_EDGE('',*,*,#862,.T.);
#1193=ORIENTED_EDGE('',*,*,#863,.F.);
#1194=ORIENTED_EDGE('',*,*,#864,.T.);
#1195=ORIENTED_EDGE('',*,*,#865,.T.);
#1196=ORIENTED_EDGE('',*,*,#866,.T.);
#1197=ORIENTED_EDGE('',*,*,#867,.F.);
#1198=ORIENTED_EDGE('',*,*,#855,.F.);
#1199=ORIENTED_EDGE('',*,*,#854,.F.);
#1200=ORIENTED_EDGE('',*,*,#868,.T.);
#1201=ORIENTED_EDGE('',*,*,#869,.T.);
#1202=ORIENTED_EDGE('',*,*,#870,.T.);
#1203=ORIENTED_EDGE('',*,*,#871,.F.);
#1204=ORIENTED_EDGE('',*,*,#872,.T.);
#1205=ORIENTED_EDGE('',*,*,#873,.T.);
#1206=ORIENTED_EDGE('',*,*,#861,.F.);
#1207=ORIENTED_EDGE('',*,*,#870,.F.);
#1208=ORIENTED_EDGE('',*,*,#874,.T.);
#1209=ORIENTED_EDGE('',*,*,#875,.T.);
#1210=ORIENTED_EDGE('',*,*,#873,.F.);
#1211=ORIENTED_EDGE('',*,*,#876,.F.);
#1212=ORIENTED_EDGE('',*,*,#877,.F.);
#1213=ORIENTED_EDGE('',*,*,#878,.F.);
#1214=ORIENTED_EDGE('',*,*,#862,.F.);
#1215=ORIENTED_EDGE('',*,*,#875,.F.);
#1216=ORIENTED_EDGE('',*,*,#879,.T.);
#1217=ORIENTED_EDGE('',*,*,#880,.T.);
#1218=ORIENTED_EDGE('',*,*,#876,.T.);
#1219=ORIENTED_EDGE('',*,*,#880,.F.);
#1220=ORIENTED_EDGE('',*,*,#881,.T.);
#1221=ORIENTED_EDGE('',*,*,#882,.F.);
#1222=ORIENTED_EDGE('',*,*,#883,.T.);
#1223=ORIENTED_EDGE('',*,*,#884,.T.);
#1224=ORIENTED_EDGE('',*,*,#877,.T.);
#1225=ORIENTED_EDGE('',*,*,#868,.F.);
#1226=ORIENTED_EDGE('',*,*,#885,.T.);
#1227=ORIENTED_EDGE('',*,*,#882,.T.);
#1228=ORIENTED_EDGE('',*,*,#886,.T.);
#1229=ORIENTED_EDGE('',*,*,#872,.F.);
#1230=ORIENTED_EDGE('',*,*,#887,.F.);
#1231=ORIENTED_EDGE('',*,*,#888,.T.);
#1232=ORIENTED_EDGE('',*,*,#883,.F.);
#1233=ORIENTED_EDGE('',*,*,#885,.F.);
#1234=ORIENTED_EDGE('',*,*,#889,.F.);
#1235=ORIENTED_EDGE('',*,*,#890,.F.);
#1236=ORIENTED_EDGE('',*,*,#891,.F.);
#1237=ORIENTED_EDGE('',*,*,#892,.T.);
#1238=ORIENTED_EDGE('',*,*,#893,.T.);
#1239=ORIENTED_EDGE('',*,*,#894,.T.);
#1240=ORIENTED_EDGE('',*,*,#890,.T.);
#1241=ORIENTED_EDGE('',*,*,#895,.T.);
#1242=ORIENTED_EDGE('',*,*,#896,.T.);
#1243=ORIENTED_EDGE('',*,*,#897,.T.);
#1244=ORIENTED_EDGE('',*,*,#898,.T.);
#1245=ORIENTED_EDGE('',*,*,#899,.T.);
#1246=ORIENTED_EDGE('',*,*,#900,.T.);
#1247=ORIENTED_EDGE('',*,*,#901,.F.);
#1248=ORIENTED_EDGE('',*,*,#902,.F.);
#1249=ORIENTED_EDGE('',*,*,#903,.F.);
#1250=ORIENTED_EDGE('',*,*,#904,.T.);
#1251=ORIENTED_EDGE('',*,*,#905,.T.);
#1252=ORIENTED_EDGE('',*,*,#906,.T.);
#1253=ORIENTED_EDGE('',*,*,#902,.T.);
#1254=ORIENTED_EDGE('',*,*,#907,.T.);
#1255=ORIENTED_EDGE('',*,*,#908,.T.);
#1256=ORIENTED_EDGE('',*,*,#903,.T.);
#1257=ORIENTED_EDGE('',*,*,#909,.T.);
#1258=ORIENTED_EDGE('',*,*,#900,.F.);
#1259=ORIENTED_EDGE('',*,*,#901,.T.);
#1260=ORIENTED_EDGE('',*,*,#910,.T.);
#1261=ORIENTED_EDGE('',*,*,#891,.T.);
#1262=ORIENTED_EDGE('',*,*,#911,.T.);
#1263=ORIENTED_EDGE('',*,*,#912,.T.);
#1264=ORIENTED_EDGE('',*,*,#913,.T.);
#1265=ORIENTED_EDGE('',*,*,#889,.T.);
#1266=ORIENTED_EDGE('',*,*,#914,.T.);
#1267=ORIENTED_EDGE('',*,*,#896,.F.);
#1268=ORIENTED_EDGE('',*,*,#909,.F.);
#1269=ORIENTED_EDGE('',*,*,#906,.F.);
#1270=ORIENTED_EDGE('',*,*,#915,.F.);
#1271=ORIENTED_EDGE('',*,*,#907,.F.);
#1272=ORIENTED_EDGE('',*,*,#911,.F.);
#1273=ORIENTED_EDGE('',*,*,#894,.F.);
#1274=ORIENTED_EDGE('',*,*,#916,.F.);
#1275=ORIENTED_EDGE('',*,*,#895,.F.);
#1276=ORIENTED_EDGE('',*,*,#913,.F.);
#1277=ORIENTED_EDGE('',*,*,#917,.F.);
#1278=ORIENTED_EDGE('',*,*,#918,.F.);
#1279=ORIENTED_EDGE('',*,*,#912,.F.);
#1280=ORIENTED_EDGE('',*,*,#919,.F.);
#1281=ORIENTED_EDGE('',*,*,#856,.F.);
#1282=ORIENTED_EDGE('',*,*,#920,.T.);
#1283=ORIENTED_EDGE('',*,*,#921,.T.);
#1284=ORIENTED_EDGE('',*,*,#922,.F.);
#1285=ORIENTED_EDGE('',*,*,#917,.T.);
#1286=ORIENTED_EDGE('',*,*,#923,.F.);
#1287=ORIENTED_EDGE('',*,*,#878,.T.);
#1288=ORIENTED_EDGE('',*,*,#884,.F.);
#1289=ORIENTED_EDGE('',*,*,#888,.F.);
#1290=ORIENTED_EDGE('',*,*,#924,.F.);
#1291=ORIENTED_EDGE('',*,*,#925,.F.);
#1292=ORIENTED_EDGE('',*,*,#926,.T.);
#1293=ORIENTED_EDGE('',*,*,#927,.F.);
#1294=ORIENTED_EDGE('',*,*,#928,.T.);
#1295=ORIENTED_EDGE('',*,*,#929,.F.);
#1296=ORIENTED_EDGE('',*,*,#930,.F.);
#1297=ORIENTED_EDGE('',*,*,#931,.F.);
#1298=ORIENTED_EDGE('',*,*,#930,.T.);
#1299=ORIENTED_EDGE('',*,*,#932,.F.);
#1300=ORIENTED_EDGE('',*,*,#921,.F.);
#1301=ORIENTED_EDGE('',*,*,#933,.F.);
#1302=ORIENTED_EDGE('',*,*,#934,.F.);
#1303=ORIENTED_EDGE('',*,*,#935,.F.);
#1304=ORIENTED_EDGE('',*,*,#936,.T.);
#1305=ORIENTED_EDGE('',*,*,#937,.F.);
#1306=ORIENTED_EDGE('',*,*,#928,.F.);
#1307=ORIENTED_EDGE('',*,*,#938,.F.);
#1308=ORIENTED_EDGE('',*,*,#939,.T.);
#1309=ORIENTED_EDGE('',*,*,#897,.F.);
#1310=ORIENTED_EDGE('',*,*,#915,.T.);
#1311=ORIENTED_EDGE('',*,*,#905,.F.);
#1312=ORIENTED_EDGE('',*,*,#916,.T.);
#1313=ORIENTED_EDGE('',*,*,#893,.F.);
#1314=ORIENTED_EDGE('',*,*,#918,.T.);
#1315=ORIENTED_EDGE('',*,*,#922,.T.);
#1316=ORIENTED_EDGE('',*,*,#932,.T.);
#1317=ORIENTED_EDGE('',*,*,#929,.T.);
#1318=ORIENTED_EDGE('',*,*,#937,.T.);
#1319=ORIENTED_EDGE('',*,*,#940,.T.);
#1320=ORIENTED_EDGE('',*,*,#927,.T.);
#1321=ORIENTED_EDGE('',*,*,#941,.T.);
#1322=ORIENTED_EDGE('',*,*,#938,.T.);
#1323=ORIENTED_EDGE('',*,*,#931,.T.);
#1324=ORIENTED_EDGE('',*,*,#942,.T.);
#1325=ORIENTED_EDGE('',*,*,#924,.T.);
#1326=ORIENTED_EDGE('',*,*,#933,.T.);
#1327=ORIENTED_EDGE('',*,*,#920,.F.);
#1328=ORIENTED_EDGE('',*,*,#867,.T.);
#1329=ORIENTED_EDGE('',*,*,#943,.T.);
#1330=ORIENTED_EDGE('',*,*,#944,.T.);
#1331=ORIENTED_EDGE('',*,*,#788,.T.);
#1332=ORIENTED_EDGE('',*,*,#794,.T.);
#1333=ORIENTED_EDGE('',*,*,#797,.T.);
#1334=ORIENTED_EDGE('',*,*,#799,.T.);
#1335=ORIENTED_EDGE('',*,*,#802,.T.);
#1336=ORIENTED_EDGE('',*,*,#945,.T.);
#1337=ORIENTED_EDGE('',*,*,#946,.T.);
#1338=ORIENTED_EDGE('',*,*,#947,.T.);
#1339=ORIENTED_EDGE('',*,*,#948,.T.);
#1340=ORIENTED_EDGE('',*,*,#949,.T.);
#1341=ORIENTED_EDGE('',*,*,#950,.F.);
#1342=ORIENTED_EDGE('',*,*,#951,.F.);
#1343=ORIENTED_EDGE('',*,*,#935,.T.);
#1344=ORIENTED_EDGE('',*,*,#952,.T.);
#1345=ORIENTED_EDGE('',*,*,#953,.F.);
#1346=ORIENTED_EDGE('',*,*,#954,.F.);
#1347=ORIENTED_EDGE('',*,*,#955,.F.);
#1348=ORIENTED_EDGE('',*,*,#956,.F.);
#1349=ORIENTED_EDGE('',*,*,#844,.T.);
#1350=ORIENTED_EDGE('',*,*,#849,.F.);
#1351=ORIENTED_EDGE('',*,*,#853,.T.);
#1352=ORIENTED_EDGE('',*,*,#859,.F.);
#1353=ORIENTED_EDGE('',*,*,#957,.T.);
#1354=ORIENTED_EDGE('',*,*,#869,.F.);
#1355=ORIENTED_EDGE('',*,*,#886,.F.);
#1356=ORIENTED_EDGE('',*,*,#881,.F.);
#1357=ORIENTED_EDGE('',*,*,#879,.F.);
#1358=ORIENTED_EDGE('',*,*,#874,.F.);
#1359=ORIENTED_EDGE('',*,*,#958,.F.);
#1360=ORIENTED_EDGE('',*,*,#952,.F.);
#1361=ORIENTED_EDGE('',*,*,#959,.T.);
#1362=ORIENTED_EDGE('',*,*,#960,.F.);
#1363=ORIENTED_EDGE('',*,*,#858,.F.);
#1364=ORIENTED_EDGE('',*,*,#961,.F.);
#1365=ORIENTED_EDGE('',*,*,#962,.F.);
#1366=ORIENTED_EDGE('',*,*,#957,.F.);
#1367=ORIENTED_EDGE('',*,*,#934,.T.);
#1368=ORIENTED_EDGE('',*,*,#962,.T.);
#1369=ORIENTED_EDGE('',*,*,#963,.F.);
#1370=ORIENTED_EDGE('',*,*,#964,.F.);
#1371=ORIENTED_EDGE('',*,*,#942,.F.);
#1372=ORIENTED_EDGE('',*,*,#964,.T.);
#1373=ORIENTED_EDGE('',*,*,#965,.F.);
#1374=ORIENTED_EDGE('',*,*,#966,.F.);
#1375=ORIENTED_EDGE('',*,*,#926,.F.);
#1376=ORIENTED_EDGE('',*,*,#925,.T.);
#1377=ORIENTED_EDGE('',*,*,#966,.T.);
#1378=ORIENTED_EDGE('',*,*,#967,.F.);
#1379=ORIENTED_EDGE('',*,*,#968,.F.);
#1380=ORIENTED_EDGE('',*,*,#941,.F.);
#1381=ORIENTED_EDGE('',*,*,#968,.T.);
#1382=ORIENTED_EDGE('',*,*,#969,.F.);
#1383=ORIENTED_EDGE('',*,*,#970,.F.);
#1384=ORIENTED_EDGE('',*,*,#939,.F.);
#1385=ORIENTED_EDGE('',*,*,#970,.T.);
#1386=ORIENTED_EDGE('',*,*,#971,.F.);
#1387=ORIENTED_EDGE('',*,*,#959,.F.);
#1388=ORIENTED_EDGE('',*,*,#898,.F.);
#1389=ORIENTED_EDGE('',*,*,#940,.F.);
#1390=ORIENTED_EDGE('',*,*,#936,.F.);
#1391=ORIENTED_EDGE('',*,*,#951,.T.);
#1392=ORIENTED_EDGE('',*,*,#972,.F.);
#1393=ORIENTED_EDGE('',*,*,#973,.F.);
#1394=ORIENTED_EDGE('',*,*,#899,.F.);
#1395=ORIENTED_EDGE('',*,*,#973,.T.);
#1396=ORIENTED_EDGE('',*,*,#974,.F.);
#1397=ORIENTED_EDGE('',*,*,#960,.T.);
#1398=ORIENTED_EDGE('',*,*,#971,.T.);
#1399=ORIENTED_EDGE('',*,*,#969,.T.);
#1400=ORIENTED_EDGE('',*,*,#967,.T.);
#1401=ORIENTED_EDGE('',*,*,#965,.T.);
#1402=ORIENTED_EDGE('',*,*,#963,.T.);
#1403=ORIENTED_EDGE('',*,*,#961,.T.);
#1404=ORIENTED_EDGE('',*,*,#857,.F.);
#1405=ORIENTED_EDGE('',*,*,#919,.T.);
#1406=ORIENTED_EDGE('',*,*,#914,.F.);
#1407=ORIENTED_EDGE('',*,*,#892,.F.);
#1408=ORIENTED_EDGE('',*,*,#910,.F.);
#1409=ORIENTED_EDGE('',*,*,#904,.F.);
#1410=ORIENTED_EDGE('',*,*,#908,.F.);
#1411=ORIENTED_EDGE('',*,*,#975,.F.);
#1412=ORIENTED_EDGE('',*,*,#976,.F.);
#1413=ORIENTED_EDGE('',*,*,#977,.F.);
#1414=ORIENTED_EDGE('',*,*,#978,.F.);
#1415=ORIENTED_EDGE('',*,*,#979,.F.);
#1416=ORIENTED_EDGE('',*,*,#978,.T.);
#1417=ORIENTED_EDGE('',*,*,#980,.F.);
#1418=ORIENTED_EDGE('',*,*,#981,.F.);
#1419=ORIENTED_EDGE('',*,*,#982,.F.);
#1420=ORIENTED_EDGE('',*,*,#949,.F.);
#1421=ORIENTED_EDGE('',*,*,#983,.F.);
#1422=ORIENTED_EDGE('',*,*,#976,.T.);
#1423=ORIENTED_EDGE('',*,*,#865,.F.);
#1424=ORIENTED_EDGE('',*,*,#984,.F.);
#1425=ORIENTED_EDGE('',*,*,#985,.F.);
#1426=ORIENTED_EDGE('',*,*,#986,.F.);
#1427=ORIENTED_EDGE('',*,*,#866,.F.);
#1428=ORIENTED_EDGE('',*,*,#986,.T.);
#1429=ORIENTED_EDGE('',*,*,#987,.F.);
#1430=ORIENTED_EDGE('',*,*,#943,.F.);
#1431=ORIENTED_EDGE('',*,*,#864,.F.);
#1432=ORIENTED_EDGE('',*,*,#988,.F.);
#1433=ORIENTED_EDGE('',*,*,#989,.F.);
#1434=ORIENTED_EDGE('',*,*,#984,.T.);
#1435=ORIENTED_EDGE('',*,*,#834,.T.);
#1436=ORIENTED_EDGE('',*,*,#990,.F.);
#1437=ORIENTED_EDGE('',*,*,#991,.F.);
#1438=ORIENTED_EDGE('',*,*,#950,.T.);
#1439=ORIENTED_EDGE('',*,*,#982,.T.);
#1440=ORIENTED_EDGE('',*,*,#975,.T.);
#1441=ORIENTED_EDGE('',*,*,#979,.T.);
#1442=ORIENTED_EDGE('',*,*,#992,.T.);
#1443=ORIENTED_EDGE('',*,*,#887,.T.);
#1444=ORIENTED_EDGE('',*,*,#871,.T.);
#1445=ORIENTED_EDGE('',*,*,#860,.T.);
#1446=ORIENTED_EDGE('',*,*,#923,.T.);
#1447=ORIENTED_EDGE('',*,*,#992,.F.);
#1448=ORIENTED_EDGE('',*,*,#981,.T.);
#1449=ORIENTED_EDGE('',*,*,#993,.T.);
#1450=ORIENTED_EDGE('',*,*,#994,.T.);
#1451=ORIENTED_EDGE('',*,*,#988,.T.);
#1452=ORIENTED_EDGE('',*,*,#863,.T.);
#1453=ORIENTED_EDGE('',*,*,#784,.F.);
#1454=ORIENTED_EDGE('',*,*,#995,.F.);
#1455=ORIENTED_EDGE('',*,*,#996,.F.);
#1456=ORIENTED_EDGE('',*,*,#997,.F.);
#1457=ORIENTED_EDGE('',*,*,#945,.F.);
#1458=ORIENTED_EDGE('',*,*,#801,.F.);
#1459=ORIENTED_EDGE('',*,*,#800,.F.);
#1460=ORIENTED_EDGE('',*,*,#782,.F.);
#1461=ORIENTED_EDGE('',*,*,#998,.T.);
#1462=ORIENTED_EDGE('',*,*,#999,.T.);
#1463=ORIENTED_EDGE('',*,*,#1000,.T.);
#1464=ORIENTED_EDGE('',*,*,#946,.F.);
#1465=ORIENTED_EDGE('',*,*,#997,.T.);
#1466=ORIENTED_EDGE('',*,*,#996,.T.);
#1467=ORIENTED_EDGE('',*,*,#995,.T.);
#1468=ORIENTED_EDGE('',*,*,#779,.F.);
#1469=ORIENTED_EDGE('',*,*,#1001,.F.);
#1470=ORIENTED_EDGE('',*,*,#1002,.F.);
#1471=ORIENTED_EDGE('',*,*,#947,.F.);
#1472=ORIENTED_EDGE('',*,*,#1000,.F.);
#1473=ORIENTED_EDGE('',*,*,#999,.F.);
#1474=ORIENTED_EDGE('',*,*,#998,.F.);
#1475=ORIENTED_EDGE('',*,*,#776,.F.);
#1476=ORIENTED_EDGE('',*,*,#1003,.F.);
#1477=ORIENTED_EDGE('',*,*,#993,.F.);
#1478=ORIENTED_EDGE('',*,*,#980,.T.);
#1479=ORIENTED_EDGE('',*,*,#977,.T.);
#1480=ORIENTED_EDGE('',*,*,#983,.T.);
#1481=ORIENTED_EDGE('',*,*,#948,.F.);
#1482=ORIENTED_EDGE('',*,*,#1002,.T.);
#1483=ORIENTED_EDGE('',*,*,#1001,.T.);
#1484=ORIENTED_EDGE('',*,*,#773,.F.);
#1485=ORIENTED_EDGE('',*,*,#790,.T.);
#1486=ORIENTED_EDGE('',*,*,#789,.T.);
#1487=ORIENTED_EDGE('',*,*,#944,.F.);
#1488=ORIENTED_EDGE('',*,*,#987,.T.);
#1489=ORIENTED_EDGE('',*,*,#985,.T.);
#1490=ORIENTED_EDGE('',*,*,#989,.T.);
#1491=ORIENTED_EDGE('',*,*,#994,.F.);
#1492=ORIENTED_EDGE('',*,*,#1003,.T.);
#1493=ORIENTED_EDGE('',*,*,#822,.T.);
#1494=ORIENTED_EDGE('',*,*,#1004,.T.);
#1495=ORIENTED_EDGE('',*,*,#955,.T.);
#1496=ORIENTED_EDGE('',*,*,#1005,.T.);
#1497=ORIENTED_EDGE('',*,*,#1006,.T.);
#1498=ORIENTED_EDGE('',*,*,#1007,.T.);
#1499=ORIENTED_EDGE('',*,*,#1007,.F.);
#1500=ORIENTED_EDGE('',*,*,#1006,.F.);
#1501=ORIENTED_EDGE('',*,*,#1005,.F.);
#1502=ORIENTED_EDGE('',*,*,#954,.T.);
#1503=ORIENTED_EDGE('',*,*,#1008,.F.);
#1504=ORIENTED_EDGE('',*,*,#1009,.F.);
#1505=ORIENTED_EDGE('',*,*,#1010,.F.);
#1506=ORIENTED_EDGE('',*,*,#841,.F.);
#1507=ORIENTED_EDGE('',*,*,#781,.F.);
#1508=ORIENTED_EDGE('',*,*,#838,.F.);
#1509=ORIENTED_EDGE('',*,*,#833,.T.);
#1510=ORIENTED_EDGE('',*,*,#1010,.T.);
#1511=ORIENTED_EDGE('',*,*,#1009,.T.);
#1512=ORIENTED_EDGE('',*,*,#1008,.T.);
#1513=ORIENTED_EDGE('',*,*,#953,.T.);
#1514=ORIENTED_EDGE('',*,*,#958,.T.);
#1515=ORIENTED_EDGE('',*,*,#974,.T.);
#1516=ORIENTED_EDGE('',*,*,#972,.T.);
#1517=ORIENTED_EDGE('',*,*,#991,.T.);
#1518=ORIENTED_EDGE('',*,*,#990,.T.);
#1519=ORIENTED_EDGE('',*,*,#821,.T.);
#1520=ORIENTED_EDGE('',*,*,#845,.F.);
#1521=ORIENTED_EDGE('',*,*,#956,.T.);
#1522=ORIENTED_EDGE('',*,*,#1004,.F.);
#1523=B_SPLINE_SURFACE_WITH_KNOTS('',3,3,((#2013,#2014,#2015,#2016),(#2017,
#2018,#2019,#2020),(#2021,#2022,#2023,#2024),(#2025,#2026,#2027,#2028),
(#2029,#2030,#2031,#2032)),.UNSPECIFIED.,.F.,.F.,.F.,(4,1,4),(4,4),(0.,
0.571428571428571,1.),(0.,3.625),.UNSPECIFIED.);
#1524=B_SPLINE_SURFACE_WITH_KNOTS('',3,3,((#2047,#2048,#2049,#2050),(#2051,
#2052,#2053,#2054),(#2055,#2056,#2057,#2058),(#2059,#2060,#2061,#2062),
(#2063,#2064,#2065,#2066)),.UNSPECIFIED.,.F.,.F.,.F.,(4,1,4),(4,4),(0.,
0.571428571428571,1.),(0.,3.62499999999999),.UNSPECIFIED.);
#1525=B_SPLINE_SURFACE_WITH_KNOTS('',3,3,((#2078,#2079,#2080,#2081,#2082,
#2083),(#2084,#2085,#2086,#2087,#2088,#2089),(#2090,#2091,#2092,#2093,#2094,
#2095),(#2096,#2097,#2098,#2099,#2100,#2101),(#2102,#2103,#2104,#2105,#2106,
#2107)),.UNSPECIFIED.,.F.,.F.,.F.,(4,1,4),(4,1,1,4),(0.,0.571428571428571,
1.),(4.58578729577191E-15,0.134634791435236,0.269269582870468,0.471221770023315),
 .UNSPECIFIED.);
#1526=B_SPLINE_SURFACE_WITH_KNOTS('',3,3,((#2123,#2124,#2125,#2126),(#2127,
#2128,#2129,#2130),(#2131,#2132,#2133,#2134),(#2135,#2136,#2137,#2138),
(#2139,#2140,#2141,#2142)),.UNSPECIFIED.,.F.,.F.,.F.,(4,1,4),(4,4),(0.,
0.571428571428571,1.),(0.,2.70000000000062),.UNSPECIFIED.);
#1527=B_SPLINE_SURFACE_WITH_KNOTS('',3,3,((#2151,#2152,#2153,#2154,#2155,
#2156),(#2157,#2158,#2159,#2160,#2161,#2162),(#2163,#2164,#2165,#2166,#2167,
#2168),(#2169,#2170,#2171,#2172,#2173,#2174),(#2175,#2176,#2177,#2178,#2179,
#2180)),.UNSPECIFIED.,.F.,.F.,.F.,(4,1,4),(4,1,1,4),(0.,0.571428571428571,
1.),(0.,0.201952187152849,0.336586978588082,0.471221770023314),
 .UNSPECIFIED.);
#1528=B_SPLINE_SURFACE_WITH_KNOTS('',3,3,((#2196,#2197,#2198,#2199),(#2200,
#2201,#2202,#2203),(#2204,#2205,#2206,#2207),(#2208,#2209,#2210,#2211),
(#2212,#2213,#2214,#2215)),.UNSPECIFIED.,.F.,.F.,.F.,(4,1,4),(4,4),(0.,
0.571428571428571,1.),(0.,3.62499999999999),.UNSPECIFIED.);
#1529=B_SPLINE_SURFACE_WITH_KNOTS('',3,3,((#2227,#2228,#2229,#2230),(#2231,
#2232,#2233,#2234),(#2235,#2236,#2237,#2238),(#2239,#2240,#2241,#2242),
(#2243,#2244,#2245,#2246)),.UNSPECIFIED.,.F.,.F.,.F.,(4,1,4),(4,4),(0.,
0.571428571428571,1.),(0.,3.625),.UNSPECIFIED.);
#1530=B_SPLINE_SURFACE_WITH_KNOTS('',3,3,((#2258,#2259,#2260,#2261,#2262,
#2263),(#2264,#2265,#2266,#2267,#2268,#2269),(#2270,#2271,#2272,#2273,#2274,
#2275),(#2276,#2277,#2278,#2279,#2280,#2281),(#2282,#2283,#2284,#2285,#2286,
#2287)),.UNSPECIFIED.,.F.,.F.,.F.,(4,1,4),(4,1,1,4),(0.,0.571428571428571,
1.),(7.31335667298253E-16,0.134634791435234,0.269269582870466,0.471221770023316),
 .UNSPECIFIED.);
#1531=B_SPLINE_SURFACE_WITH_KNOTS('',3,3,((#2303,#2304,#2305,#2306),(#2307,
#2308,#2309,#2310),(#2311,#2312,#2313,#2314),(#2315,#2316,#2317,#2318),
(#2319,#2320,#2321,#2322)),.UNSPECIFIED.,.F.,.F.,.F.,(4,1,4),(4,4),(0.,
0.571428571428571,1.),(0.,2.70000000000062),.UNSPECIFIED.);
#1532=B_SPLINE_SURFACE_WITH_KNOTS('',3,3,((#2331,#2332,#2333,#2334,#2335,
#2336),(#2337,#2338,#2339,#2340,#2341,#2342),(#2343,#2344,#2345,#2346,#2347,
#2348),(#2349,#2350,#2351,#2352,#2353,#2354),(#2355,#2356,#2357,#2358,#2359,
#2360)),.UNSPECIFIED.,.F.,.F.,.F.,(4,1,4),(4,1,1,4),(0.,0.571428571428571,
1.),(0.,0.134634791435233,0.269269582870466,0.471221770023316),
 .UNSPECIFIED.);
#1533=B_SPLINE_SURFACE_WITH_KNOTS('',3,3,((#2373,#2374,#2375,#2376,#2377,
#2378,#2379,#2380,#2381,#2382,#2383,#2384,#2385,#2386,#2387,#2388,#2389,
#2390,#2391,#2392,#2393,#2394,#2395,#2396,#2397,#2398,#2399),(#2400,#2401,
#2402,#2403,#2404,#2405,#2406,#2407,#2408,#2409,#2410,#2411,#2412,#2413,
#2414,#2415,#2416,#2417,#2418,#2419,#2420,#2421,#2422,#2423,#2424,#2425,
#2426),(#2427,#2428,#2429,#2430,#2431,#2432,#2433,#2434,#2435,#2436,#2437,
#2438,#2439,#2440,#2441,#2442,#2443,#2444,#2445,#2446,#2447,#2448,#2449,
#2450,#2451,#2452,#2453),(#2454,#2455,#2456,#2457,#2458,#2459,#2460,#2461,
#2462,#2463,#2464,#2465,#2466,#2467,#2468,#2469,#2470,#2471,#2472,#2473,
#2474,#2475,#2476,#2477,#2478,#2479,#2480),(#2481,#2482,#2483,#2484,#2485,
#2486,#2487,#2488,#2489,#2490,#2491,#2492,#2493,#2494,#2495,#2496,#2497,
#2498,#2499,#2500,#2501,#2502,#2503,#2504,#2505,#2506,#2507)),
 .UNSPECIFIED.,.F.,.F.,.F.,(4,1,4),(4,1,1,1,1,1,1,1,1,1,1,2,1,1,2,1,1,1,
1,1,2,4),(0.,0.571428571428571,1.),(-5.55473240196525E-17,0.493277639355549,
0.986555278711097,1.9731105574222,2.46638819677774,2.95966583613329,3.45294347548884,
3.69958229516662,3.8229017050055,3.88456140992495,3.91539126238467,3.94622111484439,
4.01011266999677,4.07400422514916,4.20178733545392,4.22773507992548,4.25368282439704,
4.30557831334017,4.40936929122641,4.82453320277138,5.03211515854387,5.50117730046985),
 .UNSPECIFIED.);
#1534=B_SPLINE_SURFACE_WITH_KNOTS('',3,3,((#2584,#2585,#2586,#2587,#2588,
#2589,#2590,#2591,#2592,#2593,#2594,#2595,#2596,#2597,#2598,#2599,#2600,
#2601,#2602),(#2603,#2604,#2605,#2606,#2607,#2608,#2609,#2610,#2611,#2612,
#2613,#2614,#2615,#2616,#2617,#2618,#2619,#2620,#2621),(#2622,#2623,#2624,
#2625,#2626,#2627,#2628,#2629,#2630,#2631,#2632,#2633,#2634,#2635,#2636,
#2637,#2638,#2639,#2640),(#2641,#2642,#2643,#2644,#2645,#2646,#2647,#2648,
#2649,#2650,#2651,#2652,#2653,#2654,#2655,#2656,#2657,#2658,#2659),(#2660,
#2661,#2662,#2663,#2664,#2665,#2666,#2667,#2668,#2669,#2670,#2671,#2672,
#2673,#2674,#2675,#2676,#2677,#2678)),.UNSPECIFIED.,.F.,.F.,.F.,(4,1,4),
(4,1,1,1,1,1,1,1,2,1,1,1,1,2,4),(0.0909309991146564,0.558384755387476,0.908975072592091),
(0.,0.140705566860082,0.281411133720164,0.422116700580246,0.562822267440328,
0.633175050870369,0.66835144258539,0.6859396384429,0.70352783430041,0.722808745367714,
0.742089656435018,0.780651478569627,0.819213300704235,0.896336944973452,
0.992132990772964),.UNSPECIFIED.);
#1535=B_SPLINE_SURFACE_WITH_KNOTS('',3,3,((#2723,#2724,#2725,#2726,#2727,
#2728,#2729,#2730,#2731,#2732,#2733,#2734,#2735,#2736,#2737,#2738,#2739,
#2740,#2741,#2742,#2743,#2744,#2745),(#2746,#2747,#2748,#2749,#2750,#2751,
#2752,#2753,#2754,#2755,#2756,#2757,#2758,#2759,#2760,#2761,#2762,#2763,
#2764,#2765,#2766,#2767,#2768),(#2769,#2770,#2771,#2772,#2773,#2774,#2775,
#2776,#2777,#2778,#2779,#2780,#2781,#2782,#2783,#2784,#2785,#2786,#2787,
#2788,#2789,#2790,#2791),(#2792,#2793,#2794,#2795,#2796,#2797,#2798,#2799,
#2800,#2801,#2802,#2803,#2804,#2805,#2806,#2807,#2808,#2809,#2810,#2811,
#2812,#2813,#2814),(#2815,#2816,#2817,#2818,#2819,#2820,#2821,#2822,#2823,
#2824,#2825,#2826,#2827,#2828,#2829,#2830,#2831,#2832,#2833,#2834,#2835,
#2836,#2837)),.UNSPECIFIED.,.F.,.F.,.F.,(4,1,4),(4,1,1,1,1,1,1,1,1,1,1,
1,1,2,1,2,2,4),(0.,0.571428571428571,1.),(-12.5038447614969,-11.4154346190007,
-10.8712295477526,-10.3270244765045,-9.2386143340083,-8.6944092627602,-8.1502041915121,
-7.06179404901591,-6.51758897776781,-5.97338390651971,-5.42917883527161,
-4.88497376402351,-4.34076869277541,-3.79656362152731,-2.59828162657621,
-1.39999963162511,-1.32045438472665,-0.0999999999999996),.UNSPECIFIED.);
#1536=B_SPLINE_SURFACE_WITH_KNOTS('',3,3,((#2872,#2873,#2874,#2875,#2876,
#2877,#2878,#2879,#2880,#2881,#2882,#2883,#2884,#2885,#2886,#2887,#2888,
#2889,#2890,#2891,#2892,#2893,#2894,#2895,#2896,#2897,#2898,#2899,#2900,
#2901,#2902),(#2903,#2904,#2905,#2906,#2907,#2908,#2909,#2910,#2911,#2912,
#2913,#2914,#2915,#2916,#2917,#2918,#2919,#2920,#2921,#2922,#2923,#2924,
#2925,#2926,#2927,#2928,#2929,#2930,#2931,#2932,#2933),(#2934,#2935,#2936,
#2937,#2938,#2939,#2940,#2941,#2942,#2943,#2944,#2945,#2946,#2947,#2948,
#2949,#2950,#2951,#2952,#2953,#2954,#2955,#2956,#2957,#2958,#2959,#2960,
#2961,#2962,#2963,#2964),(#2965,#2966,#2967,#2968,#2969,#2970,#2971,#2972,
#2973,#2974,#2975,#2976,#2977,#2978,#2979,#2980,#2981,#2982,#2983,#2984,
#2985,#2986,#2987,#2988,#2989,#2990,#2991,#2992,#2993,#2994,#2995)),
 .UNSPECIFIED.,.F.,.F.,.F.,(4,4),(4,1,1,1,1,1,1,1,1,1,1,1,1,1,1,1,1,1,1,
1,1,1,2,1,1,1,1,4),(0.,0.939393939394207),(0.,0.0896336944973452,0.17926738899469,
0.298778981657817,0.358534777989381,0.448168472486726,0.537802166984071,
0.627435861481416,0.717069555978761,0.806703250476107,0.829111674100443,
0.851520097724779,0.862724309536947,0.868326415443031,0.873928521349115,
0.8795306272552,0.885132733161284,0.890734839067368,0.892135365543889,0.89353589202041,
0.894936418496931,0.895636681735191,0.896336944973452,0.90596280008306,
0.915588655192668,0.922808046524874,0.934840365411884,0.992595496069532),
 .UNSPECIFIED.);
#1537=B_SPLINE_SURFACE_WITH_KNOTS('',3,3,((#3033,#3034,#3035,#3036,#3037,
#3038,#3039,#3040,#3041,#3042,#3043,#3044,#3045,#3046,#3047,#3048,#3049,
#3050,#3051,#3052,#3053,#3054,#3055,#3056,#3057,#3058,#3059,#3060,#3061,
#3062,#3063,#3064),(#3065,#3066,#3067,#3068,#3069,#3070,#3071,#3072,#3073,
#3074,#3075,#3076,#3077,#3078,#3079,#3080,#3081,#3082,#3083,#3084,#3085,
#3086,#3087,#3088,#3089,#3090,#3091,#3092,#3093,#3094,#3095,#3096),(#3097,
#3098,#3099,#3100,#3101,#3102,#3103,#3104,#3105,#3106,#3107,#3108,#3109,
#3110,#3111,#3112,#3113,#3114,#3115,#3116,#3117,#3118,#3119,#3120,#3121,
#3122,#3123,#3124,#3125,#3126,#3127,#3128),(#3129,#3130,#3131,#3132,#3133,
#3134,#3135,#3136,#3137,#3138,#3139,#3140,#3141,#3142,#3143,#3144,#3145,
#3146,#3147,#3148,#3149,#3150,#3151,#3152,#3153,#3154,#3155,#3156,#3157,
#3158,#3159,#3160)),.UNSPECIFIED.,.F.,.F.,.F.,(4,4),(4,1,1,1,1,1,1,1,1,
1,1,1,1,1,1,1,1,1,1,1,1,1,1,1,2,1,1,1,4),(0.,0.939393939394206),(0.,0.0896336944973452,
0.17926738899469,0.298778981657817,0.358534777989381,0.448168472486726,
0.537802166984071,0.627435861481416,0.717069555978761,0.78429482685177,
0.806703250476107,0.829111674100443,0.840315885912611,0.843116938865653,
0.851520097724779,0.862724309536947,0.873928521349115,0.885132733161284,
0.887933786114326,0.888634049352586,0.890734839067368,0.89353589202041,
0.894936418496931,0.895286550116061,0.896336944973452,0.915588655192668,
0.934840365411884,0.963717930740708,0.992595496069532),.UNSPECIFIED.);
#1538=B_SPLINE_SURFACE_WITH_KNOTS('',3,3,((#3348,#3349,#3350,#3351,#3352,
#3353,#3354,#3355,#3356,#3357,#3358,#3359,#3360,#3361,#3362,#3363),(#3364,
#3365,#3366,#3367,#3368,#3369,#3370,#3371,#3372,#3373,#3374,#3375,#3376,
#3377,#3378,#3379),(#3380,#3381,#3382,#3383,#3384,#3385,#3386,#3387,#3388,
#3389,#3390,#3391,#3392,#3393,#3394,#3395),(#3396,#3397,#3398,#3399,#3400,
#3401,#3402,#3403,#3404,#3405,#3406,#3407,#3408,#3409,#3410,#3411)),
 .UNSPECIFIED.,.F.,.F.,.F.,(4,4),(4,1,1,1,1,1,1,1,1,1,1,2,4),(0.,0.939393939394207),
(0.,0.0896336944973452,0.17926738899469,0.298778981657817,0.328656879823599,
0.358534777989381,0.478046370652508,0.537802166984071,0.627435861481416,
0.717069555978761,0.806703250476107,0.896336944973452,0.992595496069532),
 .UNSPECIFIED.);
#1539=B_SPLINE_SURFACE_WITH_KNOTS('',3,3,((#3457,#3458,#3459,#3460,#3461,
#3462,#3463,#3464,#3465,#3466,#3467,#3468,#3469,#3470,#3471,#3472,#3473,
#3474,#3475,#3476,#3477,#3478,#3479,#3480,#3481,#3482),(#3483,#3484,#3485,
#3486,#3487,#3488,#3489,#3490,#3491,#3492,#3493,#3494,#3495,#3496,#3497,
#3498,#3499,#3500,#3501,#3502,#3503,#3504,#3505,#3506,#3507,#3508),(#3509,
#3510,#3511,#3512,#3513,#3514,#3515,#3516,#3517,#3518,#3519,#3520,#3521,
#3522,#3523,#3524,#3525,#3526,#3527,#3528,#3529,#3530,#3531,#3532,#3533,
#3534),(#3535,#3536,#3537,#3538,#3539,#3540,#3541,#3542,#3543,#3544,#3545,
#3546,#3547,#3548,#3549,#3550,#3551,#3552,#3553,#3554,#3555,#3556,#3557,
#3558,#3559,#3560),(#3561,#3562,#3563,#3564,#3565,#3566,#3567,#3568,#3569,
#3570,#3571,#3572,#3573,#3574,#3575,#3576,#3577,#3578,#3579,#3580,#3581,
#3582,#3583,#3584,#3585,#3586)),.UNSPECIFIED.,.F.,.F.,.F.,(4,1,4),(4,1,
1,1,1,1,1,1,1,1,1,1,2,1,1,1,2,1,2,1,4),(0.,0.571428571428571,1.),(-12.5038447642345,
-11.4154346213961,-10.8712295499769,-10.3270244785577,-9.23861433571933,
-8.69440926430013,-8.15020419288092,-7.06179405004252,-6.51758897862332,
-5.97338390720412,-5.42917883578491,-4.88497376436571,-3.79656362152731,
-3.19742262405176,-2.59828162657621,-1.99914062910066,-1.39999963162511,
-1.38011331990049,-1.32045438472665,-0.710227192363326,-0.0999999999999973),
 .UNSPECIFIED.);
#1540=B_SPLINE_SURFACE_WITH_KNOTS('',3,3,((#3631,#3632,#3633,#3634,#3635,
#3636,#3637,#3638,#3639,#3640,#3641,#3642,#3643),(#3644,#3645,#3646,#3647,
#3648,#3649,#3650,#3651,#3652,#3653,#3654,#3655,#3656),(#3657,#3658,#3659,
#3660,#3661,#3662,#3663,#3664,#3665,#3666,#3667,#3668,#3669),(#3670,#3671,
#3672,#3673,#3674,#3675,#3676,#3677,#3678,#3679,#3680,#3681,#3682)),
 .UNSPECIFIED.,.F.,.F.,.F.,(4,4),(4,1,1,1,1,2,1,2,4),(0.0909090909090908,
0.909090909090909),(0.,0.140705566860082,0.281411133720164,0.422116700580246,
0.562822267440328,0.70352783430041,0.799932389636931,0.896336944973452,
1.),.UNSPECIFIED.);
#1541=B_SPLINE_SURFACE_WITH_KNOTS('',3,3,((#3720,#3721,#3722,#3723,#3724,
#3725,#3726,#3727,#3728,#3729,#3730,#3731,#3732,#3733,#3734,#3735,#3736,
#3737,#3738,#3739,#3740,#3741,#3742,#3743,#3744),(#3745,#3746,#3747,#3748,
#3749,#3750,#3751,#3752,#3753,#3754,#3755,#3756,#3757,#3758,#3759,#3760,
#3761,#3762,#3763,#3764,#3765,#3766,#3767,#3768,#3769),(#3770,#3771,#3772,
#3773,#3774,#3775,#3776,#3777,#3778,#3779,#3780,#3781,#3782,#3783,#3784,
#3785,#3786,#3787,#3788,#3789,#3790,#3791,#3792,#3793,#3794),(#3795,#3796,
#3797,#3798,#3799,#3800,#3801,#3802,#3803,#3804,#3805,#3806,#3807,#3808,
#3809,#3810,#3811,#3812,#3813,#3814,#3815,#3816,#3817,#3818,#3819),(#3820,
#3821,#3822,#3823,#3824,#3825,#3826,#3827,#3828,#3829,#3830,#3831,#3832,
#3833,#3834,#3835,#3836,#3837,#3838,#3839,#3840,#3841,#3842,#3843,#3844)),
 .UNSPECIFIED.,.F.,.F.,.F.,(4,1,4),(4,1,1,1,1,1,1,1,2,1,1,1,2,1,1,1,1,1,
2,4),(0.,0.571428571428571,1.),(-5.55473240196525E-17,0.493277639355549,
0.986555278711097,1.47983291806665,1.97311055742219,2.95966583613329,3.45294347548884,
3.69958229516662,3.94622111484439,3.97816689242058,4.01011266999677,4.07400422514916,
4.20178733545392,4.22773507992548,4.25368282439704,4.30557831334017,4.40936929122641,
4.82453320277138,5.03211515854387,5.50117730046985),.UNSPECIFIED.);
#1542=B_SPLINE_SURFACE_WITH_KNOTS('',3,3,((#3919,#3920,#3921,#3922,#3923,
#3924,#3925,#3926,#3927,#3928),(#3929,#3930,#3931,#3932,#3933,#3934,#3935,
#3936,#3937,#3938),(#3939,#3940,#3941,#3942,#3943,#3944,#3945,#3946,#3947,
#3948),(#3949,#3950,#3951,#3952,#3953,#3954,#3955,#3956,#3957,#3958)),
 .UNSPECIFIED.,.F.,.F.,.F.,(4,4),(4,1,1,1,1,2,4),(0.0606060606060607,1.),
(0.,0.140705566860082,0.281411133720164,0.422116700580246,0.562822267440328,
0.70352783430041,0.978823416735744),.UNSPECIFIED.);
#1543=B_SPLINE_SURFACE_WITH_KNOTS('',3,3,((#3998,#3999,#4000,#4001),(#4002,
#4003,#4004,#4005),(#4006,#4007,#4008,#4009),(#4010,#4011,#4012,#4013),
(#4014,#4015,#4016,#4017)),.UNSPECIFIED.,.F.,.F.,.F.,(4,1,4),(4,4),(0.,
0.571428571428571,1.),(-2.55,0.),.UNSPECIFIED.);
#1544=B_SPLINE_SURFACE_WITH_KNOTS('',3,3,((#4047,#4048,#4049,#4050),(#4051,
#4052,#4053,#4054),(#4055,#4056,#4057,#4058),(#4059,#4060,#4061,#4062),
(#4063,#4064,#4065,#4066)),.UNSPECIFIED.,.F.,.F.,.F.,(4,1,4),(4,4),(0.,
0.571428571428571,1.),(-2.55000000000001,0.),.UNSPECIFIED.);
#1545=B_SPLINE_SURFACE_WITH_KNOTS('',3,1,((#4347,#4348),(#4349,#4350),(#4351,
#4352),(#4353,#4354),(#4355,#4356),(#4357,#4358),(#4359,#4360),(#4361,#4362),
(#4363,#4364),(#4365,#4366),(#4367,#4368),(#4369,#4370)),.UNSPECIFIED.,
 .F.,.F.,.F.,(4,2,2,2,2,4),(2,2),(-0.472444243337205,-0.41201213469272,
-0.351580026048235,-0.234386684032157,-0.117193342016078,0.),(0.,0.2),
 .UNSPECIFIED.);
#1546=B_SPLINE_SURFACE_WITH_KNOTS('',3,1,((#4397,#4398),(#4399,#4400),(#4401,
#4402),(#4403,#4404),(#4405,#4406),(#4407,#4408),(#4409,#4410),(#4411,#4412),
(#4413,#4414),(#4415,#4416),(#4417,#4418),(#4419,#4420)),.UNSPECIFIED.,
 .F.,.F.,.F.,(4,2,2,2,2,4),(2,2),(-0.472444243337206,-0.412012134692721,
-0.351580026048236,-0.234386684032157,-0.117193342016079,0.),(0.,0.2),
 .UNSPECIFIED.);
#1547=B_SPLINE_SURFACE_WITH_KNOTS('',3,1,((#4437,#4438),(#4439,#4440),(#4441,
#4442),(#4443,#4444),(#4445,#4446),(#4447,#4448),(#4449,#4450),(#4451,#4452),
(#4453,#4454),(#4455,#4456),(#4457,#4458),(#4459,#4460)),.UNSPECIFIED.,
 .F.,.F.,.F.,(4,2,2,2,2,4),(2,2),(-0.472444243337205,-0.41201213469272,
-0.351580026048236,-0.234386684032157,-0.117193342016078,0.),(0.,0.2),
 .UNSPECIFIED.);
#1548=B_SPLINE_SURFACE_WITH_KNOTS('',3,1,((#4483,#4484),(#4485,#4486),(#4487,
#4488),(#4489,#4490),(#4491,#4492),(#4493,#4494),(#4495,#4496),(#4497,#4498),
(#4499,#4500),(#4501,#4502),(#4503,#4504),(#4505,#4506)),.UNSPECIFIED.,
 .F.,.F.,.F.,(4,2,2,2,2,4),(2,2),(-0.472444243337204,-0.41201213469272,
-0.351580026048235,-0.234386684032156,-0.117193342016078,0.),(0.,0.2),
 .UNSPECIFIED.);
#1549=B_SPLINE_SURFACE_WITH_KNOTS('',3,3,((#4602,#4603,#4604,#4605,#4606,
#4607,#4608,#4609,#4610,#4611),(#4612,#4613,#4614,#4615,#4616,#4617,#4618,
#4619,#4620,#4621),(#4622,#4623,#4624,#4625,#4626,#4627,#4628,#4629,#4630,
#4631),(#4632,#4633,#4634,#4635,#4636,#4637,#4638,#4639,#4640,#4641)),
 .UNSPECIFIED.,.F.,.F.,.F.,(4,4),(4,1,1,1,1,2,4),(0.0606060606060606,1.),
(0.,0.140705566860082,0.281411133720164,0.422116700580246,0.562822267440328,
0.70352783430041,0.978823416735744),.UNSPECIFIED.);
#1550=B_SPLINE_SURFACE_WITH_KNOTS('',3,3,((#4682,#4683,#4684,#4685,#4686,
#4687,#4688,#4689,#4690,#4691,#4692,#4693,#4694,#4695,#4696,#4697,#4698,
#4699,#4700,#4701,#4702,#4703,#4704,#4705,#4706,#4707,#4708,#4709,#4710,
#4711),(#4712,#4713,#4714,#4715,#4716,#4717,#4718,#4719,#4720,#4721,#4722,
#4723,#4724,#4725,#4726,#4727,#4728,#4729,#4730,#4731,#4732,#4733,#4734,
#4735,#4736,#4737,#4738,#4739,#4740,#4741),(#4742,#4743,#4744,#4745,#4746,
#4747,#4748,#4749,#4750,#4751,#4752,#4753,#4754,#4755,#4756,#4757,#4758,
#4759,#4760,#4761,#4762,#4763,#4764,#4765,#4766,#4767,#4768,#4769,#4770,
#4771),(#4772,#4773,#4774,#4775,#4776,#4777,#4778,#4779,#4780,#4781,#4782,
#4783,#4784,#4785,#4786,#4787,#4788,#4789,#4790,#4791,#4792,#4793,#4794,
#4795,#4796,#4797,#4798,#4799,#4800,#4801),(#4802,#4803,#4804,#4805,#4806,
#4807,#4808,#4809,#4810,#4811,#4812,#4813,#4814,#4815,#4816,#4817,#4818,
#4819,#4820,#4821,#4822,#4823,#4824,#4825,#4826,#4827,#4828,#4829,#4830,
#4831)),.UNSPECIFIED.,.F.,.F.,.F.,(4,1,4),(4,1,1,1,1,1,1,1,1,1,1,1,1,1,
2,1,1,1,1,2,1,2,1,1,4),(0.,0.571428571428571,1.),(-1.23987378789044E-16,
1.0884101424962,1.6326152137443,2.1768202849924,3.2652304274886,3.8094354987367,
4.3536405699848,5.16994817685695,5.9862557837291,6.5304608549772,7.6188709974734,
7.82294789919143,8.16307606872149,8.29912733653352,8.7072811399696,9.9055631349207,
10.130241008974,10.3549188830274,10.804274631134,11.1038451298718,11.1386461753899,
11.1833903767702,11.6410607710427,12.0224527662698,12.4038447614969),
 .UNSPECIFIED.);
#1551=B_SPLINE_SURFACE_WITH_KNOTS('',3,3,((#4868,#4869,#4870,#4871,#4872,
#4873,#4874,#4875,#4876,#4877,#4878,#4879,#4880,#4881,#4882,#4883,#4884,
#4885,#4886),(#4887,#4888,#4889,#4890,#4891,#4892,#4893,#4894,#4895,#4896,
#4897,#4898,#4899,#4900,#4901,#4902,#4903,#4904,#4905),(#4906,#4907,#4908,
#4909,#4910,#4911,#4912,#4913,#4914,#4915,#4916,#4917,#4918,#4919,#4920,
#4921,#4922,#4923,#4924),(#4925,#4926,#4927,#4928,#4929,#4930,#4931,#4932,
#4933,#4934,#4935,#4936,#4937,#4938,#4939,#4940,#4941,#4942,#4943),(#4944,
#4945,#4946,#4947,#4948,#4949,#4950,#4951,#4952,#4953,#4954,#4955,#4956,
#4957,#4958,#4959,#4960,#4961,#4962)),.UNSPECIFIED.,.F.,.F.,.F.,(4,1,4),
(4,1,1,1,1,1,1,1,2,1,1,1,1,2,4),(0.0909309991146565,0.441521316319271,0.908975072592091),
(0.,0.140705566860082,0.281411133720164,0.422116700580246,0.562822267440328,
0.633175050870369,0.66835144258539,0.6859396384429,0.70352783430041,0.722808745367714,
0.742089656435018,0.780651478569627,0.819213300704235,0.896336944973452,
0.992132990772963),.UNSPECIFIED.);
#1552=B_SPLINE_SURFACE_WITH_KNOTS('',3,3,((#4995,#4996,#4997,#4998,#4999,
#5000,#5001,#5002,#5003,#5004,#5005,#5006,#5007,#5008,#5009,#5010,#5011,
#5012,#5013,#5014,#5015,#5016),(#5017,#5018,#5019,#5020,#5021,#5022,#5023,
#5024,#5025,#5026,#5027,#5028,#5029,#5030,#5031,#5032,#5033,#5034,#5035,
#5036,#5037,#5038),(#5039,#5040,#5041,#5042,#5043,#5044,#5045,#5046,#5047,
#5048,#5049,#5050,#5051,#5052,#5053,#5054,#5055,#5056,#5057,#5058,#5059,
#5060),(#5061,#5062,#5063,#5064,#5065,#5066,#5067,#5068,#5069,#5070,#5071,
#5072,#5073,#5074,#5075,#5076,#5077,#5078,#5079,#5080,#5081,#5082),(#5083,
#5084,#5085,#5086,#5087,#5088,#5089,#5090,#5091,#5092,#5093,#5094,#5095,
#5096,#5097,#5098,#5099,#5100,#5101,#5102,#5103,#5104)),.UNSPECIFIED.,.F.,
 .F.,.F.,(4,1,4),(4,1,1,1,1,1,1,2,1,1,2,1,1,1,1,2,4),(0.,0.571428571428571,
1.),(-5.60117724427319,-5.10789960491765,-4.6146219655621,-3.628066686851,
-3.13478904749545,-2.6415114081399,-2.14823376878435,-1.6549561294288,-1.59106457427642,
-1.46328146397165,-1.39938990881927,-1.34749441987615,-1.29559893093303,
-1.19180795304678,-0.984225997274297,-0.569062085729322,-0.0999999438033405),
 .UNSPECIFIED.);
#1553=B_SPLINE_SURFACE_WITH_KNOTS('',3,3,((#5132,#5133,#5134,#5135,#5136,
#5137,#5138,#5139,#5140,#5141,#5142,#5143,#5144,#5145,#5146,#5147),(#5148,
#5149,#5150,#5151,#5152,#5153,#5154,#5155,#5156,#5157,#5158,#5159,#5160,
#5161,#5162,#5163),(#5164,#5165,#5166,#5167,#5168,#5169,#5170,#5171,#5172,
#5173,#5174,#5175,#5176,#5177,#5178,#5179),(#5180,#5181,#5182,#5183,#5184,
#5185,#5186,#5187,#5188,#5189,#5190,#5191,#5192,#5193,#5194,#5195)),
 .UNSPECIFIED.,.F.,.F.,.F.,(4,4),(4,1,1,1,1,1,1,2,1,1,1,1,4),(0.0606060606060606,
1.),(0.,0.140705566860082,0.281411133720164,0.422116700580246,0.562822267440328,
0.633175050870369,0.66835144258539,0.70352783430041,0.717292613422177,0.731057392543943,
0.758586950787477,0.86870518376161,0.978823416735744),.UNSPECIFIED.);
#1554=B_SPLINE_SURFACE_WITH_KNOTS('',3,3,((#5212,#5213,#5214,#5215,#5216,
#5217,#5218,#5219,#5220,#5221,#5222,#5223,#5224,#5225,#5226,#5227),(#5228,
#5229,#5230,#5231,#5232,#5233,#5234,#5235,#5236,#5237,#5238,#5239,#5240,
#5241,#5242,#5243),(#5244,#5245,#5246,#5247,#5248,#5249,#5250,#5251,#5252,
#5253,#5254,#5255,#5256,#5257,#5258,#5259),(#5260,#5261,#5262,#5263,#5264,
#5265,#5266,#5267,#5268,#5269,#5270,#5271,#5272,#5273,#5274,#5275)),
 .UNSPECIFIED.,.F.,.F.,.F.,(4,4),(4,1,1,1,1,1,1,2,1,1,1,1,4),(0.0606060606060607,
1.),(0.,0.140705566860082,0.281411133720164,0.422116700580246,0.562822267440328,
0.633175050870369,0.66835144258539,0.70352783430041,0.717292613422177,0.731057392543943,
0.758586950787477,0.86870518376161,0.978823416735744),.UNSPECIFIED.);
#1555=B_SPLINE_SURFACE_WITH_KNOTS('',3,3,((#5276,#5277,#5278,#5279,#5280,
#5281,#5282,#5283,#5284,#5285,#5286,#5287,#5288,#5289,#5290,#5291,#5292,
#5293,#5294,#5295,#5296,#5297,#5298,#5299,#5300,#5301,#5302),(#5303,#5304,
#5305,#5306,#5307,#5308,#5309,#5310,#5311,#5312,#5313,#5314,#5315,#5316,
#5317,#5318,#5319,#5320,#5321,#5322,#5323,#5324,#5325,#5326,#5327,#5328,
#5329),(#5330,#5331,#5332,#5333,#5334,#5335,#5336,#5337,#5338,#5339,#5340,
#5341,#5342,#5343,#5344,#5345,#5346,#5347,#5348,#5349,#5350,#5351,#5352,
#5353,#5354,#5355,#5356),(#5357,#5358,#5359,#5360,#5361,#5362,#5363,#5364,
#5365,#5366,#5367,#5368,#5369,#5370,#5371,#5372,#5373,#5374,#5375,#5376,
#5377,#5378,#5379,#5380,#5381,#5382,#5383),(#5384,#5385,#5386,#5387,#5388,
#5389,#5390,#5391,#5392,#5393,#5394,#5395,#5396,#5397,#5398,#5399,#5400,
#5401,#5402,#5403,#5404,#5405,#5406,#5407,#5408,#5409,#5410)),
 .UNSPECIFIED.,.F.,.F.,.F.,(4,1,4),(4,1,1,1,1,1,1,1,1,1,1,1,1,2,1,1,2,1,
2,1,1,4),(0.,0.571428571428571,1.),(-2.73766955916458E-9,1.08841014010074,
1.63261521151994,2.17682028293915,3.26523042577755,3.80943549719676,4.35364056861596,
4.89784564003517,5.98625578287357,6.53046085429278,7.61887099713119,8.16307606855039,
8.29912733640519,8.7072811399696,9.9055631349207,10.5047041323962,11.1038451298718,
11.1336745974587,11.1833903767702,11.7936175691336,12.0224527662698,12.4038447614969),
 .UNSPECIFIED.);
#1556=B_SPLINE_SURFACE_WITH_KNOTS('',3,3,((#5475,#5476,#5477,#5478,#5479,
#5480,#5481,#5482,#5483,#5484,#5485,#5486),(#5487,#5488,#5489,#5490,#5491,
#5492,#5493,#5494,#5495,#5496,#5497,#5498),(#5499,#5500,#5501,#5502,#5503,
#5504,#5505,#5506,#5507,#5508,#5509,#5510),(#5511,#5512,#5513,#5514,#5515,
#5516,#5517,#5518,#5519,#5520,#5521,#5522)),.UNSPECIFIED.,.F.,.F.,.F.,(4,
4),(4,1,1,1,1,2,2,4),(0.0909090909090906,0.909090909090909),(0.,0.140705566860082,
0.281411133720164,0.422116700580246,0.562822267440328,0.70352783430041,
0.896336944973452,1.),.UNSPECIFIED.);
#1557=B_SPLINE_SURFACE_WITH_KNOTS('',3,3,((#5557,#5558,#5559,#5560,#5561,
#5562,#5563,#5564,#5565,#5566,#5567,#5568,#5569,#5570,#5571,#5572,#5573,
#5574,#5575,#5576,#5577,#5578,#5579,#5580),(#5581,#5582,#5583,#5584,#5585,
#5586,#5587,#5588,#5589,#5590,#5591,#5592,#5593,#5594,#5595,#5596,#5597,
#5598,#5599,#5600,#5601,#5602,#5603,#5604),(#5605,#5606,#5607,#5608,#5609,
#5610,#5611,#5612,#5613,#5614,#5615,#5616,#5617,#5618,#5619,#5620,#5621,
#5622,#5623,#5624,#5625,#5626,#5627,#5628),(#5629,#5630,#5631,#5632,#5633,
#5634,#5635,#5636,#5637,#5638,#5639,#5640,#5641,#5642,#5643,#5644,#5645,
#5646,#5647,#5648,#5649,#5650,#5651,#5652),(#5653,#5654,#5655,#5656,#5657,
#5658,#5659,#5660,#5661,#5662,#5663,#5664,#5665,#5666,#5667,#5668,#5669,
#5670,#5671,#5672,#5673,#5674,#5675,#5676)),.UNSPECIFIED.,.F.,.F.,.F.,(4,
1,4),(4,1,1,1,1,1,1,2,1,1,1,2,1,1,1,1,1,2,4),(0.,0.571428571428571,1.),
(-5.60117724427319,-5.10789960491765,-4.6146219655621,-4.12134432620655,
-3.628066686851,-2.6415114081399,-2.14823376878435,-1.6549561294288,-1.62301035185261,
-1.59106457427642,-1.52717301912404,-1.39938990881927,-1.37344216434771,
-1.34749441987615,-1.29559893093303,-1.19180795304678,-0.984225997274297,
-0.569062085729323,-0.0999999438033396),.UNSPECIFIED.);
#1558=B_SPLINE_SURFACE_WITH_KNOTS('',3,3,((#5677,#5678,#5679,#5680,#5681,
#5682,#5683,#5684,#5685,#5686,#5687,#5688,#5689,#5690,#5691),(#5692,#5693,
#5694,#5695,#5696,#5697,#5698,#5699,#5700,#5701,#5702,#5703,#5704,#5705,
#5706),(#5707,#5708,#5709,#5710,#5711,#5712,#5713,#5714,#5715,#5716,#5717,
#5718,#5719,#5720,#5721),(#5722,#5723,#5724,#5725,#5726,#5727,#5728,#5729,
#5730,#5731,#5732,#5733,#5734,#5735,#5736)),.UNSPECIFIED.,.F.,.F.,.F.,(4,
4),(4,1,1,1,1,1,1,1,1,1,2,4),(0.,0.939393939394206),(0.,0.0896336944973452,
0.17926738899469,0.298778981657817,0.358534777989381,0.478046370652508,
0.537802166984071,0.627435861481416,0.717069555978761,0.806703250476107,
0.896336944973452,0.992595496069532),.UNSPECIFIED.);
#1559=ADVANCED_FACE('',(#261),#1523,.F.);
#1560=ADVANCED_FACE('',(#262),#1524,.F.);
#1561=ADVANCED_FACE('',(#263),#1525,.F.);
#1562=ADVANCED_FACE('',(#264),#1526,.F.);
#1563=ADVANCED_FACE('',(#265),#1527,.F.);
#1564=ADVANCED_FACE('',(#266),#1528,.F.);
#1565=ADVANCED_FACE('',(#267),#1529,.F.);
#1566=ADVANCED_FACE('',(#268),#1530,.F.);
#1567=ADVANCED_FACE('',(#269),#1531,.F.);
#1568=ADVANCED_FACE('',(#270),#1532,.F.);
#1569=ADVANCED_FACE('',(#271),#1533,.T.);
#1570=ADVANCED_FACE('',(#272),#1534,.T.);
#1571=ADVANCED_FACE('',(#273),#1535,.T.);
#1572=ADVANCED_FACE('',(#274),#1536,.T.);
#1573=ADVANCED_FACE('',(#275),#1537,.F.);
#1574=ADVANCED_FACE('',(#276),#29,.T.);
#1575=ADVANCED_FACE('',(#277),#30,.T.);
#1576=ADVANCED_FACE('',(#278),#17,.T.);
#1577=ADVANCED_FACE('',(#279),#31,.T.);
#1578=ADVANCED_FACE('',(#280),#32,.F.);
#1579=ADVANCED_FACE('',(#281),#18,.T.);
#1580=ADVANCED_FACE('',(#282),#33,.T.);
#1581=ADVANCED_FACE('',(#283),#34,.F.);
#1582=ADVANCED_FACE('',(#284),#19,.T.);
#1583=ADVANCED_FACE('',(#285),#35,.T.);
#1584=ADVANCED_FACE('',(#286),#20,.T.);
#1585=ADVANCED_FACE('',(#287),#36,.T.);
#1586=ADVANCED_FACE('',(#288),#37,.T.);
#1587=ADVANCED_FACE('',(#289),#38,.T.);
#1588=ADVANCED_FACE('',(#290),#1538,.F.);
#1589=ADVANCED_FACE('',(#291),#1539,.F.);
#1590=ADVANCED_FACE('',(#292),#1540,.F.);
#1591=ADVANCED_FACE('',(#293),#1541,.F.);
#1592=ADVANCED_FACE('',(#294),#1542,.F.);
#1593=ADVANCED_FACE('',(#295),#1543,.F.);
#1594=ADVANCED_FACE('',(#296),#1544,.F.);
#1595=ADVANCED_FACE('',(#297),#39,.T.);
#1596=ADVANCED_FACE('',(#298),#21,.T.);
#1597=ADVANCED_FACE('',(#299),#40,.T.);
#1598=ADVANCED_FACE('',(#300),#22,.T.);
#1599=ADVANCED_FACE('',(#301),#41,.T.);
#1600=ADVANCED_FACE('',(#302),#15,.F.);
#1601=ADVANCED_FACE('',(#303),#23,.T.);
#1602=ADVANCED_FACE('',(#304),#24,.T.);
#1603=ADVANCED_FACE('',(#305),#16,.F.);
#1604=ADVANCED_FACE('',(#306),#25,.T.);
#1605=ADVANCED_FACE('',(#307),#26,.T.);
#1606=ADVANCED_FACE('',(#308),#27,.T.);
#1607=ADVANCED_FACE('',(#309),#28,.T.);
#1608=ADVANCED_FACE('',(#310),#42,.T.);
#1609=ADVANCED_FACE('',(#311),#43,.T.);
#1610=ADVANCED_FACE('',(#312),#44,.T.);
#1611=ADVANCED_FACE('',(#313),#45,.T.);
#1612=ADVANCED_FACE('',(#314),#46,.T.);
#1613=ADVANCED_FACE('',(#315),#47,.T.);
#1614=ADVANCED_FACE('',(#316),#48,.T.);
#1615=ADVANCED_FACE('',(#317),#49,.T.);
#1616=ADVANCED_FACE('',(#318),#50,.T.);
#1617=ADVANCED_FACE('',(#319),#51,.T.);
#1618=ADVANCED_FACE('',(#320),#52,.T.);
#1619=ADVANCED_FACE('',(#321),#53,.T.);
#1620=ADVANCED_FACE('',(#322),#54,.T.);
#1621=ADVANCED_FACE('',(#323),#1545,.T.);
#1622=ADVANCED_FACE('',(#324),#1546,.T.);
#1623=ADVANCED_FACE('',(#325),#55,.T.);
#1624=ADVANCED_FACE('',(#326),#1547,.T.);
#1625=ADVANCED_FACE('',(#327),#56,.T.);
#1626=ADVANCED_FACE('',(#328),#1548,.T.);
#1627=ADVANCED_FACE('',(#329),#57,.T.);
#1628=ADVANCED_FACE('',(#330),#58,.T.);
#1629=ADVANCED_FACE('',(#331),#59,.F.);
#1630=ADVANCED_FACE('',(#332),#60,.F.);
#1631=ADVANCED_FACE('',(#333),#61,.F.);
#1632=ADVANCED_FACE('',(#334),#62,.F.);
#1633=ADVANCED_FACE('',(#335),#63,.F.);
#1634=ADVANCED_FACE('',(#336),#64,.F.);
#1635=ADVANCED_FACE('',(#337),#65,.F.);
#1636=ADVANCED_FACE('',(#338),#1549,.T.);
#1637=ADVANCED_FACE('',(#339),#66,.T.);
#1638=ADVANCED_FACE('',(#340),#1550,.T.);
#1639=ADVANCED_FACE('',(#341),#1551,.F.);
#1640=ADVANCED_FACE('',(#342),#1552,.T.);
#1641=ADVANCED_FACE('',(#343),#1553,.F.);
#1642=ADVANCED_FACE('',(#344),#1554,.T.);
#1643=ADVANCED_FACE('',(#345),#1555,.F.);
#1644=ADVANCED_FACE('',(#346),#1556,.T.);
#1645=ADVANCED_FACE('',(#347),#1557,.F.);
#1646=ADVANCED_FACE('',(#348),#1558,.T.);
#1647=CLOSED_SHELL('',(#1559,#1560,#1561,#1562,#1563,#1564,#1565,#1566,
#1567,#1568,#1569,#1570,#1571,#1572,#1573,#1574,#1575,#1576,#1577,#1578,
#1579,#1580,#1581,#1582,#1583,#1584,#1585,#1586,#1587,#1588,#1589,#1590,
#1591,#1592,#1593,#1594,#1595,#1596,#1597,#1598,#1599,#1600,#1601,#1602,
#1603,#1604,#1605,#1606,#1607,#1608,#1609,#1610,#1611,#1612,#1613,#1614,
#1615,#1616,#1617,#1618,#1619,#1620,#1621,#1622,#1623,#1624,#1625,#1626,
#1627,#1628,#1629,#1630,#1631,#1632,#1633,#1634,#1635,#1636,#1637,#1638,
#1639,#1640,#1641,#1642,#1643,#1644,#1645,#1646));
#1648=DERIVED_UNIT_ELEMENT(#1650,1.);
#1649=DERIVED_UNIT_ELEMENT(#5742,-3.);
#1650=(
MASS_UNIT()
NAMED_UNIT(*)
SI_UNIT(.KILO.,.GRAM.)
);
#1651=DERIVED_UNIT((#1648,#1649));
#1652=MEASURE_REPRESENTATION_ITEM('density measure',
POSITIVE_RATIO_MEASURE(7850.),#1651);
#1653=PROPERTY_DEFINITION_REPRESENTATION(#1658,#1655);
#1654=PROPERTY_DEFINITION_REPRESENTATION(#1659,#1656);
#1655=REPRESENTATION('material name',(#1657),#5739);
#1656=REPRESENTATION('density',(#1652),#5739);
#1657=DESCRIPTIVE_REPRESENTATION_ITEM('Acier','Acier');
#1658=PROPERTY_DEFINITION('material property','material name',#5749);
#1659=PROPERTY_DEFINITION('material property','density of part',#5749);
#1660=AXIS2_PLACEMENT_3D('',#2012,#1745,#1746);
#1661=AXIS2_PLACEMENT_3D('',#2035,#1747,#1748);
#1662=AXIS2_PLACEMENT_3D('',#2042,#1749,#1750);
#1663=AXIS2_PLACEMENT_3D('',#2069,#1751,#1752);
#1664=AXIS2_PLACEMENT_3D('',#2110,#1753,#1754);
#1665=AXIS2_PLACEMENT_3D('',#2145,#1755,#1756);
#1666=AXIS2_PLACEMENT_3D('',#2183,#1758,#1759);
#1667=AXIS2_PLACEMENT_3D('',#2218,#1760,#1761);
#1668=AXIS2_PLACEMENT_3D('',#2249,#1762,#1763);
#1669=AXIS2_PLACEMENT_3D('',#2290,#1764,#1765);
#1670=AXIS2_PLACEMENT_3D('',#2325,#1766,#1767);
#1671=AXIS2_PLACEMENT_3D('',#3212,#1769,#1770);
#1672=AXIS2_PLACEMENT_3D('',#3216,#1772,#1773);
#1673=AXIS2_PLACEMENT_3D('',#3220,#1775,#1776);
#1674=AXIS2_PLACEMENT_3D('',#3222,#1778,#1779);
#1675=AXIS2_PLACEMENT_3D('',#3226,#1781,#1782);
#1676=AXIS2_PLACEMENT_3D('',#3230,#1784,#1785);
#1677=AXIS2_PLACEMENT_3D('',#3232,#1787,#1788);
#1678=AXIS2_PLACEMENT_3D('',#3235,#1789,#1790);
#1679=AXIS2_PLACEMENT_3D('',#3238,#1793,#1794);
#1680=AXIS2_PLACEMENT_3D('',#3242,#1797,#1798);
#1681=AXIS2_PLACEMENT_3D('',#3277,#1801,#1802);
#1682=AXIS2_PLACEMENT_3D('',#3278,#1803,#1804);
#1683=AXIS2_PLACEMENT_3D('',#3281,#1805,#1806);
#1684=AXIS2_PLACEMENT_3D('',#3284,#1809,#1810);
#1685=AXIS2_PLACEMENT_3D('',#3291,#1812,#1813);
#1686=AXIS2_PLACEMENT_3D('',#3295,#1815,#1816);
#1687=AXIS2_PLACEMENT_3D('',#3327,#1818,#1819);
#1688=AXIS2_PLACEMENT_3D('',#3329,#1821,#1822);
#1689=AXIS2_PLACEMENT_3D('',#3334,#1823,#1824);
#1690=AXIS2_PLACEMENT_3D('',#3337,#1827,#1828);
#1691=AXIS2_PLACEMENT_3D('',#3342,#1829,#1830);
#1692=AXIS2_PLACEMENT_3D('',#3347,#1831,#1832);
#1693=AXIS2_PLACEMENT_3D('',#4037,#1837,#1838);
#1694=AXIS2_PLACEMENT_3D('',#4089,#1839,#1840);
#1695=AXIS2_PLACEMENT_3D('',#4095,#1844,#1845);
#1696=AXIS2_PLACEMENT_3D('',#4098,#1847,#1848);
#1697=AXIS2_PLACEMENT_3D('',#4099,#1849,#1850);
#1698=AXIS2_PLACEMENT_3D('',#4103,#1852,#1853);
#1699=AXIS2_PLACEMENT_3D('',#4107,#1856,#1857);
#1700=AXIS2_PLACEMENT_3D('',#4110,#1860,#1861);
#1701=AXIS2_PLACEMENT_3D('',#4128,#1863,#1864);
#1702=AXIS2_PLACEMENT_3D('',#4130,#1865,#1866);
#1703=AXIS2_PLACEMENT_3D('',#4132,#1867,#1868);
#1704=AXIS2_PLACEMENT_3D('',#4133,#1869,#1870);
#1705=AXIS2_PLACEMENT_3D('',#4134,#1871,#1872);
#1706=AXIS2_PLACEMENT_3D('',#4137,#1873,#1874);
#1707=AXIS2_PLACEMENT_3D('',#4140,#1877,#1878);
#1708=AXIS2_PLACEMENT_3D('',#4145,#1880,#1881);
#1709=AXIS2_PLACEMENT_3D('',#4149,#1883,#1884);
#1710=AXIS2_PLACEMENT_3D('',#4173,#1885,#1886);
#1711=AXIS2_PLACEMENT_3D('',#4175,#1887,#1888);
#1712=AXIS2_PLACEMENT_3D('',#4177,#1889,#1890);
#1713=AXIS2_PLACEMENT_3D('',#4178,#1891,#1892);
#1714=AXIS2_PLACEMENT_3D('',#4179,#1893,#1894);
#1715=AXIS2_PLACEMENT_3D('',#4182,#1895,#1896);
#1716=AXIS2_PLACEMENT_3D('',#4185,#1899,#1900);
#1717=AXIS2_PLACEMENT_3D('',#4188,#1903,#1904);
#1718=AXIS2_PLACEMENT_3D('',#4191,#1907,#1908);
#1719=AXIS2_PLACEMENT_3D('',#4194,#1909,#1910);
#1720=AXIS2_PLACEMENT_3D('',#4197,#1913,#1914);
#1721=AXIS2_PLACEMENT_3D('',#4199,#1916,#1917);
#1722=AXIS2_PLACEMENT_3D('',#4201,#1919,#1920);
#1723=AXIS2_PLACEMENT_3D('',#4205,#1923,#1924);
#1724=AXIS2_PLACEMENT_3D('',#4212,#1929,#1930);
#1725=AXIS2_PLACEMENT_3D('',#4214,#1932,#1933);
#1726=AXIS2_PLACEMENT_3D('',#4227,#1941,#1942);
#1727=AXIS2_PLACEMENT_3D('',#4232,#1947,#1948);
#1728=AXIS2_PLACEMENT_3D('',#4242,#1954,#1955);
#1729=AXIS2_PLACEMENT_3D('',#4244,#1957,#1958);
#1730=AXIS2_PLACEMENT_3D('',#4261,#1959,#1960);
#1731=AXIS2_PLACEMENT_3D('',#4278,#1961,#1962);
#1732=AXIS2_PLACEMENT_3D('',#4346,#1969,#1970);
#1733=AXIS2_PLACEMENT_3D('',#4433,#1973,#1974);
#1734=AXIS2_PLACEMENT_3D('',#4479,#1978,#1979);
#1735=AXIS2_PLACEMENT_3D('',#4525,#1983,#1984);
#1736=AXIS2_PLACEMENT_3D('',#4527,#1986,#1987);
#1737=AXIS2_PLACEMENT_3D('',#4536,#1989,#1990);
#1738=AXIS2_PLACEMENT_3D('',#4545,#1991,#1992);
#1739=AXIS2_PLACEMENT_3D('',#4560,#1995,#1996);
#1740=AXIS2_PLACEMENT_3D('',#4572,#1998,#1999);
#1741=AXIS2_PLACEMENT_3D('',#4581,#2000,#2001);
#1742=AXIS2_PLACEMENT_3D('',#4590,#2004,#2005);
#1743=AXIS2_PLACEMENT_3D('',#4595,#2006,#2007);
#1744=AXIS2_PLACEMENT_3D('',#4672,#2010,#2011);
#1745=DIRECTION('axis',(0.,0.,1.));
#1746=DIRECTION('refdir',(1.,0.,0.));
#1747=DIRECTION('center_axis',(0.,0.,-1.));
#1748=DIRECTION('ref_axis',(6.66133814775114E-15,1.,0.));
#1749=DIRECTION('center_axis',(-4.44089209850063E-15,-8.88178419700131E-15,
1.));
#1750=DIRECTION('ref_axis',(1.,0.,4.44089209850063E-15));
#1751=DIRECTION('center_axis',(0.,0.,-1.));
#1752=DIRECTION('ref_axis',(-1.99840144432529E-14,1.,0.));
#1753=DIRECTION('center_axis',(1.77635683940023E-14,-1.,-8.88178419700128E-15));
#1754=DIRECTION('ref_axis',(0.,8.88178419700128E-15,-1.));
#1755=DIRECTION('center_axis',(-6.23057161419636E-12,-1.,3.11750625314746E-12));
#1756=DIRECTION('ref_axis',(-2.22044604925032E-15,-3.11750625314745E-12,
-1.));
#1757=DIRECTION('',(6.16297582203916E-33,1.,2.77555756156289E-17));
#1758=DIRECTION('center_axis',(0.,0.,1.));
#1759=DIRECTION('ref_axis',(-2.22044604925032E-15,-1.,0.));
#1760=DIRECTION('center_axis',(0.,0.,1.));
#1761=DIRECTION('ref_axis',(2.2204460492503E-15,-1.,0.));
#1762=DIRECTION('center_axis',(4.44089209850063E-15,4.44089209850059E-15,
1.));
#1763=DIRECTION('ref_axis',(-6.66133814775093E-15,-1.,4.44089209850062E-15));
#1764=DIRECTION('center_axis',(-4.4408920985006E-15,1.,0.));
#1765=DIRECTION('ref_axis',(0.,0.,1.));
#1766=DIRECTION('center_axis',(-1.77635683940024E-14,1.,-8.8817841970012E-15));
#1767=DIRECTION('ref_axis',(2.22044604925031E-15,8.88178419700124E-15,1.));
#1768=DIRECTION('',(6.16297582203916E-33,1.,-2.77555756156289E-17));
#1769=DIRECTION('center_axis',(1.,-1.00427229726379E-17,-8.44356326361944E-17));
#1770=DIRECTION('ref_axis',(-8.44356326361944E-17,0.,-1.));
#1771=DIRECTION('',(0.,1.,0.));
#1772=DIRECTION('center_axis',(-1.,1.00427229726379E-17,8.44356326361944E-17));
#1773=DIRECTION('ref_axis',(0.,-0.707106781186548,0.707106781186548));
#1774=DIRECTION('',(0.,0.,1.));
#1775=DIRECTION('center_axis',(-1.,1.00427229726379E-17,8.44356326361944E-17));
#1776=DIRECTION('ref_axis',(0.,-0.707106781186549,-0.707106781186546));
#1777=DIRECTION('',(0.,-1.,0.));
#1778=DIRECTION('center_axis',(1.,-1.00427229726379E-17,-8.44356326361944E-17));
#1779=DIRECTION('ref_axis',(-8.44356326361944E-17,0.,-1.));
#1780=DIRECTION('',(0.,-1.,0.));
#1781=DIRECTION('center_axis',(-1.,1.00427229726379E-17,8.44356326361944E-17));
#1782=DIRECTION('ref_axis',(0.,0.707106781186548,-0.707106781186548));
#1783=DIRECTION('',(0.,0.,-1.));
#1784=DIRECTION('center_axis',(-1.,1.00427229726379E-17,8.44356326361944E-17));
#1785=DIRECTION('ref_axis',(0.,0.707106781186548,0.707106781186547));
#1786=DIRECTION('',(0.,1.,0.));
#1787=DIRECTION('center_axis',(-1.,0.,0.));
#1788=DIRECTION('ref_axis',(0.,-0.707106781186548,0.707106781186548));
#1789=DIRECTION('center_axis',(1.,0.,0.));
#1790=DIRECTION('ref_axis',(0.,-0.707106781186548,0.707106781186548));
#1791=DIRECTION('',(1.,0.,0.));
#1792=DIRECTION('',(-1.,0.,0.));
#1793=DIRECTION('center_axis',(0.,-1.,0.));
#1794=DIRECTION('ref_axis',(0.,0.,1.));
#1795=DIRECTION('',(0.,0.,1.));
#1796=DIRECTION('',(-1.,0.,0.));
#1797=DIRECTION('center_axis',(1.,0.,0.));
#1798=DIRECTION('ref_axis',(0.,1.,0.));
#1799=DIRECTION('',(0.,1.,0.));
#1800=DIRECTION('',(0.,-1.,0.));
#1801=DIRECTION('center_axis',(1.,0.,0.));
#1802=DIRECTION('ref_axis',(0.,-0.707106781186549,-0.707106781186546));
#1803=DIRECTION('center_axis',(-1.,0.,0.));
#1804=DIRECTION('ref_axis',(0.,0.707106781186548,0.707106781186547));
#1805=DIRECTION('center_axis',(1.,0.,0.));
#1806=DIRECTION('ref_axis',(0.,0.707106781186548,0.707106781186547));
#1807=DIRECTION('',(1.,0.,0.));
#1808=DIRECTION('',(-1.,0.,0.));
#1809=DIRECTION('center_axis',(0.,0.,1.));
#1810=DIRECTION('ref_axis',(0.,1.,0.));
#1811=DIRECTION('',(0.,1.,0.));
#1812=DIRECTION('center_axis',(1.,0.,0.));
#1813=DIRECTION('ref_axis',(0.,1.,0.));
#1814=DIRECTION('',(0.,0.,-1.));
#1815=DIRECTION('center_axis',(1.,0.,0.));
#1816=DIRECTION('ref_axis',(0.,0.707106781186548,-0.707106781186548));
#1817=DIRECTION('',(0.,-1.,0.));
#1818=DIRECTION('center_axis',(-1.,0.,0.));
#1819=DIRECTION('ref_axis',(0.,-0.707106781186549,-0.707106781186546));
#1820=DIRECTION('',(1.,0.,0.));
#1821=DIRECTION('center_axis',(0.,0.,-1.));
#1822=DIRECTION('ref_axis',(0.,-1.,0.));
#1823=DIRECTION('center_axis',(-1.,0.,0.));
#1824=DIRECTION('ref_axis',(0.,0.707106781186548,-0.707106781186548));
#1825=DIRECTION('',(1.,0.,0.));
#1826=DIRECTION('',(-1.,0.,0.));
#1827=DIRECTION('center_axis',(0.,0.,-1.));
#1828=DIRECTION('ref_axis',(0.,-1.,0.));
#1829=DIRECTION('center_axis',(0.,0.,1.));
#1830=DIRECTION('ref_axis',(0.,1.,0.));
#1831=DIRECTION('center_axis',(0.,1.,0.));
#1832=DIRECTION('ref_axis',(0.,0.,-1.));
#1833=DIRECTION('',(0.,0.,1.));
#1834=DIRECTION('',(0.,-1.,0.));
#1835=DIRECTION('',(0.,3.22239558140786E-17,-1.));
#1836=DIRECTION('',(0.,3.22239558140786E-17,-1.));
#1837=DIRECTION('center_axis',(-9.00819392524543E-15,0.,-1.));
#1838=DIRECTION('ref_axis',(0.,-1.,0.));
#1839=DIRECTION('center_axis',(0.,0.,1.));
#1840=DIRECTION('ref_axis',(0.,1.,0.));
#1841=DIRECTION('',(-1.,0.,0.));
#1842=DIRECTION('',(0.,-1.,0.));
#1843=DIRECTION('',(1.,0.,0.));
#1844=DIRECTION('center_axis',(1.,0.,0.));
#1845=DIRECTION('ref_axis',(0.,-0.707106781186555,0.70710678118654));
#1846=DIRECTION('',(1.,0.,0.));
#1847=DIRECTION('center_axis',(-1.,0.,0.));
#1848=DIRECTION('ref_axis',(0.,-0.707106781186555,0.70710678118654));
#1849=DIRECTION('center_axis',(1.,0.,0.));
#1850=DIRECTION('ref_axis',(0.,0.,-1.));
#1851=DIRECTION('',(0.,0.,-1.));
#1852=DIRECTION('center_axis',(-1.,0.,0.));
#1853=DIRECTION('ref_axis',(0.,-0.707106781186549,-0.707106781186546));
#1854=DIRECTION('',(0.,1.,0.));
#1855=DIRECTION('',(0.,0.,1.));
#1856=DIRECTION('center_axis',(1.,0.,0.));
#1857=DIRECTION('ref_axis',(0.,-0.707106781186549,-0.707106781186546));
#1858=DIRECTION('',(1.,0.,0.));
#1859=DIRECTION('',(-1.,0.,0.));
#1860=DIRECTION('center_axis',(0.,0.,-1.));
#1861=DIRECTION('ref_axis',(0.,-1.,0.));
#1862=DIRECTION('',(1.,0.,0.));
#1863=DIRECTION('center_axis',(0.,-1.,0.));
#1864=DIRECTION('ref_axis',(0.,0.,1.));
#1865=DIRECTION('center_axis',(-1.,0.,0.));
#1866=DIRECTION('ref_axis',(0.,1.,0.));
#1867=DIRECTION('center_axis',(0.,0.,-1.));
#1868=DIRECTION('ref_axis',(-1.,0.,0.));
#1869=DIRECTION('center_axis',(1.,0.,0.));
#1870=DIRECTION('ref_axis',(0.,0.707106781186579,0.707106781186516));
#1871=DIRECTION('center_axis',(1.,0.,0.));
#1872=DIRECTION('ref_axis',(0.,0.70710678118654,0.707106781186555));
#1873=DIRECTION('center_axis',(-1.,0.,0.));
#1874=DIRECTION('ref_axis',(0.,0.70710678118654,0.707106781186555));
#1875=DIRECTION('',(-1.,0.,0.));
#1876=DIRECTION('',(1.,0.,0.));
#1877=DIRECTION('center_axis',(1.,0.,0.));
#1878=DIRECTION('ref_axis',(0.,-0.707106781186548,-0.707106781186547));
#1879=DIRECTION('',(1.,0.,0.));
#1880=DIRECTION('center_axis',(-1.,0.,0.));
#1881=DIRECTION('ref_axis',(0.,-0.707106781186548,-0.707106781186547));
#1882=DIRECTION('',(-1.,0.,0.));
#1883=DIRECTION('center_axis',(1.,0.,0.));
#1884=DIRECTION('ref_axis',(0.,-0.707106781186548,-0.707106781186547));
#1885=DIRECTION('center_axis',(0.,0.,1.));
#1886=DIRECTION('ref_axis',(0.,1.,0.));
#1887=DIRECTION('center_axis',(-1.,0.,0.));
#1888=DIRECTION('ref_axis',(0.,0.,-1.));
#1889=DIRECTION('center_axis',(0.,-1.,0.));
#1890=DIRECTION('ref_axis',(-1.,0.,0.));
#1891=DIRECTION('center_axis',(1.,0.,0.));
#1892=DIRECTION('ref_axis',(0.,0.707106781186546,-0.707106781186549));
#1893=DIRECTION('center_axis',(1.,0.,0.));
#1894=DIRECTION('ref_axis',(0.,0.707106781186546,-0.707106781186549));
#1895=DIRECTION('center_axis',(-1.,0.,0.));
#1896=DIRECTION('ref_axis',(0.,0.707106781186546,-0.707106781186549));
#1897=DIRECTION('',(-1.,0.,0.));
#1898=DIRECTION('',(1.,0.,0.));
#1899=DIRECTION('center_axis',(0.,-1.,1.71595521579061E-16));
#1900=DIRECTION('ref_axis',(-0.707106781186547,0.,-0.707106781186548));
#1901=DIRECTION('',(0.,1.,-1.71595521579061E-16));
#1902=DIRECTION('',(0.,-1.,1.71595521579061E-16));
#1903=DIRECTION('center_axis',(0.,0.,-1.));
#1904=DIRECTION('ref_axis',(-0.707106781186549,0.707106781186546,0.));
#1905=DIRECTION('',(0.,0.,1.));
#1906=DIRECTION('',(0.,0.,-1.));
#1907=DIRECTION('center_axis',(0.,1.,0.));
#1908=DIRECTION('ref_axis',(-0.707106781186542,0.,0.707106781186553));
#1909=DIRECTION('center_axis',(0.,1.,1.28990790921839E-17));
#1910=DIRECTION('ref_axis',(-0.707106781186542,0.,0.707106781186553));
#1911=DIRECTION('',(0.,1.,0.));
#1912=DIRECTION('',(0.,-1.,0.));
#1913=DIRECTION('center_axis',(0.,-1.71595521579061E-16,-1.));
#1914=DIRECTION('ref_axis',(0.,-1.,1.71595521579061E-16));
#1915=DIRECTION('',(0.,1.,-1.71595521579061E-16));
#1916=DIRECTION('center_axis',(0.,1.,0.));
#1917=DIRECTION('ref_axis',(0.,0.,-1.));
#1918=DIRECTION('',(0.,0.,1.));
#1919=DIRECTION('center_axis',(0.,0.,1.));
#1920=DIRECTION('ref_axis',(0.,1.,0.));
#1921=DIRECTION('',(-1.,0.,0.));
#1922=DIRECTION('',(0.,-1.,0.));
#1923=DIRECTION('center_axis',(0.,-1.,-1.28990790921839E-17));
#1924=DIRECTION('ref_axis',(0.,-1.28990790921839E-17,1.));
#1925=DIRECTION('',(0.,-1.28990790921839E-17,1.));
#1926=DIRECTION('',(0.,-1.28990790921839E-17,1.));
#1927=DIRECTION('',(1.,0.,0.));
#1928=DIRECTION('',(0.,1.28990790921839E-17,-1.));
#1929=DIRECTION('center_axis',(0.,1.,0.));
#1930=DIRECTION('ref_axis',(0.,0.,1.));
#1931=DIRECTION('',(0.,0.,-1.));
#1932=DIRECTION('center_axis',(0.,-1.,-1.64016948171289E-12));
#1933=DIRECTION('ref_axis',(0.,1.64016948171289E-12,-1.));
#1934=DIRECTION('',(0.,-1.64016948171289E-12,1.));
#1935=DIRECTION('',(0.,0.,1.));
#1936=DIRECTION('',(0.,0.,-1.));
#1937=DIRECTION('',(0.,-1.64016948171289E-12,1.));
#1938=DIRECTION('',(1.,0.,0.));
#1939=DIRECTION('',(0.,1.64016948171289E-12,-1.));
#1940=DIRECTION('',(1.,0.,0.));
#1941=DIRECTION('center_axis',(0.,0.,-1.));
#1942=DIRECTION('ref_axis',(0.,1.,0.));
#1943=DIRECTION('',(0.,-1.,0.));
#1944=DIRECTION('',(0.,1.,0.));
#1945=DIRECTION('',(0.,-1.,0.));
#1946=DIRECTION('',(0.,-1.,0.));
#1947=DIRECTION('center_axis',(0.,3.28712462215601E-17,1.));
#1948=DIRECTION('ref_axis',(0.,-1.,3.28712462215601E-17));
#1949=DIRECTION('',(0.,1.,-3.28712462215601E-17));
#1950=DIRECTION('',(1.,0.,0.));
#1951=DIRECTION('',(0.,-1.,3.28712462215601E-17));
#1952=DIRECTION('',(0.,1.,-3.28712462215601E-17));
#1953=DIRECTION('',(0.,-1.,0.));
#1954=DIRECTION('center_axis',(1.,0.,0.));
#1955=DIRECTION('ref_axis',(0.,0.,-1.));
#1956=DIRECTION('',(0.,1.28990790921839E-17,-1.));
#1957=DIRECTION('center_axis',(1.,0.,0.));
#1958=DIRECTION('ref_axis',(0.,0.,-1.));
#1959=DIRECTION('center_axis',(1.,0.,0.));
#1960=DIRECTION('ref_axis',(0.,0.,-1.));
#1961=DIRECTION('center_axis',(1.,0.,0.));
#1962=DIRECTION('ref_axis',(0.,0.,-1.));
#1963=DIRECTION('',(0.,1.,0.));
#1964=DIRECTION('',(0.,-1.,0.));
#1965=DIRECTION('',(0.,3.22239558140786E-17,1.));
#1966=DIRECTION('',(0.,-1.28990790921839E-17,1.));
#1967=DIRECTION('',(0.,-1.,0.));
#1968=DIRECTION('',(0.,0.,-1.));
#1969=DIRECTION('center_axis',(0.,-1.,0.));
#1970=DIRECTION('ref_axis',(0.,0.,1.));
#1971=DIRECTION('',(-1.,0.,0.));
#1972=DIRECTION('',(-1.,0.,0.));
#1973=DIRECTION('center_axis',(0.,0.,-1.));
#1974=DIRECTION('ref_axis',(0.,-1.,0.));
#1975=DIRECTION('',(0.,-1.,0.));
#1976=DIRECTION('',(-1.,0.,0.));
#1977=DIRECTION('',(-1.,0.,0.));
#1978=DIRECTION('center_axis',(0.,-1.,4.40374140976263E-12));
#1979=DIRECTION('ref_axis',(0.,4.40374140976263E-12,1.));
#1980=DIRECTION('',(0.,4.40374140976263E-12,1.));
#1981=DIRECTION('',(-1.,0.,0.));
#1982=DIRECTION('',(-1.,0.,0.));
#1983=DIRECTION('center_axis',(0.,3.28712462215601E-17,1.));
#1984=DIRECTION('ref_axis',(0.,1.,-3.28712462215601E-17));
#1985=DIRECTION('',(0.,1.,-3.28712462215601E-17));
#1986=DIRECTION('center_axis',(0.,-1.,-1.28990790921839E-17));
#1987=DIRECTION('ref_axis',(0.,-1.28990790921839E-17,1.));
#1988=DIRECTION('',(0.,-1.28990790921839E-17,1.));
#1989=DIRECTION('center_axis',(1.,0.,0.));
#1990=DIRECTION('ref_axis',(0.,1.,0.));
#1991=DIRECTION('center_axis',(-1.,0.,0.));
#1992=DIRECTION('ref_axis',(0.,0.,1.));
#1993=DIRECTION('',(0.,-1.,0.));
#1994=DIRECTION('',(0.,1.,-1.33226762955019E-15));
#1995=DIRECTION('center_axis',(0.,1.33226762955019E-15,1.));
#1996=DIRECTION('ref_axis',(0.,1.,-1.33226762955019E-15));
#1997=DIRECTION('',(0.,1.,-1.33226762955019E-15));
#1998=DIRECTION('center_axis',(0.,0.,-1.));
#1999=DIRECTION('ref_axis',(0.,-1.,0.));
#2000=DIRECTION('center_axis',(-1.,0.,0.));
#2001=DIRECTION('ref_axis',(0.,0.,1.));
#2002=DIRECTION('',(0.,-1.,0.));
#2003=DIRECTION('',(0.,1.,0.));
#2004=DIRECTION('center_axis',(0.,0.,1.));
#2005=DIRECTION('ref_axis',(0.,1.,0.));
#2006=DIRECTION('center_axis',(0.,0.,-1.));
#2007=DIRECTION('ref_axis',(0.,-1.,0.));
#2008=DIRECTION('',(0.,-1.,0.));
#2009=DIRECTION('',(0.,3.22239558140786E-17,1.));
#2010=DIRECTION('center_axis',(1.,0.,0.));
#2011=DIRECTION('ref_axis',(0.,0.,-1.));
#2012=CARTESIAN_POINT('',(0.,0.,0.));
#2013=CARTESIAN_POINT('Ctrl Pts',(13.,-50.5,13.2500000000001));
#2014=CARTESIAN_POINT('Ctrl Pts',(13.,-50.5,25.3333333333334));
#2015=CARTESIAN_POINT('Ctrl Pts',(13.,-50.5,37.4166666666667));
#2016=CARTESIAN_POINT('Ctrl Pts',(13.,-50.5,49.5000000000001));
#2017=CARTESIAN_POINT('Ctrl Pts',(13.2991993003419,-50.5,13.2500000000001));
#2018=CARTESIAN_POINT('Ctrl Pts',(13.2991993003419,-50.5,25.3333333333334));
#2019=CARTESIAN_POINT('Ctrl Pts',(13.2991993003419,-50.5,37.4166666666667));
#2020=CARTESIAN_POINT('Ctrl Pts',(13.2991993003419,-50.5,49.5000000000001));
#2021=CARTESIAN_POINT('Ctrl Pts',(13.8170300175,-50.7512707900372,13.2500000000001));
#2022=CARTESIAN_POINT('Ctrl Pts',(13.8170300175,-50.7512707900372,25.3333333333334));
#2023=CARTESIAN_POINT('Ctrl Pts',(13.8170300175,-50.7512707900372,37.4166666666667));
#2024=CARTESIAN_POINT('Ctrl Pts',(13.8170300175,-50.7512707900372,49.5000000000001));
#2025=CARTESIAN_POINT('Ctrl Pts',(14.,-51.2756005247436,13.2500000000001));
#2026=CARTESIAN_POINT('Ctrl Pts',(14.,-51.2756005247436,25.3333333333334));
#2027=CARTESIAN_POINT('Ctrl Pts',(14.,-51.2756005247436,37.4166666666667));
#2028=CARTESIAN_POINT('Ctrl Pts',(14.,-51.2756005247436,49.5000000000001));
#2029=CARTESIAN_POINT('Ctrl Pts',(14.,-51.5,13.2500000000001));
#2030=CARTESIAN_POINT('Ctrl Pts',(14.,-51.5,25.3333333333334));
#2031=CARTESIAN_POINT('Ctrl Pts',(14.,-51.5,37.4166666666667));
#2032=CARTESIAN_POINT('Ctrl Pts',(14.,-51.5,49.5000000000001));
#2033=CARTESIAN_POINT('',(13.,-50.5,49.5000000000001));
#2034=CARTESIAN_POINT('',(14.,-51.5,49.5000000000001));
#2035=CARTESIAN_POINT('Origin',(13.,-51.5,49.5000000000001));
#2036=CARTESIAN_POINT('',(14.,-51.5,13.2500000000001));
#2037=CARTESIAN_POINT('Ctrl Pts',(14.,-51.5,49.5000000000001));
#2038=CARTESIAN_POINT('Ctrl Pts',(14.,-51.5,37.4166666666667));
#2039=CARTESIAN_POINT('Ctrl Pts',(14.,-51.5,25.3333333333334));
#2040=CARTESIAN_POINT('Ctrl Pts',(14.,-51.5,13.2500000000001));
#2041=CARTESIAN_POINT('',(13.,-50.5,13.2500000000001));
#2042=CARTESIAN_POINT('Origin',(13.,-51.5,13.2500000000001));
#2043=CARTESIAN_POINT('Ctrl Pts',(13.,-50.5,13.2500000000001));
#2044=CARTESIAN_POINT('Ctrl Pts',(13.,-50.5,25.3333333333334));
#2045=CARTESIAN_POINT('Ctrl Pts',(13.,-50.5,37.4166666666667));
#2046=CARTESIAN_POINT('Ctrl Pts',(13.,-50.5,49.5000000000001));
#2047=CARTESIAN_POINT('Ctrl Pts',(13.,-50.5,49.5000000000001));
#2048=CARTESIAN_POINT('Ctrl Pts',(13.,-50.5,61.5833333333334));
#2049=CARTESIAN_POINT('Ctrl Pts',(13.,-50.5,73.6666666666666));
#2050=CARTESIAN_POINT('Ctrl Pts',(13.,-50.5,85.75));
#2051=CARTESIAN_POINT('Ctrl Pts',(13.2991993003419,-50.5,49.5000000000001));
#2052=CARTESIAN_POINT('Ctrl Pts',(13.2991993003419,-50.5,61.5833333333334));
#2053=CARTESIAN_POINT('Ctrl Pts',(13.2991993003419,-50.5,73.6666666666666));
#2054=CARTESIAN_POINT('Ctrl Pts',(13.2991993003419,-50.5,85.75));
#2055=CARTESIAN_POINT('Ctrl Pts',(13.8170077057877,-50.7512893853162,49.5000000000001));
#2056=CARTESIAN_POINT('Ctrl Pts',(13.8170077057877,-50.7512893853162,61.5833333333334));
#2057=CARTESIAN_POINT('Ctrl Pts',(13.8170077057877,-50.7512893853162,73.6666666666667));
#2058=CARTESIAN_POINT('Ctrl Pts',(13.8170077057877,-50.7512893853162,85.75));
#2059=CARTESIAN_POINT('Ctrl Pts',(14.,-51.2756005247436,49.5000000000001));
#2060=CARTESIAN_POINT('Ctrl Pts',(14.,-51.2756005247436,61.5833333333334));
#2061=CARTESIAN_POINT('Ctrl Pts',(14.,-51.2756005247436,73.6666666666666));
#2062=CARTESIAN_POINT('Ctrl Pts',(14.,-51.2756005247436,85.75));
#2063=CARTESIAN_POINT('Ctrl Pts',(14.,-51.5,49.5000000000001));
#2064=CARTESIAN_POINT('Ctrl Pts',(14.,-51.5,61.5833333333334));
#2065=CARTESIAN_POINT('Ctrl Pts',(14.,-51.5,73.6666666666666));
#2066=CARTESIAN_POINT('Ctrl Pts',(14.,-51.5,85.75));
#2067=CARTESIAN_POINT('',(13.,-50.5,85.75));
#2068=CARTESIAN_POINT('',(14.,-51.5,85.75));
#2069=CARTESIAN_POINT('Origin',(13.,-51.5,85.75));
#2070=CARTESIAN_POINT('Ctrl Pts',(14.,-51.5,85.75));
#2071=CARTESIAN_POINT('Ctrl Pts',(14.,-51.5,73.6666666666666));
#2072=CARTESIAN_POINT('Ctrl Pts',(14.,-51.5,61.5833333333334));
#2073=CARTESIAN_POINT('Ctrl Pts',(14.,-51.5,49.5000000000001));
#2074=CARTESIAN_POINT('Ctrl Pts',(13.,-50.5,49.5000000000001));
#2075=CARTESIAN_POINT('Ctrl Pts',(13.,-50.5,61.5833333333334));
#2076=CARTESIAN_POINT('Ctrl Pts',(13.,-50.5,73.6666666666666));
#2077=CARTESIAN_POINT('Ctrl Pts',(13.,-50.5,85.75));
#2078=CARTESIAN_POINT('Ctrl Pts',(13.,-50.5,85.75));
#2079=CARTESIAN_POINT('Ctrl Pts',(13.,-50.5,86.0491884254117));
#2080=CARTESIAN_POINT('Ctrl Pts',(13.,-50.363226785176,86.6466821305851));
#2081=CARTESIAN_POINT('Ctrl Pts',(13.,-49.6939258707424,87.4875170811463));
#2082=CARTESIAN_POINT('Ctrl Pts',(13.,-48.9487826381174,87.75));
#2083=CARTESIAN_POINT('Ctrl Pts',(13.,-48.5,87.75));
#2084=CARTESIAN_POINT('Ctrl Pts',(13.2991993003419,-50.5,85.75));
#2085=CARTESIAN_POINT('Ctrl Pts',(13.2991993003419,-50.5,86.0487103458031));
#2086=CARTESIAN_POINT('Ctrl Pts',(13.2991993003419,-50.3625060693501,86.646231929588));
#2087=CARTESIAN_POINT('Ctrl Pts',(13.2991993003419,-49.6943677304472,87.4856406786561));
#2088=CARTESIAN_POINT('Ctrl Pts',(13.2991993003419,-48.9480655187046,87.75));
#2089=CARTESIAN_POINT('Ctrl Pts',(13.2991993003419,-48.5,87.75));
#2090=CARTESIAN_POINT('Ctrl Pts',(13.8170071162484,-50.7512898766566,85.75));
#2091=CARTESIAN_POINT('Ctrl Pts',(13.8170071162484,-50.7512898766566,86.0868947771239));
#2092=CARTESIAN_POINT('Ctrl Pts',(13.8170071162484,-50.5975049242718,86.7594538452588));
#2093=CARTESIAN_POINT('Ctrl Pts',(13.8170071162484,-49.8438304731427,87.7062780420222));
#2094=CARTESIAN_POINT('Ctrl Pts',(13.8170071162484,-49.0053421656857,88.0012898766567));
#2095=CARTESIAN_POINT('Ctrl Pts',(13.8170071162484,-48.5,88.0012898766567));
#2096=CARTESIAN_POINT('Ctrl Pts',(14.,-51.2756005247436,85.75));
#2097=CARTESIAN_POINT('Ctrl Pts',(14.,-51.2756005247436,86.1652824427177));
#2098=CARTESIAN_POINT('Ctrl Pts',(14.,-51.0858901390339,86.9944803592679));
#2099=CARTESIAN_POINT('Ctrl Pts',(14.,-50.1568671715658,88.16159617215));
#2100=CARTESIAN_POINT('Ctrl Pts',(14.,-49.1229236640766,88.5256005247436));
#2101=CARTESIAN_POINT('Ctrl Pts',(14.,-48.5,88.5256005247436));
#2102=CARTESIAN_POINT('Ctrl Pts',(14.,-51.5,85.75));
#2103=CARTESIAN_POINT('Ctrl Pts',(14.,-51.5,86.1987826381174));
#2104=CARTESIAN_POINT('Ctrl Pts',(14.,-51.294840177764,87.0950231958777));
#2105=CARTESIAN_POINT('Ctrl Pts',(14.,-50.2908888061136,88.3562756217193));
#2106=CARTESIAN_POINT('Ctrl Pts',(14.,-49.1731739571762,88.75));
#2107=CARTESIAN_POINT('Ctrl Pts',(14.,-48.5,88.75));
#2108=CARTESIAN_POINT('',(13.,-48.5,87.75));
#2109=CARTESIAN_POINT('',(14.,-48.5,88.75));
#2110=CARTESIAN_POINT('Origin',(13.,-48.5,88.75));
#2111=CARTESIAN_POINT('Ctrl Pts',(14.,-48.5,88.75));
#2112=CARTESIAN_POINT('Ctrl Pts',(14.,-49.1731739571762,88.75));
#2113=CARTESIAN_POINT('Ctrl Pts',(14.,-50.2908888061136,88.3562756217193));
#2114=CARTESIAN_POINT('Ctrl Pts',(14.,-51.294840177764,87.0950231958777));
#2115=CARTESIAN_POINT('Ctrl Pts',(14.,-51.5,86.1987826381174));
#2116=CARTESIAN_POINT('Ctrl Pts',(14.,-51.5,85.75));
#2117=CARTESIAN_POINT('Ctrl Pts',(13.,-50.5,85.75));
#2118=CARTESIAN_POINT('Ctrl Pts',(13.,-50.5,86.0491884254117));
#2119=CARTESIAN_POINT('Ctrl Pts',(13.,-50.363226785176,86.6466821305851));
#2120=CARTESIAN_POINT('Ctrl Pts',(13.,-49.6939258707424,87.4875170811463));
#2121=CARTESIAN_POINT('Ctrl Pts',(13.,-48.9487826381174,87.75));
#2122=CARTESIAN_POINT('Ctrl Pts',(13.,-48.5,87.75));
#2123=CARTESIAN_POINT('Ctrl Pts',(13.,-48.5,87.75));
#2124=CARTESIAN_POINT('Ctrl Pts',(13.,-39.499999999998,87.75));
#2125=CARTESIAN_POINT('Ctrl Pts',(13.,-30.4999999999958,87.75));
#2126=CARTESIAN_POINT('Ctrl Pts',(13.,-21.4999999999938,87.75));
#2127=CARTESIAN_POINT('Ctrl Pts',(13.2991993003419,-48.5,87.75));
#2128=CARTESIAN_POINT('Ctrl Pts',(13.2991993003419,-39.499999999998,87.75));
#2129=CARTESIAN_POINT('Ctrl Pts',(13.2991993003419,-30.4999999999958,87.75));
#2130=CARTESIAN_POINT('Ctrl Pts',(13.2991993003419,-21.4999999999938,87.75));
#2131=CARTESIAN_POINT('Ctrl Pts',(13.8170077057877,-48.5,88.0012893853162));
#2132=CARTESIAN_POINT('Ctrl Pts',(13.8170077057877,-39.4999999999979,88.0012893853162));
#2133=CARTESIAN_POINT('Ctrl Pts',(13.8170077057877,-30.4999999999959,88.0012893853162));
#2134=CARTESIAN_POINT('Ctrl Pts',(13.8170077057877,-21.4999999999938,88.0012893853162));
#2135=CARTESIAN_POINT('Ctrl Pts',(14.,-48.5,88.5256005247436));
#2136=CARTESIAN_POINT('Ctrl Pts',(14.,-39.499999999998,88.5256005247436));
#2137=CARTESIAN_POINT('Ctrl Pts',(14.,-30.4999999999958,88.5256005247436));
#2138=CARTESIAN_POINT('Ctrl Pts',(14.,-21.4999999999938,88.5256005247436));
#2139=CARTESIAN_POINT('Ctrl Pts',(14.,-48.5,88.75));
#2140=CARTESIAN_POINT('Ctrl Pts',(14.,-39.4999999999979,88.75));
#2141=CARTESIAN_POINT('Ctrl Pts',(14.,-30.4999999999958,88.75));
#2142=CARTESIAN_POINT('Ctrl Pts',(14.,-21.4999999999938,88.75));
#2143=CARTESIAN_POINT('',(13.,-21.4999999999969,87.75));
#2144=CARTESIAN_POINT('',(14.,-21.5,88.75));
#2145=CARTESIAN_POINT('Origin',(13.,-21.4999999999938,88.75));
#2146=CARTESIAN_POINT('',(14.,-26.75,88.75));
#2147=CARTESIAN_POINT('Ctrl Pts',(13.,-48.5,87.75));
#2148=CARTESIAN_POINT('Ctrl Pts',(13.,-39.499999999998,87.75));
#2149=CARTESIAN_POINT('Ctrl Pts',(13.,-30.4999999999958,87.75));
#2150=CARTESIAN_POINT('Ctrl Pts',(13.,-21.4999999999938,87.75));
#2151=CARTESIAN_POINT('Ctrl Pts',(13.,-21.5,87.75));
#2152=CARTESIAN_POINT('Ctrl Pts',(13.,-21.0512173618826,87.75));
#2153=CARTESIAN_POINT('Ctrl Pts',(13.,-20.3060352728409,87.4875185970762));
#2154=CARTESIAN_POINT('Ctrl Pts',(13.,-19.6367627425353,86.646648245705));
#2155=CARTESIAN_POINT('Ctrl Pts',(13.,-19.5,86.0491884254116));
#2156=CARTESIAN_POINT('Ctrl Pts',(13.,-19.5,85.75));
#2157=CARTESIAN_POINT('Ctrl Pts',(13.2991993003419,-21.5,87.75));
#2158=CARTESIAN_POINT('Ctrl Pts',(13.2991993003419,-21.0519344812954,87.75));
#2159=CARTESIAN_POINT('Ctrl Pts',(13.2991993003419,-20.3055917192602,87.4856521958378));
#2160=CARTESIAN_POINT('Ctrl Pts',(13.2991993003419,-19.6374811708252,86.6462052627692));
#2161=CARTESIAN_POINT('Ctrl Pts',(13.2991993003419,-19.5,86.048710345803));
#2162=CARTESIAN_POINT('Ctrl Pts',(13.2991993003419,-19.5,85.75));
#2163=CARTESIAN_POINT('Ctrl Pts',(13.817023188348,-21.5,88.0012764816661));
#2164=CARTESIAN_POINT('Ctrl Pts',(13.817023188348,-20.9946578343143,88.0012764816661));
#2165=CARTESIAN_POINT('Ctrl Pts',(13.817023188348,-20.1561360508924,87.7062735317737));
#2166=CARTESIAN_POINT('Ctrl Pts',(13.817023188348,-19.4024933049601,86.7594098204623));
#2167=CARTESIAN_POINT('Ctrl Pts',(13.817023188348,-19.2487235183339,86.0868947771238));
#2168=CARTESIAN_POINT('Ctrl Pts',(13.817023188348,-19.2487235183339,85.75));
#2169=CARTESIAN_POINT('Ctrl Pts',(14.,-21.5,88.5256005247436));
#2170=CARTESIAN_POINT('Ctrl Pts',(14.,-20.8770763359234,88.5256005247436));
#2171=CARTESIAN_POINT('Ctrl Pts',(14.,-19.8430791467834,88.1615968394603));
#2172=CARTESIAN_POINT('Ctrl Pts',(14.,-18.9140956560839,86.9944322970793));
#2173=CARTESIAN_POINT('Ctrl Pts',(14.,-18.7243994752564,86.1652824427177));
#2174=CARTESIAN_POINT('Ctrl Pts',(14.,-18.7243994752564,85.75));
#2175=CARTESIAN_POINT('Ctrl Pts',(14.,-21.5,88.75));
#2176=CARTESIAN_POINT('Ctrl Pts',(14.,-20.8268260428238,88.75));
#2177=CARTESIAN_POINT('Ctrl Pts',(14.,-19.7090529092614,88.3562778956143));
#2178=CARTESIAN_POINT('Ctrl Pts',(14.,-18.7051441138029,87.0949723685575));
#2179=CARTESIAN_POINT('Ctrl Pts',(14.,-18.5,86.1987826381175));
#2180=CARTESIAN_POINT('Ctrl Pts',(14.,-18.5,85.75));
#2181=CARTESIAN_POINT('',(13.,-19.5,85.75));
#2182=CARTESIAN_POINT('',(14.,-18.5,85.75));
#2183=CARTESIAN_POINT('Origin',(13.,-18.5,85.75));
#2184=CARTESIAN_POINT('Ctrl Pts',(14.,-18.5,85.75));
#2185=CARTESIAN_POINT('Ctrl Pts',(14.,-18.5,86.1987826381175));
#2186=CARTESIAN_POINT('Ctrl Pts',(14.,-18.7051441138029,87.0949723685575));
#2187=CARTESIAN_POINT('Ctrl Pts',(14.,-19.7090529092614,88.3562778956143));
#2188=CARTESIAN_POINT('Ctrl Pts',(14.,-20.8268260428238,88.75));
#2189=CARTESIAN_POINT('Ctrl Pts',(14.,-21.5,88.75));
#2190=CARTESIAN_POINT('Ctrl Pts',(13.,-21.5,87.75));
#2191=CARTESIAN_POINT('Ctrl Pts',(13.,-21.0512173618826,87.75));
#2192=CARTESIAN_POINT('Ctrl Pts',(13.,-20.3060352728409,87.4875185970762));
#2193=CARTESIAN_POINT('Ctrl Pts',(13.,-19.6367627425353,86.646648245705));
#2194=CARTESIAN_POINT('Ctrl Pts',(13.,-19.5,86.0491884254116));
#2195=CARTESIAN_POINT('Ctrl Pts',(13.,-19.5,85.75));
#2196=CARTESIAN_POINT('Ctrl Pts',(13.,-19.5,85.75));
#2197=CARTESIAN_POINT('Ctrl Pts',(13.,-19.5,73.6666666666667));
#2198=CARTESIAN_POINT('Ctrl Pts',(13.,-19.5,61.5833333333333));
#2199=CARTESIAN_POINT('Ctrl Pts',(13.,-19.5,49.5));
#2200=CARTESIAN_POINT('Ctrl Pts',(13.2991993003419,-19.5,85.75));
#2201=CARTESIAN_POINT('Ctrl Pts',(13.2991993003419,-19.5,73.6666666666667));
#2202=CARTESIAN_POINT('Ctrl Pts',(13.2991993003419,-19.5,61.5833333333333));
#2203=CARTESIAN_POINT('Ctrl Pts',(13.2991993003419,-19.5,49.5));
#2204=CARTESIAN_POINT('Ctrl Pts',(13.8170271958007,-19.2487268582704,85.75));
#2205=CARTESIAN_POINT('Ctrl Pts',(13.8170271958007,-19.2487268582704,73.6666666666666));
#2206=CARTESIAN_POINT('Ctrl Pts',(13.8170271958007,-19.2487268582704,61.5833333333334));
#2207=CARTESIAN_POINT('Ctrl Pts',(13.8170271958007,-19.2487268582704,49.5));
#2208=CARTESIAN_POINT('Ctrl Pts',(14.,-18.7243994752564,85.75));
#2209=CARTESIAN_POINT('Ctrl Pts',(14.,-18.7243994752564,73.6666666666667));
#2210=CARTESIAN_POINT('Ctrl Pts',(14.,-18.7243994752564,61.5833333333333));
#2211=CARTESIAN_POINT('Ctrl Pts',(14.,-18.7243994752564,49.5));
#2212=CARTESIAN_POINT('Ctrl Pts',(14.,-18.5,85.75));
#2213=CARTESIAN_POINT('Ctrl Pts',(14.,-18.5,73.6666666666667));
#2214=CARTESIAN_POINT('Ctrl Pts',(14.,-18.5,61.5833333333333));
#2215=CARTESIAN_POINT('Ctrl Pts',(14.,-18.5,49.5));
#2216=CARTESIAN_POINT('',(13.,-19.5,49.5));
#2217=CARTESIAN_POINT('',(14.,-18.5,49.5));
#2218=CARTESIAN_POINT('Origin',(13.,-18.5,49.5));
#2219=CARTESIAN_POINT('Ctrl Pts',(14.,-18.5,49.5));
#2220=CARTESIAN_POINT('Ctrl Pts',(14.,-18.5,61.5833333333333));
#2221=CARTESIAN_POINT('Ctrl Pts',(14.,-18.5,73.6666666666667));
#2222=CARTESIAN_POINT('Ctrl Pts',(14.,-18.5,85.75));
#2223=CARTESIAN_POINT('Ctrl Pts',(13.,-19.5,85.75));
#2224=CARTESIAN_POINT('Ctrl Pts',(13.,-19.5,73.6666666666667));
#2225=CARTESIAN_POINT('Ctrl Pts',(13.,-19.5,61.5833333333333));
#2226=CARTESIAN_POINT('Ctrl Pts',(13.,-19.5,49.5));
#2227=CARTESIAN_POINT('Ctrl Pts',(13.,-19.5,49.5));
#2228=CARTESIAN_POINT('Ctrl Pts',(13.,-19.5,37.4166666666667));
#2229=CARTESIAN_POINT('Ctrl Pts',(13.,-19.5,25.3333333333334));
#2230=CARTESIAN_POINT('Ctrl Pts',(13.,-19.5,13.2500000000001));
#2231=CARTESIAN_POINT('Ctrl Pts',(13.2991993003419,-19.5,49.5));
#2232=CARTESIAN_POINT('Ctrl Pts',(13.2991993003419,-19.5,37.4166666666667));
#2233=CARTESIAN_POINT('Ctrl Pts',(13.2991993003419,-19.5,25.3333333333334));
#2234=CARTESIAN_POINT('Ctrl Pts',(13.2991993003419,-19.5,13.2500000000001));
#2235=CARTESIAN_POINT('Ctrl Pts',(13.8170648392305,-19.2487582314823,49.5));
#2236=CARTESIAN_POINT('Ctrl Pts',(13.8170648392305,-19.2487582314823,37.4166666666667));
#2237=CARTESIAN_POINT('Ctrl Pts',(13.8170648392305,-19.2487582314823,25.3333333333334));
#2238=CARTESIAN_POINT('Ctrl Pts',(13.8170648392305,-19.2487582314823,13.2500000000001));
#2239=CARTESIAN_POINT('Ctrl Pts',(14.,-18.7243994752564,49.5));
#2240=CARTESIAN_POINT('Ctrl Pts',(14.,-18.7243994752564,37.4166666666667));
#2241=CARTESIAN_POINT('Ctrl Pts',(14.,-18.7243994752564,25.3333333333334));
#2242=CARTESIAN_POINT('Ctrl Pts',(14.,-18.7243994752564,13.2500000000001));
#2243=CARTESIAN_POINT('Ctrl Pts',(14.,-18.5,49.5));
#2244=CARTESIAN_POINT('Ctrl Pts',(14.,-18.5,37.4166666666667));
#2245=CARTESIAN_POINT('Ctrl Pts',(14.,-18.5,25.3333333333334));
#2246=CARTESIAN_POINT('Ctrl Pts',(14.,-18.5,13.2500000000001));
#2247=CARTESIAN_POINT('',(13.,-19.5,13.2500000000001));
#2248=CARTESIAN_POINT('',(14.,-18.5,13.2500000000001));
#2249=CARTESIAN_POINT('Origin',(13.,-18.5,13.2500000000001));
#2250=CARTESIAN_POINT('Ctrl Pts',(14.,-18.5,13.2500000000001));
#2251=CARTESIAN_POINT('Ctrl Pts',(14.,-18.5,25.3333333333334));
#2252=CARTESIAN_POINT('Ctrl Pts',(14.,-18.5,37.4166666666667));
#2253=CARTESIAN_POINT('Ctrl Pts',(14.,-18.5,49.5));
#2254=CARTESIAN_POINT('Ctrl Pts',(13.,-19.5,49.5));
#2255=CARTESIAN_POINT('Ctrl Pts',(13.,-19.5,37.4166666666667));
#2256=CARTESIAN_POINT('Ctrl Pts',(13.,-19.5,25.3333333333334));
#2257=CARTESIAN_POINT('Ctrl Pts',(13.,-19.5,13.2500000000001));
#2258=CARTESIAN_POINT('Ctrl Pts',(13.,-19.5,13.2500000000001));
#2259=CARTESIAN_POINT('Ctrl Pts',(13.,-19.5,12.9508115745884));
#2260=CARTESIAN_POINT('Ctrl Pts',(13.,-19.6367557159477,12.3532881114321));
#2261=CARTESIAN_POINT('Ctrl Pts',(13.,-20.3060497807603,11.5124284954538));
#2262=CARTESIAN_POINT('Ctrl Pts',(13.,-21.0512173618826,11.2500000000001));
#2263=CARTESIAN_POINT('Ctrl Pts',(13.,-21.5,11.2500000000001));
#2264=CARTESIAN_POINT('Ctrl Pts',(13.2991993003419,-19.5,13.2500000000001));
#2265=CARTESIAN_POINT('Ctrl Pts',(13.2991993003419,-19.5,12.951289654197));
#2266=CARTESIAN_POINT('Ctrl Pts',(13.2991993003419,-19.637454354058,12.3536704884366));
#2267=CARTESIAN_POINT('Ctrl Pts',(13.2991993003419,-20.3055915552146,11.5142095899796));
#2268=CARTESIAN_POINT('Ctrl Pts',(13.2991993003419,-21.0519344812954,11.2500000000001));
#2269=CARTESIAN_POINT('Ctrl Pts',(13.2991993003419,-21.5,11.2500000000001));
#2270=CARTESIAN_POINT('Ctrl Pts',(13.8171501510941,-19.248829333058,13.2500000000001));
#2271=CARTESIAN_POINT('Ctrl Pts',(13.8171501510941,-19.248829333058,12.9131052228763));
#2272=CARTESIAN_POINT('Ctrl Pts',(13.8171501510941,-19.4025656797034,12.2405681351054));
#2273=CARTESIAN_POINT('Ctrl Pts',(13.8171501510941,-20.1562343080954,11.2937207208845));
#2274=CARTESIAN_POINT('Ctrl Pts',(13.8171501510941,-20.9946578343143,10.9988293330581));
#2275=CARTESIAN_POINT('Ctrl Pts',(13.8171501510941,-21.5,10.9988293330581));
#2276=CARTESIAN_POINT('Ctrl Pts',(14.,-18.7243994752564,13.2500000000001));
#2277=CARTESIAN_POINT('Ctrl Pts',(14.,-18.7243994752564,12.8347175572824));
#2278=CARTESIAN_POINT('Ctrl Pts',(14.,-18.9140887470829,12.0054880842775));
#2279=CARTESIAN_POINT('Ctrl Pts',(14.,-19.8431013882384,10.8383419882954));
#2280=CARTESIAN_POINT('Ctrl Pts',(14.,-20.8770763359234,10.4743994752565));
#2281=CARTESIAN_POINT('Ctrl Pts',(14.,-21.5,10.4743994752565));
#2282=CARTESIAN_POINT('Ctrl Pts',(14.,-18.5,13.2500000000001));
#2283=CARTESIAN_POINT('Ctrl Pts',(14.,-18.5,12.8012173618826));
#2284=CARTESIAN_POINT('Ctrl Pts',(14.,-18.7051335739216,11.9049321671481));
#2285=CARTESIAN_POINT('Ctrl Pts',(14.,-19.7090746711405,10.6436427431807));
#2286=CARTESIAN_POINT('Ctrl Pts',(14.,-20.8268260428238,10.2500000000001));
#2287=CARTESIAN_POINT('Ctrl Pts',(14.,-21.5,10.2500000000001));
#2288=CARTESIAN_POINT('',(13.,-21.5,11.2500000000001));
#2289=CARTESIAN_POINT('',(14.,-21.5,10.2500000000001));
#2290=CARTESIAN_POINT('Origin',(13.,-21.5,10.2500000000001));
#2291=CARTESIAN_POINT('Ctrl Pts',(14.,-21.5,10.2500000000001));
#2292=CARTESIAN_POINT('Ctrl Pts',(14.,-20.8268260428238,10.2500000000001));
#2293=CARTESIAN_POINT('Ctrl Pts',(14.,-19.7090746711405,10.6436427431807));
#2294=CARTESIAN_POINT('Ctrl Pts',(14.,-18.7051335739216,11.9049321671481));
#2295=CARTESIAN_POINT('Ctrl Pts',(14.,-18.5,12.8012173618826));
#2296=CARTESIAN_POINT('Ctrl Pts',(14.,-18.5,13.2500000000001));
#2297=CARTESIAN_POINT('Ctrl Pts',(13.,-19.5,13.2500000000001));
#2298=CARTESIAN_POINT('Ctrl Pts',(13.,-19.5,12.9508115745884));
#2299=CARTESIAN_POINT('Ctrl Pts',(13.,-19.6367557159477,12.3532881114321));
#2300=CARTESIAN_POINT('Ctrl Pts',(13.,-20.3060497807603,11.5124284954538));
#2301=CARTESIAN_POINT('Ctrl Pts',(13.,-21.0512173618826,11.2500000000001));
#2302=CARTESIAN_POINT('Ctrl Pts',(13.,-21.5,11.2500000000001));
#2303=CARTESIAN_POINT('Ctrl Pts',(13.,-21.4999999999938,11.2500000000001));
#2304=CARTESIAN_POINT('Ctrl Pts',(13.,-30.4999999999958,11.2500000000001));
#2305=CARTESIAN_POINT('Ctrl Pts',(13.,-39.4999999999979,11.2500000000001));
#2306=CARTESIAN_POINT('Ctrl Pts',(13.,-48.5,11.2500000000001));
#2307=CARTESIAN_POINT('Ctrl Pts',(13.2991993003419,-21.4999999999938,11.2500000000001));
#2308=CARTESIAN_POINT('Ctrl Pts',(13.2991993003419,-30.4999999999958,11.2500000000001));
#2309=CARTESIAN_POINT('Ctrl Pts',(13.2991993003419,-39.4999999999979,11.2500000000001));
#2310=CARTESIAN_POINT('Ctrl Pts',(13.2991993003419,-48.5,11.2500000000001));
#2311=CARTESIAN_POINT('Ctrl Pts',(13.8170796322015,-21.4999999999938,10.9987705604071));
#2312=CARTESIAN_POINT('Ctrl Pts',(13.8170796322015,-30.4999999999959,10.9987705604071));
#2313=CARTESIAN_POINT('Ctrl Pts',(13.8170796322015,-39.4999999999979,10.9987705604071));
#2314=CARTESIAN_POINT('Ctrl Pts',(13.8170796322015,-48.5,10.9987705604071));
#2315=CARTESIAN_POINT('Ctrl Pts',(14.,-21.4999999999938,10.4743994752565));
#2316=CARTESIAN_POINT('Ctrl Pts',(14.,-30.4999999999958,10.4743994752565));
#2317=CARTESIAN_POINT('Ctrl Pts',(14.,-39.4999999999979,10.4743994752565));
#2318=CARTESIAN_POINT('Ctrl Pts',(14.,-48.5,10.4743994752565));
#2319=CARTESIAN_POINT('Ctrl Pts',(14.,-21.4999999999938,10.2500000000001));
#2320=CARTESIAN_POINT('Ctrl Pts',(14.,-30.4999999999958,10.2500000000001));
#2321=CARTESIAN_POINT('Ctrl Pts',(14.,-39.4999999999979,10.2500000000001));
#2322=CARTESIAN_POINT('Ctrl Pts',(14.,-48.5,10.2500000000001));
#2323=CARTESIAN_POINT('',(13.,-48.5,11.2500000000001));
#2324=CARTESIAN_POINT('',(14.,-48.5,10.2500000000001));
#2325=CARTESIAN_POINT('Origin',(13.,-48.5,10.2500000000001));
#2326=CARTESIAN_POINT('',(14.,-26.75,10.2500000000001));
#2327=CARTESIAN_POINT('Ctrl Pts',(13.,-21.4999999999938,11.2500000000001));
#2328=CARTESIAN_POINT('Ctrl Pts',(13.,-30.4999999999958,11.2500000000001));
#2329=CARTESIAN_POINT('Ctrl Pts',(13.,-39.4999999999979,11.2500000000001));
#2330=CARTESIAN_POINT('Ctrl Pts',(13.,-48.5,11.2500000000001));
#2331=CARTESIAN_POINT('Ctrl Pts',(13.,-48.5,11.2500000000001));
#2332=CARTESIAN_POINT('Ctrl Pts',(13.,-48.7991884254116,11.2500000000001));
#2333=CARTESIAN_POINT('Ctrl Pts',(13.,-49.3966575655348,11.3867570554708));
#2334=CARTESIAN_POINT('Ctrl Pts',(13.,-50.237535607862,12.0560273495979));
#2335=CARTESIAN_POINT('Ctrl Pts',(13.,-50.5,12.8012173618826));
#2336=CARTESIAN_POINT('Ctrl Pts',(13.,-50.5,13.2500000000001));
#2337=CARTESIAN_POINT('Ctrl Pts',(13.2991993003419,-48.5,11.2500000000001));
#2338=CARTESIAN_POINT('Ctrl Pts',(13.2991993003419,-48.798710345803,11.2500000000001));
#2339=CARTESIAN_POINT('Ctrl Pts',(13.2991993003419,-49.3962362352062,11.3874684855907));
#2340=CARTESIAN_POINT('Ctrl Pts',(13.2991993003419,-50.235699525327,12.0555785343993));
#2341=CARTESIAN_POINT('Ctrl Pts',(13.2991993003419,-50.5,12.8019344812955));
#2342=CARTESIAN_POINT('Ctrl Pts',(13.2991993003419,-50.5,13.2500000000001));
#2343=CARTESIAN_POINT('Ctrl Pts',(13.81707033484,-48.5,10.9987628116952));
#2344=CARTESIAN_POINT('Ctrl Pts',(13.81707033484,-48.8368947771238,10.9987628116952));
#2345=CARTESIAN_POINT('Ctrl Pts',(13.81707033484,-49.5094025832229,11.1525164731598));
#2346=CARTESIAN_POINT('Ctrl Pts',(13.81707033484,-50.4562737078705,11.9061573939927));
#2347=CARTESIAN_POINT('Ctrl Pts',(13.81707033484,-50.7512371883049,12.7446578343144));
#2348=CARTESIAN_POINT('Ctrl Pts',(13.81707033484,-50.7512371883049,13.2500000000001));
#2349=CARTESIAN_POINT('Ctrl Pts',(14.,-48.5,10.4743994752565));
#2350=CARTESIAN_POINT('Ctrl Pts',(14.,-48.9152824427177,10.4743994752565));
#2351=CARTESIAN_POINT('Ctrl Pts',(14.,-49.7444421211387,10.6640887687341));
#2352=CARTESIAN_POINT('Ctrl Pts',(14.,-50.9116160923035,11.5930689066403));
#2353=CARTESIAN_POINT('Ctrl Pts',(14.,-51.2756005247436,12.6270763359235));
#2354=CARTESIAN_POINT('Ctrl Pts',(14.,-51.2756005247436,13.2500000000001));
#2355=CARTESIAN_POINT('Ctrl Pts',(14.,-48.5,10.2500000000001));
#2356=CARTESIAN_POINT('Ctrl Pts',(14.,-48.9487826381174,10.2500000000001));
#2357=CARTESIAN_POINT('Ctrl Pts',(14.,-49.8449863483022,10.4551355832062));
#2358=CARTESIAN_POINT('Ctrl Pts',(14.,-51.106303411793,11.4590410243968));
#2359=CARTESIAN_POINT('Ctrl Pts',(14.,-51.5,12.5768260428239));
#2360=CARTESIAN_POINT('Ctrl Pts',(14.,-51.5,13.2500000000001));
#2361=CARTESIAN_POINT('Ctrl Pts',(14.,-51.5,13.2500000000001));
#2362=CARTESIAN_POINT('Ctrl Pts',(14.,-51.5,12.5768260428239));
#2363=CARTESIAN_POINT('Ctrl Pts',(14.,-51.106303411793,11.4590410243968));
#2364=CARTESIAN_POINT('Ctrl Pts',(14.,-49.8449863483022,10.4551355832062));
#2365=CARTESIAN_POINT('Ctrl Pts',(14.,-48.9487826381174,10.2500000000001));
#2366=CARTESIAN_POINT('Ctrl Pts',(14.,-48.5,10.2500000000001));
#2367=CARTESIAN_POINT('Ctrl Pts',(13.,-48.5,11.2500000000001));
#2368=CARTESIAN_POINT('Ctrl Pts',(13.,-48.7991884254116,11.2500000000001));
#2369=CARTESIAN_POINT('Ctrl Pts',(13.,-49.3966575655348,11.3867570554708));
#2370=CARTESIAN_POINT('Ctrl Pts',(13.,-50.237535607862,12.0560273495979));
#2371=CARTESIAN_POINT('Ctrl Pts',(13.,-50.5,12.8012173618826));
#2372=CARTESIAN_POINT('Ctrl Pts',(13.,-50.5,13.2500000000001));
#2373=CARTESIAN_POINT('Ctrl Pts',(1.38777878078145E-15,3.,98.));
#2374=CARTESIAN_POINT('Ctrl Pts',(-1.75309083268059,3.,98.));
#2375=CARTESIAN_POINT('Ctrl Pts',(-5.28074899617283,2.37182203053503,97.7077028081659));
#2376=CARTESIAN_POINT('Ctrl Pts',(-11.2532493466039,-1.18745190682213,95.9933502297877));
#2377=CARTESIAN_POINT('Ctrl Pts',(-14.1709743528794,-7.17884841505129,93.2188327274725));
#2378=CARTESIAN_POINT('Ctrl Pts',(-13.256826792534,-13.2694983716362,90.6828823971774));
#2379=CARTESIAN_POINT('Ctrl Pts',(-10.845556459268,-17.2553685303276,89.1141237618827));
#2380=CARTESIAN_POINT('Ctrl Pts',(-7.69912982797803,-19.6277275251518,88.2495452193921));
#2381=CARTESIAN_POINT('Ctrl Pts',(-5.1711900644639,-20.6566923640992,87.9246635979158));
#2382=CARTESIAN_POINT('Ctrl Pts',(-3.8476188872061,-21.009413924636,87.835751744568));
#2383=CARTESIAN_POINT('Ctrl Pts',(-3.18196262027852,-21.1426691999786,87.8104334135949));
#2384=CARTESIAN_POINT('Ctrl Pts',(-2.80048837105009,-21.2069210499638,87.8013151906813));
#2385=CARTESIAN_POINT('Ctrl Pts',(-2.60978411853466,-21.2349717826185,87.7985561215988));
#2386=CARTESIAN_POINT('Ctrl Pts',(-2.31627167262211,-21.2754676706929,87.7956833530893));
#2387=CARTESIAN_POINT('Ctrl Pts',(-1.88942566628171,-21.3491993522991,87.7919294423051));
#2388=CARTESIAN_POINT('Ctrl Pts',(-1.05083275278931,-21.4417212918893,87.784347274432));
#2389=CARTESIAN_POINT('Ctrl Pts',(-0.411101860946409,-21.4759854980999,
87.7789901026399));
#2390=CARTESIAN_POINT('Ctrl Pts',(0.100321985143922,-21.4789532244414,87.7750236088564));
#2391=CARTESIAN_POINT('Ctrl Pts',(0.273027753688633,-21.4799579144605,87.7737225313588));
#2392=CARTESIAN_POINT('Ctrl Pts',(0.618552775105699,-21.4818433103838,87.7712662149903));
#2393=CARTESIAN_POINT('Ctrl Pts',(1.22386092109332,-21.4849730736383,87.7673218170297));
#2394=CARTESIAN_POINT('Ctrl Pts',(3.12801016326496,-21.4935654849519,87.7570689406877));
#2395=CARTESIAN_POINT('Ctrl Pts',(5.5432971122022,-21.4992431479669,87.7511703680708));
#2396=CARTESIAN_POINT('Ctrl Pts',(7.61816781896234,-21.49997955738,87.7499938700238));
#2397=CARTESIAN_POINT('Ctrl Pts',(9.87167653543137,-21.4995806145169,87.750001650933));
#2398=CARTESIAN_POINT('Ctrl Pts',(11.4364578401506,-21.5,87.75));
#2399=CARTESIAN_POINT('Ctrl Pts',(13.,-21.5,87.75));
#2400=CARTESIAN_POINT('Ctrl Pts',(1.60369444970579E-15,2.40160139931623,
98.));
#2401=CARTESIAN_POINT('Ctrl Pts',(-1.68794661185776,2.40160139931623,98.));
#2402=CARTESIAN_POINT('Ctrl Pts',(-5.084581827028,1.79649638260899,97.7056940308214));
#2403=CARTESIAN_POINT('Ctrl Pts',(-10.8115839539411,-1.62810103041393,95.9856999364205));
#2404=CARTESIAN_POINT('Ctrl Pts',(-13.5543851434523,-7.34509456264303,93.2191295136625));
#2405=CARTESIAN_POINT('Ctrl Pts',(-12.6493197676131,-13.0975643044531,90.7066143999272));
#2406=CARTESIAN_POINT('Ctrl Pts',(-10.3505059084664,-16.855586610363,89.1486412926961));
#2407=CARTESIAN_POINT('Ctrl Pts',(-7.36104872670804,-19.1044918359928,88.2767517005596));
#2408=CARTESIAN_POINT('Ctrl Pts',(-4.95263509358746,-20.0900807297553,87.935759693256));
#2409=CARTESIAN_POINT('Ctrl Pts',(-3.68903245126772,-20.4315149975967,87.8361172152371));
#2410=CARTESIAN_POINT('Ctrl Pts',(-3.05281282114718,-20.5617601148171,87.8047971476462));
#2411=CARTESIAN_POINT('Ctrl Pts',(-2.68800577147035,-20.6250037778221,87.7920726195441));
#2412=CARTESIAN_POINT('Ctrl Pts',(-2.50554730145395,-20.652798130508,87.7874493344363));
#2413=CARTESIAN_POINT('Ctrl Pts',(-2.22462640114161,-20.6930117294745,87.7817767518995));
#2414=CARTESIAN_POINT('Ctrl Pts',(-1.81404201223318,-20.7622965648138,87.7810634153736));
#2415=CARTESIAN_POINT('Ctrl Pts',(-1.00877010263623,-20.8503604943982,87.7748878712998));
#2416=CARTESIAN_POINT('Ctrl Pts',(-0.393941816106532,-20.8821473143794,
87.7717535377198));
#2417=CARTESIAN_POINT('Ctrl Pts',(0.0977168236480429,-20.8844488409384,
87.7688424333324));
#2418=CARTESIAN_POINT('Ctrl Pts',(0.272365684377299,-20.8852702632713,87.7678294505989));
#2419=CARTESIAN_POINT('Ctrl Pts',(0.61691889657906,-20.8867878407911,87.7659525534155));
#2420=CARTESIAN_POINT('Ctrl Pts',(1.22295124731762,-20.8893238607085,87.7629470314829));
#2421=CARTESIAN_POINT('Ctrl Pts',(3.12690750793763,-20.8962997596367,87.7552636097253));
#2422=CARTESIAN_POINT('Ctrl Pts',(5.54315601401021,-20.9009502014824,87.7510125177329));
#2423=CARTESIAN_POINT('Ctrl Pts',(7.61791858964062,-20.9015571791598,87.750038574707));
#2424=CARTESIAN_POINT('Ctrl Pts',(9.87156172195968,-20.901248274627,87.7498984201125));
#2425=CARTESIAN_POINT('Ctrl Pts',(11.4364578401506,-20.9016013993162,87.75));
#2426=CARTESIAN_POINT('Ctrl Pts',(13.,-20.9016013993162,87.75));
#2427=CARTESIAN_POINT('Ctrl Pts',(1.76804006310225E-15,1.3658631884065,
97.4971052002794));
#2428=CARTESIAN_POINT('Ctrl Pts',(-1.54768931152957,1.3658631884065,97.4971052002794));
#2429=CARTESIAN_POINT('Ctrl Pts',(-4.66030576923453,0.820814640655748,97.2060912075597));
#2430=CARTESIAN_POINT('Ctrl Pts',(-9.90878793188047,-2.26719775525203,95.508835387719));
#2431=CARTESIAN_POINT('Ctrl Pts',(-12.4290586328298,-7.41438664700227,92.7639653131573));
#2432=CARTESIAN_POINT('Ctrl Pts',(-11.6403451254892,-12.6031917073743,90.2528195601474));
#2433=CARTESIAN_POINT('Ctrl Pts',(-9.57807328910833,-16.0304353271396,88.6862601399535));
#2434=CARTESIAN_POINT('Ctrl Pts',(-6.85103604892703,-18.1326048569366,87.7969393587803));
#2435=CARTESIAN_POINT('Ctrl Pts',(-4.62052862547055,-19.0847009176323,87.4410310855919));
#2436=CARTESIAN_POINT('Ctrl Pts',(-3.44209620729073,-19.4243566727828,87.3338544032538));
#2437=CARTESIAN_POINT('Ctrl Pts',(-2.84663052769887,-19.5573675929347,87.2988700899459));
#2438=CARTESIAN_POINT('Ctrl Pts',(-2.50461217309799,-19.6231570809921,87.28409235231));
#2439=CARTESIAN_POINT('Ctrl Pts',(-2.33334914468011,-19.6525556648018,87.278451779949));
#2440=CARTESIAN_POINT('Ctrl Pts',(-2.06958306682922,-19.6952492261618,87.2712838186821));
#2441=CARTESIAN_POINT('Ctrl Pts',(-1.68862158033816,-19.7544211800245,87.2721495940608));
#2442=CARTESIAN_POINT('Ctrl Pts',(-0.938785736724255,-19.8342903209151,
87.2667045369823));
#2443=CARTESIAN_POINT('Ctrl Pts',(-0.367322480095717,-19.8601208346127,
87.2647503930165));
#2444=CARTESIAN_POINT('Ctrl Pts',(0.0906975046226296,-19.8605806396494,
87.2624030512271));
#2445=CARTESIAN_POINT('Ctrl Pts',(0.268814369865283,-19.8608522907799,87.2615424942229));
#2446=CARTESIAN_POINT('Ctrl Pts',(0.611949095630422,-19.8612983825617,87.2599740955001));
#2447=CARTESIAN_POINT('Ctrl Pts',(1.21960177552632,-19.8620752984474,87.2574731752865));
#2448=CARTESIAN_POINT('Ctrl Pts',(3.12407876733079,-19.8641987487797,87.2512137136659));
#2449=CARTESIAN_POINT('Ctrl Pts',(5.54245110975711,-19.8656433123036,87.2479551118741));
#2450=CARTESIAN_POINT('Ctrl Pts',(7.6175111041026,-19.8658316997705,87.2471170076839));
#2451=CARTESIAN_POINT('Ctrl Pts',(9.87176974172378,-19.8657477709252,87.2469212700948));
#2452=CARTESIAN_POINT('Ctrl Pts',(11.4364578401506,-19.8658631884065,87.2471052002794));
#2453=CARTESIAN_POINT('Ctrl Pts',(13.,-19.8658631884065,87.2471052002794));
#2454=CARTESIAN_POINT('Ctrl Pts',(1.46360657642653E-15,1.,96.4487989505128));
#2455=CARTESIAN_POINT('Ctrl Pts',(-1.45051596232457,1.,96.4487989505128));
#2456=CARTESIAN_POINT('Ctrl Pts',(-4.36561631965766,0.508251904088435,96.1695523992975));
#2457=CARTESIAN_POINT('Ctrl Pts',(-9.34167475290518,-2.28646095277639,94.5322173648566));
#2458=CARTESIAN_POINT('Ctrl Pts',(-11.9319230418619,-7.05809195581451,91.8132239974815));
#2459=CARTESIAN_POINT('Ctrl Pts',(-11.3870363382434,-12.103269774573,89.2503728518304));
#2460=CARTESIAN_POINT('Ctrl Pts',(-9.47963391260726,-15.5400947250284,87.641274555528));
#2461=CARTESIAN_POINT('Ctrl Pts',(-6.81009654193277,-17.7065398713658,86.7340388690897));
#2462=CARTESIAN_POINT('Ctrl Pts',(-4.58312663663212,-18.6994444209102,86.3850022014493));
#2463=CARTESIAN_POINT('Ctrl Pts',(-3.40040042489338,-19.0566915412888,86.2865317317741));
#2464=CARTESIAN_POINT('Ctrl Pts',(-2.80149249633309,-19.1973991442862,86.2573196449154));
#2465=CARTESIAN_POINT('Ctrl Pts',(-2.45723058722141,-19.2672916684039,86.2462363712703));
#2466=CARTESIAN_POINT('Ctrl Pts',(-2.28472892687828,-19.2986410396047,86.2425851420692));
#2467=CARTESIAN_POINT('Ctrl Pts',(-2.0192445263085,-19.3441217334691,86.2384599979178));
#2468=CARTESIAN_POINT('Ctrl Pts',(-1.65218897139258,-19.3989153111877,86.2359817019652));
#2469=CARTESIAN_POINT('Ctrl Pts',(-0.919727095905877,-19.47649803826,86.2289574365294));
#2470=CARTESIAN_POINT('Ctrl Pts',(-0.364572799924123,-19.5000005977251,
86.2245485804264));
#2471=CARTESIAN_POINT('Ctrl Pts',(0.0819788742338925,-19.4998839367877,
86.2210324056271));
#2472=CARTESIAN_POINT('Ctrl Pts',(0.261592702250022,-19.499894992994,86.2198522377544));
#2473=CARTESIAN_POINT('Ctrl Pts',(0.604676299505038,-19.4998872841234,86.2176422049054));
#2474=CARTESIAN_POINT('Ctrl Pts',(1.2136608236187,-19.4998922583217,86.2141009497099));
#2475=CARTESIAN_POINT('Ctrl Pts',(3.12030751945422,-19.4999121850242,86.2049839886699));
#2476=CARTESIAN_POINT('Ctrl Pts',(5.54091356835803,-19.4999597661701,86.1998716781816));
#2477=CARTESIAN_POINT('Ctrl Pts',(7.61705217421732,-19.4999708075932,86.1987948683695));
#2478=CARTESIAN_POINT('Ctrl Pts',(9.87233941859641,-19.4999861818271,86.1987439963103));
#2479=CARTESIAN_POINT('Ctrl Pts',(11.4364578401506,-19.5,86.1987989505128));
#2480=CARTESIAN_POINT('Ctrl Pts',(13.,-19.5,86.1987989505128));
#2481=CARTESIAN_POINT('Ctrl Pts',(1.27675647831893E-15,1.,96.));
#2482=CARTESIAN_POINT('Ctrl Pts',(-1.42632502233895,1.,96.));
#2483=CARTESIAN_POINT('Ctrl Pts',(-4.29092192187926,0.524847463646267,95.7257962568553));
#2484=CARTESIAN_POINT('Ctrl Pts',(-9.21307385317757,-2.18021649427403,94.1140796796298));
#2485=CARTESIAN_POINT('Ctrl Pts',(-11.8811348053622,-6.86099428482413,91.4061347131192));
#2486=CARTESIAN_POINT('Ctrl Pts',(-11.4421072972039,-11.9378864975025,88.8212288938));
#2487=CARTESIAN_POINT('Ctrl Pts',(-9.57038728085492,-15.441574066318,87.1939957167381));
#2488=CARTESIAN_POINT('Ctrl Pts',(-6.88263839265168,-17.6662261219135,86.2791050107903));
#2489=CARTESIAN_POINT('Ctrl Pts',(-4.62481011353788,-18.6848768192267,85.9329691078201));
#2490=CARTESIAN_POINT('Ctrl Pts',(-3.42413964757841,-19.0506214661956,85.8381751218869));
#2491=CARTESIAN_POINT('Ctrl Pts',(-2.81586808770168,-19.1943216248548,85.811399461545));
#2492=CARTESIAN_POINT('Ctrl Pts',(-2.46618275202886,-19.2655833707262,85.8018746734725));
#2493=CARTESIAN_POINT('Ctrl Pts',(-2.29094658998294,-19.2975006478888,85.799063035964));
#2494=CARTESIAN_POINT('Ctrl Pts',(-2.0213666886743,-19.3437475340025,85.7962222310195));
#2495=CARTESIAN_POINT('Ctrl Pts',(-1.65612417010006,-19.3983744525358,85.7923345808612));
#2496=CARTESIAN_POINT('Ctrl Pts',(-0.922399680678098,-19.4764032221153,
85.7846437515995));
#2497=CARTESIAN_POINT('Ctrl Pts',(-0.367765828830544,-19.4999605800619,
85.7791981912637));
#2498=CARTESIAN_POINT('Ctrl Pts',(0.0790567284760358,-19.4999643689882,
85.7751881823905));
#2499=CARTESIAN_POINT('Ctrl Pts',(0.258799331839166,-19.4999648247084,85.7738730861615));
#2500=CARTESIAN_POINT('Ctrl Pts',(0.602113593502837,-19.4999656663268,85.7713920886551));
#2501=CARTESIAN_POINT('Ctrl Pts',(1.21146996567604,-19.4999679331279,85.7674110833799));
#2502=CARTESIAN_POINT('Ctrl Pts',(3.11905805347365,-19.4999786057065,85.7570821922286));
#2503=CARTESIAN_POINT('Ctrl Pts',(5.54032271681268,-19.499991102421,85.7511761167651));
#2504=CARTESIAN_POINT('Ctrl Pts',(7.61694029939785,-19.4999939577059,85.7499953737349));
#2505=CARTESIAN_POINT('Ctrl Pts',(9.87262089615465,-19.4999969086052,85.7500026236808));
#2506=CARTESIAN_POINT('Ctrl Pts',(11.4364578401506,-19.5,85.75));
#2507=CARTESIAN_POINT('Ctrl Pts',(13.,-19.5,85.75));
#2508=CARTESIAN_POINT('',(8.30937046067151,-21.5,87.75));
#2509=CARTESIAN_POINT('Ctrl Pts',(8.30937043540884,-21.4998571924835,87.7499962566113));
#2510=CARTESIAN_POINT('Ctrl Pts',(8.30941456298168,-21.4998571846745,87.7499962567604));
#2511=CARTESIAN_POINT('Ctrl Pts',(8.30945869055333,-21.499857176864,87.7499962569112));
#2512=CARTESIAN_POINT('Ctrl Pts',(9.87167653543137,-21.4995806145169,87.750001650933));
#2513=CARTESIAN_POINT('Ctrl Pts',(11.4364578401506,-21.5,87.75));
#2514=CARTESIAN_POINT('Ctrl Pts',(13.,-21.5,87.75));
#2515=CARTESIAN_POINT('',(-2.51785378519278,-21.2446183108242,87.7975694365271));
#2516=CARTESIAN_POINT('Ctrl Pts',(-2.51836450496508,-21.2475844015146,87.7976616230287));
#2517=CARTESIAN_POINT('Ctrl Pts',(-2.51699367620465,-21.2477738932489,87.7976480221608));
#2518=CARTESIAN_POINT('Ctrl Pts',(-2.51562281091657,-21.2479632105029,87.7976345128455));
#2519=CARTESIAN_POINT('Ctrl Pts',(-2.31627167262211,-21.2754676706929,87.7956833530893));
#2520=CARTESIAN_POINT('Ctrl Pts',(-1.88942566628171,-21.3491993522991,87.7919294423051));
#2521=CARTESIAN_POINT('Ctrl Pts',(-1.05083275278931,-21.4417212918893,87.784347274432));
#2522=CARTESIAN_POINT('Ctrl Pts',(-0.411101860946409,-21.4759854980999,
87.7789901026399));
#2523=CARTESIAN_POINT('Ctrl Pts',(0.100321985143922,-21.4789532244414,87.7750236088564));
#2524=CARTESIAN_POINT('Ctrl Pts',(0.273027753688633,-21.4799579144605,87.7737225313588));
#2525=CARTESIAN_POINT('Ctrl Pts',(0.618552775105699,-21.4818433103838,87.7712662149903));
#2526=CARTESIAN_POINT('Ctrl Pts',(1.22386092109332,-21.4849730736383,87.7673218170297));
#2527=CARTESIAN_POINT('Ctrl Pts',(3.12801016326496,-21.4935654849519,87.7570689406877));
#2528=CARTESIAN_POINT('Ctrl Pts',(5.54325306461097,-21.4992430444233,87.7511704756431));
#2529=CARTESIAN_POINT('Ctrl Pts',(7.61807952698494,-21.4999795260417,87.7499939200891));
#2530=CARTESIAN_POINT('Ctrl Pts',(8.30937043540884,-21.4998571924835,87.7499962566113));
#2531=CARTESIAN_POINT('',(0.,3.,98.));
#2532=CARTESIAN_POINT('Ctrl Pts',(1.38777878078145E-15,3.,98.));
#2533=CARTESIAN_POINT('Ctrl Pts',(-1.75309083268059,3.,98.));
#2534=CARTESIAN_POINT('Ctrl Pts',(-5.28074899617283,2.37182203053503,97.7077028081659));
#2535=CARTESIAN_POINT('Ctrl Pts',(-11.2532493466039,-1.18745190682213,95.9933502297877));
#2536=CARTESIAN_POINT('Ctrl Pts',(-14.1709743528794,-7.17884841505129,93.2188327274725));
#2537=CARTESIAN_POINT('Ctrl Pts',(-13.256826792534,-13.2694983716362,90.6828823971774));
#2538=CARTESIAN_POINT('Ctrl Pts',(-10.845556459268,-17.2553685303276,89.1141237618827));
#2539=CARTESIAN_POINT('Ctrl Pts',(-7.69912982797803,-19.6277275251518,88.2495452193921));
#2540=CARTESIAN_POINT('Ctrl Pts',(-5.1711900644639,-20.6566923640992,87.9246635979158));
#2541=CARTESIAN_POINT('Ctrl Pts',(-3.8476188872061,-21.009413924636,87.835751744568));
#2542=CARTESIAN_POINT('Ctrl Pts',(-3.18196262027852,-21.1426691999786,87.8104334135949));
#2543=CARTESIAN_POINT('Ctrl Pts',(-2.80185692505208,-21.2066905439032,87.8013479026677));
#2544=CARTESIAN_POINT('Ctrl Pts',(-2.61252075651111,-21.2345690403558,87.7985958073473));
#2545=CARTESIAN_POINT('Ctrl Pts',(-2.51836450496509,-21.2475844015146,87.7976616230287));
#2546=CARTESIAN_POINT('',(0.,0.999999999999997,96.));
#2547=CARTESIAN_POINT('Ctrl Pts',(1.27675647831893E-15,1.,96.));
#2548=CARTESIAN_POINT('Ctrl Pts',(1.46360657642653E-15,1.,96.4487989505128));
#2549=CARTESIAN_POINT('Ctrl Pts',(1.76804006310225E-15,1.3658631884065,
97.4971052002794));
#2550=CARTESIAN_POINT('Ctrl Pts',(1.60369444970579E-15,2.40160139931623,
98.));
#2551=CARTESIAN_POINT('Ctrl Pts',(1.38777878078145E-15,3.,98.));
#2552=CARTESIAN_POINT('',(-8.12359167240933E-11,-19.5,85.7758501365074));
#2553=CARTESIAN_POINT('Ctrl Pts',(4.37359971126525E-7,-19.4999631962815,
85.7758976830218));
#2554=CARTESIAN_POINT('Ctrl Pts',(-0.370180758005046,-19.4998578424672,
85.7792219034884));
#2555=CARTESIAN_POINT('Ctrl Pts',(-0.92359770602672,-19.4762758167401,85.7846563091856));
#2556=CARTESIAN_POINT('Ctrl Pts',(-1.65612417010006,-19.3983744525358,85.7923345808612));
#2557=CARTESIAN_POINT('Ctrl Pts',(-2.0213666886743,-19.3437475340025,85.7962222310195));
#2558=CARTESIAN_POINT('Ctrl Pts',(-2.29094658998294,-19.2975006478888,85.799063035964));
#2559=CARTESIAN_POINT('Ctrl Pts',(-2.46618275202886,-19.2655833707262,85.8018746734725));
#2560=CARTESIAN_POINT('Ctrl Pts',(-2.81586808770168,-19.1943216248548,85.811399461545));
#2561=CARTESIAN_POINT('Ctrl Pts',(-3.42413964757841,-19.0506214661956,85.8381751218869));
#2562=CARTESIAN_POINT('Ctrl Pts',(-4.62481011353788,-18.6848768192267,85.9329691078201));
#2563=CARTESIAN_POINT('Ctrl Pts',(-6.88263839265168,-17.6662261219135,86.2791050107903));
#2564=CARTESIAN_POINT('Ctrl Pts',(-9.57038728085492,-15.441574066318,87.1939957167381));
#2565=CARTESIAN_POINT('Ctrl Pts',(-11.4421072972039,-11.9378864975025,88.8212288938));
#2566=CARTESIAN_POINT('Ctrl Pts',(-11.8811348053622,-6.86099428482413,91.4061347131192));
#2567=CARTESIAN_POINT('Ctrl Pts',(-9.21307385317757,-2.18021649427403,94.1140796796298));
#2568=CARTESIAN_POINT('Ctrl Pts',(-4.29092192187926,0.524847463646267,95.7257962568553));
#2569=CARTESIAN_POINT('Ctrl Pts',(-1.42632502233895,1.,96.));
#2570=CARTESIAN_POINT('Ctrl Pts',(1.27675647831893E-15,1.,96.));
#2571=CARTESIAN_POINT('Ctrl Pts',(13.,-19.5,85.75));
#2572=CARTESIAN_POINT('Ctrl Pts',(11.4364578401506,-19.5,85.75));
#2573=CARTESIAN_POINT('Ctrl Pts',(9.87262089615465,-19.4999969086052,85.7500026236808));
#2574=CARTESIAN_POINT('Ctrl Pts',(7.61694029939785,-19.4999939577059,85.7499953737349));
#2575=CARTESIAN_POINT('Ctrl Pts',(5.54032271681268,-19.499991102421,85.7511761167651));
#2576=CARTESIAN_POINT('Ctrl Pts',(3.11905805347365,-19.4999786057065,85.7570821922286));
#2577=CARTESIAN_POINT('Ctrl Pts',(1.21146996567604,-19.4999679331279,85.7674110833799));
#2578=CARTESIAN_POINT('Ctrl Pts',(0.602113593502837,-19.4999656663268,85.7713920886551));
#2579=CARTESIAN_POINT('Ctrl Pts',(0.258799331839166,-19.4999648247084,85.7738730861615));
#2580=CARTESIAN_POINT('Ctrl Pts',(0.0790567284760358,-19.4999643689882,
85.7751881823905));
#2581=CARTESIAN_POINT('Ctrl Pts',(0.00242610358305102,-19.4999637191826,
85.7758759039049));
#2582=CARTESIAN_POINT('Ctrl Pts',(0.00121326167965471,-19.4999635414521,
85.7758867918813));
#2583=CARTESIAN_POINT('Ctrl Pts',(4.37370023262298E-7,-19.4999631962815,
85.7758976830218));
#2584=CARTESIAN_POINT('Ctrl Pts',(9.18864832420459E-18,22.6176367420273,
98.));
#2585=CARTESIAN_POINT('Ctrl Pts',(-5.93607286882103,22.6176367420273,98.));
#2586=CARTESIAN_POINT('Ctrl Pts',(-17.8811174138458,19.6869009612474,97.5713676096389));
#2587=CARTESIAN_POINT('Ctrl Pts',(-31.6423438558615,7.45273734028604,95.7989678107037));
#2588=CARTESIAN_POINT('Ctrl Pts',(-37.8262927305093,-9.7795065924036,93.3222611242911));
#2589=CARTESIAN_POINT('Ctrl Pts',(-35.319822501405,-24.8230706319943,91.1731868575848));
#2590=CARTESIAN_POINT('Ctrl Pts',(-29.8559136938095,-33.7841811947339,89.8949412073583));
#2591=CARTESIAN_POINT('Ctrl Pts',(-26.3459053369763,-37.6678459061411,89.3411370620542));
#2592=CARTESIAN_POINT('Ctrl Pts',(-24.1385470284104,-39.6902895528291,89.0527443980548));
#2593=CARTESIAN_POINT('Ctrl Pts',(-22.9729001586417,-40.6321378739018,88.9184370373458));
#2594=CARTESIAN_POINT('Ctrl Pts',(-21.7207851119178,-41.5809804688024,88.7831267751868));
#2595=CARTESIAN_POINT('Ctrl Pts',(-20.3768672099797,-42.5299183890385,88.6475956911871));
#2596=CARTESIAN_POINT('Ctrl Pts',(-17.563247580713,-44.2464219793331,88.4015793803108));
#2597=CARTESIAN_POINT('Ctrl Pts',(-13.8347931818785,-46.0359244041007,88.143294680473));
#2598=CARTESIAN_POINT('Ctrl Pts',(-7.52887744889205,-48.0880584096352,87.842460499477));
#2599=CARTESIAN_POINT('Ctrl Pts',(-2.54691366042892,-48.6697995730526,87.7499490107989));
#2600=CARTESIAN_POINT('Ctrl Pts',(4.86993586269099,-48.5495502944779,87.7499912672852));
#2601=CARTESIAN_POINT('Ctrl Pts',(8.93953009597336,-48.5058535728695,87.75));
#2602=CARTESIAN_POINT('Ctrl Pts',(13.,-48.5,87.75));
#2603=CARTESIAN_POINT('Ctrl Pts',(1.09240245537017E-17,18.7408869233381,
98.));
#2604=CARTESIAN_POINT('Ctrl Pts',(-5.29049645777724,18.7408869233381,98.));
#2605=CARTESIAN_POINT('Ctrl Pts',(-16.0367516910505,16.1518105428718,97.5505676097313));
#2606=CARTESIAN_POINT('Ctrl Pts',(-28.4723039007475,5.23710168972896,95.7054635172102));
#2607=CARTESIAN_POINT('Ctrl Pts',(-33.9027322102829,-10.1797741761199,93.1594479357436));
#2608=CARTESIAN_POINT('Ctrl Pts',(-31.3037683414405,-23.5218663441869,90.998069306558));
#2609=CARTESIAN_POINT('Ctrl Pts',(-26.0964598306296,-31.3314720120713,89.7507097787926));
#2610=CARTESIAN_POINT('Ctrl Pts',(-22.7954437794677,-34.669836976849,89.2224252946892));
#2611=CARTESIAN_POINT('Ctrl Pts',(-20.7308164758156,-36.3920416308916,88.9514500512267));
#2612=CARTESIAN_POINT('Ctrl Pts',(-19.6441536756356,-37.1880661783875,88.8267664136615));
#2613=CARTESIAN_POINT('Ctrl Pts',(-18.4788661886873,-37.9865496071091,88.7020074330425));
#2614=CARTESIAN_POINT('Ctrl Pts',(-17.2314056163789,-38.78223561337,88.5770508923959));
#2615=CARTESIAN_POINT('Ctrl Pts',(-14.6282154548053,-40.2136003054986,88.350283494053));
#2616=CARTESIAN_POINT('Ctrl Pts',(-11.1945457415457,-41.6879203498005,88.112280953254));
#2617=CARTESIAN_POINT('Ctrl Pts',(-5.41847524698809,-43.3336320248753,87.8351259008566));
#2618=CARTESIAN_POINT('Ctrl Pts',(-0.888018682335184,-43.7293462860817,
87.749920667558));
#2619=CARTESIAN_POINT('Ctrl Pts',(5.82318944193651,-43.4633152835192,87.7499784074288));
#2620=CARTESIAN_POINT('Ctrl Pts',(9.48031260365075,-43.3714994076543,87.75));
#2621=CARTESIAN_POINT('Ctrl Pts',(13.1072381326957,-43.3588482464834,87.75));
#2622=CARTESIAN_POINT('Ctrl Pts',(1.70997198364358E-17,11.9565747406319,
98.));
#2623=CARTESIAN_POINT('Ctrl Pts',(-4.15448957557336,11.9565747406319,98.));
#2624=CARTESIAN_POINT('Ctrl Pts',(-12.4268897737071,9.84404105319259,97.4294447538702));
#2625=CARTESIAN_POINT('Ctrl Pts',(-21.4981142981399,1.14916139658107,95.153759220459));
#2626=CARTESIAN_POINT('Ctrl Pts',(-24.6832443123313,-10.8114124229718,92.194241113062));
#2627=CARTESIAN_POINT('Ctrl Pts',(-21.717012428665,-20.6873911244716,89.9673254302291));
#2628=CARTESIAN_POINT('Ctrl Pts',(-17.1971175495755,-26.132444274013,88.9067483978073));
#2629=CARTESIAN_POINT('Ctrl Pts',(-14.4721848170187,-28.3552812111746,88.5288359440649));
#2630=CARTESIAN_POINT('Ctrl Pts',(-12.8021198221426,-29.466313465141,88.3598083804834));
#2631=CARTESIAN_POINT('Ctrl Pts',(-11.9340623835295,-29.9667677838499,88.2911758950012));
#2632=CARTESIAN_POINT('Ctrl Pts',(-11.0089007442242,-30.4612367845773,88.2277795311389));
#2633=CARTESIAN_POINT('Ctrl Pts',(-10.0286352237429,-30.9526820181527,88.1652039718839));
#2634=CARTESIAN_POINT('Ctrl Pts',(-8.00325803435451,-31.8496097724635,88.051192265434));
#2635=CARTESIAN_POINT('Ctrl Pts',(-5.36674127431428,-32.7957634901807,87.9317882097653));
#2636=CARTESIAN_POINT('Ctrl Pts',(-0.972008255007314,-33.9133067370668,
87.7926847939522));
#2637=CARTESIAN_POINT('Ctrl Pts',(2.46192681607992,-34.2810258461363,87.7499884695067));
#2638=CARTESIAN_POINT('Ctrl Pts',(7.60266190774898,-34.3401261470794,87.749998754301));
#2639=CARTESIAN_POINT('Ctrl Pts',(10.4421882272307,-34.3559564633833,87.7499999999999));
#2640=CARTESIAN_POINT('Ctrl Pts',(13.2966054912441,-34.3584882079257,87.7499999999999));
#2641=CARTESIAN_POINT('Ctrl Pts',(3.06564548463702E-17,5.17226255792571,
98.));
#2642=CARTESIAN_POINT('Ctrl Pts',(-3.00284446681939,5.17226255792571,98.));
#2643=CARTESIAN_POINT('Ctrl Pts',(-8.84989755031793,3.56178451051488,97.3403346586158));
#2644=CARTESIAN_POINT('Ctrl Pts',(-14.7615772664738,-2.85295195898322,94.7257817868499));
#2645=CARTESIAN_POINT('Ctrl Pts',(-15.9791918128485,-11.3727178544928,91.4149261172184));
#2646=CARTESIAN_POINT('Ctrl Pts',(-12.7385521422725,-17.9259146770295,89.1180983347289));
#2647=CARTESIAN_POINT('Ctrl Pts',(-8.84715722479242,-21.1284360866582,88.2055708253204));
#2648=CARTESIAN_POINT('Ctrl Pts',(-6.63828227021831,-22.29723613746,87.9522406918436));
#2649=CARTESIAN_POINT('Ctrl Pts',(-5.32006523248577,-22.8312010561896,87.8685442014241));
#2650=CARTESIAN_POINT('Ctrl Pts',(-4.64644359313459,-23.0526567367393,87.8471745670856));
#2651=CARTESIAN_POINT('Ctrl Pts',(-3.93491770684102,-23.2599688994317,87.8356154933812));
#2652=CARTESIAN_POINT('Ctrl Pts',(-3.20520961570707,-23.4510251099732,87.8243910910292));
#2653=CARTESIAN_POINT('Ctrl Pts',(-1.71284560660427,-23.8207516478028,87.8038501722858));
#2654=CARTESIAN_POINT('Ctrl Pts',(0.185708234411352,-24.2294099556744,87.7824445214439));
#2655=CARTESIAN_POINT('Ctrl Pts',(3.30038712325439,-24.7724221913297,87.7574777475454));
#2656=CARTESIAN_POINT('Ctrl Pts',(5.70599220848431,-25.0361407703535,87.7498988993665));
#2657=CARTESIAN_POINT('Ctrl Pts',(9.35118756864711,-25.2719390848,87.7499586863298));
#2658=CARTESIAN_POINT('Ctrl Pts',(11.4001908524854,-25.348012322292,87.7499999999999));
#2659=CARTESIAN_POINT('Ctrl Pts',(13.4855480836988,-25.3589635189042,87.7499999999999));
#2660=CARTESIAN_POINT('Ctrl Pts',(3.92384108890631E-17,2.26470019390877,
98.));
#2661=CARTESIAN_POINT('Ctrl Pts',(-2.50374147380191,2.26470019390877,98.));
#2662=CARTESIAN_POINT('Ctrl Pts',(-7.42475192352789,0.904047585223186,97.3345215879976));
#2663=CARTESIAN_POINT('Ctrl Pts',(-12.2612670967004,-4.50961516337704,94.6942024427677));
#2664=CARTESIAN_POINT('Ctrl Pts',(-12.9271456501033,-11.581637690246,91.3368627188107));
#2665=CARTESIAN_POINT('Ctrl Pts',(-9.68900123793647,-16.857447795849,89.0051185065457));
#2666=CARTESIAN_POINT('Ctrl Pts',(-6.0050649226791,-19.2258975703337,88.1010986427606));
#2667=CARTESIAN_POINT('Ctrl Pts',(-3.95364042390299,-20.0048722670359,87.8631676993165));
#2668=CARTESIAN_POINT('Ctrl Pts',(-2.73981812135998,-20.3259574954717,87.7919161072707));
#2669=CARTESIAN_POINT('Ctrl Pts',(-2.12330672319607,-20.4446084333057,87.7779822258043));
#2670=CARTESIAN_POINT('Ctrl Pts',(-1.47428976287679,-20.5461023448249,87.7748942594867));
#2671=CARTESIAN_POINT('Ctrl Pts',(-0.822484700658436,-20.6229483364634,
87.7715508811271));
#2672=CARTESIAN_POINT('Ctrl Pts',(0.506951137987258,-20.7837649673199,87.7656557708083));
#2673=CARTESIAN_POINT('Ctrl Pts',(2.17766628046909,-20.9602927468175,87.7594316487375));
#2674=CARTESIAN_POINT('Ctrl Pts',(4.88858641327045,-21.2045373501424,87.7522532176508));
#2675=CARTESIAN_POINT('Ctrl Pts',(6.95221244855273,-21.3306136039137,87.750024192185));
#2676=CARTESIAN_POINT('Ctrl Pts',(10.064665485202,-21.4564682235574,87.7500107154722));
#2677=CARTESIAN_POINT('Ctrl Pts',(11.8057804035891,-21.4972414591757,87.7499999999999));
#2678=CARTESIAN_POINT('Ctrl Pts',(13.5659769760873,-21.5030991278119,87.7499999999999));
#2679=CARTESIAN_POINT('',(0.795455764930235,-48.5,87.75));
#2680=CARTESIAN_POINT('Ctrl Pts',(12.9999999999997,-48.5,87.75));
#2681=CARTESIAN_POINT('Ctrl Pts',(12.0028954743483,-48.5000067200412,87.75));
#2682=CARTESIAN_POINT('Ctrl Pts',(11.0063359317768,-48.500163402707,87.7499994740967));
#2683=CARTESIAN_POINT('Ctrl Pts',(10.0098843265596,-48.5003410979121,87.7499983306914));
#2684=CARTESIAN_POINT('Ctrl Pts',(9.17752019663872,-48.5004895317287,87.7499973755726));
#2685=CARTESIAN_POINT('Ctrl Pts',(8.34523079167188,-48.5006535824269,87.7499959892665));
#2686=CARTESIAN_POINT('Ctrl Pts',(7.51274256990823,-48.5007785597458,87.74999411554));
#2687=CARTESIAN_POINT('Ctrl Pts',(6.38540923867381,-48.5009478006955,87.7499915781897));
#2688=CARTESIAN_POINT('Ctrl Pts',(5.25772119941861,-48.5010409036661,87.749988146564));
#2689=CARTESIAN_POINT('Ctrl Pts',(4.1290503301587,-48.5008650391503,87.7499836815631));
#2690=CARTESIAN_POINT('Ctrl Pts',(3.01800599081062,-48.5006919211226,87.7499792862924));
#2691=CARTESIAN_POINT('Ctrl Pts',(1.90600928521632,-48.5002590379668,87.7499738890673));
#2692=CARTESIAN_POINT('Ctrl Pts',(0.792430627272462,-48.4994212971702,87.7499673664588));
#2693=CARTESIAN_POINT('',(-22.122623049321,-40.8153068012508,88.8468551962453));
#2694=CARTESIAN_POINT('Ctrl Pts',(0.798094735930199,-48.500853228017,87.7499824799276));
#2695=CARTESIAN_POINT('Ctrl Pts',(0.534425488725106,-48.5012567797667,87.749981661588));
#2696=CARTESIAN_POINT('Ctrl Pts',(0.271544930488054,-48.5018694447363,87.750376401387));
#2697=CARTESIAN_POINT('Ctrl Pts',(-3.95694318269938,-48.5111714653788,87.7627301790906));
#2698=CARTESIAN_POINT('Ctrl Pts',(-11.9117573205454,-47.1903094976797,87.9626191596794));
#2699=CARTESIAN_POINT('Ctrl Pts',(-19.0261221921118,-43.2839180616106,88.506045532534));
#2700=CARTESIAN_POINT('Ctrl Pts',(-22.1280472715127,-40.8133328301435,88.8471377733718));
#2701=CARTESIAN_POINT('',(0.,21.88,98.));
#2702=CARTESIAN_POINT('Ctrl Pts',(-22.1280472715127,-40.8133328301435,88.8471377733718));
#2703=CARTESIAN_POINT('Ctrl Pts',(-23.536800274524,-39.6913056131945,89.0020463241214));
#2704=CARTESIAN_POINT('Ctrl Pts',(-26.2056933449709,-37.2109535804858,89.3456181309841));
#2705=CARTESIAN_POINT('Ctrl Pts',(-29.5565636492638,-32.9632568768979,89.9394328517766));
#2706=CARTESIAN_POINT('Ctrl Pts',(-32.2206459264174,-28.2703859175959,90.6026396133896));
#2707=CARTESIAN_POINT('Ctrl Pts',(-34.1473596511337,-23.1691748593753,91.3325929578088));
#2708=CARTESIAN_POINT('Ctrl Pts',(-35.2560356856067,-17.923021259269,92.0928920590774));
#2709=CARTESIAN_POINT('Ctrl Pts',(-35.6492722876853,-10.6687023897495,93.156667819871));
#2710=CARTESIAN_POINT('Ctrl Pts',(-34.37626215113,-3.53806735348654,94.2177163434825));
#2711=CARTESIAN_POINT('Ctrl Pts',(-31.4681729877555,3.16672440862502,95.2191607943112));
#2712=CARTESIAN_POINT('Ctrl Pts',(-27.5968283101207,9.28687374781448,96.1327892953392));
#2713=CARTESIAN_POINT('Ctrl Pts',(-22.2841149328946,14.4855138000517,96.9051860984681));
#2714=CARTESIAN_POINT('Ctrl Pts',(-16.0113670667686,18.2429807046414,97.4612567739631));
#2715=CARTESIAN_POINT('Ctrl Pts',(-9.14544194135961,21.0381226422495,97.8746824915672));
#2716=CARTESIAN_POINT('Ctrl Pts',(-3.65864365442635,21.88,98.));
#2717=CARTESIAN_POINT('Ctrl Pts',(-5.55111512312578E-17,21.88,98.));
#2718=CARTESIAN_POINT('Ctrl Pts',(3.712634526208E-17,3.,98.));
#2719=CARTESIAN_POINT('Ctrl Pts',(2.96865478508322E-17,5.66246242865319,
98.));
#2720=CARTESIAN_POINT('Ctrl Pts',(1.73582703122133E-17,11.9557957619865,
98.));
#2721=CARTESIAN_POINT('Ctrl Pts',(1.13813620730933E-17,18.2491290953199,
98.));
#2722=CARTESIAN_POINT('Ctrl Pts',(9.54064376331025E-18,21.88,98.));
#2723=CARTESIAN_POINT('Ctrl Pts',(1.66533453693773E-15,23.88,96.));
#2724=CARTESIAN_POINT('Ctrl Pts',(-3.83027796299371,23.88,96.));
#2725=CARTESIAN_POINT('Ctrl Pts',(-9.57531933642672,23.0108518277561,95.8757406886502));
#2726=CARTESIAN_POINT('Ctrl Pts',(-16.7858317060445,20.1157629636937,95.4655705054165));
#2727=CARTESIAN_POINT('Ctrl Pts',(-23.3922732509326,16.2164884429555,94.9136591478499));
#2728=CARTESIAN_POINT('Ctrl Pts',(-29.0265202176407,10.8035104215072,94.1465474030993));
#2729=CARTESIAN_POINT('Ctrl Pts',(-33.1748617893676,4.39462262894104,93.2378629016721));
#2730=CARTESIAN_POINT('Ctrl Pts',(-36.3224958508888,-2.65386454739308,92.2406091009006));
#2731=CARTESIAN_POINT('Ctrl Pts',(-37.7501314655694,-10.194863203489,91.1814892511352));
#2732=CARTESIAN_POINT('Ctrl Pts',(-37.395281753912,-17.9014813595282,90.1165542442112));
#2733=CARTESIAN_POINT('Ctrl Pts',(-36.2536443968337,-23.4858899292561,89.3540972796108));
#2734=CARTESIAN_POINT('Ctrl Pts',(-34.2312825174598,-28.9224354853918,88.6209656947124));
#2735=CARTESIAN_POINT('Ctrl Pts',(-31.4140943316424,-33.9258647842084,87.9540903314898));
#2736=CARTESIAN_POINT('Ctrl Pts',(-27.8584333158154,-38.4537334226923,87.3565271133617));
#2737=CARTESIAN_POINT('Ctrl Pts',(-25.0221448017207,-41.0959658526327,87.0106286627957));
#2738=CARTESIAN_POINT('Ctrl Pts',(-20.2253466071063,-44.9209076113481,86.511269504186));
#2739=CARTESIAN_POINT('Ctrl Pts',(-12.6773074912383,-49.0815329729205,85.9643118947438));
#2740=CARTESIAN_POINT('Ctrl Pts',(-4.20188569837636,-50.5009251019969,85.7628250180585));
#2741=CARTESIAN_POINT('Ctrl Pts',(0.27075141382701,-50.5001343691508,85.750378573288));
#2742=CARTESIAN_POINT('Ctrl Pts',(0.526242631166473,-50.5001692586774,85.7499803799966));
#2743=CARTESIAN_POINT('Ctrl Pts',(4.87585259834166,-50.5000483340656,85.7499947203067));
#2744=CARTESIAN_POINT('Ctrl Pts',(8.93181871757782,-50.5,85.75));
#2745=CARTESIAN_POINT('Ctrl Pts',(13.,-50.5,85.75));
#2746=CARTESIAN_POINT('Ctrl Pts',(1.64872563932817E-15,23.88,96.5983986006838));
#2747=CARTESIAN_POINT('Ctrl Pts',(-3.84013149957026,23.88,96.5983986006838));
#2748=CARTESIAN_POINT('Ctrl Pts',(-9.5973398440912,23.0068840925801,96.4745913699726));
#2749=CARTESIAN_POINT('Ctrl Pts',(-16.8221012402481,20.0987039499632,96.0658192225351));
#2750=CARTESIAN_POINT('Ctrl Pts',(-23.43763933732,16.183216099775,95.5157844803558));
#2751=CARTESIAN_POINT('Ctrl Pts',(-29.0728256608292,10.7505370930871,94.7514723077117));
#2752=CARTESIAN_POINT('Ctrl Pts',(-33.2138554388977,4.32399110272602,93.8459897707114));
#2753=CARTESIAN_POINT('Ctrl Pts',(-36.3488670559338,-2.73936294362507,92.8517966271274));
#2754=CARTESIAN_POINT('Ctrl Pts',(-37.7578957911117,-10.2858946875139,91.794667134553));
#2755=CARTESIAN_POINT('Ctrl Pts',(-37.3842479085045,-17.9899079531922,90.7297559789743));
#2756=CARTESIAN_POINT('Ctrl Pts',(-36.2301382288633,-23.5676741445076,89.9663023200131));
#2757=CARTESIAN_POINT('Ctrl Pts',(-34.1977558641731,-28.9940810986878,89.2312125946489));
#2758=CARTESIAN_POINT('Ctrl Pts',(-31.3741688609745,-33.9850242608242,88.561658778046));
#2759=CARTESIAN_POINT('Ctrl Pts',(-27.8159056639105,-38.4993777844769,87.9609356812679));
#2760=CARTESIAN_POINT('Ctrl Pts',(-24.9805212929208,-41.132604153783,87.6127764641672));
#2761=CARTESIAN_POINT('Ctrl Pts',(-20.1871673857131,-44.9439651806876,87.1098292330566));
#2762=CARTESIAN_POINT('Ctrl Pts',(-12.6492723255078,-49.088247453356,86.5599081944854));
#2763=CARTESIAN_POINT('Ctrl Pts',(-4.19101422729476,-50.5011394021295,86.3593116882319));
#2764=CARTESIAN_POINT('Ctrl Pts',(0.272840087275442,-50.5001437699963,86.3484374525909));
#2765=CARTESIAN_POINT('Ctrl Pts',(0.527625353866511,-50.5001959847597,86.3481713418563));
#2766=CARTESIAN_POINT('Ctrl Pts',(4.86993708899951,-50.5000936424918,86.3494368826922));
#2767=CARTESIAN_POINT('Ctrl Pts',(8.93181871757782,-50.5,86.3483986006838));
#2768=CARTESIAN_POINT('Ctrl Pts',(13.,-50.5,86.3483986006838));
#2769=CARTESIAN_POINT('Ctrl Pts',(1.20117358075432E-15,23.3770308516981,
97.6340864254037));
#2770=CARTESIAN_POINT('Ctrl Pts',(-3.80434319714783,23.3770308516981,97.6340864254037));
#2771=CARTESIAN_POINT('Ctrl Pts',(-9.51017411434963,22.5063358205705,97.5110767876084));
#2772=CARTESIAN_POINT('Ctrl Pts',(-16.658874290597,19.6110150973016,97.1044827590997));
#2773=CARTESIAN_POINT('Ctrl Pts',(-23.1977509448447,15.7154393891046,96.557451447902));
#2774=CARTESIAN_POINT('Ctrl Pts',(-28.7515325175603,10.3174175022032,95.7976693426742));
#2775=CARTESIAN_POINT('Ctrl Pts',(-32.8133211744378,3.94725939451372,94.8972771257874));
#2776=CARTESIAN_POINT('Ctrl Pts',(-35.8738367688159,-3.04194134780598,93.907948523705));
#2777=CARTESIAN_POINT('Ctrl Pts',(-37.225446927526,-10.4906430975657,92.8541092527611));
#2778=CARTESIAN_POINT('Ctrl Pts',(-36.8251700292128,-18.0749844466875,91.7892435101699));
#2779=CARTESIAN_POINT('Ctrl Pts',(-35.669154719151,-23.5600681136243,91.0242142993135));
#2780=CARTESIAN_POINT('Ctrl Pts',(-33.6537411168598,-28.8915606755837,90.2859922940519));
#2781=CARTESIAN_POINT('Ctrl Pts',(-30.8652968546509,-33.7926761804547,89.6121306564501));
#2782=CARTESIAN_POINT('Ctrl Pts',(-27.3587475903528,-38.2246124946558,89.0063209562529));
#2783=CARTESIAN_POINT('Ctrl Pts',(-24.5678024604067,-40.8096711936563,88.6545142022098));
#2784=CARTESIAN_POINT('Ctrl Pts',(-19.8512023363932,-44.5517715048199,88.1457684643899));
#2785=CARTESIAN_POINT('Ctrl Pts',(-12.4324198973337,-48.6196108452827,87.5909016865808));
#2786=CARTESIAN_POINT('Ctrl Pts',(-4.11979087156338,-50.0016809722018,87.3919288318466));
#2787=CARTESIAN_POINT('Ctrl Pts',(0.274564148372991,-49.9977386654526,87.3835721701826));
#2788=CARTESIAN_POINT('Ctrl Pts',(0.530604845695315,-49.997564592414,87.3835159132728));
#2789=CARTESIAN_POINT('Ctrl Pts',(4.85639609414842,-49.9952230276359,87.3867788078201));
#2790=CARTESIAN_POINT('Ctrl Pts',(8.93181871757783,-49.9970308516981,87.3840864254037));
#2791=CARTESIAN_POINT('Ctrl Pts',(13.,-49.9970308516981,87.3840864254037));
#2792=CARTESIAN_POINT('Ctrl Pts',(3.18189044983953E-16,22.3287989505128,
98.));
#2793=CARTESIAN_POINT('Ctrl Pts',(-3.7039310945242,22.3287989505128,98.));
#2794=CARTESIAN_POINT('Ctrl Pts',(-9.25902458262678,21.4772594485034,97.8756074619557));
#2795=CARTESIAN_POINT('Ctrl Pts',(-16.2117566236188,18.6491133360882,97.4649570319712));
#2796=CARTESIAN_POINT('Ctrl Pts',(-22.5653476919881,14.8465350662977,96.9125517257732));
#2797=CARTESIAN_POINT('Ctrl Pts',(-27.9493541966498,9.58373069458369,96.1452919953553));
#2798=CARTESIAN_POINT('Ctrl Pts',(-31.8747407570205,3.38517214711125,95.2371022276777));
#2799=CARTESIAN_POINT('Ctrl Pts',(-34.8244642643679,-3.40720818065619,94.2406536368443));
#2800=CARTESIAN_POINT('Ctrl Pts',(-36.1165212226642,-10.6334233783843,93.1825934611188));
#2801=CARTESIAN_POINT('Ctrl Pts',(-35.7177386864405,-17.9845481798142,92.1184382198887));
#2802=CARTESIAN_POINT('Ctrl Pts',(-34.5932240312167,-23.3001606655351,91.3562393745267));
#2803=CARTESIAN_POINT('Ctrl Pts',(-32.6392186536249,-28.4678577182925,90.6229133636306));
#2804=CARTESIAN_POINT('Ctrl Pts',(-29.9380711662164,-33.2206761290117,89.9553166384408));
#2805=CARTESIAN_POINT('Ctrl Pts',(-26.5414738970467,-37.52137843255,89.356512533606));
#2806=CARTESIAN_POINT('Ctrl Pts',(-23.8369850176475,-40.03190590035,89.0094842725111));
#2807=CARTESIAN_POINT('Ctrl Pts',(-19.2662625265521,-43.6676958271906,88.5081060529951));
#2808=CARTESIAN_POINT('Ctrl Pts',(-12.0630566941836,-47.6206532998268,87.9599068897691));
#2809=CARTESIAN_POINT('Ctrl Pts',(-4.00377986591511,-48.9585680955831,87.7605340858419));
#2810=CARTESIAN_POINT('Ctrl Pts',(0.272775469811568,-48.9504114257609,87.7499791295156));
#2811=CARTESIAN_POINT('Ctrl Pts',(0.533476515814824,-48.9498921839539,87.7497366229221));
#2812=CARTESIAN_POINT('Ctrl Pts',(4.84626210306999,-48.9442071107137,87.751206376091));
#2813=CARTESIAN_POINT('Ctrl Pts',(8.93181871757782,-48.9487989505128,87.75));
#2814=CARTESIAN_POINT('Ctrl Pts',(13.,-48.9487989505128,87.75));
#2815=CARTESIAN_POINT('Ctrl Pts',(-5.55111512312578E-17,21.88,98.));
#2816=CARTESIAN_POINT('Ctrl Pts',(-3.65864365442635,21.88,98.));
#2817=CARTESIAN_POINT('Ctrl Pts',(-9.14544194135961,21.0381226422495,97.8746824915672));
#2818=CARTESIAN_POINT('Ctrl Pts',(-16.0113670667686,18.2429807046414,97.4612567739631));
#2819=CARTESIAN_POINT('Ctrl Pts',(-22.2841149328946,14.4855138000517,96.9051860984681));
#2820=CARTESIAN_POINT('Ctrl Pts',(-27.5968283101207,9.28687374781448,96.1327892953392));
#2821=CARTESIAN_POINT('Ctrl Pts',(-31.4681729877555,3.16672440862502,95.2191607943112));
#2822=CARTESIAN_POINT('Ctrl Pts',(-34.37626215113,-3.53806735348654,94.2177163434825));
#2823=CARTESIAN_POINT('Ctrl Pts',(-35.6492722876853,-10.6687023897495,93.156667819871));
#2824=CARTESIAN_POINT('Ctrl Pts',(-35.2560356856067,-17.923021259269,92.0928920590774));
#2825=CARTESIAN_POINT('Ctrl Pts',(-34.1473596511337,-23.1691748593753,91.3325929578088));
#2826=CARTESIAN_POINT('Ctrl Pts',(-32.2206459264174,-28.2703859175959,90.6026396133896));
#2827=CARTESIAN_POINT('Ctrl Pts',(-29.5565636492638,-32.9632568768979,89.9394328517766));
#2828=CARTESIAN_POINT('Ctrl Pts',(-26.2056933449709,-37.2109535804858,89.3456181309841));
#2829=CARTESIAN_POINT('Ctrl Pts',(-23.536800274524,-39.6913056131945,89.0020463241214));
#2830=CARTESIAN_POINT('Ctrl Pts',(-19.0261221921118,-43.2839180616106,88.506045532534));
#2831=CARTESIAN_POINT('Ctrl Pts',(-11.9117573205454,-47.1903094976797,87.9626191596794));
#2832=CARTESIAN_POINT('Ctrl Pts',(-3.95694318269938,-48.5111714653788,87.7627301790906));
#2833=CARTESIAN_POINT('Ctrl Pts',(0.271544930488054,-48.5018694447363,87.750376401387));
#2834=CARTESIAN_POINT('Ctrl Pts',(0.534425488725106,-48.5012567797667,87.749981661588));
#2835=CARTESIAN_POINT('Ctrl Pts',(4.84354435631828,-48.4946615758249,87.7499950356253));
#2836=CARTESIAN_POINT('Ctrl Pts',(8.93181871757782,-48.5,87.75));
#2837=CARTESIAN_POINT('Ctrl Pts',(13.,-48.5,87.75));
#2838=CARTESIAN_POINT('',(-5.87724313660942E-14,-50.5,85.7511747337908));
#2839=CARTESIAN_POINT('Ctrl Pts',(-0.00767200032907808,-50.5001835925806,
85.7511533693557));
#2840=CARTESIAN_POINT('Ctrl Pts',(0.27075141382701,-50.5001343691508,85.750378573288));
#2841=CARTESIAN_POINT('Ctrl Pts',(0.526242631166473,-50.5001692586774,85.7499803799966));
#2842=CARTESIAN_POINT('Ctrl Pts',(4.87585259834166,-50.5000483340656,85.7499947203067));
#2843=CARTESIAN_POINT('Ctrl Pts',(8.93181871757782,-50.5,85.75));
#2844=CARTESIAN_POINT('Ctrl Pts',(13.,-50.5,85.75));
#2845=CARTESIAN_POINT('',(8.32667268468867E-16,23.88,96.));
#2846=CARTESIAN_POINT('Ctrl Pts',(1.66533453693773E-15,23.88,96.));
#2847=CARTESIAN_POINT('Ctrl Pts',(-3.83027796299371,23.88,96.));
#2848=CARTESIAN_POINT('Ctrl Pts',(-9.57531933642672,23.0108518277561,95.8757406886502));
#2849=CARTESIAN_POINT('Ctrl Pts',(-16.7858317060445,20.1157629636937,95.4655705054165));
#2850=CARTESIAN_POINT('Ctrl Pts',(-23.3922732509326,16.2164884429555,94.9136591478499));
#2851=CARTESIAN_POINT('Ctrl Pts',(-29.0265202176407,10.8035104215072,94.1465474030993));
#2852=CARTESIAN_POINT('Ctrl Pts',(-33.1748617893676,4.39462262894104,93.2378629016721));
#2853=CARTESIAN_POINT('Ctrl Pts',(-36.3224958508888,-2.65386454739308,92.2406091009006));
#2854=CARTESIAN_POINT('Ctrl Pts',(-37.7501314655694,-10.194863203489,91.1814892511352));
#2855=CARTESIAN_POINT('Ctrl Pts',(-37.395281753912,-17.9014813595282,90.1165542442112));
#2856=CARTESIAN_POINT('Ctrl Pts',(-36.2536443968337,-23.4858899292561,89.3540972796108));
#2857=CARTESIAN_POINT('Ctrl Pts',(-34.2312825174598,-28.9224354853918,88.6209656947124));
#2858=CARTESIAN_POINT('Ctrl Pts',(-31.4140943316424,-33.9258647842084,87.9540903314898));
#2859=CARTESIAN_POINT('Ctrl Pts',(-27.8584333158154,-38.4537334226923,87.3565271133617));
#2860=CARTESIAN_POINT('Ctrl Pts',(-25.0221448017207,-41.0959658526327,87.0106286627957));
#2861=CARTESIAN_POINT('Ctrl Pts',(-20.2253466071063,-44.9209076113481,86.511269504186));
#2862=CARTESIAN_POINT('Ctrl Pts',(-12.6773074912383,-49.0815329729205,85.9643118947438));
#2863=CARTESIAN_POINT('Ctrl Pts',(-4.20188569837636,-50.5009251019969,85.7628250180585));
#2864=CARTESIAN_POINT('Ctrl Pts',(-0.00767200032907808,-50.5001835925806,
85.7511533693557));
#2865=CARTESIAN_POINT('Ctrl Pts',(-5.55111512312579E-17,21.88,98.));
#2866=CARTESIAN_POINT('Ctrl Pts',(3.18189044983953E-16,22.3287989505128,
98.));
#2867=CARTESIAN_POINT('Ctrl Pts',(2.36671051361898E-14,22.7780411938779,
97.8431798966016));
#2868=CARTESIAN_POINT('Ctrl Pts',(1.94935192405254E-14,23.1271331356931,
97.5633400329764));
#2869=CARTESIAN_POINT('Ctrl Pts',(1.39287380463063E-14,23.5925890581132,
97.1902202148095));
#2870=CARTESIAN_POINT('Ctrl Pts',(1.64872563932817E-15,23.88,96.5983986006838));
#2871=CARTESIAN_POINT('Ctrl Pts',(1.66533453693773E-15,23.88,96.));
#2872=CARTESIAN_POINT('Ctrl Pts',(1.7842226733953E-18,23.88,49.5));
#2873=CARTESIAN_POINT('Ctrl Pts',(-3.93130853065344,23.88,49.5));
#2874=CARTESIAN_POINT('Ctrl Pts',(-11.7900493834556,22.6439766651002,49.5));
#2875=CARTESIAN_POINT('Ctrl Pts',(-23.61792289734,16.6805670831233,49.5));
#2876=CARTESIAN_POINT('Ctrl Pts',(-31.6769557154632,7.80598906426936,49.5));
#2877=CARTESIAN_POINT('Ctrl Pts',(-36.4933190873661,-2.92933557583787,49.5));
#2878=CARTESIAN_POINT('Ctrl Pts',(-38.1558632474252,-13.3093258428531,49.5000000000002));
#2879=CARTESIAN_POINT('Ctrl Pts',(-36.2879091568955,-24.9906781728174,49.5));
#2880=CARTESIAN_POINT('Ctrl Pts',(-30.8706424013441,-35.5284071557859,49.5000000000014));
#2881=CARTESIAN_POINT('Ctrl Pts',(-22.4312781488659,-43.8948552367527,49.5000000000007));
#2882=CARTESIAN_POINT('Ctrl Pts',(-14.4511622960233,-47.9222976673346,49.5000000000093));
#2883=CARTESIAN_POINT('Ctrl Pts',(-8.77103905383732,-49.5090628913888,49.500000000011));
#2884=CARTESIAN_POINT('Ctrl Pts',(-6.35919716276885,-49.9846769383409,49.5000000000125));
#2885=CARTESIAN_POINT('Ctrl Pts',(-4.6550487831904,-50.2182241612687,49.5000000000132));
#2886=CARTESIAN_POINT('Ctrl Pts',(-3.67787352715798,-50.3232270168323,49.5000000000134));
#2887=CARTESIAN_POINT('Ctrl Pts',(-2.94356325316939,-50.3876934434814,49.5000000000136));
#2888=CARTESIAN_POINT('Ctrl Pts',(-2.20810284831765,-50.4378635834691,49.500000000014));
#2889=CARTESIAN_POINT('Ctrl Pts',(-1.47179882646697,-50.4737115767473,49.5000000000142));
#2890=CARTESIAN_POINT('Ctrl Pts',(-0.919107648016853,-50.4898476177678,
49.5000000000146));
#2891=CARTESIAN_POINT('Ctrl Pts',(-0.550600591677341,-50.4961230327109,
49.5000000000147));
#2892=CARTESIAN_POINT('Ctrl Pts',(-0.366315637070922,-50.4983643359992,
49.5000000000147));
#2893=CARTESIAN_POINT('Ctrl Pts',(-0.212776930307085,-50.499484979804,49.5000000000147));
#2894=CARTESIAN_POINT('Ctrl Pts',(-0.0898772148986538,-50.4999332455814,
49.5000000000147));
#2895=CARTESIAN_POINT('Ctrl Pts',(-0.0285322563317522,-50.5000079557486,
49.5000000000147));
#2896=CARTESIAN_POINT('Ctrl Pts',(0.426490591165753,-50.5000078488725,49.5000000000145));
#2897=CARTESIAN_POINT('Ctrl Pts',(1.3009181294613,-50.500007471996,49.5000000000138));
#2898=CARTESIAN_POINT('Ctrl Pts',(2.48871999658339,-50.5000071157937,49.5000000000131));
#2899=CARTESIAN_POINT('Ctrl Pts',(3.7900151160339,-50.5000068352974,49.5000000000126));
#2900=CARTESIAN_POINT('Ctrl Pts',(7.25506383142586,-50.5000065929864,49.5000000000122));
#2901=CARTESIAN_POINT('Ctrl Pts',(10.4,-50.5,49.5));
#2902=CARTESIAN_POINT('Ctrl Pts',(13.,-50.5,49.5));
#2903=CARTESIAN_POINT('Ctrl Pts',(5.80609647268196E-19,23.88,65.0000000000044));
#2904=CARTESIAN_POINT('Ctrl Pts',(-3.93130853065343,23.88,65.0000000000044));
#2905=CARTESIAN_POINT('Ctrl Pts',(-11.7900493834556,22.6439766651002,64.9484269334916));
#2906=CARTESIAN_POINT('Ctrl Pts',(-23.61792289734,16.6805670831233,64.721379497515));
#2907=CARTESIAN_POINT('Ctrl Pts',(-31.6769557154632,7.80598906426936,64.4012486551747));
#2908=CARTESIAN_POINT('Ctrl Pts',(-36.4933190873661,-2.92933557583787,64.018852303058));
#2909=CARTESIAN_POINT('Ctrl Pts',(-38.1558632474252,-13.3093258428531,63.6465186776035));
#2910=CARTESIAN_POINT('Ctrl Pts',(-36.2879091568955,-24.9906781728174,63.2116046840711));
#2911=CARTESIAN_POINT('Ctrl Pts',(-30.8706424013441,-35.5284071557859,62.7883881325738));
#2912=CARTESIAN_POINT('Ctrl Pts',(-22.4312781488659,-43.8948552367527,62.4046051300359));
#2913=CARTESIAN_POINT('Ctrl Pts',(-14.4511622960233,-47.9222976673346,62.1671451200616));
#2914=CARTESIAN_POINT('Ctrl Pts',(-8.77103905383734,-49.5090628913888,62.0384964976211));
#2915=CARTESIAN_POINT('Ctrl Pts',(-6.35919716276887,-49.9846769383409,61.9901970606445));
#2916=CARTESIAN_POINT('Ctrl Pts',(-4.65504878319041,-50.2182241612687,61.9593617387993));
#2917=CARTESIAN_POINT('Ctrl Pts',(-3.67787352715799,-50.3232270168323,61.9426184363692));
#2918=CARTESIAN_POINT('Ctrl Pts',(-2.94356325316941,-50.3876934434814,61.9305061717981));
#2919=CARTESIAN_POINT('Ctrl Pts',(-2.20810284831767,-50.4378635834691,61.9188458909887));
#2920=CARTESIAN_POINT('Ctrl Pts',(-1.47179882646699,-50.4737115767473,61.9076443654517));
#2921=CARTESIAN_POINT('Ctrl Pts',(-0.91910764801687,-50.4898476177678,61.8995923663861));
#2922=CARTESIAN_POINT('Ctrl Pts',(-0.550600591677359,-50.4961230327109,
61.8943719602255));
#2923=CARTESIAN_POINT('Ctrl Pts',(-0.36631563707094,-50.4983643359992,61.8917913815933));
#2924=CARTESIAN_POINT('Ctrl Pts',(-0.212776930307103,-50.499484979804,61.8896656746107));
#2925=CARTESIAN_POINT('Ctrl Pts',(-0.0898772148986715,-50.4999332455814,
61.8879800270535));
#2926=CARTESIAN_POINT('Ctrl Pts',(-0.0285322563317701,-50.5000079557486,
61.8871421847683));
#2927=CARTESIAN_POINT('Ctrl Pts',(0.426490591165735,-50.5000078488725,61.8809831485269));
#2928=CARTESIAN_POINT('Ctrl Pts',(1.30091812946128,-50.500007471996,61.8699718926206));
#2929=CARTESIAN_POINT('Ctrl Pts',(2.48871999658337,-50.5000071157937,61.8561594458841));
#2930=CARTESIAN_POINT('Ctrl Pts',(3.79001511603389,-50.5000068352974,61.8423890451302));
#2931=CARTESIAN_POINT('Ctrl Pts',(7.25506383142585,-50.5000065929864,61.809691645272));
#2932=CARTESIAN_POINT('Ctrl Pts',(10.4,-50.5,61.7936541775652));
#2933=CARTESIAN_POINT('Ctrl Pts',(13.,-50.5,61.7909293489014));
#2934=CARTESIAN_POINT('Ctrl Pts',(5.63240637991925E-17,23.88,80.5000000000089));
#2935=CARTESIAN_POINT('Ctrl Pts',(-3.93130853065344,23.88,80.5000000000089));
#2936=CARTESIAN_POINT('Ctrl Pts',(-11.7900493834556,22.6439766651002,80.3919594380082));
#2937=CARTESIAN_POINT('Ctrl Pts',(-23.61792289734,16.6805670831233,79.8528007460293));
#2938=CARTESIAN_POINT('Ctrl Pts',(-31.6769557154632,7.80598906426937,79.0356196418632));
#2939=CARTESIAN_POINT('Ctrl Pts',(-36.4933190873661,-2.92933557583785,78.0428214901158));
#2940=CARTESIAN_POINT('Ctrl Pts',(-38.1558632474252,-13.309325842853,77.0848638278316));
#2941=CARTESIAN_POINT('Ctrl Pts',(-36.2879091568955,-24.9906781728174,76.0198108247228));
#2942=CARTESIAN_POINT('Ctrl Pts',(-30.8706424013441,-35.5284071557859,75.0844842296407));
#2943=CARTESIAN_POINT('Ctrl Pts',(-22.4312781488659,-43.8948552367527,74.3812011032128));
#2944=CARTESIAN_POINT('Ctrl Pts',(-14.4511622960234,-47.9222976673346,74.0858980237078));
#2945=CARTESIAN_POINT('Ctrl Pts',(-8.77103905383735,-49.5090628913888,73.9982740628079));
#2946=CARTESIAN_POINT('Ctrl Pts',(-6.35919716276889,-49.9846769383409,73.9799793887954));
#2947=CARTESIAN_POINT('Ctrl Pts',(-4.65504878319043,-50.2182241612687,73.9768201300621));
#2948=CARTESIAN_POINT('Ctrl Pts',(-3.67787352715801,-50.3232270168323,73.9777559510337));
#2949=CARTESIAN_POINT('Ctrl Pts',(-2.94356325316943,-50.3876934434814,73.9798300172863));
#2950=CARTESIAN_POINT('Ctrl Pts',(-2.20810284831769,-50.4378635834691,73.9832720237344));
#2951=CARTESIAN_POINT('Ctrl Pts',(-1.47179882646701,-50.4737115767473,73.9880795602309));
#2952=CARTESIAN_POINT('Ctrl Pts',(-0.919107648016887,-50.4898476177678,
73.9927062147381));
#2953=CARTESIAN_POINT('Ctrl Pts',(-0.550600591677376,-50.4961230327109,
73.9962146762158));
#2954=CARTESIAN_POINT('Ctrl Pts',(-0.366315637070957,-50.4983643359992,
73.9980536272022));
#2955=CARTESIAN_POINT('Ctrl Pts',(-0.21277693030712,-50.499484979804,73.9996566271798));
#2956=CARTESIAN_POINT('Ctrl Pts',(-0.0898772148986884,-50.4999332455814,
74.0009813064349));
#2957=CARTESIAN_POINT('Ctrl Pts',(-0.0285322563317868,-50.5000079557486,
74.0016577327006));
#2958=CARTESIAN_POINT('Ctrl Pts',(0.426490591165719,-50.5000078488724,74.0066969570305));
#2959=CARTESIAN_POINT('Ctrl Pts',(1.30091812946127,-50.500007471996,74.0157062117562));
#2960=CARTESIAN_POINT('Ctrl Pts',(2.48871999658336,-50.5000071157937,74.0270073474004));
#2961=CARTESIAN_POINT('Ctrl Pts',(3.79001511603388,-50.5000068352974,74.0382740726771));
#2962=CARTESIAN_POINT('Ctrl Pts',(7.25506383142584,-50.5000065929864,74.0650265198989));
#2963=CARTESIAN_POINT('Ctrl Pts',(10.4,-50.5,74.078148877686));
#2964=CARTESIAN_POINT('Ctrl Pts',(13.,-50.5,74.0803782829565));
#2965=CARTESIAN_POINT('Ctrl Pts',(6.20231255824957E-17,23.88,96.0000000000133));
#2966=CARTESIAN_POINT('Ctrl Pts',(-3.93130853065343,23.88,96.0000000000133));
#2967=CARTESIAN_POINT('Ctrl Pts',(-11.7900493834556,22.6439766651002,95.8397931073817));
#2968=CARTESIAN_POINT('Ctrl Pts',(-23.61792289734,16.6805670831233,95.0632762133625));
#2969=CARTESIAN_POINT('Ctrl Pts',(-31.6769557154632,7.80598906426937,93.9045194887368));
#2970=CARTESIAN_POINT('Ctrl Pts',(-36.4933190873661,-2.92933557583785,92.5016879609316));
#2971=CARTESIAN_POINT('Ctrl Pts',(-38.1558632474252,-13.3093258428531,91.1455432899958));
#2972=CARTESIAN_POINT('Ctrl Pts',(-36.2879091568955,-24.9906781728174,89.6219126550465));
#2973=CARTESIAN_POINT('Ctrl Pts',(-30.8706424013441,-35.5284071557859,88.2525945397282));
#2974=CARTESIAN_POINT('Ctrl Pts',(-22.4312781488659,-43.8948552367527,87.1733202748413));
#2975=CARTESIAN_POINT('Ctrl Pts',(-14.4511622960234,-47.9222976673346,86.6623289357112));
#2976=CARTESIAN_POINT('Ctrl Pts',(-8.77103905383734,-49.5090628913888,86.4666228110337));
#2977=CARTESIAN_POINT('Ctrl Pts',(-6.35919716276887,-49.9846769383409,86.4095201182178));
#2978=CARTESIAN_POINT('Ctrl Pts',(-4.65504878319041,-50.2182241612687,86.3826178267244));
#2979=CARTESIAN_POINT('Ctrl Pts',(-3.67787352715799,-50.3232270168323,86.3709827605181));
#2980=CARTESIAN_POINT('Ctrl Pts',(-2.94356325316941,-50.3876934434814,86.364132270732));
#2981=CARTESIAN_POINT('Ctrl Pts',(-2.20810284831767,-50.4378635834691,86.3591579440149));
#2982=CARTESIAN_POINT('Ctrl Pts',(-1.47179882646699,-50.4737115767473,86.3560622080129));
#2983=CARTESIAN_POINT('Ctrl Pts',(-0.919107648016868,-50.4898476177678,
86.3551496698347));
#2984=CARTESIAN_POINT('Ctrl Pts',(-0.550600591677357,-50.4961230327109,
86.3551285462182));
#2985=CARTESIAN_POINT('Ctrl Pts',(-0.366315637070938,-50.4983643359992,
86.3552354165422));
#2986=CARTESIAN_POINT('Ctrl Pts',(-0.212776930307101,-50.499484979804,86.3554223354696));
#2987=CARTESIAN_POINT('Ctrl Pts',(-0.0898772148986695,-50.4999332455814,
86.3556305761821));
#2988=CARTESIAN_POINT('Ctrl Pts',(-0.028532256331768,-50.5000079557486,
86.3557542645063));
#2989=CARTESIAN_POINT('Ctrl Pts',(0.426490591165737,-50.5000078488724,86.3567383673602));
#2990=CARTESIAN_POINT('Ctrl Pts',(1.30091812946129,-50.500007471996,86.3584977924271));
#2991=CARTESIAN_POINT('Ctrl Pts',(2.48871999658337,-50.5000071157937,86.3607047878951));
#2992=CARTESIAN_POINT('Ctrl Pts',(3.79001511603389,-50.5000068352974,86.3629050550588));
#2993=CARTESIAN_POINT('Ctrl Pts',(7.25506383142586,-50.5000065929864,86.368129465688));
#2994=CARTESIAN_POINT('Ctrl Pts',(10.4,-50.5,86.370692815561));
#2995=CARTESIAN_POINT('Ctrl Pts',(13.,-50.5,86.371128187634));
#2996=CARTESIAN_POINT('',(8.92111336697649E-19,23.88,49.5));
#2997=CARTESIAN_POINT('Ctrl Pts',(1.7842226733953E-18,23.88,49.5));
#2998=CARTESIAN_POINT('Ctrl Pts',(-3.93130853065344,23.88,49.5));
#2999=CARTESIAN_POINT('Ctrl Pts',(-11.790092675885,22.6440595334624,49.5000000000001));
#3000=CARTESIAN_POINT('Ctrl Pts',(-23.6178626483509,16.6805702144741,49.5));
#3001=CARTESIAN_POINT('Ctrl Pts',(-31.6769103122704,7.80597513058677,49.5000000000001));
#3002=CARTESIAN_POINT('Ctrl Pts',(-36.4932385370921,-2.92936751434733,49.5));
#3003=CARTESIAN_POINT('Ctrl Pts',(-38.1559620296989,-13.3093195194257,49.5000000000001));
#3004=CARTESIAN_POINT('Ctrl Pts',(-36.2879223853043,-24.9906395662487,49.5));
#3005=CARTESIAN_POINT('Ctrl Pts',(-30.8707979126761,-35.5285587042747,49.5));
#3006=CARTESIAN_POINT('Ctrl Pts',(-23.1343931286407,-43.1974796860959,49.4999999999998));
#3007=CARTESIAN_POINT('Ctrl Pts',(-16.224739609576,-47.0283570060242,49.499999999999));
#3008=CARTESIAN_POINT('Ctrl Pts',(-11.6110595073955,-48.7153647970532,49.4999999999987));
#3009=CARTESIAN_POINT('Ctrl Pts',(-9.24425684810083,-49.3768597341704,49.4999999999985));
#3010=CARTESIAN_POINT('Ctrl Pts',(-7.68389955445007,-49.7161444740137,49.4999999999983));
#3011=CARTESIAN_POINT('Ctrl Pts',(-6.71899756839399,-49.9014875059997,49.4999999999983));
#3012=CARTESIAN_POINT('Ctrl Pts',(-5.75045105631507,-50.0680369817199,49.4999999999982));
#3013=CARTESIAN_POINT('Ctrl Pts',(-4.41133856537382,-50.2515838479767,49.499999999998));
#3014=CARTESIAN_POINT('Ctrl Pts',(-2.94369074885728,-50.3948290107683,49.4999999999978));
#3015=CARTESIAN_POINT('Ctrl Pts',(-1.83938852117246,-50.4593566642318,49.4999999999975));
#3016=CARTESIAN_POINT('Ctrl Pts',(-1.19473079002612,-50.481317861242,49.4999999999974));
#3017=CARTESIAN_POINT('Ctrl Pts',(-0.949110974037083,-50.4881905136853,
49.4999999999974));
#3018=CARTESIAN_POINT('Ctrl Pts',(-0.703461532128645,-50.4938681882127,
49.4999999999974));
#3019=CARTESIAN_POINT('Ctrl Pts',(-0.427009413478768,-50.4979026137375,
49.4999999999973));
#3020=CARTESIAN_POINT('Ctrl Pts',(-0.227400536182316,-50.499359499693,49.4999999999973));
#3021=CARTESIAN_POINT('Ctrl Pts',(-0.104489434295548,-50.4998824919934,
49.4999999999973));
#3022=CARTESIAN_POINT('Ctrl Pts',(-0.0431925194215211,-50.499994553371,
49.4999999999973));
#3023=CARTESIAN_POINT('Ctrl Pts',(0.851773792847711,-50.4999949268993,49.4999999999975));
#3024=CARTESIAN_POINT('Ctrl Pts',(2.60100957439759,-50.4999961585399,49.4999999999981));
#3025=CARTESIAN_POINT('Ctrl Pts',(5.62679910488912,-50.4999970308497,49.4999999999986));
#3026=CARTESIAN_POINT('Ctrl Pts',(9.09994715842729,-50.4999979730891,49.499999999999));
#3027=CARTESIAN_POINT('Ctrl Pts',(11.7,-50.5,49.5000000000001));
#3028=CARTESIAN_POINT('Ctrl Pts',(13.,-50.5,49.5000000000001));
#3029=CARTESIAN_POINT('Ctrl Pts',(6.20231255824957E-17,23.88,96.0000000000133));
#3030=CARTESIAN_POINT('Ctrl Pts',(5.63240637991925E-17,23.88,80.5000000000089));
#3031=CARTESIAN_POINT('Ctrl Pts',(5.80609647268196E-19,23.88,65.0000000000044));
#3032=CARTESIAN_POINT('Ctrl Pts',(1.7842226733953E-18,23.88,49.5));
#3033=CARTESIAN_POINT('Ctrl Pts',(1.7842226733953E-18,23.88,49.5));
#3034=CARTESIAN_POINT('Ctrl Pts',(-3.93130853065344,23.88,49.5));
#3035=CARTESIAN_POINT('Ctrl Pts',(-11.790092675885,22.6440595334624,49.5000000000001));
#3036=CARTESIAN_POINT('Ctrl Pts',(-23.6178626483509,16.6805702144741,49.5));
#3037=CARTESIAN_POINT('Ctrl Pts',(-31.6769103122704,7.80597513058677,49.5000000000001));
#3038=CARTESIAN_POINT('Ctrl Pts',(-36.4932385370921,-2.92936751434733,49.5));
#3039=CARTESIAN_POINT('Ctrl Pts',(-38.1559620296989,-13.3093195194257,49.5000000000001));
#3040=CARTESIAN_POINT('Ctrl Pts',(-36.2879223853043,-24.9906395662487,49.5));
#3041=CARTESIAN_POINT('Ctrl Pts',(-30.8707979126761,-35.5285587042747,49.5));
#3042=CARTESIAN_POINT('Ctrl Pts',(-23.1343931286407,-43.1974796860959,49.4999999999998));
#3043=CARTESIAN_POINT('Ctrl Pts',(-16.224739609576,-47.0283570060242,49.499999999999));
#3044=CARTESIAN_POINT('Ctrl Pts',(-11.6110595073955,-48.7153647970532,49.4999999999987));
#3045=CARTESIAN_POINT('Ctrl Pts',(-9.24425684810083,-49.3768597341704,49.4999999999985));
#3046=CARTESIAN_POINT('Ctrl Pts',(-7.68389955445007,-49.7161444740137,49.4999999999983));
#3047=CARTESIAN_POINT('Ctrl Pts',(-6.71899756839399,-49.9014875059997,49.4999999999983));
#3048=CARTESIAN_POINT('Ctrl Pts',(-5.75045105631507,-50.0680369817199,49.4999999999982));
#3049=CARTESIAN_POINT('Ctrl Pts',(-4.41133856537382,-50.2515838479767,49.499999999998));
#3050=CARTESIAN_POINT('Ctrl Pts',(-2.94369074885728,-50.3948290107683,49.4999999999978));
#3051=CARTESIAN_POINT('Ctrl Pts',(-1.83938852117246,-50.4593566642318,49.4999999999975));
#3052=CARTESIAN_POINT('Ctrl Pts',(-1.19473079002612,-50.481317861242,49.4999999999974));
#3053=CARTESIAN_POINT('Ctrl Pts',(-0.949110974037083,-50.4881905136853,
49.4999999999974));
#3054=CARTESIAN_POINT('Ctrl Pts',(-0.703461532128645,-50.4938681882127,
49.4999999999974));
#3055=CARTESIAN_POINT('Ctrl Pts',(-0.427009413478768,-50.4979026137375,
49.4999999999973));
#3056=CARTESIAN_POINT('Ctrl Pts',(-0.227400536182316,-50.499359499693,49.4999999999973));
#3057=CARTESIAN_POINT('Ctrl Pts',(-0.104489434295548,-50.4998824919934,
49.4999999999973));
#3058=CARTESIAN_POINT('Ctrl Pts',(-0.0431925194215211,-50.499994553371,
49.4999999999973));
#3059=CARTESIAN_POINT('Ctrl Pts',(0.851773792847711,-50.4999949268993,49.4999999999975));
#3060=CARTESIAN_POINT('Ctrl Pts',(2.60100957439759,-50.4999961585399,49.4999999999981));
#3061=CARTESIAN_POINT('Ctrl Pts',(5.62679910488912,-50.4999970308497,49.4999999999986));
#3062=CARTESIAN_POINT('Ctrl Pts',(9.09994715842729,-50.4999979730891,49.499999999999));
#3063=CARTESIAN_POINT('Ctrl Pts',(11.7,-50.5,49.5000000000001));
#3064=CARTESIAN_POINT('Ctrl Pts',(13.,-50.5,49.5000000000001));
#3065=CARTESIAN_POINT('Ctrl Pts',(5.80609647268197E-19,23.88,33.9999999999956));
#3066=CARTESIAN_POINT('Ctrl Pts',(-3.93130853065343,23.88,33.9999999999956));
#3067=CARTESIAN_POINT('Ctrl Pts',(-11.790092675885,22.6440595334624,34.0515730665084));
#3068=CARTESIAN_POINT('Ctrl Pts',(-23.6178626483509,16.6805702144741,34.278620502485));
#3069=CARTESIAN_POINT('Ctrl Pts',(-31.6769103122704,7.80597513058676,34.5987513448254));
#3070=CARTESIAN_POINT('Ctrl Pts',(-36.4932385370921,-2.92936751434733,34.981147696942));
#3071=CARTESIAN_POINT('Ctrl Pts',(-38.1559620296989,-13.3093195194258,35.3534813223969));
#3072=CARTESIAN_POINT('Ctrl Pts',(-36.2879223853044,-24.9906395662487,35.788395315929));
#3073=CARTESIAN_POINT('Ctrl Pts',(-30.8707979126761,-35.5285587042747,36.2116118674278));
#3074=CARTESIAN_POINT('Ctrl Pts',(-23.1343931286407,-43.197479686096,36.5634129530868));
#3075=CARTESIAN_POINT('Ctrl Pts',(-16.224739609576,-47.0283570060242,36.7800859888415));
#3076=CARTESIAN_POINT('Ctrl Pts',(-11.6110595073955,-48.7153647970532,36.8971791911704));
#3077=CARTESIAN_POINT('Ctrl Pts',(-9.24425684810084,-49.3768597341704,36.9507827838546));
#3078=CARTESIAN_POINT('Ctrl Pts',(-7.68389955445007,-49.7161444740137,36.9830393431927));
#3079=CARTESIAN_POINT('Ctrl Pts',(-6.718997568394,-49.9014875059997,37.0022039423899));
#3080=CARTESIAN_POINT('Ctrl Pts',(-5.75045105631508,-50.0680369817199,37.0208155543149));
#3081=CARTESIAN_POINT('Ctrl Pts',(-4.41133856537382,-50.2515838479767,37.0450433071937));
#3082=CARTESIAN_POINT('Ctrl Pts',(-2.94369074885729,-50.3948290107683,37.0697198200983));
#3083=CARTESIAN_POINT('Ctrl Pts',(-1.83938852117247,-50.4593566642318,37.0868712534912));
#3084=CARTESIAN_POINT('Ctrl Pts',(-1.19473079002613,-50.481317861242,37.0963670863853));
#3085=CARTESIAN_POINT('Ctrl Pts',(-0.949110974037094,-50.4881905136853,
37.0999357014794));
#3086=CARTESIAN_POINT('Ctrl Pts',(-0.703461532128655,-50.4938681882127,
37.103465169992));
#3087=CARTESIAN_POINT('Ctrl Pts',(-0.427009413478779,-50.4979026137375,
37.10735833563));
#3088=CARTESIAN_POINT('Ctrl Pts',(-0.227400536182327,-50.499359499693,37.1101217547074));
#3089=CARTESIAN_POINT('Ctrl Pts',(-0.10448943429556,-50.4998824919934,37.1118098886027));
#3090=CARTESIAN_POINT('Ctrl Pts',(-0.0431925194215326,-50.499994553371,
37.1126489784656));
#3091=CARTESIAN_POINT('Ctrl Pts',(0.8517737928477,-50.4999949268993,37.1247582141656));
#3092=CARTESIAN_POINT('Ctrl Pts',(2.60100957439758,-50.4999961585399,37.145837787083));
#3093=CARTESIAN_POINT('Ctrl Pts',(5.62679910488911,-50.4999970308497,37.1758058505772));
#3094=CARTESIAN_POINT('Ctrl Pts',(9.09994715842728,-50.4999979730891,37.1997096289065));
#3095=CARTESIAN_POINT('Ctrl Pts',(11.7,-50.5,37.2077082367667));
#3096=CARTESIAN_POINT('Ctrl Pts',(13.,-50.5,37.2090706510987));
#3097=CARTESIAN_POINT('Ctrl Pts',(5.63240637991924E-17,23.88,18.4999999999912));
#3098=CARTESIAN_POINT('Ctrl Pts',(-3.93130853065344,23.88,18.4999999999912));
#3099=CARTESIAN_POINT('Ctrl Pts',(-11.790092675885,22.6440595334624,18.6080304782867));
#3100=CARTESIAN_POINT('Ctrl Pts',(-23.6178626483509,16.6805702144741,19.1471989395423));
#3101=CARTESIAN_POINT('Ctrl Pts',(-31.6769103122704,7.80597513058679,19.9643820966912));
#3102=CARTESIAN_POINT('Ctrl Pts',(-36.4932385370921,-2.92936751434731,20.9571824620736));
#3103=CARTESIAN_POINT('Ctrl Pts',(-38.1559620296989,-13.3093195194257,21.9151353301776));
#3104=CARTESIAN_POINT('Ctrl Pts',(-36.2879223853044,-24.9906395662487,22.9801845230842));
#3105=CARTESIAN_POINT('Ctrl Pts',(-30.8707979126761,-35.5285587042747,23.9155340753306));
#3106=CARTESIAN_POINT('Ctrl Pts',(-23.1343931286407,-43.1974796860959,24.5601711952509));
#3107=CARTESIAN_POINT('Ctrl Pts',(-16.224739609576,-47.0283570060242,24.848605718019));
#3108=CARTESIAN_POINT('Ctrl Pts',(-11.6110595073956,-48.7153647970532,24.9578758599371));
#3109=CARTESIAN_POINT('Ctrl Pts',(-9.24425684810086,-49.3768597341704,24.9944272333829));
#3110=CARTESIAN_POINT('Ctrl Pts',(-7.6838995544501,-49.7161444740137,25.0092770444777));
#3111=CARTESIAN_POINT('Ctrl Pts',(-6.71899756839403,-49.9014875059997,25.016126019001));
#3112=CARTESIAN_POINT('Ctrl Pts',(-5.7504510563151,-50.0680369817199,25.0211429118739));
#3113=CARTESIAN_POINT('Ctrl Pts',(-4.41133856537385,-50.2515838479767,25.0236306883407));
#3114=CARTESIAN_POINT('Ctrl Pts',(-2.94369074885732,-50.3948290107683,25.0208524354152));
#3115=CARTESIAN_POINT('Ctrl Pts',(-1.8393885211725,-50.4593566642318,25.0146628237215));
#3116=CARTESIAN_POINT('Ctrl Pts',(-1.19473079002615,-50.481317861242,25.0095629020646));
#3117=CARTESIAN_POINT('Ctrl Pts',(-0.949110974037121,-50.4881905136853,
25.0074785007009));
#3118=CARTESIAN_POINT('Ctrl Pts',(-0.703461532128682,-50.4938681882127,
25.0052808780218));
#3119=CARTESIAN_POINT('Ctrl Pts',(-0.427009413478805,-50.4979026137375,
25.0025859470586));
#3120=CARTESIAN_POINT('Ctrl Pts',(-0.227400536182353,-50.499359499693,25.0005020529997));
#3121=CARTESIAN_POINT('Ctrl Pts',(-0.104489434295586,-50.4998824919934,
24.9991844225019));
#3122=CARTESIAN_POINT('Ctrl Pts',(-0.0431925194215589,-50.499994553371,
24.9985115155476));
#3123=CARTESIAN_POINT('Ctrl Pts',(0.851773792847676,-50.4999949268994,24.9886040043916));
#3124=CARTESIAN_POINT('Ctrl Pts',(2.60100957439756,-50.49999615854,24.9713572305494));
#3125=CARTESIAN_POINT('Ctrl Pts',(5.6267991048891,-50.4999970308497,24.946838011723));
#3126=CARTESIAN_POINT('Ctrl Pts',(9.09994715842727,-50.4999979730891,24.9272804892446));
#3127=CARTESIAN_POINT('Ctrl Pts',(11.7,-50.5,24.9207364196788));
#3128=CARTESIAN_POINT('Ctrl Pts',(13.,-50.5,24.9196217170436));
#3129=CARTESIAN_POINT('Ctrl Pts',(6.20231255824957E-17,23.88,2.99999999998681));
#3130=CARTESIAN_POINT('Ctrl Pts',(-3.93130853065344,23.88,2.99999999998681));
#3131=CARTESIAN_POINT('Ctrl Pts',(-11.790092675885,22.6440595334624,3.16019558664594));
#3132=CARTESIAN_POINT('Ctrl Pts',(-23.6178626483509,16.6805702144741,3.93672343409655));
#3133=CARTESIAN_POINT('Ctrl Pts',(-31.6769103122704,7.80597513058678,5.0954824605516));
#3134=CARTESIAN_POINT('Ctrl Pts',(-36.4932385370921,-2.92936751434732,6.49831647031098));
#3135=CARTESIAN_POINT('Ctrl Pts',(-38.1559620296989,-13.3093195194257,7.85445576595397));
#3136=CARTESIAN_POINT('Ctrl Pts',(-36.2879223853044,-24.9906395662487,9.37808212885828));
#3137=CARTESIAN_POINT('Ctrl Pts',(-30.8707979126761,-35.5285587042747,10.7474259840276));
#3138=CARTESIAN_POINT('Ctrl Pts',(-23.1343931286407,-43.1974796860959,11.7367169106497));
#3139=CARTESIAN_POINT('Ctrl Pts',(-16.224739609576,-47.0283570060242,12.2242594329623));
#3140=CARTESIAN_POINT('Ctrl Pts',(-11.6110595073956,-48.7153647970532,12.435481412029));
#3141=CARTESIAN_POINT('Ctrl Pts',(-9.24425684810086,-49.3768597341704,12.5170720373202));
#3142=CARTESIAN_POINT('Ctrl Pts',(-7.6838995544501,-49.7161444740137,12.5581586128949));
#3143=CARTESIAN_POINT('Ctrl Pts',(-6.71899756839403,-49.9014875059997,12.5803564019038));
#3144=CARTESIAN_POINT('Ctrl Pts',(-5.7504510563151,-50.0680369817199,12.6000811090076));
#3145=CARTESIAN_POINT('Ctrl Pts',(-4.41133856537385,-50.2515838479767,12.6212247923788));
#3146=CARTESIAN_POINT('Ctrl Pts',(-2.94369074885732,-50.3948290107683,12.6368041094811));
#3147=CARTESIAN_POINT('Ctrl Pts',(-1.8393885211725,-50.4593566642318,12.6428577519711));
#3148=CARTESIAN_POINT('Ctrl Pts',(-1.19473079002615,-50.481317861242,12.6443334707907));
#3149=CARTESIAN_POINT('Ctrl Pts',(-0.949110974037121,-50.4881905136853,
12.6446999109996));
#3150=CARTESIAN_POINT('Ctrl Pts',(-0.703461532128682,-50.4938681882127,
12.6449097495964));
#3151=CARTESIAN_POINT('Ctrl Pts',(-0.427009413478805,-50.4979026137375,
12.6448375282422));
#3152=CARTESIAN_POINT('Ctrl Pts',(-0.227400536182354,-50.499359499693,12.6445945402651));
#3153=CARTESIAN_POINT('Ctrl Pts',(-0.104489434295586,-50.4998824919934,
12.6443960862943));
#3154=CARTESIAN_POINT('Ctrl Pts',(-0.0431925194215592,-50.499994553371,
12.6442772889992));
#3155=CARTESIAN_POINT('Ctrl Pts',(0.851773792847675,-50.4999949268994,12.642342530809));
#3156=CARTESIAN_POINT('Ctrl Pts',(2.60100957439756,-50.49999615854,12.6389746123472));
#3157=CARTESIAN_POINT('Ctrl Pts',(5.6267991048891,-50.4999970308497,12.6341864454007));
#3158=CARTESIAN_POINT('Ctrl Pts',(9.09994715842727,-50.4999979730891,12.6303672371133));
#3159=CARTESIAN_POINT('Ctrl Pts',(11.7,-50.5,12.6290894984025));
#3160=CARTESIAN_POINT('Ctrl Pts',(13.,-50.5,12.628871812366));
#3161=CARTESIAN_POINT('',(-4.6074255521944E-14,-50.5,13.2488252662092));
#3162=CARTESIAN_POINT('Ctrl Pts',(13.,-50.5,13.2500000000001));
#3163=CARTESIAN_POINT('Ctrl Pts',(11.6999999999534,-50.5,13.249999847363));
#3164=CARTESIAN_POINT('Ctrl Pts',(10.3999735792814,-50.4999989865445,13.2499996207648));
#3165=CARTESIAN_POINT('Ctrl Pts',(9.09874510878203,-50.4999983031469,13.2499996546069));
#3166=CARTESIAN_POINT('Ctrl Pts',(8.56824246031323,-50.49999802453,13.2499996684042));
#3167=CARTESIAN_POINT('Ctrl Pts',(8.03754001415136,-50.4999978007734,13.249999702609));
#3168=CARTESIAN_POINT('Ctrl Pts',(7.50694950013088,-50.4999976086771,13.2499996766302));
#3169=CARTESIAN_POINT('Ctrl Pts',(6.7360960012823,-50.4999973295953,13.2499996388876));
#3170=CARTESIAN_POINT('Ctrl Pts',(5.96547880144644,-50.4999971173387,13.2499995120422));
#3171=CARTESIAN_POINT('Ctrl Pts',(5.19605374525935,-50.4999969007654,13.2499994397323));
#3172=CARTESIAN_POINT('Ctrl Pts',(4.33003221444129,-50.4999966570027,13.2499993583445));
#3173=CARTESIAN_POINT('Ctrl Pts',(3.46552094973319,-50.4999964077713,13.2499993477454));
#3174=CARTESIAN_POINT('Ctrl Pts',(2.59595627622316,-50.4999959752455,13.2499993530529));
#3175=CARTESIAN_POINT('Ctrl Pts',(1.99243027289484,-50.4999956750486,13.2499993567366));
#3176=CARTESIAN_POINT('Ctrl Pts',(1.38646997627666,-50.4999952865563,13.2499993625435));
#3177=CARTESIAN_POINT('Ctrl Pts',(0.788442717608433,-50.4999949585187,13.2499993181675));
#3178=CARTESIAN_POINT('Ctrl Pts',(0.601273776239981,-50.4999948558503,13.2499993042789));
#3179=CARTESIAN_POINT('Ctrl Pts',(0.414882049369546,-50.4999947591039,13.249800699564));
#3180=CARTESIAN_POINT('Ctrl Pts',(0.229585588987723,-50.4999946728397,13.2494060432334));
#3181=CARTESIAN_POINT('Ctrl Pts',(0.15390572087086,-50.4999946376072,13.249244855378));
#3182=CARTESIAN_POINT('Ctrl Pts',(0.078406720383955,-50.4999946041223,13.2490509600802));
#3183=CARTESIAN_POINT('Ctrl Pts',(0.00311144799460699,-50.4999945726967,
13.2488245321715));
#3184=CARTESIAN_POINT('',(2.77555756156289E-16,23.88,3.00000000000003));
#3185=CARTESIAN_POINT('Ctrl Pts',(-0.00294714034347667,-50.5000008407537,
13.2488255231937));
#3186=CARTESIAN_POINT('Ctrl Pts',(-1.0400681082326,-50.5000065375209,13.2458866694284));
#3187=CARTESIAN_POINT('Ctrl Pts',(-3.70087099813277,-50.389948220274,13.2247191663942));
#3188=CARTESIAN_POINT('Ctrl Pts',(-7.09485549968655,-49.8879633894432,13.1521592409527));
#3189=CARTESIAN_POINT('Ctrl Pts',(-10.1707329994809,-49.1345282828008,13.0487421309817));
#3190=CARTESIAN_POINT('Ctrl Pts',(-15.754886964207,-47.3871447194083,12.8129317615943));
#3191=CARTESIAN_POINT('Ctrl Pts',(-20.2287186434826,-44.9186275739152,12.4884302030085));
#3192=CARTESIAN_POINT('Ctrl Pts',(-24.6422613642831,-41.3972567760887,12.028714186403));
#3193=CARTESIAN_POINT('Ctrl Pts',(-26.0839405197616,-40.1065644025283,11.8598395984104));
#3194=CARTESIAN_POINT('Ctrl Pts',(-28.2447384015848,-37.8479067436589,11.5632033080876));
#3195=CARTESIAN_POINT('Ctrl Pts',(-29.7870737966082,-35.9943753451609,11.3188696853379));
#3196=CARTESIAN_POINT('Ctrl Pts',(-33.105169123003,-31.3438205871211,10.703237274848));
#3197=CARTESIAN_POINT('Ctrl Pts',(-35.870972409208,-25.3653244912458,9.90253156130442));
#3198=CARTESIAN_POINT('Ctrl Pts',(-37.5884481281362,-16.95918223995,8.75482224726231));
#3199=CARTESIAN_POINT('Ctrl Pts',(-37.6428496773309,-9.22422906388759,7.68264829003854));
#3200=CARTESIAN_POINT('Ctrl Pts',(-35.9294797705735,-1.77159619887912,6.63450620730046));
#3201=CARTESIAN_POINT('Ctrl Pts',(-33.1746497444227,4.3942268064449,5.76221859342805));
#3202=CARTESIAN_POINT('Ctrl Pts',(-29.0266064284801,10.8049277834742,4.85322362222778));
#3203=CARTESIAN_POINT('Ctrl Pts',(-23.3927105970139,16.2159507583065,4.08643432518818));
#3204=CARTESIAN_POINT('Ctrl Pts',(-16.7847443443939,20.1151533553712,3.53451229782341));
#3205=CARTESIAN_POINT('Ctrl Pts',(-9.57736154368678,23.0110251526217,3.12425206302586));
#3206=CARTESIAN_POINT('Ctrl Pts',(-3.83027796299373,23.88,3.00000000000003));
#3207=CARTESIAN_POINT('Ctrl Pts',(1.52655665885959E-15,23.88,3.00000000000003));
#3208=CARTESIAN_POINT('Ctrl Pts',(1.7842226733953E-18,23.88,49.5));
#3209=CARTESIAN_POINT('Ctrl Pts',(5.80609647268197E-19,23.88,33.9999999999956));
#3210=CARTESIAN_POINT('Ctrl Pts',(5.63240637991924E-17,23.88,18.4999999999912));
#3211=CARTESIAN_POINT('Ctrl Pts',(6.20231255824957E-17,23.88,2.99999999998681));
#3212=CARTESIAN_POINT('Origin',(14.,-35.,69.125));
#3213=CARTESIAN_POINT('',(14.,-50.5,88.75));
#3214=CARTESIAN_POINT('',(14.,-52.5,88.75));
#3215=CARTESIAN_POINT('',(14.,-52.5,86.75));
#3216=CARTESIAN_POINT('Origin',(14.,-50.5,86.75));
#3217=CARTESIAN_POINT('',(14.,-52.5,12.2500000000001));
#3218=CARTESIAN_POINT('',(14.,-52.5,10.2500000000001));
#3219=CARTESIAN_POINT('',(14.,-50.5,10.2500000000001));
#3220=CARTESIAN_POINT('Origin',(14.,-50.5,12.2500000000001));
#3221=CARTESIAN_POINT('',(14.,-17.5,10.2500000000001));
#3222=CARTESIAN_POINT('Origin',(14.,-35.,69.125));
#3223=CARTESIAN_POINT('',(14.,-19.5,10.2500000000001));
#3224=CARTESIAN_POINT('',(14.,-17.5,10.2500000000001));
#3225=CARTESIAN_POINT('',(14.,-17.5,12.2500000000001));
#3226=CARTESIAN_POINT('Origin',(14.,-19.5,12.2500000000001));
#3227=CARTESIAN_POINT('',(14.,-17.5,86.75));
#3228=CARTESIAN_POINT('',(14.,-17.5,88.75));
#3229=CARTESIAN_POINT('',(14.,-19.5,88.75));
#3230=CARTESIAN_POINT('Origin',(14.,-19.5,86.75));
#3231=CARTESIAN_POINT('',(14.,-52.5,88.75));
#3232=CARTESIAN_POINT('Origin',(14.,-50.5,86.75));
#3233=CARTESIAN_POINT('',(13.,-50.5,88.75));
#3234=CARTESIAN_POINT('',(13.,-52.5,86.75));
#3235=CARTESIAN_POINT('Origin',(13.,-50.5,86.75));
#3236=CARTESIAN_POINT('',(14.,-52.5,86.75));
#3237=CARTESIAN_POINT('',(14.,-50.5,88.75));
#3238=CARTESIAN_POINT('Origin',(14.,-52.5,10.2500000000001));
#3239=CARTESIAN_POINT('',(13.,-52.5,12.2500000000001));
#3240=CARTESIAN_POINT('',(13.,-52.5,10.2500000000001));
#3241=CARTESIAN_POINT('',(14.,-52.5,12.2500000000001));
#3242=CARTESIAN_POINT('Origin',(13.,-35.,49.5));
#3243=CARTESIAN_POINT('',(13.,-48.4999999999932,88.75));
#3244=CARTESIAN_POINT('',(13.,-52.5,88.75));
#3245=CARTESIAN_POINT('',(13.,-51.5,85.75));
#3246=CARTESIAN_POINT('Ctrl Pts',(13.,-51.5,85.75));
#3247=CARTESIAN_POINT('Ctrl Pts',(13.,-51.5,86.6475979010256));
#3248=CARTESIAN_POINT('Ctrl Pts',(13.,-51.0695041489463,87.535571027671));
#3249=CARTESIAN_POINT('Ctrl Pts',(13.,-50.3712316136337,88.0952163684276));
#3250=CARTESIAN_POINT('Ctrl Pts',(13.,-49.8475272121493,88.514950373995));
#3251=CARTESIAN_POINT('Ctrl Pts',(13.,-49.1731984257692,88.75));
#3252=CARTESIAN_POINT('Ctrl Pts',(13.,-48.5,88.75));
#3253=CARTESIAN_POINT('',(13.,-51.5,49.5));
#3254=CARTESIAN_POINT('Ctrl Pts',(13.,-51.5,49.5));
#3255=CARTESIAN_POINT('Ctrl Pts',(13.,-51.5,55.6452104618003));
#3256=CARTESIAN_POINT('Ctrl Pts',(13.,-51.5,61.7904209236006));
#3257=CARTESIAN_POINT('Ctrl Pts',(13.,-51.5,73.8737542569339));
#3258=CARTESIAN_POINT('Ctrl Pts',(13.,-51.5,79.8118771284669));
#3259=CARTESIAN_POINT('Ctrl Pts',(13.,-51.5,85.75));
#3260=CARTESIAN_POINT('',(13.,-51.5,13.2500000000001));
#3261=CARTESIAN_POINT('Ctrl Pts',(13.,-51.5,13.2500000000001));
#3262=CARTESIAN_POINT('Ctrl Pts',(13.,-51.5,19.1881228715331));
#3263=CARTESIAN_POINT('Ctrl Pts',(13.,-51.5,25.1262457430661));
#3264=CARTESIAN_POINT('Ctrl Pts',(13.,-51.5,37.2095790763994));
#3265=CARTESIAN_POINT('Ctrl Pts',(13.,-51.5,43.3547895381997));
#3266=CARTESIAN_POINT('Ctrl Pts',(13.,-51.5,49.5000000000001));
#3267=CARTESIAN_POINT('',(13.,-48.4999999999932,10.2500000000001));
#3268=CARTESIAN_POINT('Ctrl Pts',(13.,-48.5,10.2500000000001));
#3269=CARTESIAN_POINT('Ctrl Pts',(13.,-49.3975979010256,10.2500000000001));
#3270=CARTESIAN_POINT('Ctrl Pts',(13.,-50.2857075307141,10.6803145750977));
#3271=CARTESIAN_POINT('Ctrl Pts',(13.,-50.8453333710359,11.3786130069754));
#3272=CARTESIAN_POINT('Ctrl Pts',(13.,-51.2650527512773,11.9023368308837));
#3273=CARTESIAN_POINT('Ctrl Pts',(13.,-51.5,12.5768015742308));
#3274=CARTESIAN_POINT('Ctrl Pts',(13.,-51.5,13.2500000000001));
#3275=CARTESIAN_POINT('',(13.,-50.5,10.2500000000001));
#3276=CARTESIAN_POINT('',(13.,-17.5,10.2500000000001));
#3277=CARTESIAN_POINT('Origin',(13.,-50.5,12.2500000000001));
#3278=CARTESIAN_POINT('Origin',(14.,-19.5,86.75));
#3279=CARTESIAN_POINT('',(13.,-17.5,86.75));
#3280=CARTESIAN_POINT('',(13.,-19.5,88.75));
#3281=CARTESIAN_POINT('Origin',(13.,-19.5,86.75));
#3282=CARTESIAN_POINT('',(14.,-19.5,88.75));
#3283=CARTESIAN_POINT('',(14.,-17.5,86.75));
#3284=CARTESIAN_POINT('Origin',(14.,-52.5,88.75));
#3285=CARTESIAN_POINT('',(13.,-21.5000000000139,88.75));
#3286=CARTESIAN_POINT('',(13.,-52.5,88.75));
#3287=CARTESIAN_POINT('Ctrl Pts',(12.9999994882083,-21.5000028602776,88.7499984874169));
#3288=CARTESIAN_POINT('Ctrl Pts',(13.3333268365331,-21.5000064307965,88.7499993696549));
#3289=CARTESIAN_POINT('Ctrl Pts',(13.6666553361855,-21.5,88.75));
#3290=CARTESIAN_POINT('Ctrl Pts',(14.,-21.5,88.75));
#3291=CARTESIAN_POINT('Origin',(13.,-35.,49.5));
#3292=CARTESIAN_POINT('',(13.,-17.5,12.2500000000001));
#3293=CARTESIAN_POINT('',(13.,-17.5,88.75));
#3294=CARTESIAN_POINT('',(13.,-19.5,10.2500000000001));
#3295=CARTESIAN_POINT('Origin',(13.,-19.5,12.2500000000001));
#3296=CARTESIAN_POINT('',(13.,-21.5000000000074,10.2500000000001));
#3297=CARTESIAN_POINT('',(13.,-17.5,10.2500000000001));
#3298=CARTESIAN_POINT('',(13.,-18.5,13.2500000000001));
#3299=CARTESIAN_POINT('Ctrl Pts',(13.,-18.5,13.2500000000001));
#3300=CARTESIAN_POINT('Ctrl Pts',(13.,-18.5,12.3524020989744));
#3301=CARTESIAN_POINT('Ctrl Pts',(13.,-18.9300788475205,11.4641149634972));
#3302=CARTESIAN_POINT('Ctrl Pts',(13.,-19.6284109547664,10.9045144811451));
#3303=CARTESIAN_POINT('Ctrl Pts',(13.,-20.1521600352008,10.4848141193811));
#3304=CARTESIAN_POINT('Ctrl Pts',(13.,-20.8268015742308,10.2500000000001));
#3305=CARTESIAN_POINT('Ctrl Pts',(13.,-21.5,10.2500000000001));
#3306=CARTESIAN_POINT('',(13.,-18.5,49.5));
#3307=CARTESIAN_POINT('Ctrl Pts',(13.,-18.5,49.5));
#3308=CARTESIAN_POINT('Ctrl Pts',(13.,-18.5,43.3547295699495));
#3309=CARTESIAN_POINT('Ctrl Pts',(13.,-18.5,37.2094591398991));
#3310=CARTESIAN_POINT('Ctrl Pts',(13.,-18.5,25.1261258065657));
#3311=CARTESIAN_POINT('Ctrl Pts',(13.,-18.5,19.1880629032829));
#3312=CARTESIAN_POINT('Ctrl Pts',(13.,-18.5,13.2500000000001));
#3313=CARTESIAN_POINT('',(13.,-18.5,85.75));
#3314=CARTESIAN_POINT('Ctrl Pts',(13.,-18.5,85.75));
#3315=CARTESIAN_POINT('Ctrl Pts',(13.,-18.5,79.8119370967171));
#3316=CARTESIAN_POINT('Ctrl Pts',(13.,-18.5,73.8738741934343));
#3317=CARTESIAN_POINT('Ctrl Pts',(13.,-18.5,61.790540860101));
#3318=CARTESIAN_POINT('Ctrl Pts',(13.,-18.5,55.6452704300505));
#3319=CARTESIAN_POINT('Ctrl Pts',(13.,-18.5,49.5));
#3320=CARTESIAN_POINT('Ctrl Pts',(13.,-21.5,88.75));
#3321=CARTESIAN_POINT('Ctrl Pts',(13.,-20.6024020989743,88.75));
#3322=CARTESIAN_POINT('Ctrl Pts',(13.,-19.7143892234911,88.3195569353781));
#3323=CARTESIAN_POINT('Ctrl Pts',(13.,-19.1547495611399,87.6212768591467));
#3324=CARTESIAN_POINT('Ctrl Pts',(13.,-18.7350198143766,87.0975668019732));
#3325=CARTESIAN_POINT('Ctrl Pts',(13.,-18.5,86.4231984257692));
#3326=CARTESIAN_POINT('Ctrl Pts',(13.,-18.5,85.75));
#3327=CARTESIAN_POINT('Origin',(14.,-50.5,12.2500000000001));
#3328=CARTESIAN_POINT('',(14.,-50.5,10.2500000000001));
#3329=CARTESIAN_POINT('Origin',(14.,-17.5,10.2500000000001));
#3330=CARTESIAN_POINT('Ctrl Pts',(13.0000215643627,-48.4999399545481,10.2499919283195));
#3331=CARTESIAN_POINT('Ctrl Pts',(13.3333420540079,-48.4999769995955,10.2499970122899));
#3332=CARTESIAN_POINT('Ctrl Pts',(13.6666678849664,-48.5,10.2500000000001));
#3333=CARTESIAN_POINT('Ctrl Pts',(14.,-48.5,10.2500000000001));
#3334=CARTESIAN_POINT('Origin',(14.,-19.5,12.2500000000001));
#3335=CARTESIAN_POINT('',(14.,-17.5,12.2500000000001));
#3336=CARTESIAN_POINT('',(14.,-19.5,10.2500000000001));
#3337=CARTESIAN_POINT('Origin',(14.,-17.5,10.2500000000001));
#3338=CARTESIAN_POINT('Ctrl Pts',(14.,-21.5,10.2500000000001));
#3339=CARTESIAN_POINT('Ctrl Pts',(13.6666553361855,-21.5,10.2500000000001));
#3340=CARTESIAN_POINT('Ctrl Pts',(13.3333278509745,-21.4999997011187,10.2499980852528));
#3341=CARTESIAN_POINT('Ctrl Pts',(13.0000020287587,-21.4999872841458,10.2499956440563));
#3342=CARTESIAN_POINT('Origin',(14.,-52.5,88.75));
#3343=CARTESIAN_POINT('Ctrl Pts',(14.,-48.5,88.75));
#3344=CARTESIAN_POINT('Ctrl Pts',(13.6666678849664,-48.5,88.75));
#3345=CARTESIAN_POINT('Ctrl Pts',(13.3333337412612,-48.4999995687758,88.7499999516635));
#3346=CARTESIAN_POINT('Ctrl Pts',(12.9999990440035,-48.500001159861,88.7499998387269));
#3347=CARTESIAN_POINT('Origin',(14.,-17.5,88.75));
#3348=CARTESIAN_POINT('Ctrl Pts',(0.,24.88,49.5));
#3349=CARTESIAN_POINT('Ctrl Pts',(-4.03509788722529,24.88,49.5));
#3350=CARTESIAN_POINT('Ctrl Pts',(-12.1027535762538,23.6117344461772,49.5));
#3351=CARTESIAN_POINT('Ctrl Pts',(-24.2414276072217,17.4889396778908,49.5));
#3352=CARTESIAN_POINT('Ctrl Pts',(-31.6017666852981,9.39139485137323,49.5));
#3353=CARTESIAN_POINT('Ctrl Pts',(-35.26499846148,2.25145251129225,49.5));
#3354=CARTESIAN_POINT('Ctrl Pts',(-38.1680607782012,-5.22451844499715,49.5));
#3355=CARTESIAN_POINT('Ctrl Pts',(-39.1685042016081,-14.7083546574286,49.5));
#3356=CARTESIAN_POINT('Ctrl Pts',(-36.6330761917719,-26.5094516498618,49.5));
#3357=CARTESIAN_POINT('Ctrl Pts',(-31.6917282099892,-36.1297394668847,49.5));
#3358=CARTESIAN_POINT('Ctrl Pts',(-23.0245406644259,-44.7195923328452,49.5));
#3359=CARTESIAN_POINT('Ctrl Pts',(-12.1049284327229,-50.2334663669682,49.5));
#3360=CARTESIAN_POINT('Ctrl Pts',(-4.03506432062193,-51.5002104052786,49.5));
#3361=CARTESIAN_POINT('Ctrl Pts',(4.33330633810029,-51.5000612022071,49.5));
#3362=CARTESIAN_POINT('Ctrl Pts',(8.66666666666667,-51.5,49.5));
#3363=CARTESIAN_POINT('Ctrl Pts',(13.,-51.5,49.5));
#3364=CARTESIAN_POINT('Ctrl Pts',(0.,24.88,65.0000000000044));
#3365=CARTESIAN_POINT('Ctrl Pts',(-4.03509788722529,24.88,65.0000000000044));
#3366=CARTESIAN_POINT('Ctrl Pts',(-12.1027535762538,23.6117344461772,64.9484269334917));
#3367=CARTESIAN_POINT('Ctrl Pts',(-24.2414276072217,17.4889396778908,64.721379497515));
#3368=CARTESIAN_POINT('Ctrl Pts',(-31.6017666852981,9.39139485137323,64.4368187487681));
#3369=CARTESIAN_POINT('Ctrl Pts',(-35.26499846148,2.25145251129225,64.188806237332));
#3370=CARTESIAN_POINT('Ctrl Pts',(-38.1680607782012,-5.22451844499716,63.929011472385));
#3371=CARTESIAN_POINT('Ctrl Pts',(-39.1685042016081,-14.7083546574286,63.5975450426533));
#3372=CARTESIAN_POINT('Ctrl Pts',(-36.6330761917719,-26.5094516498618,63.1645806227934));
#3373=CARTESIAN_POINT('Ctrl Pts',(-31.6917282099892,-36.1297394668847,62.7883881325721));
#3374=CARTESIAN_POINT('Ctrl Pts',(-23.0245406644259,-44.7195923328452,62.404605130035));
#3375=CARTESIAN_POINT('Ctrl Pts',(-12.1049284327229,-50.2334663669682,62.0879917833882));
#3376=CARTESIAN_POINT('Ctrl Pts',(-4.03506432062193,-51.5002104052786,61.9401867275029));
#3377=CARTESIAN_POINT('Ctrl Pts',(4.33330633810029,-51.5000612022071,61.829310884423));
#3378=CARTESIAN_POINT('Ctrl Pts',(8.66666666666667,-51.5,61.7954707300078));
#3379=CARTESIAN_POINT('Ctrl Pts',(13.,-51.5,61.7909293489014));
#3380=CARTESIAN_POINT('Ctrl Pts',(0.,24.88,80.5000000000089));
#3381=CARTESIAN_POINT('Ctrl Pts',(-4.03509788722529,24.88,80.4999674944977));
#3382=CARTESIAN_POINT('Ctrl Pts',(-12.1027535762538,23.6117344461772,80.392004776204));
#3383=CARTESIAN_POINT('Ctrl Pts',(-24.2414276072217,17.4889396778908,79.8526806259156));
#3384=CARTESIAN_POINT('Ctrl Pts',(-31.6017666852981,9.39139485137324,79.1265469061885));
#3385=CARTESIAN_POINT('Ctrl Pts',(-35.26499846148,2.25145251129226,78.483953444807));
#3386=CARTESIAN_POINT('Ctrl Pts',(-38.1680607782012,-5.22451844499713,77.8111608122741));
#3387=CARTESIAN_POINT('Ctrl Pts',(-39.1685042016081,-14.7083546574286,76.9592561195474));
#3388=CARTESIAN_POINT('Ctrl Pts',(-36.6330761917719,-26.5094516498618,75.9159642179668));
#3389=CARTESIAN_POINT('Ctrl Pts',(-31.6917282099892,-36.1297394668847,75.0844898971114));
#3390=CARTESIAN_POINT('Ctrl Pts',(-23.0245406644259,-44.7195923328452,74.3812384607214));
#3391=CARTESIAN_POINT('Ctrl Pts',(-12.1049284327229,-50.2334663669681,73.9873140449132));
#3392=CARTESIAN_POINT('Ctrl Pts',(-4.03506432062194,-51.5002104052787,73.9582457190031));
#3393=CARTESIAN_POINT('Ctrl Pts',(4.33330633810028,-51.5000612022071,74.0489580103394));
#3394=CARTESIAN_POINT('Ctrl Pts',(8.66666666666668,-51.5,74.076668333543));
#3395=CARTESIAN_POINT('Ctrl Pts',(13.,-51.5,74.0803782829565));
#3396=CARTESIAN_POINT('Ctrl Pts',(0.,24.88,96.0000000000133));
#3397=CARTESIAN_POINT('Ctrl Pts',(-4.03509788722529,24.88,96.0000000000133));
#3398=CARTESIAN_POINT('Ctrl Pts',(-12.1027535762538,23.6117344461772,95.8398420255941));
#3399=CARTESIAN_POINT('Ctrl Pts',(-24.2414276072217,17.4889396778908,95.0631445489037));
#3400=CARTESIAN_POINT('Ctrl Pts',(-31.6017666852981,9.39139485137323,94.0334323302857));
#3401=CARTESIAN_POINT('Ctrl Pts',(-35.26499846148,2.25145251129226,93.1250293955961));
#3402=CARTESIAN_POINT('Ctrl Pts',(-38.1680607782012,-5.22451844499714,92.173891675373));
#3403=CARTESIAN_POINT('Ctrl Pts',(-39.1685042016081,-14.7083546574286,90.9676044455191));
#3404=CARTESIAN_POINT('Ctrl Pts',(-36.6330761917719,-26.5094516498618,89.4698522953179));
#3405=CARTESIAN_POINT('Ctrl Pts',(-31.6917282099892,-36.1297394668847,88.2525935494026));
#3406=CARTESIAN_POINT('Ctrl Pts',(-23.0245406644259,-44.7195923328452,87.1733671395416));
#3407=CARTESIAN_POINT('Ctrl Pts',(-12.1049284327229,-50.2334663669681,86.4918320038077));
#3408=CARTESIAN_POINT('Ctrl Pts',(-4.03506432062194,-51.5002104052787,86.3472519639651));
#3409=CARTESIAN_POINT('Ctrl Pts',(4.33330633810028,-51.5000612022071,86.3649874743587));
#3410=CARTESIAN_POINT('Ctrl Pts',(8.66666666666668,-51.5,86.3704025675123));
#3411=CARTESIAN_POINT('Ctrl Pts',(13.,-51.5,86.371128187634));
#3412=CARTESIAN_POINT('',(2.96655151504604E-8,24.880000000208,96.));
#3413=CARTESIAN_POINT('Ctrl Pts',(2.96655444653737E-8,24.88,96.));
#3414=CARTESIAN_POINT('Ctrl Pts',(-3.93140001218506,24.8800000029998,96.000000000419));
#3415=CARTESIAN_POINT('Ctrl Pts',(-9.82834974049442,23.9879200007239,95.8757369005963));
#3416=CARTESIAN_POINT('Ctrl Pts',(-17.2296338651137,21.0160926639475,95.4655614454389));
#3417=CARTESIAN_POINT('Ctrl Pts',(-24.0118992696448,17.0131455011578,94.913645199751));
#3418=CARTESIAN_POINT('Ctrl Pts',(-29.7968446006873,11.4557185197537,94.1465724141413));
#3419=CARTESIAN_POINT('Ctrl Pts',(-34.0569896127094,4.87414970665328,93.2378638145893));
#3420=CARTESIAN_POINT('Ctrl Pts',(-37.2894066406487,-2.3644782187733,92.2406479549934));
#3421=CARTESIAN_POINT('Ctrl Pts',(-38.7564377431106,-10.1102974423157,91.1814891376021));
#3422=CARTESIAN_POINT('Ctrl Pts',(-38.3910567403689,-18.0264631343146,90.1165064233376));
#3423=CARTESIAN_POINT('Ctrl Pts',(-37.2201366582382,-23.7612252333857,89.3541820304924));
#3424=CARTESIAN_POINT('Ctrl Pts',(-35.1388433068099,-29.3474754776629,88.6207126430926));
#3425=CARTESIAN_POINT('Ctrl Pts',(-31.2921329028738,-36.1921693586385,87.7323595989409));
#3426=CARTESIAN_POINT('Ctrl Pts',(-27.2300096580755,-40.6151348179166,87.1671672327447));
#3427=CARTESIAN_POINT('Ctrl Pts',(-22.443252029746,-44.427156048355,86.6824132853391));
#3428=CARTESIAN_POINT('Ctrl Pts',(-18.8483442694962,-46.8308691639278,86.3758336782102));
#3429=CARTESIAN_POINT('Ctrl Pts',(-12.8188637916491,-49.5205075036007,86.0285546204629));
#3430=CARTESIAN_POINT('Ctrl Pts',(-6.50427432218473,-51.1352132531409,85.8134200389332));
#3431=CARTESIAN_POINT('Ctrl Pts',(-2.16273331568333,-51.5002042432776,85.7570320996416));
#3432=CARTESIAN_POINT('Ctrl Pts',(0.0686408185237816,-51.5000520964612,
85.7509734185147));
#3433=CARTESIAN_POINT('Ctrl Pts',(0.329597277740803,-51.5000550408457,85.7502889969448));
#3434=CARTESIAN_POINT('Ctrl Pts',(0.598090596087658,-51.5000524273296,85.7499938495356));
#3435=CARTESIAN_POINT('Ctrl Pts',(2.82748344064789,-51.5000398214797,85.7499953302064));
#3436=CARTESIAN_POINT('Ctrl Pts',(6.89845861524143,-51.4999999898141,85.7500000007782));
#3437=CARTESIAN_POINT('Ctrl Pts',(10.9659093587889,-51.5,85.75));
#3438=CARTESIAN_POINT('Ctrl Pts',(13.,-51.5,85.75));
#3439=CARTESIAN_POINT('',(0.,24.88,49.5));
#3440=CARTESIAN_POINT('',(0.,24.88,0.));
#3441=CARTESIAN_POINT('Ctrl Pts',(0.,24.88,49.5));
#3442=CARTESIAN_POINT('Ctrl Pts',(-4.03509788722529,24.88,49.5));
#3443=CARTESIAN_POINT('Ctrl Pts',(-12.1027535762538,23.6117344461772,49.5));
#3444=CARTESIAN_POINT('Ctrl Pts',(-24.2414276072217,17.4889396778908,49.5));
#3445=CARTESIAN_POINT('Ctrl Pts',(-31.6017666852981,9.39139485137323,49.5));
#3446=CARTESIAN_POINT('Ctrl Pts',(-35.26499846148,2.25145251129225,49.5));
#3447=CARTESIAN_POINT('Ctrl Pts',(-38.1680607782012,-5.22451844499715,49.5));
#3448=CARTESIAN_POINT('Ctrl Pts',(-39.1685042016081,-14.7083546574286,49.5));
#3449=CARTESIAN_POINT('Ctrl Pts',(-36.6330761917719,-26.5094516498618,49.5));
#3450=CARTESIAN_POINT('Ctrl Pts',(-31.6917282099892,-36.1297394668847,49.5));
#3451=CARTESIAN_POINT('Ctrl Pts',(-23.0245406644259,-44.7195923328452,49.5));
#3452=CARTESIAN_POINT('Ctrl Pts',(-12.1049284327229,-50.2334663669682,49.5));
#3453=CARTESIAN_POINT('Ctrl Pts',(-4.03506432062193,-51.5002104052786,49.5));
#3454=CARTESIAN_POINT('Ctrl Pts',(4.33330633810029,-51.5000612022071,49.5));
#3455=CARTESIAN_POINT('Ctrl Pts',(8.66666666666667,-51.5,49.5));
#3456=CARTESIAN_POINT('Ctrl Pts',(13.,-51.5,49.5));
#3457=CARTESIAN_POINT('Ctrl Pts',(2.96655444653737E-8,24.88,96.));
#3458=CARTESIAN_POINT('Ctrl Pts',(-3.93140001218506,24.8800000029998,96.000000000419));
#3459=CARTESIAN_POINT('Ctrl Pts',(-9.82834974049442,23.9879200007239,95.8757369005963));
#3460=CARTESIAN_POINT('Ctrl Pts',(-17.2296338651137,21.0160926639475,95.4655614454389));
#3461=CARTESIAN_POINT('Ctrl Pts',(-24.0118992696448,17.0131455011578,94.913645199751));
#3462=CARTESIAN_POINT('Ctrl Pts',(-29.7968446006873,11.4557185197537,94.1465724141413));
#3463=CARTESIAN_POINT('Ctrl Pts',(-34.0569896127094,4.87414970665328,93.2378638145893));
#3464=CARTESIAN_POINT('Ctrl Pts',(-37.2894066406487,-2.3644782187733,92.2406479549934));
#3465=CARTESIAN_POINT('Ctrl Pts',(-38.7564377431106,-10.1102974423157,91.1814891376021));
#3466=CARTESIAN_POINT('Ctrl Pts',(-38.3910567403689,-18.0264631343146,90.1165064233376));
#3467=CARTESIAN_POINT('Ctrl Pts',(-37.2201366582382,-23.7612252333857,89.3541820304924));
#3468=CARTESIAN_POINT('Ctrl Pts',(-35.1388433068099,-29.3474754776629,88.6207126430926));
#3469=CARTESIAN_POINT('Ctrl Pts',(-31.2921329028738,-36.1921693586385,87.7323595989409));
#3470=CARTESIAN_POINT('Ctrl Pts',(-27.2300096580755,-40.6151348179166,87.1671672327447));
#3471=CARTESIAN_POINT('Ctrl Pts',(-22.443252029746,-44.427156048355,86.6824132853391));
#3472=CARTESIAN_POINT('Ctrl Pts',(-18.8483442694962,-46.8308691639278,86.3758336782102));
#3473=CARTESIAN_POINT('Ctrl Pts',(-12.8188637916491,-49.5205075036007,86.0285546204629));
#3474=CARTESIAN_POINT('Ctrl Pts',(-6.50427432218473,-51.1352132531409,85.8134200389332));
#3475=CARTESIAN_POINT('Ctrl Pts',(-2.16273331568333,-51.5002042432776,85.7570320996416));
#3476=CARTESIAN_POINT('Ctrl Pts',(0.0686408185237816,-51.5000520964612,
85.7509734185147));
#3477=CARTESIAN_POINT('Ctrl Pts',(0.329597277740803,-51.5000550408457,85.7502889969448));
#3478=CARTESIAN_POINT('Ctrl Pts',(0.598090596087658,-51.5000524273296,85.7499938495356));
#3479=CARTESIAN_POINT('Ctrl Pts',(2.82748344064789,-51.5000398214797,85.7499953302064));
#3480=CARTESIAN_POINT('Ctrl Pts',(6.89845861524143,-51.4999999898141,85.7500000007782));
#3481=CARTESIAN_POINT('Ctrl Pts',(10.9659093587889,-51.5,85.75));
#3482=CARTESIAN_POINT('Ctrl Pts',(13.,-51.5,85.75));
#3483=CARTESIAN_POINT('Ctrl Pts',(2.97692062870091E-8,24.88,96.8975979010257));
#3484=CARTESIAN_POINT('Ctrl Pts',(-3.94608155076134,24.8800000030214,96.897597901442));
#3485=CARTESIAN_POINT('Ctrl Pts',(-9.8614989831933,23.9819014419643,96.7740197917517));
#3486=CARTESIAN_POINT('Ctrl Pts',(-17.2840196960694,20.9904778024481,96.3659370333517));
#3487=CARTESIAN_POINT('Ctrl Pts',(-24.0799127329194,16.9632054377425,95.8168353559042));
#3488=CARTESIAN_POINT('Ctrl Pts',(-29.8663173647062,11.376204093383,95.0539633514683));
#3489=CARTESIAN_POINT('Ctrl Pts',(-34.1154263872622,4.76819153184627,94.1500510507933));
#3490=CARTESIAN_POINT('Ctrl Pts',(-37.3288885867836,-2.49263245111678,93.1574199955419));
#3491=CARTESIAN_POINT('Ctrl Pts',(-38.7680086133365,-10.2469747689291,92.1012488841296));
#3492=CARTESIAN_POINT('Ctrl Pts',(-38.3744683664019,-18.159091495668,91.03630289796));
#3493=CARTESIAN_POINT('Ctrl Pts',(-37.184764898553,-23.8839476503101,90.272478110462));
#3494=CARTESIAN_POINT('Ctrl Pts',(-35.088583132597,-29.4548739741871,89.5360813228505));
#3495=CARTESIAN_POINT('Ctrl Pts',(-31.2284283799528,-36.2751470552534,88.6423179192782));
#3496=CARTESIAN_POINT('Ctrl Pts',(-27.166523575,-40.676161863076,88.0721196857845));
#3497=CARTESIAN_POINT('Ctrl Pts',(-22.3846211475474,-44.4684679292147,87.5821557616994));
#3498=CARTESIAN_POINT('Ctrl Pts',(-18.7947809789794,-46.859370455657,87.2725822778701));
#3499=CARTESIAN_POINT('Ctrl Pts',(-12.7788168937585,-49.5333273176488,86.9229879470904));
#3500=CARTESIAN_POINT('Ctrl Pts',(-6.4816440847608,-51.1379648597465,86.7079126776699));
#3501=CARTESIAN_POINT('Ctrl Pts',(-2.15280988207896,-51.5003632347984,86.6528813616558));
#3502=CARTESIAN_POINT('Ctrl Pts',(0.0721031389829123,-51.500067475441,86.6479916021747));
#3503=CARTESIAN_POINT('Ctrl Pts',(0.332196569560863,-51.5000804467951,86.647470028153));
#3504=CARTESIAN_POINT('Ctrl Pts',(0.599755648079362,-51.500080524141,86.647341635238));
#3505=CARTESIAN_POINT('Ctrl Pts',(2.82288873769399,-51.5001002219908,86.6484212278687));
#3506=CARTESIAN_POINT('Ctrl Pts',(6.89979483172279,-51.4999910748344,86.6473657489449));
#3507=CARTESIAN_POINT('Ctrl Pts',(10.9659093587889,-51.5,86.6475979010256));
#3508=CARTESIAN_POINT('Ctrl Pts',(13.,-51.5,86.6475979010256));
#3509=CARTESIAN_POINT('Ctrl Pts',(2.93738134141632E-8,24.126632260656,98.4515508726551));
#3510=CARTESIAN_POINT('Ctrl Pts',(-3.89260147589108,24.1266322636623,98.4515508730674));
#3511=CARTESIAN_POINT('Ctrl Pts',(-9.73092960344651,23.2322112174854,98.32916472296));
#3512=CARTESIAN_POINT('Ctrl Pts',(-17.0397106020377,20.2599582352597,97.9243612762223));
#3513=CARTESIAN_POINT('Ctrl Pts',(-23.7208443739645,16.2624510540949,97.3797756214553));
#3514=CARTESIAN_POINT('Ctrl Pts',(-29.3852994531792,10.7272970536006,96.6237101424378));
#3515=CARTESIAN_POINT('Ctrl Pts',(-33.5157608867515,4.20362310251995,95.7274580087565));
#3516=CARTESIAN_POINT('Ctrl Pts',(-36.6176321414419,-2.94630647598625,94.7421442929104));
#3517=CARTESIAN_POINT('Ctrl Pts',(-37.9706597586077,-10.5539431172935,93.6909182957596));
#3518=CARTESIAN_POINT('Ctrl Pts',(-37.5371285012912,-18.2869340861045,92.6260350494051));
#3519=CARTESIAN_POINT('Ctrl Pts',(-36.3445473062489,-23.8729075855339,91.8598526994644));
#3520=CARTESIAN_POINT('Ctrl Pts',(-34.2736743564626,-29.301682913494,91.1187251976537));
#3521=CARTESIAN_POINT('Ctrl Pts',(-30.4840903949529,-35.9420073994045,90.2164234832759));
#3522=CARTESIAN_POINT('Ctrl Pts',(-26.5114499437518,-40.2256245088805,89.6378103671183));
#3523=CARTESIAN_POINT('Ctrl Pts',(-21.8412607384666,-43.9168549865172,89.1394582947103));
#3524=CARTESIAN_POINT('Ctrl Pts',(-18.3350405787225,-46.2441477750128,88.8249794873708));
#3525=CARTESIAN_POINT('Ctrl Pts',(-12.4623284663581,-48.844001125501,88.4717391943285));
#3526=CARTESIAN_POINT('Ctrl Pts',(-6.31758550485545,-50.4013513419107,88.2567265417533));
#3527=CARTESIAN_POINT('Ctrl Pts',(-2.09413246334595,-50.7502472454935,88.2040010154907));
#3528=CARTESIAN_POINT('Ctrl Pts',(0.0769000135210256,-50.7476924708328,
88.2009938955939));
#3529=CARTESIAN_POINT('Ctrl Pts',(0.336587933077414,-50.7474244961848,88.2007330984739));
#3530=CARTESIAN_POINT('Ctrl Pts',(0.601684193505961,-50.7471241477211,88.2008716228959));
#3531=CARTESIAN_POINT('Ctrl Pts',(2.81512557996546,-50.7452324120774,88.2036821445374));
#3532=CARTESIAN_POINT('Ctrl Pts',(6.90189937887968,-50.7470366953686,88.2009471737059));
#3533=CARTESIAN_POINT('Ctrl Pts',(10.9659093587889,-50.746632260656,88.2015508726551));
#3534=CARTESIAN_POINT('Ctrl Pts',(13.,-50.746632260656,88.2015508726551));
#3535=CARTESIAN_POINT('Ctrl Pts',(2.82365469623737E-8,22.5531984257692,
99.));
#3536=CARTESIAN_POINT('Ctrl Pts',(-3.74182874502297,22.5531984286783,99.0000000004194));
#3537=CARTESIAN_POINT('Ctrl Pts',(-9.35393923439445,21.6875189807917,98.8755405175309));
#3538=CARTESIAN_POINT('Ctrl Pts',(-16.3685087106518,18.816119592148,98.464642388309));
#3539=CARTESIAN_POINT('Ctrl Pts',(-22.7714959645976,14.9582182805634,97.9119851291393));
#3540=CARTESIAN_POINT('Ctrl Pts',(-28.1811103620019,9.62603109276282,97.144690910487));
#3541=CARTESIAN_POINT('Ctrl Pts',(-32.1067978293914,3.35997407913348,96.2367214400087));
#3542=CARTESIAN_POINT('Ctrl Pts',(-35.0423682874082,-3.49448453835064,95.2407101192274));
#3543=CARTESIAN_POINT('Ctrl Pts',(-36.3059934355716,-10.7681613304542,94.1831424895224));
#3544=CARTESIAN_POINT('Ctrl Pts',(-35.8747656327437,-18.1510353661253,93.1193292138815));
#3545=CARTESIAN_POINT('Ctrl Pts',(-34.7294449059849,-23.4826489266879,92.3573909578623));
#3546=CARTESIAN_POINT('Ctrl Pts',(-32.7509126660233,-28.6654922262414,91.6236318802603));
#3547=CARTESIAN_POINT('Ctrl Pts',(-29.1357581762005,-35.009134863166,90.7338220733653));
#3548=CARTESIAN_POINT('Ctrl Pts',(-25.3460901922558,-39.1081927510506,90.1664017352522));
#3549=CARTESIAN_POINT('Ctrl Pts',(-20.8873728273125,-42.644441699889,89.6787598643519));
#3550=CARTESIAN_POINT('Ctrl Pts',(-17.5370221494252,-44.874560453995,89.3705561817725));
#3551=CARTESIAN_POINT('Ctrl Pts',(-11.9209247928234,-47.3642524727457,89.0228788063585));
#3552=CARTESIAN_POINT('Ctrl Pts',(-6.04125666361961,-48.8521241458959,88.8092792988976));
#3553=CARTESIAN_POINT('Ctrl Pts',(-2.00154071725446,-49.1815229372522,88.7549344360451));
#3554=CARTESIAN_POINT('Ctrl Pts',(0.0775792110788593,-49.1758095825347,
88.7502855426288));
#3555=CARTESIAN_POINT('Ctrl Pts',(0.338939408325425,-49.1751137896949,88.7497960186531));
#3556=CARTESIAN_POINT('Ctrl Pts',(0.601709291155122,-49.1743681376732,88.7496972928625));
#3557=CARTESIAN_POINT('Ctrl Pts',(2.81324783183044,-49.1695898435626,88.7509551679263));
#3558=CARTESIAN_POINT('Ctrl Pts',(6.90233203994176,-49.174223981991,88.7497297375194));
#3559=CARTESIAN_POINT('Ctrl Pts',(10.9659093587889,-49.1731984257692,88.75));
#3560=CARTESIAN_POINT('Ctrl Pts',(13.,-49.1731984257692,88.75));
#3561=CARTESIAN_POINT('Ctrl Pts',(2.77228641535925E-8,21.88,99.));
#3562=CARTESIAN_POINT('Ctrl Pts',(-3.673948551177,21.8800000028604,99.0000000004243));
#3563=CARTESIAN_POINT('Ctrl Pts',(-9.18351916393647,21.0288290687582,98.8741496127947));
#3564=CARTESIAN_POINT('Ctrl Pts',(-16.0679374252549,18.2069232024629,98.4590906737181));
#3565=CARTESIAN_POINT('Ctrl Pts',(-22.3496521357453,14.4166904938518,97.9009354755921));
#3566=CARTESIAN_POINT('Ctrl Pts',(-27.6523194723745,9.18075067989107,97.1259355395908));
#3567=CARTESIAN_POINT('Ctrl Pts',(-31.4969513782692,3.03230330723477,96.2098107061634));
#3568=CARTESIAN_POINT('Ctrl Pts',(-34.3700803568681,-3.69080685174902,95.2063088649098));
#3569=CARTESIAN_POINT('Ctrl Pts',(-35.6051137340502,-10.821057518308,94.1442567836648));
#3570=CARTESIAN_POINT('Ctrl Pts',(-35.1822262733726,-18.0587438250824,93.0810133227572));
#3571=CARTESIAN_POINT('Ctrl Pts',(-34.0606142481988,-23.2861978313586,92.3219257361432));
#3572=CARTESIAN_POINT('Ctrl Pts',(-32.1231122828684,-28.3692504575047,91.5932242790265));
#3573=CARTESIAN_POINT('Ctrl Pts',(-28.5817442860216,-34.5932565736808,90.7122106630894));
#3574=CARTESIAN_POINT('Ctrl Pts',(-24.8679081856193,-38.617498282748,90.1527008695894));
#3575=CARTESIAN_POINT('Ctrl Pts',(-20.4959947462779,-42.0909102117233,89.6728730092674));
#3576=CARTESIAN_POINT('Ctrl Pts',(-17.2098320367428,-44.2815658246028,89.3692264822029));
#3577=CARTESIAN_POINT('Ctrl Pts',(-11.6994205533978,-46.7269958095302,89.0255065268278));
#3578=CARTESIAN_POINT('Ctrl Pts',(-5.92860713776277,-48.1874287262573,88.812670465584));
#3579=CARTESIAN_POINT('Ctrl Pts',(-1.96454159948905,-48.5096043958855,88.7569495056711));
#3580=CARTESIAN_POINT('Ctrl Pts',(0.0770828354098592,-48.503046898113,88.7509620848041));
#3581=CARTESIAN_POINT('Ctrl Pts',(0.339381169015804,-48.5022352879219,88.7502858252429));
#3582=CARTESIAN_POINT('Ctrl Pts',(0.601405828482855,-48.5013699117806,88.7499942119651));
#3583=CARTESIAN_POINT('Ctrl Pts',(2.81374441982803,-48.4958087387063,88.7499956037946));
#3584=CARTESIAN_POINT('Ctrl Pts',(6.90216624958744,-48.5011931132682,88.7500000010949));
#3585=CARTESIAN_POINT('Ctrl Pts',(10.9659093587889,-48.5,88.75));
#3586=CARTESIAN_POINT('Ctrl Pts',(13.,-48.5,88.75));
#3587=CARTESIAN_POINT('',(0.795455764930235,-48.5,88.75));
#3588=CARTESIAN_POINT('Ctrl Pts',(13.,-48.5,88.75));
#3589=CARTESIAN_POINT('Ctrl Pts',(10.9659093587889,-48.5,88.75));
#3590=CARTESIAN_POINT('Ctrl Pts',(6.90216624958744,-48.5011931132682,88.7500000010949));
#3591=CARTESIAN_POINT('Ctrl Pts',(2.81374441982803,-48.4958087387063,88.7499956037946));
#3592=CARTESIAN_POINT('Ctrl Pts',(0.797441312573285,-48.5008771358285,88.7499943352952));
#3593=CARTESIAN_POINT('Ctrl Pts',(0.796449644516923,-48.5008796325201,88.7499943402151));
#3594=CARTESIAN_POINT('Ctrl Pts',(0.795457989262371,-48.5008821330835,88.7499943506785));
#3595=CARTESIAN_POINT('',(-22.0476767197141,-40.8586395658843,89.8431008081241));
#3596=CARTESIAN_POINT('Ctrl Pts',(0.795457989262371,-48.5008821330835,88.7499943506785));
#3597=CARTESIAN_POINT('Ctrl Pts',(0.599427583197427,-48.5013764444564,88.7499964190767));
#3598=CARTESIAN_POINT('Ctrl Pts',(0.338391015226534,-48.502238351681,88.750288378065));
#3599=CARTESIAN_POINT('Ctrl Pts',(0.0770828354098592,-48.503046898113,88.7509620848041));
#3600=CARTESIAN_POINT('Ctrl Pts',(-1.96454159948905,-48.5096043958855,88.7569495056711));
#3601=CARTESIAN_POINT('Ctrl Pts',(-5.92860713776277,-48.1874287262573,88.812670465584));
#3602=CARTESIAN_POINT('Ctrl Pts',(-11.6994205533978,-46.7269958095302,89.0255065268278));
#3603=CARTESIAN_POINT('Ctrl Pts',(-17.209533149104,-44.281698466021,89.3692078386504));
#3604=CARTESIAN_POINT('Ctrl Pts',(-20.495460014093,-42.0912666749777,89.672823599915));
#3605=CARTESIAN_POINT('Ctrl Pts',(-22.047422616534,-40.8583267630311,89.8431458967932));
#3606=CARTESIAN_POINT('',(-8.34805952271516E-18,21.88,99.));
#3607=CARTESIAN_POINT('Ctrl Pts',(-22.047422616534,-40.8583267630311,89.8431458967932));
#3608=CARTESIAN_POINT('Ctrl Pts',(-22.0476751954559,-40.8581261044372,89.8431736164187));
#3609=CARTESIAN_POINT('Ctrl Pts',(-22.047927771971,-40.8579254421929,89.8432013365349));
#3610=CARTESIAN_POINT('Ctrl Pts',(-24.8679081856193,-38.617498282748,90.1527008695894));
#3611=CARTESIAN_POINT('Ctrl Pts',(-28.5817442860216,-34.5932565736808,90.7122106630894));
#3612=CARTESIAN_POINT('Ctrl Pts',(-32.1231122828684,-28.3692504575047,91.5932242790265));
#3613=CARTESIAN_POINT('Ctrl Pts',(-34.0606142481988,-23.2861978313586,92.3219257361432));
#3614=CARTESIAN_POINT('Ctrl Pts',(-35.1822262733726,-18.0587438250824,93.0810133227572));
#3615=CARTESIAN_POINT('Ctrl Pts',(-35.6051137340502,-10.821057518308,94.1442567836648));
#3616=CARTESIAN_POINT('Ctrl Pts',(-34.3700803568681,-3.69080685174902,95.2063088649098));
#3617=CARTESIAN_POINT('Ctrl Pts',(-31.4969513782692,3.03230330723477,96.2098107061634));
#3618=CARTESIAN_POINT('Ctrl Pts',(-27.6523194723745,9.18075067989107,97.1259355395908));
#3619=CARTESIAN_POINT('Ctrl Pts',(-22.3496521357453,14.4166904938518,97.9009354755921));
#3620=CARTESIAN_POINT('Ctrl Pts',(-16.0679374252549,18.2069232024629,98.4590906737181));
#3621=CARTESIAN_POINT('Ctrl Pts',(-9.18351917259453,21.0288290652093,98.8741496122727));
#3622=CARTESIAN_POINT('Ctrl Pts',(-3.67394856965435,21.8800000000058,99.0000000000023));
#3623=CARTESIAN_POINT('Ctrl Pts',(2.42815834914978E-14,21.88,99.));
#3624=CARTESIAN_POINT('Ctrl Pts',(6.29320733465996E-15,21.88,99.));
#3625=CARTESIAN_POINT('Ctrl Pts',(1.4791623584037E-12,22.5531984257692,
99.));
#3626=CARTESIAN_POINT('Ctrl Pts',(1.29338859844188E-12,23.2275272121493,
98.7649503739951));
#3627=CARTESIAN_POINT('Ctrl Pts',(-3.10944479380736E-13,23.7512316136337,
98.3452163684276));
#3628=CARTESIAN_POINT('Ctrl Pts',(-2.45005524981722E-12,24.4495041489463,
97.7855710276711));
#3629=CARTESIAN_POINT('Ctrl Pts',(-7.11104925199377E-12,24.88,96.8975979010257));
#3630=CARTESIAN_POINT('Ctrl Pts',(1.09904242339992E-14,24.88,96.));
#3631=CARTESIAN_POINT('Ctrl Pts',(0.,22.6181818181818,99.));
#3632=CARTESIAN_POINT('Ctrl Pts',(-5.95973921879985,22.6181818181818,99.));
#3633=CARTESIAN_POINT('Ctrl Pts',(-17.9522084779328,19.6618349884398,98.5701912120764));
#3634=CARTESIAN_POINT('Ctrl Pts',(-31.6994605743215,7.32943326504602,96.7908758766129));
#3635=CARTESIAN_POINT('Ctrl Pts',(-37.7941595934153,-9.93689204526707,94.3107409467108));
#3636=CARTESIAN_POINT('Ctrl Pts',(-34.7249394203176,-27.944482722538,91.7328557985944));
#3637=CARTESIAN_POINT('Ctrl Pts',(-27.0693715889444,-37.5270874367465,90.364457984305));
#3638=CARTESIAN_POINT('Ctrl Pts',(-19.0378281348206,-43.6007729212436,89.4974656554664));
#3639=CARTESIAN_POINT('Ctrl Pts',(-11.6410030116933,-47.452326680144,88.9423177084841));
#3640=CARTESIAN_POINT('Ctrl Pts',(-3.35886133772789,-48.6884233623378,88.7498859421902));
#3641=CARTESIAN_POINT('Ctrl Pts',(5.19713984505126,-48.5421170502395,88.7499916077393));
#3642=CARTESIAN_POINT('Ctrl Pts',(9.60923715835158,-48.5,88.75));
#3643=CARTESIAN_POINT('Ctrl Pts',(14.,-48.5,88.75));
#3644=CARTESIAN_POINT('Ctrl Pts',(0.,15.8327272727273,99.));
#3645=CARTESIAN_POINT('Ctrl Pts',(-4.836278716381,15.8324272030367,99.0002298049464));
#3646=CARTESIAN_POINT('Ctrl Pts',(-14.7411672989475,13.4484725139409,98.5333233117535));
#3647=CARTESIAN_POINT('Ctrl Pts',(-26.1046008726452,3.36994116631052,96.621427760461));
#3648=CARTESIAN_POINT('Ctrl Pts',(-30.8173309514569,-10.6796630658539,94.0161381204327));
#3649=CARTESIAN_POINT('Ctrl Pts',(-27.5771367316905,-25.0488615089234,91.4161800814761));
#3650=CARTESIAN_POINT('Ctrl Pts',(-20.6912514783172,-32.3438489220943,90.1406547361601));
#3651=CARTESIAN_POINT('Ctrl Pts',(-13.670295040525,-36.7355971462913,89.3940480703495));
#3652=CARTESIAN_POINT('Ctrl Pts',(-7.29454326269064,-39.4345644068247,88.9156180831009));
#3653=CARTESIAN_POINT('Ctrl Pts',(-0.316274940741467,-40.069598098346,88.7499439623782));
#3654=CARTESIAN_POINT('Ctrl Pts',(6.80936227329803,-39.6277605517542,88.749954979299));
#3655=CARTESIAN_POINT('Ctrl Pts',(10.4369114738959,-39.4999203087682,88.7500235812159));
#3656=CARTESIAN_POINT('Ctrl Pts',(14.,-39.5,88.75));
#3657=CARTESIAN_POINT('Ctrl Pts',(0.,9.04727272727273,99.));
#3658=CARTESIAN_POINT('Ctrl Pts',(-3.71275268207807,9.04757279696336,98.9997701950536));
#3659=CARTESIAN_POINT('Ctrl Pts',(-10.8953504601974,7.02036783055728,98.3475419004573));
#3660=CARTESIAN_POINT('Ctrl Pts',(-18.108725132306,-0.930267069510344,95.7656872890059));
#3661=CARTESIAN_POINT('Ctrl Pts',(-19.8884325496872,-11.3099317071453,92.5278354823044));
#3662=CARTESIAN_POINT('Ctrl Pts',(-15.9924314112089,-21.0607173771389,89.8175058520917));
#3663=CARTESIAN_POINT('Ctrl Pts',(-10.5698200784469,-25.3412301480883,89.010845387962));
#3664=CARTESIAN_POINT('Ctrl Pts',(-5.52906458424173,-27.5613203313327,88.8714617198364));
#3665=CARTESIAN_POINT('Ctrl Pts',(-1.17215123404695,-29.0986944606033,88.780968941728));
#3666=CARTESIAN_POINT('Ctrl Pts',(3.56382985057373,-29.9312048739189,88.749979585879));
#3667=CARTESIAN_POINT('Ctrl Pts',(8.59378875062503,-30.3723374657899,88.7500160378119));
#3668=CARTESIAN_POINT('Ctrl Pts',(11.2646972679714,-30.5000796912318,88.749976418784));
#3669=CARTESIAN_POINT('Ctrl Pts',(14.,-30.5,88.75));
#3670=CARTESIAN_POINT('Ctrl Pts',(0.,2.26181818181819,99.));
#3671=CARTESIAN_POINT('Ctrl Pts',(-2.58929217965922,2.26181818181819,99.));
#3672=CARTESIAN_POINT('Ctrl Pts',(-7.68430928121204,0.807005356058381,98.3106740001344));
#3673=CARTESIAN_POINT('Ctrl Pts',(-12.5138654306296,-4.88975916824584,95.596239172854));
#3674=CARTESIAN_POINT('Ctrl Pts',(-12.9116039077287,-12.0527027277321,92.2332326560262));
#3675=CARTESIAN_POINT('Ctrl Pts',(-8.84462872258174,-18.1650961635243,89.5008301349733));
#3676=CARTESIAN_POINT('Ctrl Pts',(-4.1916999678197,-20.1579916334362,88.7870421398171));
#3677=CARTESIAN_POINT('Ctrl Pts',(-0.161531489946079,-20.6961445563804,
88.7680441347194));
#3678=CARTESIAN_POINT('Ctrl Pts',(3.17430851495567,-21.0809321872839,88.7542693163449));
#3679=CARTESIAN_POINT('Ctrl Pts',(6.60641624756015,-21.3123796099271,88.7500376060671));
#3680=CARTESIAN_POINT('Ctrl Pts',(10.2060111788718,-21.4579809673046,88.7499794093716));
#3681=CARTESIAN_POINT('Ctrl Pts',(12.0923715835157,-21.5,88.75));
#3682=CARTESIAN_POINT('Ctrl Pts',(14.,-21.5,88.75));
#3683=CARTESIAN_POINT('',(8.30937046067151,-21.5,88.75));
#3684=CARTESIAN_POINT('Ctrl Pts',(8.30937046957908,-21.5000271755791,88.7499972019454));
#3685=CARTESIAN_POINT('Ctrl Pts',(8.30951167681343,-21.5000271292164,88.7499972023574));
#3686=CARTESIAN_POINT('Ctrl Pts',(8.30965288403942,-21.5000270828307,88.7499972027858));
#3687=CARTESIAN_POINT('Ctrl Pts',(9.87122987965295,-21.4995138594617,88.7500021225972));
#3688=CARTESIAN_POINT('Ctrl Pts',(11.4364578401506,-21.5,88.75));
#3689=CARTESIAN_POINT('Ctrl Pts',(13.,-21.5,88.75));
#3690=CARTESIAN_POINT('',(-2.50537085418717,-21.2250181671138,88.7972994054687));
#3691=CARTESIAN_POINT('Ctrl Pts',(-2.50597473407859,-21.2285147416494,88.7974006898295));
#3692=CARTESIAN_POINT('Ctrl Pts',(-2.50430714324422,-21.2287141939315,88.7973835121514));
#3693=CARTESIAN_POINT('Ctrl Pts',(-2.50263957946026,-21.2289133323208,88.7973664757131));
#3694=CARTESIAN_POINT('Ctrl Pts',(-2.4050511908266,-21.2405490366181,88.7963777269804));
#3695=CARTESIAN_POINT('Ctrl Pts',(-2.19102760266858,-21.2820001130246,88.7945479637726));
#3696=CARTESIAN_POINT('Ctrl Pts',(-1.77428608617294,-21.343642207552,88.7907830152423));
#3697=CARTESIAN_POINT('Ctrl Pts',(-1.03574610480603,-21.4334304465608,88.7842446936329));
#3698=CARTESIAN_POINT('Ctrl Pts',(-0.401585541961538,-21.4655730095856,
88.7788962176086));
#3699=CARTESIAN_POINT('Ctrl Pts',(0.109089841750901,-21.4701537384786,88.7749523477786));
#3700=CARTESIAN_POINT('Ctrl Pts',(0.281465159194645,-21.4716083144113,88.773657956119));
#3701=CARTESIAN_POINT('Ctrl Pts',(0.626420626787419,-21.4744113933538,88.771213830162));
#3702=CARTESIAN_POINT('Ctrl Pts',(1.23074279687396,-21.4789860912977,88.7672870139967));
#3703=CARTESIAN_POINT('Ctrl Pts',(3.13211228728868,-21.4913691646046,88.7570689189546));
#3704=CARTESIAN_POINT('Ctrl Pts',(5.54501777779506,-21.4992801683012,88.7511705660663));
#3705=CARTESIAN_POINT('Ctrl Pts',(7.61850316380095,-21.5002540085987,88.7499951862991));
#3706=CARTESIAN_POINT('Ctrl Pts',(8.30937046957908,-21.5000271755791,88.7499972019454));
#3707=CARTESIAN_POINT('',(0.,3.,99.));
#3708=CARTESIAN_POINT('Ctrl Pts',(5.55111512312578E-16,3.,99.));
#3709=CARTESIAN_POINT('Ctrl Pts',(-1.80750685009497,3.,99.));
#3710=CARTESIAN_POINT('Ctrl Pts',(-5.45301256891319,2.33100857278004,98.6965304509227));
#3711=CARTESIAN_POINT('Ctrl Pts',(-10.0046087054207,-0.494617279599186,
97.3770674845057));
#3712=CARTESIAN_POINT('Ctrl Pts',(-12.9196224785854,-4.52475058582069,95.5246721482588));
#3713=CARTESIAN_POINT('Ctrl Pts',(-14.3683915652017,-10.6542595099718,92.8215678673969));
#3714=CARTESIAN_POINT('Ctrl Pts',(-11.9632817222277,-16.6068120133922,90.409743402125));
#3715=CARTESIAN_POINT('Ctrl Pts',(-7.56171322627507,-19.7527896014895,89.2352207112207));
#3716=CARTESIAN_POINT('Ctrl Pts',(-4.735030082344,-20.8397805675426,88.8757776129498));
#3717=CARTESIAN_POINT('Ctrl Pts',(-3.2448925703513,-21.1401364382358,88.8050122048857));
#3718=CARTESIAN_POINT('Ctrl Pts',(-2.50597473407859,-21.2285147416494,88.7974006898295));
#3719=CARTESIAN_POINT('',(0.,24.88,99.));
#3720=CARTESIAN_POINT('Ctrl Pts',(5.55111512312578E-16,3.,99.));
#3721=CARTESIAN_POINT('Ctrl Pts',(-1.80750685009497,3.,99.));
#3722=CARTESIAN_POINT('Ctrl Pts',(-5.45301256891319,2.33100857278004,98.6965304509227));
#3723=CARTESIAN_POINT('Ctrl Pts',(-10.0046087054207,-0.494617279599186,
97.3770674845057));
#3724=CARTESIAN_POINT('Ctrl Pts',(-12.9196224785854,-4.52475058582069,95.5246721482588));
#3725=CARTESIAN_POINT('Ctrl Pts',(-14.3683915652017,-10.6542595099718,92.8215678673969));
#3726=CARTESIAN_POINT('Ctrl Pts',(-11.9632817222277,-16.6068120133922,90.409743402125));
#3727=CARTESIAN_POINT('Ctrl Pts',(-7.56171322627507,-19.7527896014895,89.2352207112207));
#3728=CARTESIAN_POINT('Ctrl Pts',(-4.73343796152446,-20.8403928119505,88.8755751577007));
#3729=CARTESIAN_POINT('Ctrl Pts',(-3.24153331777103,-21.1408132092788,88.8048528197089));
#3730=CARTESIAN_POINT('Ctrl Pts',(-2.4050511908266,-21.2405490366181,88.7963777269804));
#3731=CARTESIAN_POINT('Ctrl Pts',(-2.19102760266858,-21.2820001130246,88.7945479637726));
#3732=CARTESIAN_POINT('Ctrl Pts',(-1.77428608617294,-21.343642207552,88.7907830152423));
#3733=CARTESIAN_POINT('Ctrl Pts',(-1.03574610480603,-21.4334304465608,88.7842446936329));
#3734=CARTESIAN_POINT('Ctrl Pts',(-0.401585541961538,-21.4655730095856,
88.7788962176086));
#3735=CARTESIAN_POINT('Ctrl Pts',(0.109089841750901,-21.4701537384786,88.7749523477786));
#3736=CARTESIAN_POINT('Ctrl Pts',(0.281465159194645,-21.4716083144113,88.773657956119));
#3737=CARTESIAN_POINT('Ctrl Pts',(0.626420626787419,-21.4744113933538,88.771213830162));
#3738=CARTESIAN_POINT('Ctrl Pts',(1.23074279687396,-21.4789860912977,88.7672870139967));
#3739=CARTESIAN_POINT('Ctrl Pts',(3.13211228728868,-21.4913691646046,88.7570689189546));
#3740=CARTESIAN_POINT('Ctrl Pts',(5.54515866487695,-21.4992806302167,88.7511702216675));
#3741=CARTESIAN_POINT('Ctrl Pts',(7.61878566018326,-21.5002541412499,88.7499950261807));
#3742=CARTESIAN_POINT('Ctrl Pts',(9.87122987965295,-21.4995138594617,88.7500021225972));
#3743=CARTESIAN_POINT('Ctrl Pts',(11.4364578401506,-21.5,88.75));
#3744=CARTESIAN_POINT('Ctrl Pts',(13.,-21.5,88.75));
#3745=CARTESIAN_POINT('Ctrl Pts',(8.54071669284747E-16,2.10240209897434,
99.));
#3746=CARTESIAN_POINT('Ctrl Pts',(-1.70978360255468,2.10240209897434,99.));
#3747=CARTESIAN_POINT('Ctrl Pts',(-5.1590883435052,1.46740732599458,98.6932890522675));
#3748=CARTESIAN_POINT('Ctrl Pts',(-9.43349191893303,-1.20508429328078,97.3680793790971));
#3749=CARTESIAN_POINT('Ctrl Pts',(-12.1275389432004,-4.98151080136959,95.5186278012026));
#3750=CARTESIAN_POINT('Ctrl Pts',(-13.3973145598998,-10.6627535493525,92.8367926190469));
#3751=CARTESIAN_POINT('Ctrl Pts',(-11.1216633650647,-16.0826068530712,90.4657176003336));
#3752=CARTESIAN_POINT('Ctrl Pts',(-7.05580082841778,-18.9678594443929,89.2757621586024));
#3753=CARTESIAN_POINT('Ctrl Pts',(-4.43156036311119,-19.9812896232984,88.888050000027));
#3754=CARTESIAN_POINT('Ctrl Pts',(-3.04197658240652,-20.268659632,88.7975023496917));
#3755=CARTESIAN_POINT('Ctrl Pts',(-2.26086641158004,-20.3672602369938,88.7766754692306));
#3756=CARTESIAN_POINT('Ctrl Pts',(-2.05910458666677,-20.4052778967426,88.7770358513269));
#3757=CARTESIAN_POINT('Ctrl Pts',(-1.66723465784766,-20.4625528657963,88.7746692634083));
#3758=CARTESIAN_POINT('Ctrl Pts',(-0.972176871176461,-20.5452777426013,
88.7718425508304));
#3759=CARTESIAN_POINT('Ctrl Pts',(-0.375618257682019,-20.5745890249617,
88.7684416808172));
#3760=CARTESIAN_POINT('Ctrl Pts',(0.105396757354125,-20.5781475016139,88.7661078325144));
#3761=CARTESIAN_POINT('Ctrl Pts',(0.280681255961921,-20.5793352440917,88.7652317010052));
#3762=CARTESIAN_POINT('Ctrl Pts',(0.6241734332824,-20.5815901771827,88.7636483298944));
#3763=CARTESIAN_POINT('Ctrl Pts',(1.22956373038558,-20.5852918465176,88.7610973607244));
#3764=CARTESIAN_POINT('Ctrl Pts',(3.13056548005501,-20.595322733829,88.7546047478369));
#3765=CARTESIAN_POINT('Ctrl Pts',(5.54497703912307,-20.6017802888699,88.7510319561889));
#3766=CARTESIAN_POINT('Ctrl Pts',(7.61843296814657,-20.6025788901383,88.7501291414527));
#3767=CARTESIAN_POINT('Ctrl Pts',(9.8710659513652,-20.601994207307,88.7498817939722));
#3768=CARTESIAN_POINT('Ctrl Pts',(11.4364578401506,-20.6024020989743,88.75));
#3769=CARTESIAN_POINT('Ctrl Pts',(13.,-20.6024020989743,88.75));
#3770=CARTESIAN_POINT('Ctrl Pts',(1.3019731770618E-15,0.548379566878678,
98.2467246369118));
#3771=CARTESIAN_POINT('Ctrl Pts',(-1.49941182402614,0.548379566878678,98.2467246369118));
#3772=CARTESIAN_POINT('Ctrl Pts',(-4.52298914752449,0.00281393504156436,
97.9452090438047));
#3773=CARTESIAN_POINT('Ctrl Pts',(-8.25782985781107,-2.28930149961272,96.6447970075877));
#3774=CARTESIAN_POINT('Ctrl Pts',(-10.6071398737909,-5.51552531403658,94.8212070862656));
#3775=CARTESIAN_POINT('Ctrl Pts',(-11.7063175928171,-10.3385851232423,92.1597847247336));
#3776=CARTESIAN_POINT('Ctrl Pts',(-9.79825557210783,-14.9295812205931,89.7839027284135));
#3777=CARTESIAN_POINT('Ctrl Pts',(-6.29145575430265,-17.511057824745,88.55719626147));
#3778=CARTESIAN_POINT('Ctrl Pts',(-3.96993756942005,-18.4667726487007,88.1438611705076));
#3779=CARTESIAN_POINT('Ctrl Pts',(-2.72458983471715,-18.7599514790213,88.0400301289964));
#3780=CARTESIAN_POINT('Ctrl Pts',(-2.01918543319679,-18.86957431541,88.0124598082704));
#3781=CARTESIAN_POINT('Ctrl Pts',(-1.83951992466407,-18.8999561366033,88.0139805462933));
#3782=CARTESIAN_POINT('Ctrl Pts',(-1.48930987076502,-18.9490231592477,88.0123418476708));
#3783=CARTESIAN_POINT('Ctrl Pts',(-0.868761823682278,-19.0171110719895,
88.0114830396533));
#3784=CARTESIAN_POINT('Ctrl Pts',(-0.336035140636113,-19.0403378070547,
88.0091441430505));
#3785=CARTESIAN_POINT('Ctrl Pts',(0.0944597080322471,-19.0410682921952,
88.0076835188287));
#3786=CARTESIAN_POINT('Ctrl Pts',(0.2749589442329,-19.0414574517316,88.0070319109775));
#3787=CARTESIAN_POINT('Ctrl Pts',(0.616325343045751,-19.0421171791319,88.0059133543497));
#3788=CARTESIAN_POINT('Ctrl Pts',(1.22416911291058,-19.0432397205951,88.0041124572349));
#3789=CARTESIAN_POINT('Ctrl Pts',(3.12605187851422,-19.0462445753267,87.9997133319416));
#3790=CARTESIAN_POINT('Ctrl Pts',(5.54379304964566,-19.0481968255258,87.9975634906231));
#3791=CARTESIAN_POINT('Ctrl Pts',(7.61773437950276,-19.0484329418092,87.9968495346694));
#3792=CARTESIAN_POINT('Ctrl Pts',(9.87133022220409,-19.0482572049588,87.9964992880394));
#3793=CARTESIAN_POINT('Ctrl Pts',(11.4364578401506,-19.0483795668787,87.9967246369117));
#3794=CARTESIAN_POINT('Ctrl Pts',(13.,-19.0483795668787,87.9967246369117));
#3795=CARTESIAN_POINT('Ctrl Pts',(1.3390398443548E-15,-9.47041423369141E-15,
96.6731984257692));
#3796=CARTESIAN_POINT('Ctrl Pts',(-1.35364097557481,-9.79514141479734E-15,
96.6731984257692));
#3797=CARTESIAN_POINT('Ctrl Pts',(-4.07818099812489,-0.464880116125989,
96.3905464615706));
#3798=CARTESIAN_POINT('Ctrl Pts',(-7.51369490876703,-2.42844479278534,95.1546230539508));
#3799=CARTESIAN_POINT('Ctrl Pts',(-9.80195543909438,-5.26127612551227,93.3777618981227));
#3800=CARTESIAN_POINT('Ctrl Pts',(-11.113326326929,-9.63226963687686,90.709343228811));
#3801=CARTESIAN_POINT('Ctrl Pts',(-9.62160162008206,-14.1491829559408,88.2255971685636));
#3802=CARTESIAN_POINT('Ctrl Pts',(-6.22880763781179,-16.874033327166,86.9619261245036));
#3803=CARTESIAN_POINT('Ctrl Pts',(-3.91430247277904,-17.8982246056793,86.5606834088278));
#3804=CARTESIAN_POINT('Ctrl Pts',(-2.65684676419083,-18.2203890236295,86.4750587704584));
#3805=CARTESIAN_POINT('Ctrl Pts',(-1.94360375364056,-18.3423196426295,86.4610443838306));
#3806=CARTESIAN_POINT('Ctrl Pts',(-1.77417452362622,-18.3694385142645,86.4601316767757));
#3807=CARTESIAN_POINT('Ctrl Pts',(-1.4375236591271,-18.4159357423146,86.4569181978379));
#3808=CARTESIAN_POINT('Ctrl Pts',(-0.84416774979598,-18.4787310276452,86.451920022927));
#3809=CARTESIAN_POINT('Ctrl Pts',(-0.332697421674912,-18.500141617498,86.4473967695829));
#3810=CARTESIAN_POINT('Ctrl Pts',(0.080520002400926,-18.4999651246933,86.4441408937077));
#3811=CARTESIAN_POINT('Ctrl Pts',(0.263290975395868,-18.499978714605,86.443021859476));
#3812=CARTESIAN_POINT('Ctrl Pts',(0.604592302656158,-18.4999646492288,86.4409435581612));
#3813=CARTESIAN_POINT('Ctrl Pts',(1.21449177060024,-18.4999629533461,86.4376076334048));
#3814=CARTESIAN_POINT('Ctrl Pts',(3.11987228406902,-18.4999514852809,86.4290394366755));
#3815=CARTESIAN_POINT('Ctrl Pts',(5.54126371081245,-18.4999733809258,86.4242601026141));
#3816=CARTESIAN_POINT('Ctrl Pts',(7.61689430929162,-18.4999792281649,86.4232222462715));
#3817=CARTESIAN_POINT('Ctrl Pts',(9.87211004474765,-18.4999908208369,86.423128626789));
#3818=CARTESIAN_POINT('Ctrl Pts',(11.4364578401506,-18.5,86.4231984257692));
#3819=CARTESIAN_POINT('Ctrl Pts',(13.,-18.5,86.4231984257692));
#3820=CARTESIAN_POINT('Ctrl Pts',(1.27675647831893E-15,-9.43689570931383E-15,
96.));
#3821=CARTESIAN_POINT('Ctrl Pts',(-1.31735813458249,-9.83583675673206E-15,
96.));
#3822=CARTESIAN_POINT('Ctrl Pts',(-3.96465124242709,-0.439657434456732,
95.7254331781631));
#3823=CARTESIAN_POINT('Ctrl Pts',(-7.34343663390572,-2.30290838116606,94.5170307269083));
#3824=CARTESIAN_POINT('Ctrl Pts',(-9.66308544819493,-5.0330482387053,92.7601491918576));
#3825=CARTESIAN_POINT('Ctrl Pts',(-11.1182794063931,-9.32874878133879,90.088809618353));
#3826=CARTESIAN_POINT('Ctrl Pts',(-9.77307708426564,-13.9630136913048,87.5590826884298));
#3827=CARTESIAN_POINT('Ctrl Pts',(-6.33630682131236,-16.8144050777602,86.279688867552));
#3828=CARTESIAN_POINT('Ctrl Pts',(-3.96982021440747,-17.8817396041413,85.8834358861589));
#3829=CARTESIAN_POINT('Ctrl Pts',(-2.67987957295987,-18.2161536347094,85.805495361878));
#3830=CARTESIAN_POINT('Ctrl Pts',(-1.94856570350971,-18.3414435712243,85.7971735871405));
#3831=CARTESIAN_POINT('Ctrl Pts',(-1.78038630172816,-18.3684540454061,85.7952415347123));
#3832=CARTESIAN_POINT('Ctrl Pts',(-1.44309084275489,-18.4152447468437,85.7913689165889));
#3833=CARTESIAN_POINT('Ctrl Pts',(-0.850099063441285,-18.4782936024279,
85.7846366178045));
#3834=CARTESIAN_POINT('Ctrl Pts',(-0.337924557503213,-18.5000248117328,
85.7791945305713));
#3835=CARTESIAN_POINT('Ctrl Pts',(0.0756627533648761,-18.5000221426567,
85.7751848716588));
#3836=CARTESIAN_POINT('Ctrl Pts',(0.25864140081889,-18.5000219158642,85.7738698315561));
#3837=CARTESIAN_POINT('Ctrl Pts',(0.600295447742961,-18.5000213945457,85.7713889181997));
#3838=CARTESIAN_POINT('Ctrl Pts',(1.21078570972046,-18.5000200593376,85.7674081651136));
#3839=CARTESIAN_POINT('Ctrl Pts',(3.11771772289698,-18.5000135972052,85.7570802502359));
#3840=CARTESIAN_POINT('Ctrl Pts',(5.5402634272318,-18.5000058465325,85.7511753327979));
#3841=CARTESIAN_POINT('Ctrl Pts',(7.61664813793556,-18.5000039664954,85.749994884067));
#3842=CARTESIAN_POINT('Ctrl Pts',(9.87249361507893,-18.5000020674252,85.7500023574934));
#3843=CARTESIAN_POINT('Ctrl Pts',(11.4364578401506,-18.5,85.75));
#3844=CARTESIAN_POINT('Ctrl Pts',(13.,-18.5,85.75));
#3845=CARTESIAN_POINT('',(-7.50303985608269E-11,-18.5,85.7758501365074));
#3846=CARTESIAN_POINT('Ctrl Pts',(13.,-18.5,85.75));
#3847=CARTESIAN_POINT('Ctrl Pts',(11.4364578401506,-18.5,85.75));
#3848=CARTESIAN_POINT('Ctrl Pts',(9.87249361507893,-18.5000020674252,85.7500023574934));
#3849=CARTESIAN_POINT('Ctrl Pts',(7.61664813793556,-18.5000039664954,85.749994884067));
#3850=CARTESIAN_POINT('Ctrl Pts',(5.5402634272318,-18.5000058465325,85.7511753327979));
#3851=CARTESIAN_POINT('Ctrl Pts',(3.11771772289698,-18.5000135972052,85.7570802502359));
#3852=CARTESIAN_POINT('Ctrl Pts',(1.21078570972046,-18.5000200593376,85.7674081651136));
#3853=CARTESIAN_POINT('Ctrl Pts',(0.600295447742961,-18.5000213945457,85.7713889181997));
#3854=CARTESIAN_POINT('Ctrl Pts',(0.25864140081889,-18.5000219158642,85.7738698315561));
#3855=CARTESIAN_POINT('Ctrl Pts',(0.0756627533648761,-18.5000221426567,
85.7751848716588));
#3856=CARTESIAN_POINT('Ctrl Pts',(0.00390324924358342,-18.500022605755,
85.7758805678944));
#3857=CARTESIAN_POINT('Ctrl Pts',(0.00195191352001234,-18.5000221514769,
85.7758994960023));
#3858=CARTESIAN_POINT('Ctrl Pts',(6.52747240792754E-7,-18.5000212303511,
85.7759184335937));
#3859=CARTESIAN_POINT('',(5.70442137350215E-16,-3.17719223172032E-15,96.));
#3860=CARTESIAN_POINT('Ctrl Pts',(6.52747240792754E-7,-18.5000212303511,
85.7759184335937));
#3861=CARTESIAN_POINT('Ctrl Pts',(-0.341800876638669,-18.4998598771292,
85.7792357235228));
#3862=CARTESIAN_POINT('Ctrl Pts',(-0.852022508147026,-18.4780890953981,
85.7846584548769));
#3863=CARTESIAN_POINT('Ctrl Pts',(-1.44309084275489,-18.4152447468437,85.7913689165889));
#3864=CARTESIAN_POINT('Ctrl Pts',(-1.78038630172816,-18.3684540454061,85.7952415347123));
#3865=CARTESIAN_POINT('Ctrl Pts',(-1.94856570350971,-18.3414435712243,85.7971735871405));
#3866=CARTESIAN_POINT('Ctrl Pts',(-2.67987957295987,-18.2161536347094,85.805495361878));
#3867=CARTESIAN_POINT('Ctrl Pts',(-3.96982021440747,-17.8817396041413,85.8834358861589));
#3868=CARTESIAN_POINT('Ctrl Pts',(-6.33630682131236,-16.8144050777602,86.279688867552));
#3869=CARTESIAN_POINT('Ctrl Pts',(-9.77307708426564,-13.9630136913048,87.5590826884298));
#3870=CARTESIAN_POINT('Ctrl Pts',(-11.1182794063931,-9.32874878133879,90.088809618353));
#3871=CARTESIAN_POINT('Ctrl Pts',(-9.66308544819493,-5.0330482387053,92.7601491918576));
#3872=CARTESIAN_POINT('Ctrl Pts',(-7.34343663390572,-2.30290838116606,94.5170307269083));
#3873=CARTESIAN_POINT('Ctrl Pts',(-3.96465124242709,-0.439657434456732,
95.7254331781631));
#3874=CARTESIAN_POINT('Ctrl Pts',(-1.31735813458249,-9.83583675673206E-15,
96.));
#3875=CARTESIAN_POINT('Ctrl Pts',(1.27675647831893E-15,-9.43689570931383E-15,
96.));
#3876=CARTESIAN_POINT('',(-2.,-2.39026957646719E-15,96.8817703556787));
#3877=CARTESIAN_POINT('Ctrl Pts',(1.27675647831893E-15,-9.43689570931383E-15,
96.));
#3878=CARTESIAN_POINT('Ctrl Pts',(-0.00507103044403029,-9.43855716547389E-15,
96.0025261096038));
#3879=CARTESIAN_POINT('Ctrl Pts',(-0.010142842707906,4.99603688238905E-15,
96.00505061996));
#3880=CARTESIAN_POINT('Ctrl Pts',(-0.664775792389614,4.99174311108639E-15,
96.3306386132734));
#3881=CARTESIAN_POINT('Ctrl Pts',(-1.32423756634991,-6.10292567171656E-15,
96.6258634263386));
#3882=CARTESIAN_POINT('Ctrl Pts',(-2.,-6.10622663543836E-15,96.8817703556787));
#3883=CARTESIAN_POINT('',(-2.,1.58439857811349,98.6450090008075));
#3884=CARTESIAN_POINT('Ctrl Pts',(-2.,-6.10622663543836E-15,96.8817703556787));
#3885=CARTESIAN_POINT('Ctrl Pts',(-2.,0.0202547915830793,96.9401147841051));
#3886=CARTESIAN_POINT('Ctrl Pts',(-2.00000000038878,0.0423113450506624,
96.9979006098417));
#3887=CARTESIAN_POINT('Ctrl Pts',(-2.00000000038878,0.219938405083946,97.4237339497633));
#3888=CARTESIAN_POINT('Ctrl Pts',(-2.00000000005952,0.444944474179538,97.7588480136244));
#3889=CARTESIAN_POINT('Ctrl Pts',(-2.00000000005952,0.976648043895186,98.2903197007744));
#3890=CARTESIAN_POINT('Ctrl Pts',(-2.,1.26664119041864,98.4945459495889));
#3891=CARTESIAN_POINT('Ctrl Pts',(-2.,1.58439857811349,98.6450090008075));
#3892=CARTESIAN_POINT('',(7.17928512848586E-17,1.65968799410844,98.683945552142));
#3893=CARTESIAN_POINT('Ctrl Pts',(-1.99705571642601,1.58596104890042,98.6391604776128));
#3894=CARTESIAN_POINT('Ctrl Pts',(-1.78896514037439,1.6004019077828,98.6468718615858));
#3895=CARTESIAN_POINT('Ctrl Pts',(-1.58083026378557,1.61287855105288,98.6533974320049));
#3896=CARTESIAN_POINT('Ctrl Pts',(-1.37256841935827,1.62333132687316,98.6588099152523));
#3897=CARTESIAN_POINT('Ctrl Pts',(-1.24638717253606,1.62966443262945,98.6620892191806));
#3898=CARTESIAN_POINT('Ctrl Pts',(-1.12015918334563,1.63525420871185,98.6649589983831));
#3899=CARTESIAN_POINT('Ctrl Pts',(-0.99386534157951,1.6400837517084,98.6674268945522));
#3900=CARTESIAN_POINT('Ctrl Pts',(-0.787760689050725,1.64796530212493,98.6714543663219));
#3901=CARTESIAN_POINT('Ctrl Pts',(-0.581542208850857,1.65382062148968,98.6744126135413));
#3902=CARTESIAN_POINT('Ctrl Pts',(-0.375114760787062,1.65755873035236,98.6762971225887));
#3903=CARTESIAN_POINT('Ctrl Pts',(-0.329298797772566,1.6583883925848,98.6767153838113));
#3904=CARTESIAN_POINT('Ctrl Pts',(-0.283472551746075,1.6591136736225,98.6770805684251));
#3905=CARTESIAN_POINT('Ctrl Pts',(-0.237635006277994,1.65973342946732,98.6773923126262));
#3906=CARTESIAN_POINT('Ctrl Pts',(-0.201050355751444,1.66022807966648,98.6776411272723));
#3907=CARTESIAN_POINT('Ctrl Pts',(-0.163440084248201,1.6606830930852,98.6778697139298));
#3908=CARTESIAN_POINT('Ctrl Pts',(-0.126217348539909,1.66105229547239,98.6780550016864));
#3909=CARTESIAN_POINT('Ctrl Pts',(-0.0884000813359207,1.66142739485891,
98.6782432489086));
#3910=CARTESIAN_POINT('Ctrl Pts',(-0.0509828845883046,1.66171394777624,
98.6783868182681));
#3911=CARTESIAN_POINT('Ctrl Pts',(-0.0154467223962882,1.66191235145992,
98.6784859995093));
#3912=CARTESIAN_POINT('Ctrl Pts',(-0.0102561483837629,1.66194133120734,
98.678500486374));
#3913=CARTESIAN_POINT('Ctrl Pts',(-0.00510570346266311,1.66196851137657,
98.6785140668582));
#3914=CARTESIAN_POINT('Ctrl Pts',(9.71014794170606E-16,1.66199397383041,
98.6785267822646));
#3915=CARTESIAN_POINT('Ctrl Pts',(3.82466585781129E-16,1.66199397383042,
98.6785267822646));
#3916=CARTESIAN_POINT('Ctrl Pts',(2.43439590390618E-16,2.0762470558483,
98.8853959372162));
#3917=CARTESIAN_POINT('Ctrl Pts',(8.04396281396973E-17,2.5368475370216,
99.));
#3918=CARTESIAN_POINT('Ctrl Pts',(-9.18700834135855E-17,3.,99.));
#3919=CARTESIAN_POINT('Ctrl Pts',(0.,-3.09349975815155E-15,96.));
#3920=CARTESIAN_POINT('Ctrl Pts',(-2.21479806419915,-3.79147949600293E-15,
96.));
#3921=CARTESIAN_POINT('Ctrl Pts',(-6.63883804706941,-1.25722741804678,95.3310996415109));
#3922=CARTESIAN_POINT('Ctrl Pts',(-10.745464500602,-6.19696583295214,92.6973914833967));
#3923=CARTESIAN_POINT('Ctrl Pts',(-10.7438520912896,-12.3049090666768,89.4499107426794));
#3924=CARTESIAN_POINT('Ctrl Pts',(-6.63748853565112,-17.2428217988871,86.8533243905862));
#3925=CARTESIAN_POINT('Ctrl Pts',(-2.2141004841593,-18.5025431773351,86.2312181544363));
#3926=CARTESIAN_POINT('Ctrl Pts',(4.33359402487769,-18.4981760676996,86.3226063361824));
#3927=CARTESIAN_POINT('Ctrl Pts',(8.66666666666667,-18.5,86.3646791651718));
#3928=CARTESIAN_POINT('Ctrl Pts',(13.,-18.5,86.3705319318616));
#3929=CARTESIAN_POINT('Ctrl Pts',(0.,-2.59402844303333E-15,80.5));
#3930=CARTESIAN_POINT('Ctrl Pts',(-2.21479806419915,-5.80340393718748E-15,
80.4997012808683));
#3931=CARTESIAN_POINT('Ctrl Pts',(-6.63883804706941,-1.25722741804679,79.9893135667074));
#3932=CARTESIAN_POINT('Ctrl Pts',(-10.745464500602,-6.19696583295214,77.9541420818298));
#3933=CARTESIAN_POINT('Ctrl Pts',(-10.7438520912896,-12.3049090666768,75.4842936928284));
#3934=CARTESIAN_POINT('Ctrl Pts',(-6.63748853565111,-17.2428217988871,73.6352061145111));
#3935=CARTESIAN_POINT('Ctrl Pts',(-2.2141004841593,-18.5025431773351,73.3698765602019));
#3936=CARTESIAN_POINT('Ctrl Pts',(4.33359402487769,-18.4981760676996,73.8276299066955));
#3937=CARTESIAN_POINT('Ctrl Pts',(8.66666666666667,-18.5,74.047454714425));
#3938=CARTESIAN_POINT('Ctrl Pts',(13.,-18.5,74.0773250422372));
#3939=CARTESIAN_POINT('Ctrl Pts',(0.,-2.09455712791511E-15,65.));
#3940=CARTESIAN_POINT('Ctrl Pts',(-2.21479806419915,-8.12550413853713E-15,
65.));
#3941=CARTESIAN_POINT('Ctrl Pts',(-6.63883804706941,-1.2572274180468,64.872912475408));
#3942=CARTESIAN_POINT('Ctrl Pts',(-10.745464500602,-6.19696583295216,64.4083101478751));
#3943=CARTESIAN_POINT('Ctrl Pts',(-10.7438520912896,-12.3049090666768,63.7770283128291));
#3944=CARTESIAN_POINT('Ctrl Pts',(-6.63748853565109,-17.2428217988871,63.086358503401));
#3945=CARTESIAN_POINT('Ctrl Pts',(-2.21410048415927,-18.5025431773351,62.6578476696154));
#3946=CARTESIAN_POINT('Ctrl Pts',(4.3335940248777,-18.4981760676996,62.1008670280211));
#3947=CARTESIAN_POINT('Ctrl Pts',(8.66666666666667,-18.5,61.8312913342424));
#3948=CARTESIAN_POINT('Ctrl Pts',(13.,-18.5,61.7946610875462));
#3949=CARTESIAN_POINT('Ctrl Pts',(0.,-1.59508581279689E-15,49.5));
#3950=CARTESIAN_POINT('Ctrl Pts',(-2.21479806419915,-1.02662729949375E-14,
49.5));
#3951=CARTESIAN_POINT('Ctrl Pts',(-6.63883804706941,-1.2572274180468,49.5));
#3952=CARTESIAN_POINT('Ctrl Pts',(-10.745464500602,-6.19696583295216,49.5));
#3953=CARTESIAN_POINT('Ctrl Pts',(-10.7438520912896,-12.3049090666768,49.5));
#3954=CARTESIAN_POINT('Ctrl Pts',(-6.63748853565109,-17.2428217988871,49.5));
#3955=CARTESIAN_POINT('Ctrl Pts',(-2.21410048415927,-18.5025431773351,49.5));
#3956=CARTESIAN_POINT('Ctrl Pts',(4.3335940248777,-18.4981760676996,49.5));
#3957=CARTESIAN_POINT('Ctrl Pts',(8.66666666666667,-18.5,49.5));
#3958=CARTESIAN_POINT('Ctrl Pts',(13.,-18.5,49.5));
#3959=CARTESIAN_POINT('',(-2.,-0.1669388535354,49.5));
#3960=CARTESIAN_POINT('Ctrl Pts',(-1.9995492099489,-0.169590407454566,49.5));
#3961=CARTESIAN_POINT('Ctrl Pts',(-3.51575570198659,-0.427360276767942,
49.5));
#3962=CARTESIAN_POINT('Ctrl Pts',(-7.05333728069527,-1.75581617708263,49.5));
#3963=CARTESIAN_POINT('Ctrl Pts',(-10.745464500602,-6.19696583295216,49.5));
#3964=CARTESIAN_POINT('Ctrl Pts',(-10.7438520912896,-12.3049090666768,49.5));
#3965=CARTESIAN_POINT('Ctrl Pts',(-6.63748853565109,-17.2428217988871,49.5));
#3966=CARTESIAN_POINT('Ctrl Pts',(-2.21410048415927,-18.5025431773351,49.5));
#3967=CARTESIAN_POINT('Ctrl Pts',(4.3335940248777,-18.4981760676996,49.5));
#3968=CARTESIAN_POINT('Ctrl Pts',(8.66666666666667,-18.5,49.5));
#3969=CARTESIAN_POINT('Ctrl Pts',(13.,-18.5,49.5));
#3970=CARTESIAN_POINT('',(-2.,-0.166938853535397,75.));
#3971=CARTESIAN_POINT('Ctrl Pts',(-2.,-0.1669388535354,49.5));
#3972=CARTESIAN_POINT('Ctrl Pts',(-2.,-0.166938853535399,58.));
#3973=CARTESIAN_POINT('Ctrl Pts',(-2.,-0.166938853535398,66.5));
#3974=CARTESIAN_POINT('Ctrl Pts',(-2.,-0.166938853535397,75.));
#3975=CARTESIAN_POINT('',(0.,-2.43049186727688E-15,75.));
#3976=CARTESIAN_POINT('Ctrl Pts',(-2.,-0.166938853535397,75.));
#3977=CARTESIAN_POINT('Ctrl Pts',(-1.3395803219973,-0.0556760022593113,
75.));
#3978=CARTESIAN_POINT('Ctrl Pts',(-0.669863318610134,-3.73132901302696E-15,
75.));
#3979=CARTESIAN_POINT('Ctrl Pts',(-4.16333634234434E-16,-2.41126563160776E-15,
75.));
#3980=CARTESIAN_POINT('',(0.,-2.44902064186998E-15,76.));
#3981=CARTESIAN_POINT('',(0.,-3.19017162559378E-15,99.));
#3982=CARTESIAN_POINT('',(-3.5,-0.521327815289102,76.));
#3983=CARTESIAN_POINT('Ctrl Pts',(-2.77555756156289E-16,-2.39391839684799E-15,
76.));
#3984=CARTESIAN_POINT('Ctrl Pts',(-1.18476141259369,-4.62844091364849E-15,
76.));
#3985=CARTESIAN_POINT('Ctrl Pts',(-2.3685017861264,-0.174186618839477,76.));
#3986=CARTESIAN_POINT('Ctrl Pts',(-3.5,-0.521327815289102,76.));
#3987=CARTESIAN_POINT('',(-3.5,-0.521327815289099,93.));
#3988=CARTESIAN_POINT('Ctrl Pts',(-3.5,-0.521327815289102,76.));
#3989=CARTESIAN_POINT('Ctrl Pts',(-3.5,-0.5213278152891,81.6666666666667));
#3990=CARTESIAN_POINT('Ctrl Pts',(-3.5,-0.5213278152891,87.3333333333333));
#3991=CARTESIAN_POINT('Ctrl Pts',(-3.5,-0.521327815289099,93.));
#3992=CARTESIAN_POINT('',(0.,-2.99682789070931E-15,93.));
#3993=CARTESIAN_POINT('Ctrl Pts',(-3.5,-0.521327815289097,93.0000000000001));
#3994=CARTESIAN_POINT('Ctrl Pts',(-2.36850178612639,-0.174186618839474,
93.0000000000001));
#3995=CARTESIAN_POINT('Ctrl Pts',(-1.18476141259369,-3.60489387408923E-15,
93.0000000000001));
#3996=CARTESIAN_POINT('Ctrl Pts',(5.55111512312578E-16,-2.91433543964104E-15,
93.0000000000001));
#3997=CARTESIAN_POINT('',(0.,-3.19017162559378E-15,99.));
#3998=CARTESIAN_POINT('Ctrl Pts',(-2.,-0.1669388535354,49.5));
#3999=CARTESIAN_POINT('Ctrl Pts',(-2.,-0.166938853535401,40.9999999999999));
#4000=CARTESIAN_POINT('Ctrl Pts',(-2.,-0.166938853535398,32.5));
#4001=CARTESIAN_POINT('Ctrl Pts',(-2.,-0.166938853535397,24.));
#4002=CARTESIAN_POINT('Ctrl Pts',(-1.95538528316748,-0.430440421674648,
49.5));
#4003=CARTESIAN_POINT('Ctrl Pts',(-1.95538528316748,-0.430440421674649,
40.9999999999999));
#4004=CARTESIAN_POINT('Ctrl Pts',(-1.95538528316749,-0.430440421674647,
32.5));
#4005=CARTESIAN_POINT('Ctrl Pts',(-1.95538528316749,-0.430440421674646,
24.));
#4006=CARTESIAN_POINT('Ctrl Pts',(-1.68270214114657,-0.85534553687862,49.5));
#4007=CARTESIAN_POINT('Ctrl Pts',(-1.68270214114657,-0.85534553687862,41.));
#4008=CARTESIAN_POINT('Ctrl Pts',(-1.68270214114657,-0.855345536878619,
32.5));
#4009=CARTESIAN_POINT('Ctrl Pts',(-1.68270214114657,-0.855345536878619,
24.));
#4010=CARTESIAN_POINT('Ctrl Pts',(-1.2144716341901,-1.,49.5));
#4011=CARTESIAN_POINT('Ctrl Pts',(-1.2144716341901,-1.,40.9999999999999));
#4012=CARTESIAN_POINT('Ctrl Pts',(-1.2144716341901,-1.,32.5));
#4013=CARTESIAN_POINT('Ctrl Pts',(-1.2144716341901,-1.,24.));
#4014=CARTESIAN_POINT('Ctrl Pts',(-1.01403274943825,-1.,49.5));
#4015=CARTESIAN_POINT('Ctrl Pts',(-1.01403274943825,-1.,40.9999999999999));
#4016=CARTESIAN_POINT('Ctrl Pts',(-1.01403274943825,-1.,32.5));
#4017=CARTESIAN_POINT('Ctrl Pts',(-1.01403274943825,-1.,24.));
#4018=CARTESIAN_POINT('',(-1.88005815322269,-0.500000000000002,24.));
#4019=CARTESIAN_POINT('',(-1.01403274943825,-1.,24.5));
#4020=CARTESIAN_POINT('Ctrl Pts',(-1.88005815322269,-0.500000000000002,
24.));
#4021=CARTESIAN_POINT('Ctrl Pts',(-1.84850249635625,-0.554656000958893,
24.));
#4022=CARTESIAN_POINT('Ctrl Pts',(-1.81193511238893,-0.605931028637182,
24.0088944945372));
#4023=CARTESIAN_POINT('Ctrl Pts',(-1.71056095833307,-0.723618998406012,
24.0466234760437));
#4024=CARTESIAN_POINT('Ctrl Pts',(-1.64155274210639,-0.783435859689915,
24.083079400294));
#4025=CARTESIAN_POINT('Ctrl Pts',(-1.48555373624473,-0.887581204615987,
24.1754084834743));
#4026=CARTESIAN_POINT('Ctrl Pts',(-1.39643634333529,-0.928794102590687,
24.2341380648781));
#4027=CARTESIAN_POINT('Ctrl Pts',(-1.21185702399784,-0.985195227960881,
24.3601114021962));
#4028=CARTESIAN_POINT('Ctrl Pts',(-1.11487029687055,-0.999559099818937,
24.4286976052322));
#4029=CARTESIAN_POINT('Ctrl Pts',(-1.01701373978107,-0.999996667641771,
24.4978921215139));
#4030=CARTESIAN_POINT('Ctrl Pts',(-1.01552324336787,-1.,24.4989460616351));
#4031=CARTESIAN_POINT('Ctrl Pts',(-1.01403274943825,-1.,24.5));
#4032=CARTESIAN_POINT('',(-1.01403274943825,-1.,49.5));
#4033=CARTESIAN_POINT('Ctrl Pts',(-1.01403274943825,-1.,24.5));
#4034=CARTESIAN_POINT('Ctrl Pts',(-1.01403274943825,-1.,32.8333333333333));
#4035=CARTESIAN_POINT('Ctrl Pts',(-1.01403274943825,-1.,41.1666666666666));
#4036=CARTESIAN_POINT('Ctrl Pts',(-1.01403274943825,-1.,49.5));
#4037=CARTESIAN_POINT('Origin',(-1.01403274943825,-2.20565103440642E-15,
49.5));
#4038=CARTESIAN_POINT('',(-2.,-0.166938853535397,24.));
#4039=CARTESIAN_POINT('Ctrl Pts',(-2.,-0.166938853535397,24.));
#4040=CARTESIAN_POINT('Ctrl Pts',(-2.,-0.166938853535398,32.5));
#4041=CARTESIAN_POINT('Ctrl Pts',(-2.,-0.166938853535399,41.));
#4042=CARTESIAN_POINT('Ctrl Pts',(-2.,-0.1669388535354,49.5000000000001));
#4043=CARTESIAN_POINT('Ctrl Pts',(-2.,-0.166938853535397,24.));
#4044=CARTESIAN_POINT('Ctrl Pts',(-1.98019710707193,-0.283897868647607,
24.));
#4045=CARTESIAN_POINT('Ctrl Pts',(-1.93848522849909,-0.396778924183972,
24.));
#4046=CARTESIAN_POINT('Ctrl Pts',(-1.87900521917345,-0.499389649308185,
24.));
#4047=CARTESIAN_POINT('Ctrl Pts',(-2.,-0.166938853535397,75.));
#4048=CARTESIAN_POINT('Ctrl Pts',(-2.,-0.166938853535398,66.5));
#4049=CARTESIAN_POINT('Ctrl Pts',(-2.,-0.166938853535399,58.));
#4050=CARTESIAN_POINT('Ctrl Pts',(-2.,-0.1669388535354,49.5));
#4051=CARTESIAN_POINT('Ctrl Pts',(-1.95538528316749,-0.430440421674646,
75.));
#4052=CARTESIAN_POINT('Ctrl Pts',(-1.95538528316749,-0.430440421674646,
66.5));
#4053=CARTESIAN_POINT('Ctrl Pts',(-1.95538528316748,-0.430440421674648,
58.));
#4054=CARTESIAN_POINT('Ctrl Pts',(-1.95538528316748,-0.430440421674648,
49.5));
#4055=CARTESIAN_POINT('Ctrl Pts',(-1.68267377174259,-0.855305932302897,
75.));
#4056=CARTESIAN_POINT('Ctrl Pts',(-1.68267377174259,-0.855305932302897,
66.5));
#4057=CARTESIAN_POINT('Ctrl Pts',(-1.68267377174259,-0.855305932302898,
58.));
#4058=CARTESIAN_POINT('Ctrl Pts',(-1.68267377174259,-0.855305932302898,
49.5));
#4059=CARTESIAN_POINT('Ctrl Pts',(-1.2144716341901,-1.,75.));
#4060=CARTESIAN_POINT('Ctrl Pts',(-1.2144716341901,-1.,66.5));
#4061=CARTESIAN_POINT('Ctrl Pts',(-1.2144716341901,-1.,58.));
#4062=CARTESIAN_POINT('Ctrl Pts',(-1.2144716341901,-1.,49.5));
#4063=CARTESIAN_POINT('Ctrl Pts',(-1.01403274943825,-1.,75.));
#4064=CARTESIAN_POINT('Ctrl Pts',(-1.01403274943825,-1.,66.5));
#4065=CARTESIAN_POINT('Ctrl Pts',(-1.01403274943825,-1.,58.));
#4066=CARTESIAN_POINT('Ctrl Pts',(-1.01403274943825,-1.,49.5));
#4067=CARTESIAN_POINT('',(-1.88005815322269,-0.500000000000002,75.));
#4068=CARTESIAN_POINT('Ctrl Pts',(-1.87899679517678,-0.499383757396612,
75.));
#4069=CARTESIAN_POINT('Ctrl Pts',(-1.93848115558774,-0.396776844150807,
75.));
#4070=CARTESIAN_POINT('Ctrl Pts',(-1.98019689841704,-0.283899100996315,
75.));
#4071=CARTESIAN_POINT('Ctrl Pts',(-2.,-0.166938853535397,75.));
#4072=CARTESIAN_POINT('',(-1.01403274943825,-1.,74.5));
#4073=CARTESIAN_POINT('Ctrl Pts',(-1.01403274943825,-1.,49.5));
#4074=CARTESIAN_POINT('Ctrl Pts',(-1.01403274943825,-1.,57.8333333333333));
#4075=CARTESIAN_POINT('Ctrl Pts',(-1.01403274943825,-1.,66.1666666666667));
#4076=CARTESIAN_POINT('Ctrl Pts',(-1.01403274943825,-1.,74.5));
#4077=CARTESIAN_POINT('Ctrl Pts',(-1.01403274943825,-1.,74.5));
#4078=CARTESIAN_POINT('Ctrl Pts',(-1.01552233072632,-1.,74.50105329303));
#4079=CARTESIAN_POINT('Ctrl Pts',(-1.01701191449329,-0.999996671721382,
74.5021065878127));
#4080=CARTESIAN_POINT('Ctrl Pts',(-1.12201366802974,-0.999527441484769,
74.5763534837548));
#4081=CARTESIAN_POINT('Ctrl Pts',(-1.22629131584341,-0.98298859894832,74.6501072624461));
#4082=CARTESIAN_POINT('Ctrl Pts',(-1.4232791610619,-0.918000701352894,74.7837510562151));
#4083=CARTESIAN_POINT('Ctrl Pts',(-1.51787693978251,-0.870610934441618,
74.8453531114208));
#4084=CARTESIAN_POINT('Ctrl Pts',(-1.67298947177489,-0.756817489174883,
74.9335473851218));
#4085=CARTESIAN_POINT('Ctrl Pts',(-1.73691309004298,-0.696777550537787,
74.9653007601477));
#4086=CARTESIAN_POINT('Ctrl Pts',(-1.82507278791494,-0.587199992453779,
74.9940409471409));
#4087=CARTESIAN_POINT('Ctrl Pts',(-1.85426947895744,-0.544667294087256,
75.));
#4088=CARTESIAN_POINT('Ctrl Pts',(-1.88005815322269,-0.500000000000003,
75.));
#4089=CARTESIAN_POINT('Origin',(0.,-1.,75.));
#4090=CARTESIAN_POINT('',(8.,-0.500000000000002,75.));
#4091=CARTESIAN_POINT('',(0.,-0.500000000000002,75.));
#4092=CARTESIAN_POINT('',(8.,-2.4980018054066E-15,75.));
#4093=CARTESIAN_POINT('',(8.,-1.,75.));
#4094=CARTESIAN_POINT('',(0.,-2.43049186727688E-15,75.));
#4095=CARTESIAN_POINT('Origin',(0.,-0.500000000000002,74.5));
#4096=CARTESIAN_POINT('',(8.,-1.,74.5));
#4097=CARTESIAN_POINT('',(0.,-1.,74.5));
#4098=CARTESIAN_POINT('Origin',(8.,-0.500000000000002,74.5));
#4099=CARTESIAN_POINT('Origin',(8.,-0.500000000000002,49.5));
#4100=CARTESIAN_POINT('',(8.,-1.,24.5));
#4101=CARTESIAN_POINT('',(8.,-1.,24.));
#4102=CARTESIAN_POINT('',(8.,-0.500000000000002,24.));
#4103=CARTESIAN_POINT('Origin',(8.,-0.500000000000002,24.5));
#4104=CARTESIAN_POINT('',(8.,-2.4980018054066E-15,24.));
#4105=CARTESIAN_POINT('',(8.,-2.43049186727688E-15,24.));
#4106=CARTESIAN_POINT('',(8.,-2.43049186727688E-15,75.));
#4107=CARTESIAN_POINT('Origin',(0.,-0.500000000000002,24.5));
#4108=CARTESIAN_POINT('',(0.,-0.500000000000002,24.));
#4109=CARTESIAN_POINT('',(0.,-1.,24.5));
#4110=CARTESIAN_POINT('Origin',(0.,-2.43049186727688E-15,24.));
#4111=CARTESIAN_POINT('',(0.,-2.43049186727688E-15,24.));
#4112=CARTESIAN_POINT('Ctrl Pts',(1.38777878078145E-16,-2.33320307518881E-15,
24.));
#4113=CARTESIAN_POINT('Ctrl Pts',(-0.669863318610135,-3.6717187513271E-15,
24.));
#4114=CARTESIAN_POINT('Ctrl Pts',(-1.3395803219973,-0.0556760022593117,
24.));
#4115=CARTESIAN_POINT('Ctrl Pts',(-2.,-0.166938853535397,24.));
#4116=CARTESIAN_POINT('',(0.,-2.43049186727688E-15,24.));
#4117=CARTESIAN_POINT('Ctrl Pts',(-1.5,25.0800000002012,100.));
#4118=CARTESIAN_POINT('Ctrl Pts',(-1.5,25.8800000002012,100.));
#4119=CARTESIAN_POINT('Ctrl Pts',(-1.5,25.8800000002012,99.2000000000001));
#4120=CARTESIAN_POINT('Ctrl Pts',(-2.00000000000001,25.0800000002012,100.));
#4121=CARTESIAN_POINT('Ctrl Pts',(-2.00000000000001,25.8800000002012,100.));
#4122=CARTESIAN_POINT('Ctrl Pts',(-2.00000000000001,25.8800000002012,99.2000000000001));
#4123=CARTESIAN_POINT('Ctrl Pts',(-2.00000000000001,25.0800000002012,99.5000000000001));
#4124=CARTESIAN_POINT('Ctrl Pts',(-2.00000000000001,25.3800000002012,99.5000000000001));
#4125=CARTESIAN_POINT('Ctrl Pts',(-2.00000000000001,25.3800000002012,99.2000000000001));
#4126=CARTESIAN_POINT('',(-1.5,25.0800000002012,100.));
#4127=CARTESIAN_POINT('',(-2.,25.0800000002012,99.5000000000001));
#4128=CARTESIAN_POINT('Origin',(-1.5,25.0800000002012,99.5000000000001));
#4129=CARTESIAN_POINT('',(-1.5,25.8800000002012,99.2000000000001));
#4130=CARTESIAN_POINT('Origin',(-1.5,25.0800000002012,99.2000000000001));
#4131=CARTESIAN_POINT('',(-2.,25.3800000002012,99.2000000000001));
#4132=CARTESIAN_POINT('Origin',(-1.5,25.3800000002012,99.2000000000001));
#4133=CARTESIAN_POINT('Origin',(-2.,25.0800000002012,99.2000000000001));
#4134=CARTESIAN_POINT('Origin',(0.,25.0800000002012,99.2000000000001));
#4135=CARTESIAN_POINT('',(8.,25.0800000002012,100.));
#4136=CARTESIAN_POINT('',(8.,25.8800000002012,99.2000000000001));
#4137=CARTESIAN_POINT('Origin',(8.,25.0800000002012,99.2000000000001));
#4138=CARTESIAN_POINT('',(0.,25.8800000002012,99.2000000000001));
#4139=CARTESIAN_POINT('',(0.,25.0800000002012,100.));
#4140=CARTESIAN_POINT('Origin',(0.,0.800000000000001,-0.200000000000066));
#4141=CARTESIAN_POINT('',(-1.5,0.800000000000001,-1.00000000000007));
#4142=CARTESIAN_POINT('',(8.,0.800000000000001,-1.00000000000007));
#4143=CARTESIAN_POINT('',(0.,0.800000000000001,-1.00000000000007));
#4144=CARTESIAN_POINT('',(8.,-1.13800414224005E-15,-0.200000000000066));
#4145=CARTESIAN_POINT('Origin',(8.,0.800000000000001,-0.200000000000066));
#4146=CARTESIAN_POINT('',(-2.,-1.13800414224005E-15,-0.200000000000066));
#4147=CARTESIAN_POINT('',(0.,-1.11022302462516E-15,-0.200000000000066));
#4148=CARTESIAN_POINT('',(-2.,0.0583801512904336,-0.500000000000066));
#4149=CARTESIAN_POINT('Origin',(-2.,0.800000000000001,-0.200000000000066));
#4150=CARTESIAN_POINT('Ctrl Pts',(-2.,0.0583801512904343,-0.500000000000066));
#4151=CARTESIAN_POINT('Ctrl Pts',(-2.,0.0816584878208353,-0.557545588053021));
#4152=CARTESIAN_POINT('Ctrl Pts',(-1.9901485709966,0.111338075544226,-0.611509145048853));
#4153=CARTESIAN_POINT('Ctrl Pts',(-1.9518028969782,0.190968296596611,-0.724615923158236));
#4154=CARTESIAN_POINT('Ctrl Pts',(-1.91889172796181,0.243626348396611,-0.779342733854431));
#4155=CARTESIAN_POINT('Ctrl Pts',(-1.83080133803845,0.37262165378963,-0.882672092635379));
#4156=CARTESIAN_POINT('Ctrl Pts',(-1.77132608224099,0.452174320949208,-0.925534499069775));
#4157=CARTESIAN_POINT('Ctrl Pts',(-1.64318980151054,0.618891339768357,-0.984516296359084));
#4158=CARTESIAN_POINT('Ctrl Pts',(-1.57289051154702,0.70779948462235,-0.999550229597658));
#4159=CARTESIAN_POINT('Ctrl Pts',(-1.50210227324308,0.797340811315067,-0.999996685341813));
#4160=CARTESIAN_POINT('Ctrl Pts',(-1.5010511356164,0.798670406928984,-1.00000000000007));
#4161=CARTESIAN_POINT('Ctrl Pts',(-1.5,0.800000000000001,-1.00000000000007));
#4162=CARTESIAN_POINT('Ctrl Pts',(-1.5,25.8800000002012,-0.200000000000067));
#4163=CARTESIAN_POINT('Ctrl Pts',(-1.5,25.8800000002012,-1.00000000000007));
#4164=CARTESIAN_POINT('Ctrl Pts',(-1.5,25.0800000002012,-1.00000000000007));
#4165=CARTESIAN_POINT('Ctrl Pts',(-2.,25.8800000002012,-0.200000000000067));
#4166=CARTESIAN_POINT('Ctrl Pts',(-2.,25.8800000002012,-1.00000000000007));
#4167=CARTESIAN_POINT('Ctrl Pts',(-2.,25.0800000002012,-1.00000000000007));
#4168=CARTESIAN_POINT('Ctrl Pts',(-2.,25.3800000002012,-0.200000000000067));
#4169=CARTESIAN_POINT('Ctrl Pts',(-2.,25.3800000002012,-0.500000000000069));
#4170=CARTESIAN_POINT('Ctrl Pts',(-2.,25.0800000002012,-0.500000000000069));
#4171=CARTESIAN_POINT('',(-1.5,25.8800000002012,-0.200000000000067));
#4172=CARTESIAN_POINT('',(-2.,25.3800000002012,-0.200000000000067));
#4173=CARTESIAN_POINT('Origin',(-1.5,25.3800000002012,-0.200000000000067));
#4174=CARTESIAN_POINT('',(-1.5,25.0800000002012,-1.00000000000007));
#4175=CARTESIAN_POINT('Origin',(-1.5,25.0800000002012,-0.200000000000067));
#4176=CARTESIAN_POINT('',(-2.,25.0800000002012,-0.50000000000007));
#4177=CARTESIAN_POINT('Origin',(-1.5,25.0800000002012,-0.50000000000007));
#4178=CARTESIAN_POINT('Origin',(-2.,25.0800000002012,-0.200000000000067));
#4179=CARTESIAN_POINT('Origin',(0.,25.0800000002012,-0.200000000000067));
#4180=CARTESIAN_POINT('',(8.,25.8800000002012,-0.200000000000067));
#4181=CARTESIAN_POINT('',(8.,25.0800000002012,-1.00000000000007));
#4182=CARTESIAN_POINT('Origin',(8.,25.0800000002012,-0.200000000000067));
#4183=CARTESIAN_POINT('',(0.,25.0800000002012,-1.00000000000007));
#4184=CARTESIAN_POINT('',(0.,25.8800000002012,-0.200000000000067));
#4185=CARTESIAN_POINT('Origin',(-1.5,19.4099996470207,-0.500000000000069));
#4186=CARTESIAN_POINT('',(-2.,19.4099996470207,-0.500000000000069));
#4187=CARTESIAN_POINT('',(-1.5,19.4099996470207,-1.00000000000007));
#4188=CARTESIAN_POINT('Origin',(-1.5,25.3800000002012,74.7500000000001));
#4189=CARTESIAN_POINT('',(-2.,25.3800000002012,74.7500000000001));
#4190=CARTESIAN_POINT('',(-1.5,25.8800000002012,74.7500000000001));
#4191=CARTESIAN_POINT('Origin',(-1.5,6.46999964692005,99.5000000000001));
#4192=CARTESIAN_POINT('',(-2.,-2.42404232773079E-15,99.5000000000001));
#4193=CARTESIAN_POINT('',(-1.5,-2.43049186727688E-15,100.));
#4194=CARTESIAN_POINT('Origin',(-1.5,-2.22044604925031E-15,99.5000000000001));
#4195=CARTESIAN_POINT('',(-1.5,6.46999964692005,100.));
#4196=CARTESIAN_POINT('',(-2.,6.46999964692005,99.5000000000001));
#4197=CARTESIAN_POINT('Origin',(0.,25.8800000002012,-1.00000000000007));
#4198=CARTESIAN_POINT('',(8.,25.8800000002012,-1.00000000000007));
#4199=CARTESIAN_POINT('Origin',(0.,25.8800000002012,100.));
#4200=CARTESIAN_POINT('',(8.,25.8800000002012,100.));
#4201=CARTESIAN_POINT('Origin',(0.,-2.43049186727688E-15,100.));
#4202=CARTESIAN_POINT('',(8.,-2.43049186727688E-15,100.));
#4203=CARTESIAN_POINT('',(0.,-2.43049186727688E-15,100.));
#4204=CARTESIAN_POINT('',(8.,-2.43049186727688E-15,100.));
#4205=CARTESIAN_POINT('Origin',(0.,-2.37889555090815E-15,96.));
#4206=CARTESIAN_POINT('',(-2.,-1.1276848789663E-15,-1.00000000000007));
#4207=CARTESIAN_POINT('',(0.,-2.22044604925031E-15,99.));
#4208=CARTESIAN_POINT('',(0.,-1.1276848789663E-15,-1.00000000000007));
#4209=CARTESIAN_POINT('',(8.,-2.22044604925031E-15,99.));
#4210=CARTESIAN_POINT('',(0.,-2.22044604925031E-15,99.));
#4211=CARTESIAN_POINT('',(8.,-1.1276848789663E-15,-1.00000000000007));
#4212=CARTESIAN_POINT('Origin',(0.,-2.43049186727688E-15,24.));
#4213=CARTESIAN_POINT('',(0.,-2.22044604925031E-15,49.125));
#4214=CARTESIAN_POINT('Origin',(0.,24.8800000001998,99.));
#4215=CARTESIAN_POINT('',(0.,24.8800000001998,99.));
#4216=CARTESIAN_POINT('',(0.,24.8800000002202,86.6250000000102));
#4217=CARTESIAN_POINT('',(0.,24.88,0.));
#4218=CARTESIAN_POINT('',(2.96658681666702E-8,24.880000000208,3.00000000000003));
#4219=CARTESIAN_POINT('',(0.,24.88,99.));
#4220=CARTESIAN_POINT('',(0.,24.8800000002012,-7.12242764316678E-14));
#4221=CARTESIAN_POINT('',(0.,24.8800000002202,86.6250000000102));
#4222=CARTESIAN_POINT('',(8.,24.8800000002012,-7.12242764316678E-14));
#4223=CARTESIAN_POINT('',(0.,24.8800000002012,-7.12242764316678E-14));
#4224=CARTESIAN_POINT('',(8.,24.8800000001998,99.));
#4225=CARTESIAN_POINT('',(8.,24.8800000001998,99.));
#4226=CARTESIAN_POINT('',(0.,24.8800000001998,99.));
#4227=CARTESIAN_POINT('Origin',(0.,-2.22044604925031E-15,99.));
#4228=CARTESIAN_POINT('',(0.,6.22,99.));
#4229=CARTESIAN_POINT('',(8.,3.,99.));
#4230=CARTESIAN_POINT('',(0.,6.22,99.));
#4231=CARTESIAN_POINT('',(0.,24.88,99.));
#4232=CARTESIAN_POINT('Origin',(0.,24.8800000002012,-7.12183849310318E-14));
#4233=CARTESIAN_POINT('',(0.,0.,0.));
#4234=CARTESIAN_POINT('',(4.89199273238726E-15,3.,3.59758407310121E-14));
#4235=CARTESIAN_POINT('',(0.,18.6600000001006,-7.105427357601E-14));
#4236=CARTESIAN_POINT('',(8.,0.,0.));
#4237=CARTESIAN_POINT('',(0.,0.,0.));
#4238=CARTESIAN_POINT('',(8.,3.,-7.04991620636974E-14));
#4239=CARTESIAN_POINT('',(5.54701917145056E-16,21.88,3.55709826782673E-14));
#4240=CARTESIAN_POINT('',(0.,18.6600000001006,-7.105427357601E-14));
#4241=CARTESIAN_POINT('',(0.,24.88,3.5527136788005E-14));
#4242=CARTESIAN_POINT('Origin',(8.,12.9400000001006,49.5));
#4243=CARTESIAN_POINT('',(8.,-1.1276848789663E-15,-1.00000000000007));
#4244=CARTESIAN_POINT('Origin',(0.,12.44,74.25));
#4245=CARTESIAN_POINT('Ctrl Pts',(4.7190054404985E-17,24.88,3.00000000000003));
#4246=CARTESIAN_POINT('Ctrl Pts',(4.7190054404985E-17,24.88,2.60935552661311));
#4247=CARTESIAN_POINT('Ctrl Pts',(4.1921332594924E-16,24.8036984477061,
2.22244582730945));
#4248=CARTESIAN_POINT('Ctrl Pts',(4.1921332594924E-16,24.6553901287013,
1.86104888888618));
#4249=CARTESIAN_POINT('Ctrl Pts',(4.1921332594924E-16,24.5070818096964,
1.49965195046292));
#4250=CARTESIAN_POINT('Ctrl Pts',(6.78364793162757E-16,24.2896025407086,
1.17067807633581));
#4251=CARTESIAN_POINT('Ctrl Pts',(6.78364793162757E-16,24.0151935776617,
0.892644219427541));
#4252=CARTESIAN_POINT('Ctrl Pts',(6.78364793162757E-16,23.7407846146148,
0.614610362519274));
#4253=CARTESIAN_POINT('Ctrl Pts',(9.19060324677005E-16,23.4146929560113,
0.392832833254263));
#4254=CARTESIAN_POINT('Ctrl Pts',(9.19060324677005E-16,23.0552733235045,
0.239794823738895));
#4255=CARTESIAN_POINT('Ctrl Pts',(9.19060324677005E-16,22.8699344134012,
0.160878995768911));
#4256=CARTESIAN_POINT('Ctrl Pts',(1.02410916731087E-15,22.6771174304048,
0.100830804929267));
#4257=CARTESIAN_POINT('Ctrl Pts',(1.02410916731087E-15,22.4797434748359,
0.0605599573402593));
#4258=CARTESIAN_POINT('Ctrl Pts',(1.02410916731087E-15,22.2823695192671,
0.020289109751252));
#4259=CARTESIAN_POINT('Ctrl Pts',(-1.09556087057375E-16,22.0814403621483,
3.57113880312246E-14));
#4260=CARTESIAN_POINT('Ctrl Pts',(-1.09556087057375E-16,21.88,3.53926957186168E-14));
#4261=CARTESIAN_POINT('Origin',(0.,12.44,74.25));
#4262=CARTESIAN_POINT('Ctrl Pts',(-4.08082432493718E-16,21.88,99.));
#4263=CARTESIAN_POINT('Ctrl Pts',(-4.08082432493718E-16,22.2706444733869,
99.));
#4264=CARTESIAN_POINT('Ctrl Pts',(-1.96203877165192E-16,22.6575541726906,
98.9236984477061));
#4265=CARTESIAN_POINT('Ctrl Pts',(-1.96203877165192E-16,23.0189511111139,
98.7753901287013));
#4266=CARTESIAN_POINT('Ctrl Pts',(-1.96203877165192E-16,23.3803480495371,
98.6270818096965));
#4267=CARTESIAN_POINT('Ctrl Pts',(1.76615175052902E-16,23.7093219236642,
98.4096025407086));
#4268=CARTESIAN_POINT('Ctrl Pts',(1.76615175052902E-16,23.9873557805725,
98.1351935776617));
#4269=CARTESIAN_POINT('Ctrl Pts',(1.76615175052902E-16,24.2653896374808,
97.8607846146148));
#4270=CARTESIAN_POINT('Ctrl Pts',(4.39865535887665E-16,24.4871671667458,
97.5346929560113));
#4271=CARTESIAN_POINT('Ctrl Pts',(4.39865535887665E-16,24.6402051762611,
97.1752733235045));
#4272=CARTESIAN_POINT('Ctrl Pts',(4.39865535887665E-16,24.7191210042311,
96.9899344134013));
#4273=CARTESIAN_POINT('Ctrl Pts',(5.19174767866397E-16,24.7791691950708,
96.7971174304048));
#4274=CARTESIAN_POINT('Ctrl Pts',(5.19174767866397E-16,24.8194400426598,
96.599743474836));
#4275=CARTESIAN_POINT('Ctrl Pts',(5.19174767866397E-16,24.8597108902488,
96.4023695192671));
#4276=CARTESIAN_POINT('Ctrl Pts',(5.39920299916947E-16,24.88,96.2014403621483));
#4277=CARTESIAN_POINT('Ctrl Pts',(5.39920299916947E-16,24.88,96.));
#4278=CARTESIAN_POINT('Origin',(0.,12.44,74.25));
#4279=CARTESIAN_POINT('',(0.,0.999999999999998,93.));
#4280=CARTESIAN_POINT('',(0.,4.22,93.));
#4281=CARTESIAN_POINT('Ctrl Pts',(-5.46588109024806E-16,0.999999999999997,
93.0000000000001));
#4282=CARTESIAN_POINT('Ctrl Pts',(-4.69369781560014E-16,0.999999999999997,
94.0000000000001));
#4283=CARTESIAN_POINT('Ctrl Pts',(-3.92218102831945E-16,0.999999999999997,
95.));
#4284=CARTESIAN_POINT('Ctrl Pts',(-3.15143736638477E-16,0.999999999999997,
96.));
#4285=CARTESIAN_POINT('',(0.,21.88,1.00000000000003));
#4286=CARTESIAN_POINT('Ctrl Pts',(-1.54060203160643E-15,23.88,3.00000000000003));
#4287=CARTESIAN_POINT('Ctrl Pts',(-1.91991191275346E-15,23.88,2.55120104948721));
#4288=CARTESIAN_POINT('Ctrl Pts',(-2.2759332993514E-15,23.7232561895428,
2.10184623019665));
#4289=CARTESIAN_POINT('Ctrl Pts',(-2.52884914111655E-15,23.4434272249093,
1.75273820610647));
#4290=CARTESIAN_POINT('Ctrl Pts',(-2.86607026347009E-15,23.0703219387311,
1.28726084065291));
#4291=CARTESIAN_POINT('Ctrl Pts',(-3.01999263945424E-15,22.4783986006838,
1.00000000000004));
#4292=CARTESIAN_POINT('Ctrl Pts',(-2.92971966745238E-15,21.88,1.00000000000004));
#4293=CARTESIAN_POINT('',(0.,3.,1.00000000000003));
#4294=CARTESIAN_POINT('Ctrl Pts',(9.54274137051771E-18,21.88,1.00000000000004));
#4295=CARTESIAN_POINT('Ctrl Pts',(1.09066740705554E-17,19.2183165499922,
1.00000000000004));
#4296=CARTESIAN_POINT('Ctrl Pts',(1.63382051453954E-17,12.9249832166588,
1.00000000000004));
#4297=CARTESIAN_POINT('Ctrl Pts',(2.69605356776063E-17,6.63164988332551,
1.00000000000004));
#4298=CARTESIAN_POINT('Ctrl Pts',(3.71246471454329E-17,3.,1.00000000000004));
#4299=CARTESIAN_POINT('',(8.32667268468867E-16,0.999999999999997,3.00000000000003));
#4300=CARTESIAN_POINT('Ctrl Pts',(9.57567358739198E-15,3.,1.00000000000004));
#4301=CARTESIAN_POINT('Ctrl Pts',(9.57567358739198E-15,2.55120104948717,
1.00000000000004));
#4302=CARTESIAN_POINT('Ctrl Pts',(9.49962898552419E-15,1.50176501202003,
1.36530607001103));
#4303=CARTESIAN_POINT('Ctrl Pts',(9.28390668522928E-15,0.999999999999997,
2.40160139931627));
#4304=CARTESIAN_POINT('Ctrl Pts',(9.15933995315754E-15,0.999999999999997,
3.00000000000004));
#4305=CARTESIAN_POINT('',(0.,0.999999999999998,6.00000000000005));
#4306=CARTESIAN_POINT('Ctrl Pts',(-3.15143736638476E-16,0.999999999999997,
3.00000000000003));
#4307=CARTESIAN_POINT('Ctrl Pts',(-3.92218102831947E-16,0.999999999999997,
4.00000000000004));
#4308=CARTESIAN_POINT('Ctrl Pts',(-4.69369781560018E-16,0.999999999999997,
5.00000000000005));
#4309=CARTESIAN_POINT('Ctrl Pts',(-5.46588109024813E-16,0.999999999999997,
6.00000000000006));
#4310=CARTESIAN_POINT('',(0.,-2.99682789070931E-15,6.00000000000005));
#4311=CARTESIAN_POINT('',(0.,9.22,6.00000000000005));
#4312=CARTESIAN_POINT('',(-3.81794669599444E-15,-1.93315014525381E-15,3.00000000000004));
#4313=CARTESIAN_POINT('',(0.,-3.19017162559378E-15,3.5527136788005E-14));
#4314=CARTESIAN_POINT('',(0.,-1.1276848789663E-15,-1.00000000000007));
#4315=CARTESIAN_POINT('',(9.55170620843884E-16,1.65968799410828,0.316054447858092));
#4316=CARTESIAN_POINT('Ctrl Pts',(5.25124873499017E-16,3.,3.47291639890557E-14));
#4317=CARTESIAN_POINT('Ctrl Pts',(5.25124873499017E-16,2.60935552661307,
3.4682904696363E-14));
#4318=CARTESIAN_POINT('Ctrl Pts',(9.80389154741729E-15,2.22244582730941,
0.0763015522939096));
#4319=CARTESIAN_POINT('Ctrl Pts',(9.80389154741729E-15,1.86104888888615,
0.224609871298752));
#4320=CARTESIAN_POINT('Ctrl Pts',(9.80389154741729E-15,1.79272818300828,
0.252646990501193));
#4321=CARTESIAN_POINT('Ctrl Pts',(9.79272476257376E-15,1.72556622729495,
0.283156172459384));
#4322=CARTESIAN_POINT('Ctrl Pts',(9.7746132686255E-15,1.6596881263089,0.316054712584918));
#4323=CARTESIAN_POINT('Ctrl Pts',(1.00613961606655E-14,3.,3.51108031537706E-14));
#4324=CARTESIAN_POINT('Ctrl Pts',(9.97569573928039E-15,2.53684753702153,
3.50153256339511E-14));
#4325=CARTESIAN_POINT('Ctrl Pts',(9.86673243499594E-15,2.07301200879622,
0.111143989032649));
#4326=CARTESIAN_POINT('Ctrl Pts',(9.7470699297093E-15,1.6581005320629,0.317173269325659));
#4327=CARTESIAN_POINT('',(0.,24.88,3.5527136788005E-14));
#4328=CARTESIAN_POINT('Ctrl Pts',(8.58536504710299E-15,24.88,3.00000000000003));
#4329=CARTESIAN_POINT('Ctrl Pts',(-1.32860847898868E-12,24.88,2.32680157423079));
#4330=CARTESIAN_POINT('Ctrl Pts',(-2.91664533559544E-13,24.6450527512773,
1.65233683088368));
#4331=CARTESIAN_POINT('Ctrl Pts',(-5.91452379417232E-13,24.2253333710359,
1.12861300697538));
#4332=CARTESIAN_POINT('Ctrl Pts',(-9.91169507226087E-13,23.6657075307141,
0.43031457509765));
#4333=CARTESIAN_POINT('Ctrl Pts',(-3.76729870843603E-12,22.7775979010257,
3.68543455666011E-14));
#4334=CARTESIAN_POINT('Ctrl Pts',(-1.23383010421225E-15,21.88,3.5525527283396E-14));
#4335=CARTESIAN_POINT('',(0.,24.88,99.));
#4336=CARTESIAN_POINT('Ctrl Pts',(4.20441871599342E-16,1.65968807701508,
98.6839453861243));
#4337=CARTESIAN_POINT('Ctrl Pts',(4.08781907454982E-16,1.71385060394465,
98.710993304201));
#4338=CARTESIAN_POINT('Ctrl Pts',(4.01879560919206E-16,1.76888641414107,
98.7364288384414));
#4339=CARTESIAN_POINT('Ctrl Pts',(4.01879560919206E-16,1.82472667649554,
98.7602051762612));
#4340=CARTESIAN_POINT('Ctrl Pts',(4.01879560919206E-16,2.01006558659874,
98.8391210042311));
#4341=CARTESIAN_POINT('Ctrl Pts',(2.10798008171139E-16,2.2028825695952,
98.8991691950708));
#4342=CARTESIAN_POINT('Ctrl Pts',(2.10798008171138E-16,2.40025652516405,
98.9394400426598));
#4343=CARTESIAN_POINT('Ctrl Pts',(2.10798008171139E-16,2.5976304807329,
98.9797108902488));
#4344=CARTESIAN_POINT('Ctrl Pts',(2.00039801409954E-17,2.79855963785171,
99.));
#4345=CARTESIAN_POINT('Ctrl Pts',(2.00039801409955E-17,3.,99.));
#4346=CARTESIAN_POINT('Origin',(0.,-1.,24.));
#4347=CARTESIAN_POINT('Ctrl Pts',(1.63189022302994E-15,-3.33500588256541E-15,
3.00000000000004));
#4348=CARTESIAN_POINT('Ctrl Pts',(-2.,-3.33500588256541E-15,3.00000000000004));
#4349=CARTESIAN_POINT('Ctrl Pts',(1.63189022302994E-15,-3.34898361557453E-15,
2.79855963785175));
#4350=CARTESIAN_POINT('Ctrl Pts',(-2.,-3.34898361557453E-15,2.79855963785175));
#4351=CARTESIAN_POINT('Ctrl Pts',(9.01783673041291E-15,0.0202891097512123,
2.59763048073294));
#4352=CARTESIAN_POINT('Ctrl Pts',(-1.99999999999999,0.0202891097512123,
2.59763048073294));
#4353=CARTESIAN_POINT('Ctrl Pts',(9.01783673041291E-15,0.100830804929227,
2.20288256959524));
#4354=CARTESIAN_POINT('Ctrl Pts',(-1.99999999999999,0.100830804929227,2.20288256959524));
#4355=CARTESIAN_POINT('Ctrl Pts',(9.17080805974808E-15,0.160878995768872,
2.01006558659878));
#4356=CARTESIAN_POINT('Ctrl Pts',(-1.99999999999999,0.160878995768872,2.01006558659878));
#4357=CARTESIAN_POINT('Ctrl Pts',(9.17080805974808E-15,0.392832833254225,
1.46530704398878));
#4358=CARTESIAN_POINT('Ctrl Pts',(-1.99999999999999,0.392832833254225,1.46530704398878));
#4359=CARTESIAN_POINT('Ctrl Pts',(9.49143300886003E-15,0.614610362519238,
1.13921538538523));
#4360=CARTESIAN_POINT('Ctrl Pts',(-1.99999999999999,0.614610362519238,1.13921538538523));
#4361=CARTESIAN_POINT('Ctrl Pts',(9.49143300886003E-15,1.17067807633577,
0.590397459291473));
#4362=CARTESIAN_POINT('Ctrl Pts',(-1.99999999999999,1.17067807633577,0.590397459291473));
#4363=CARTESIAN_POINT('Ctrl Pts',(9.80389154741729E-15,1.49965195046288,
0.372918190303594));
#4364=CARTESIAN_POINT('Ctrl Pts',(-1.99999999999999,1.49965195046288,0.372918190303594));
#4365=CARTESIAN_POINT('Ctrl Pts',(9.80389154741729E-15,2.22244582730941,
0.0763015522939096));
#4366=CARTESIAN_POINT('Ctrl Pts',(-1.99999999999999,2.22244582730941,0.0763015522939096));
#4367=CARTESIAN_POINT('Ctrl Pts',(5.25124873499017E-16,2.60935552661307,
3.46749511779561E-14));
#4368=CARTESIAN_POINT('Ctrl Pts',(-2.,2.60935552661307,3.46749511779561E-14));
#4369=CARTESIAN_POINT('Ctrl Pts',(5.25124873499017E-16,3.,3.47291639890557E-14));
#4370=CARTESIAN_POINT('Ctrl Pts',(-2.,3.,3.47291639890557E-14));
#4371=CARTESIAN_POINT('',(-2.,1.58439857811327,0.354990999192614));
#4372=CARTESIAN_POINT('Ctrl Pts',(9.64708588197291E-15,1.6596881263089,
0.316054712584919));
#4373=CARTESIAN_POINT('Ctrl Pts',(-0.0744664141701962,1.65931666381416,
0.316240215409156));
#4374=CARTESIAN_POINT('Ctrl Pts',(-0.158480963317518,1.65851397029179,0.316641135296824));
#4375=CARTESIAN_POINT('Ctrl Pts',(-0.237716104079077,1.65746939825856,0.317163858548105));
#4376=CARTESIAN_POINT('Ctrl Pts',(-0.470824772328501,1.65439628204755,0.318701702991847));
#4377=CARTESIAN_POINT('Ctrl Pts',(-0.703848273996979,1.64868340029326,0.32156228046604));
#4378=CARTESIAN_POINT('Ctrl Pts',(-0.936783823917165,1.64036057076003,0.325793869246788));
#4379=CARTESIAN_POINT('Ctrl Pts',(-0.956190058130765,1.63966718248462,0.326146409694147));
#4380=CARTESIAN_POINT('Ctrl Pts',(-0.975595681886821,1.63895569360276,0.326508492231156));
#4381=CARTESIAN_POINT('Ctrl Pts',(-0.995000693574807,1.63822612935291,0.326880158991013));
#4382=CARTESIAN_POINT('Ctrl Pts',(-1.22906796322497,1.62942597428254,0.331363280418522));
#4383=CARTESIAN_POINT('Ctrl Pts',(-1.46296626013817,1.61799660489602,0.337235672865688));
#4384=CARTESIAN_POINT('Ctrl Pts',(-1.6966662668037,1.60400266055431,0.344592616699106));
#4385=CARTESIAN_POINT('Ctrl Pts',(-1.7978154492616,1.59794585272738,0.347776822231476));
#4386=CARTESIAN_POINT('Ctrl Pts',(-1.89892748600988,1.5914089661656,0.35123969665431));
#4387=CARTESIAN_POINT('Ctrl Pts',(-1.99999999999999,1.58439885743731,0.354991521096531));
#4388=CARTESIAN_POINT('',(-2.,3.,-7.105427357601E-14));
#4389=CARTESIAN_POINT('',(0.,3.,-7.04991620636974E-14));
#4390=CARTESIAN_POINT('Ctrl Pts',(-1.99999999999999,1.58439885743731,0.354991521096531));
#4391=CARTESIAN_POINT('Ctrl Pts',(-1.99999999999999,1.67417541570556,0.306942924604746));
#4392=CARTESIAN_POINT('Ctrl Pts',(-1.99999999999999,1.76650260962622,0.263409313835201));
#4393=CARTESIAN_POINT('Ctrl Pts',(-1.99999999999999,1.86104888888615,0.224609871298752));
#4394=CARTESIAN_POINT('Ctrl Pts',(-1.99999999999999,2.22244582730941,0.0763015522939096));
#4395=CARTESIAN_POINT('Ctrl Pts',(-2.,2.60935552661307,3.4682904696363E-14));
#4396=CARTESIAN_POINT('Ctrl Pts',(-2.,3.,3.47291639890557E-14));
#4397=CARTESIAN_POINT('Ctrl Pts',(2.00039801409955E-17,3.,99.));
#4398=CARTESIAN_POINT('Ctrl Pts',(-2.,3.,99.));
#4399=CARTESIAN_POINT('Ctrl Pts',(2.00039801409954E-17,2.79855963785171,
99.));
#4400=CARTESIAN_POINT('Ctrl Pts',(-2.,2.79855963785171,99.));
#4401=CARTESIAN_POINT('Ctrl Pts',(2.10798008171138E-16,2.5976304807329,
98.9797108902488));
#4402=CARTESIAN_POINT('Ctrl Pts',(-2.,2.5976304807329,98.9797108902488));
#4403=CARTESIAN_POINT('Ctrl Pts',(2.10798008171138E-16,2.2028825695952,
98.8991691950708));
#4404=CARTESIAN_POINT('Ctrl Pts',(-2.,2.2028825695952,98.8991691950708));
#4405=CARTESIAN_POINT('Ctrl Pts',(4.01879560919206E-16,2.01006558659874,
98.8391210042311));
#4406=CARTESIAN_POINT('Ctrl Pts',(-2.,2.01006558659874,98.8391210042311));
#4407=CARTESIAN_POINT('Ctrl Pts',(4.01879560919206E-16,1.46530704398873,
98.6071671667458));
#4408=CARTESIAN_POINT('Ctrl Pts',(-2.,1.46530704398873,98.6071671667458));
#4409=CARTESIAN_POINT('Ctrl Pts',(6.8783966795041E-16,1.13921538538519,
98.3853896374808));
#4410=CARTESIAN_POINT('Ctrl Pts',(-2.,1.13921538538519,98.3853896374808));
#4411=CARTESIAN_POINT('Ctrl Pts',(6.8783966795041E-16,0.590397459291432,
97.8293219236642));
#4412=CARTESIAN_POINT('Ctrl Pts',(-2.,0.590397459291432,97.8293219236642));
#4413=CARTESIAN_POINT('Ctrl Pts',(8.2924154700763E-16,0.372918190303549,
97.5003480495371));
#4414=CARTESIAN_POINT('Ctrl Pts',(-2.,0.372918190303549,97.5003480495371));
#4415=CARTESIAN_POINT('Ctrl Pts',(8.2924154700763E-16,0.0763015522938641,
96.7775541726906));
#4416=CARTESIAN_POINT('Ctrl Pts',(-2.,0.0763015522938641,96.7775541726906));
#4417=CARTESIAN_POINT('Ctrl Pts',(3.84675873610859E-17,-1.03259295998605E-14,
96.390644473387));
#4418=CARTESIAN_POINT('Ctrl Pts',(-2.,-1.03259295998605E-14,96.390644473387));
#4419=CARTESIAN_POINT('Ctrl Pts',(3.8467587361086E-17,-1.05644659686988E-14,
96.));
#4420=CARTESIAN_POINT('Ctrl Pts',(-2.,-1.05644659686988E-14,96.));
#4421=CARTESIAN_POINT('',(-2.,3.,99.));
#4422=CARTESIAN_POINT('Ctrl Pts',(-2.,3.,99.));
#4423=CARTESIAN_POINT('Ctrl Pts',(-2.,2.79855963785171,99.));
#4424=CARTESIAN_POINT('Ctrl Pts',(-2.,2.5976304807329,98.9797108902488));
#4425=CARTESIAN_POINT('Ctrl Pts',(-2.,2.40025652516405,98.9394400426598));
#4426=CARTESIAN_POINT('Ctrl Pts',(-2.,2.2028825695952,98.8991691950708));
#4427=CARTESIAN_POINT('Ctrl Pts',(-2.,2.01006558659874,98.8391210042311));
#4428=CARTESIAN_POINT('Ctrl Pts',(-2.,1.82472667649554,98.7602051762612));
#4429=CARTESIAN_POINT('Ctrl Pts',(-2.,1.74281391234222,98.7253273753673));
#4430=CARTESIAN_POINT('Ctrl Pts',(-2.,1.66263219369122,98.6868792633335));
#4431=CARTESIAN_POINT('Ctrl Pts',(-2.,1.5843987892396,98.645008606328));
#4432=CARTESIAN_POINT('',(2.00039801409955E-17,3.,99.));
#4433=CARTESIAN_POINT('Origin',(0.,21.88,99.));
#4434=CARTESIAN_POINT('',(-2.,21.88,99.));
#4435=CARTESIAN_POINT('',(-2.,21.88,99.));
#4436=CARTESIAN_POINT('',(0.,21.88,99.));
#4437=CARTESIAN_POINT('Ctrl Pts',(5.39920299916947E-16,24.88,96.));
#4438=CARTESIAN_POINT('Ctrl Pts',(-2.,24.88,96.));
#4439=CARTESIAN_POINT('Ctrl Pts',(5.39920299916947E-16,24.88,96.2014403621483));
#4440=CARTESIAN_POINT('Ctrl Pts',(-2.,24.88,96.2014403621483));
#4441=CARTESIAN_POINT('Ctrl Pts',(5.19174767866397E-16,24.8597108902488,
96.4023695192671));
#4442=CARTESIAN_POINT('Ctrl Pts',(-2.,24.8597108902488,96.4023695192671));
#4443=CARTESIAN_POINT('Ctrl Pts',(5.19174767866397E-16,24.7791691950708,
96.7971174304048));
#4444=CARTESIAN_POINT('Ctrl Pts',(-2.,24.7791691950708,96.7971174304048));
#4445=CARTESIAN_POINT('Ctrl Pts',(4.39865535887665E-16,24.7191210042311,
96.9899344134013));
#4446=CARTESIAN_POINT('Ctrl Pts',(-2.,24.7191210042311,96.9899344134013));
#4447=CARTESIAN_POINT('Ctrl Pts',(4.39865535887665E-16,24.4871671667458,
97.5346929560113));
#4448=CARTESIAN_POINT('Ctrl Pts',(-2.,24.4871671667458,97.5346929560113));
#4449=CARTESIAN_POINT('Ctrl Pts',(1.76615175052902E-16,24.2653896374808,
97.8607846146148));
#4450=CARTESIAN_POINT('Ctrl Pts',(-2.,24.2653896374808,97.8607846146148));
#4451=CARTESIAN_POINT('Ctrl Pts',(1.76615175052902E-16,23.7093219236642,
98.4096025407086));
#4452=CARTESIAN_POINT('Ctrl Pts',(-2.,23.7093219236642,98.4096025407086));
#4453=CARTESIAN_POINT('Ctrl Pts',(-1.96203877165192E-16,23.3803480495371,
98.6270818096965));
#4454=CARTESIAN_POINT('Ctrl Pts',(-2.,23.3803480495371,98.6270818096965));
#4455=CARTESIAN_POINT('Ctrl Pts',(-1.96203877165192E-16,22.6575541726906,
98.9236984477061));
#4456=CARTESIAN_POINT('Ctrl Pts',(-2.,22.6575541726906,98.9236984477061));
#4457=CARTESIAN_POINT('Ctrl Pts',(-4.08082432493718E-16,22.2706444733869,
99.));
#4458=CARTESIAN_POINT('Ctrl Pts',(-2.,22.2706444733869,99.));
#4459=CARTESIAN_POINT('Ctrl Pts',(-4.08082432493718E-16,21.88,99.));
#4460=CARTESIAN_POINT('Ctrl Pts',(-2.,21.88,99.));
#4461=CARTESIAN_POINT('',(-2.,24.88,96.));
#4462=CARTESIAN_POINT('Ctrl Pts',(-2.,24.88,96.));
#4463=CARTESIAN_POINT('Ctrl Pts',(-2.,24.88,96.2014403621483));
#4464=CARTESIAN_POINT('Ctrl Pts',(-2.,24.8597108902488,96.4023695192671));
#4465=CARTESIAN_POINT('Ctrl Pts',(-2.,24.8194400426598,96.599743474836));
#4466=CARTESIAN_POINT('Ctrl Pts',(-2.,24.7791691950708,96.7971174304048));
#4467=CARTESIAN_POINT('Ctrl Pts',(-2.,24.7191210042311,96.9899344134013));
#4468=CARTESIAN_POINT('Ctrl Pts',(-2.,24.6402051762611,97.1752733235045));
#4469=CARTESIAN_POINT('Ctrl Pts',(-2.,24.4871671667458,97.5346929560113));
#4470=CARTESIAN_POINT('Ctrl Pts',(-2.,24.2653896374808,97.8607846146148));
#4471=CARTESIAN_POINT('Ctrl Pts',(-2.,23.9873557805725,98.1351935776617));
#4472=CARTESIAN_POINT('Ctrl Pts',(-2.,23.7093219236642,98.4096025407086));
#4473=CARTESIAN_POINT('Ctrl Pts',(-2.,23.3803480495371,98.6270818096965));
#4474=CARTESIAN_POINT('Ctrl Pts',(-2.,23.0189511111139,98.7753901287013));
#4475=CARTESIAN_POINT('Ctrl Pts',(-2.,22.6575541726906,98.9236984477061));
#4476=CARTESIAN_POINT('Ctrl Pts',(-2.,22.2706444733869,99.));
#4477=CARTESIAN_POINT('Ctrl Pts',(-2.,21.88,99.));
#4478=CARTESIAN_POINT('',(5.39398782730885E-16,24.88,96.));
#4479=CARTESIAN_POINT('Origin',(0.,24.8799999997952,2.99999999999994));
#4480=CARTESIAN_POINT('',(-2.,24.88,2.99999999999994));
#4481=CARTESIAN_POINT('',(-2.,24.88,49.5));
#4482=CARTESIAN_POINT('',(0.,24.88,2.99999999999993));
#4483=CARTESIAN_POINT('Ctrl Pts',(-1.09556087057375E-16,21.88,3.53926957186168E-14));
#4484=CARTESIAN_POINT('Ctrl Pts',(-2.,21.88,3.53926957186168E-14));
#4485=CARTESIAN_POINT('Ctrl Pts',(-1.09556087057375E-16,22.0814403621483,
3.57113880312246E-14));
#4486=CARTESIAN_POINT('Ctrl Pts',(-2.,22.0814403621483,3.57113880312246E-14));
#4487=CARTESIAN_POINT('Ctrl Pts',(1.02410916731087E-15,22.2823695192671,
0.020289109751252));
#4488=CARTESIAN_POINT('Ctrl Pts',(-2.,22.2823695192671,0.020289109751252));
#4489=CARTESIAN_POINT('Ctrl Pts',(1.02410916731087E-15,22.6771174304048,
0.100830804929267));
#4490=CARTESIAN_POINT('Ctrl Pts',(-2.,22.6771174304048,0.100830804929267));
#4491=CARTESIAN_POINT('Ctrl Pts',(9.19060324677004E-16,22.8699344134012,
0.160878995768911));
#4492=CARTESIAN_POINT('Ctrl Pts',(-2.,22.8699344134012,0.160878995768911));
#4493=CARTESIAN_POINT('Ctrl Pts',(9.19060324677004E-16,23.4146929560113,
0.392832833254263));
#4494=CARTESIAN_POINT('Ctrl Pts',(-2.,23.4146929560113,0.392832833254263));
#4495=CARTESIAN_POINT('Ctrl Pts',(6.78364793162757E-16,23.7407846146148,
0.614610362519274));
#4496=CARTESIAN_POINT('Ctrl Pts',(-2.,23.7407846146148,0.614610362519274));
#4497=CARTESIAN_POINT('Ctrl Pts',(6.78364793162757E-16,24.2896025407086,
1.17067807633581));
#4498=CARTESIAN_POINT('Ctrl Pts',(-2.,24.2896025407086,1.17067807633581));
#4499=CARTESIAN_POINT('Ctrl Pts',(4.1921332594924E-16,24.5070818096964,
1.49965195046292));
#4500=CARTESIAN_POINT('Ctrl Pts',(-2.,24.5070818096964,1.49965195046292));
#4501=CARTESIAN_POINT('Ctrl Pts',(4.1921332594924E-16,24.8036984477061,
2.22244582730945));
#4502=CARTESIAN_POINT('Ctrl Pts',(-2.,24.8036984477061,2.22244582730945));
#4503=CARTESIAN_POINT('Ctrl Pts',(4.7190054404985E-17,24.88,2.60935552661311));
#4504=CARTESIAN_POINT('Ctrl Pts',(-2.,24.88,2.60935552661311));
#4505=CARTESIAN_POINT('Ctrl Pts',(4.71900544049851E-17,24.88,3.00000000000003));
#4506=CARTESIAN_POINT('Ctrl Pts',(-2.,24.88,3.00000000000003));
#4507=CARTESIAN_POINT('',(-2.,21.88,3.5527136788005E-14));
#4508=CARTESIAN_POINT('Ctrl Pts',(-2.,21.88,3.53926957186168E-14));
#4509=CARTESIAN_POINT('Ctrl Pts',(-2.,22.0814403621483,3.57113880312246E-14));
#4510=CARTESIAN_POINT('Ctrl Pts',(-2.,22.2823695192671,0.020289109751252));
#4511=CARTESIAN_POINT('Ctrl Pts',(-2.,22.4797434748359,0.0605599573402593));
#4512=CARTESIAN_POINT('Ctrl Pts',(-2.,22.6771174304048,0.100830804929267));
#4513=CARTESIAN_POINT('Ctrl Pts',(-2.,22.8699344134012,0.160878995768911));
#4514=CARTESIAN_POINT('Ctrl Pts',(-2.,23.0552733235045,0.239794823738895));
#4515=CARTESIAN_POINT('Ctrl Pts',(-2.,23.4146929560113,0.392832833254263));
#4516=CARTESIAN_POINT('Ctrl Pts',(-2.,23.7407846146148,0.614610362519274));
#4517=CARTESIAN_POINT('Ctrl Pts',(-2.,24.0151935776617,0.892644219427541));
#4518=CARTESIAN_POINT('Ctrl Pts',(-2.,24.2896025407086,1.17067807633581));
#4519=CARTESIAN_POINT('Ctrl Pts',(-2.,24.5070818096964,1.49965195046292));
#4520=CARTESIAN_POINT('Ctrl Pts',(-2.,24.6553901287013,1.86104888888618));
#4521=CARTESIAN_POINT('Ctrl Pts',(-2.,24.8036984477061,2.22244582730945));
#4522=CARTESIAN_POINT('Ctrl Pts',(-2.,24.88,2.60935552661311));
#4523=CARTESIAN_POINT('Ctrl Pts',(-2.,24.88,3.00000000000003));
#4524=CARTESIAN_POINT('',(-2.49656109311375E-17,21.88,3.53926957186168E-14));
#4525=CARTESIAN_POINT('Origin',(0.,3.,-7.04991620636974E-14));
#4526=CARTESIAN_POINT('',(-2.,3.,-7.04991620636974E-14));
#4527=CARTESIAN_POINT('Origin',(0.,-1.1276848789663E-15,-1.00000000000007));
#4528=CARTESIAN_POINT('',(-2.,-1.167907169776E-15,2.11822964432134));
#4529=CARTESIAN_POINT('Ctrl Pts',(-2.,-1.11022302462516E-15,2.11822964432134));
#4530=CARTESIAN_POINT('Ctrl Pts',(-1.32423752106175,-1.11352398856818E-15,
2.37413659081183));
#4531=CARTESIAN_POINT('Ctrl Pts',(-0.664775679916915,-1.10596252563501E-15,
2.66936144258528));
#4532=CARTESIAN_POINT('Ctrl Pts',(-0.0101428451694548,-1.11025629618486E-15,
2.9949493788183));
#4533=CARTESIAN_POINT('Ctrl Pts',(-0.00507102798349435,-3.32970285559062E-15,
2.99747389162191));
#4534=CARTESIAN_POINT('Ctrl Pts',(8.88178419700125E-15,-3.33066907387547E-15,
3.00000000000004));
#4535=CARTESIAN_POINT('',(-2.,-1.1276848789663E-15,-1.00000000000007));
#4536=CARTESIAN_POINT('Origin',(-2.,12.9399992938401,49.5));
#4537=CARTESIAN_POINT('Ctrl Pts',(-2.,1.58439857811327,0.354990999192614));
#4538=CARTESIAN_POINT('Ctrl Pts',(-2.,1.25635258381854,0.51032586520382));
#4539=CARTESIAN_POINT('Ctrl Pts',(-1.99999999921975,0.958046293482735,0.722891369865861));
#4540=CARTESIAN_POINT('Ctrl Pts',(-1.99999999921975,0.426298148093803,1.26621310103029));
#4541=CARTESIAN_POINT('Ctrl Pts',(-1.9999999993218,0.206125940182235,1.60105991245007));
#4542=CARTESIAN_POINT('Ctrl Pts',(-1.9999999993218,0.0363166788956341,2.01790326340039));
#4543=CARTESIAN_POINT('Ctrl Pts',(-2.,0.0174866429242153,2.06785893661376));
#4544=CARTESIAN_POINT('Ctrl Pts',(-2.,-1.66533453693773E-15,2.11822964432134));
#4545=CARTESIAN_POINT('Origin',(-3.5,0.999999999999998,14.5));
#4546=CARTESIAN_POINT('',(-3.5,-0.521327815289098,6.00000000000005));
#4547=CARTESIAN_POINT('',(-3.5,-0.521327815289103,23.));
#4548=CARTESIAN_POINT('Ctrl Pts',(-3.5,-0.521327815289098,6.00000000000005));
#4549=CARTESIAN_POINT('Ctrl Pts',(-3.5,-0.521327815289099,11.6666666666667));
#4550=CARTESIAN_POINT('Ctrl Pts',(-3.5,-0.521327815289101,17.3333333333334));
#4551=CARTESIAN_POINT('Ctrl Pts',(-3.5,-0.521327815289103,23.));
#4552=CARTESIAN_POINT('',(-3.5,0.520812810929322,6.00000000000005));
#4553=CARTESIAN_POINT('',(-3.5,6.,6.00000000000005));
#4554=CARTESIAN_POINT('',(-3.5,0.520812810929319,23.));
#4555=CARTESIAN_POINT('Ctrl Pts',(-3.5,0.520812810929319,23.));
#4556=CARTESIAN_POINT('Ctrl Pts',(-3.5,0.520812810929321,17.3333333333334));
#4557=CARTESIAN_POINT('Ctrl Pts',(-3.5,0.520812810929321,11.6666666666667));
#4558=CARTESIAN_POINT('Ctrl Pts',(-3.5,0.520812810929322,6.00000000000005));
#4559=CARTESIAN_POINT('',(-3.5,-4.,23.));
#4560=CARTESIAN_POINT('Origin',(0.,-4.,23.));
#4561=CARTESIAN_POINT('',(0.,-2.44902064186997E-15,23.));
#4562=CARTESIAN_POINT('Ctrl Pts',(-3.5,-0.521327815289102,23.));
#4563=CARTESIAN_POINT('Ctrl Pts',(-2.3685017861264,-0.174186618839477,23.));
#4564=CARTESIAN_POINT('Ctrl Pts',(-1.18476141259369,-4.83636845763259E-15,
23.));
#4565=CARTESIAN_POINT('Ctrl Pts',(-2.77555756156289E-16,-2.56739074444567E-15,
23.));
#4566=CARTESIAN_POINT('',(0.,0.999999999999998,23.));
#4567=CARTESIAN_POINT('Ctrl Pts',(-1.66533453693773E-15,0.999999999999998,
23.));
#4568=CARTESIAN_POINT('Ctrl Pts',(-1.18202410308933,0.999999999999995,23.));
#4569=CARTESIAN_POINT('Ctrl Pts',(-2.36280986874211,0.839873005403589,23.));
#4570=CARTESIAN_POINT('Ctrl Pts',(-3.5,0.520812810929318,23.));
#4571=CARTESIAN_POINT('',(0.,4.21999999999996,23.));
#4572=CARTESIAN_POINT('Origin',(0.,6.,6.00000000000005));
#4573=CARTESIAN_POINT('Ctrl Pts',(5.55111512312578E-16,-2.94902990916057E-15,
6.00000000000005));
#4574=CARTESIAN_POINT('Ctrl Pts',(-1.18476141259369,-3.73768491509016E-15,
6.00000000000005));
#4575=CARTESIAN_POINT('Ctrl Pts',(-2.3685017861264,-0.174186618839474,6.00000000000005));
#4576=CARTESIAN_POINT('Ctrl Pts',(-3.5,-0.521327815289097,6.00000000000005));
#4577=CARTESIAN_POINT('Ctrl Pts',(-3.5,0.520812810929322,6.00000000000005));
#4578=CARTESIAN_POINT('Ctrl Pts',(-2.36280986874211,0.839873005403591,6.00000000000005));
#4579=CARTESIAN_POINT('Ctrl Pts',(-1.18202410308933,0.999999999999996,6.00000000000005));
#4580=CARTESIAN_POINT('Ctrl Pts',(-8.32667268468867E-16,0.999999999999997,
6.00000000000005));
#4581=CARTESIAN_POINT('Origin',(-3.5,0.999999999999998,84.5));
#4582=CARTESIAN_POINT('',(-3.5,0.520812810929319,76.));
#4583=CARTESIAN_POINT('',(-3.5,-4.,76.));
#4584=CARTESIAN_POINT('',(-3.5,0.520812810929322,93.));
#4585=CARTESIAN_POINT('Ctrl Pts',(-3.5,0.520812810929322,93.));
#4586=CARTESIAN_POINT('Ctrl Pts',(-3.5,0.520812810929321,87.3333333333334));
#4587=CARTESIAN_POINT('Ctrl Pts',(-3.5,0.52081281092932,81.6666666666667));
#4588=CARTESIAN_POINT('Ctrl Pts',(-3.5,0.520812810929319,76.));
#4589=CARTESIAN_POINT('',(-3.5,6.,93.));
#4590=CARTESIAN_POINT('Origin',(0.,-4.,93.));
#4591=CARTESIAN_POINT('Ctrl Pts',(-2.77555756156289E-16,0.999999999999997,
93.0000000000001));
#4592=CARTESIAN_POINT('Ctrl Pts',(-1.18202410308933,0.999999999999996,93.0000000000001));
#4593=CARTESIAN_POINT('Ctrl Pts',(-2.36280986874211,0.839873005403591,93.0000000000001));
#4594=CARTESIAN_POINT('Ctrl Pts',(-3.5,0.520812810929322,93.0000000000001));
#4595=CARTESIAN_POINT('Origin',(0.,6.,76.));
#4596=CARTESIAN_POINT('',(0.,0.999999999999998,76.));
#4597=CARTESIAN_POINT('',(0.,9.22,76.0000000000001));
#4598=CARTESIAN_POINT('Ctrl Pts',(-3.5,0.520812810929318,76.));
#4599=CARTESIAN_POINT('Ctrl Pts',(-2.36280986874211,0.839873005403589,76.));
#4600=CARTESIAN_POINT('Ctrl Pts',(-1.18202410308933,0.999999999999995,76.));
#4601=CARTESIAN_POINT('Ctrl Pts',(-1.66533453693773E-15,0.999999999999998,
76.));
#4602=CARTESIAN_POINT('Ctrl Pts',(0.,-3.09349975815155E-15,3.00000000000003));
#4603=CARTESIAN_POINT('Ctrl Pts',(-2.21479806419915,-3.79147949600293E-15,
3.00000000000003));
#4604=CARTESIAN_POINT('Ctrl Pts',(-6.63878971562465,-1.25702306221368,3.66878833155061));
#4605=CARTESIAN_POINT('Ctrl Pts',(-10.745383943067,-6.1968166517168,6.30252673612843));
#4606=CARTESIAN_POINT('Ctrl Pts',(-10.7438676795807,-12.3047604664986,9.5500077953786));
#4607=CARTESIAN_POINT('Ctrl Pts',(-6.63765500952508,-17.2428099593829,12.1466691190515));
#4608=CARTESIAN_POINT('Ctrl Pts',(-2.21421155644709,-18.5025455389501,12.7687831401903));
#4609=CARTESIAN_POINT('Ctrl Pts',(4.33349626571335,-18.4981905843399,12.6774016217739));
#4610=CARTESIAN_POINT('Ctrl Pts',(8.66666666666667,-18.5,12.6353208348282));
#4611=CARTESIAN_POINT('Ctrl Pts',(13.,-18.5,12.6294680681385));
#4612=CARTESIAN_POINT('Ctrl Pts',(0.,-2.59402844303333E-15,18.5));
#4613=CARTESIAN_POINT('Ctrl Pts',(-2.21479806419915,-5.75147827731113E-15,
18.5002987191318));
#4614=CARTESIAN_POINT('Ctrl Pts',(-6.63878971562465,-1.25702306221369,19.0105744063541));
#4615=CARTESIAN_POINT('Ctrl Pts',(-10.745383943067,-6.1968166517168,21.0457761376954));
#4616=CARTESIAN_POINT('Ctrl Pts',(-10.7438676795807,-12.3047604664986,23.5156248452296));
#4617=CARTESIAN_POINT('Ctrl Pts',(-6.63765500952507,-17.2428099593829,25.3647873951266));
#4618=CARTESIAN_POINT('Ctrl Pts',(-2.21421155644708,-18.5025455389501,25.6301247344248));
#4619=CARTESIAN_POINT('Ctrl Pts',(4.33349626571335,-18.4981905843399,25.1723780512608));
#4620=CARTESIAN_POINT('Ctrl Pts',(8.66666666666667,-18.5,24.9525452855751));
#4621=CARTESIAN_POINT('Ctrl Pts',(13.,-18.5,24.9226749577628));
#4622=CARTESIAN_POINT('Ctrl Pts',(0.,-2.09455712791511E-15,34.));
#4623=CARTESIAN_POINT('Ctrl Pts',(-2.21479806419915,-8.12550413853713E-15,
34.0000000000001));
#4624=CARTESIAN_POINT('Ctrl Pts',(-6.63878971562464,-1.2570230622137,34.1270875245921));
#4625=CARTESIAN_POINT('Ctrl Pts',(-10.745383943067,-6.19681665171681,34.5916898521249));
#4626=CARTESIAN_POINT('Ctrl Pts',(-10.7438676795807,-12.3047604664986,35.222971687171));
#4627=CARTESIAN_POINT('Ctrl Pts',(-6.63765500952505,-17.2428099593829,35.913641496599));
#4628=CARTESIAN_POINT('Ctrl Pts',(-2.21421155644706,-18.5025455389501,36.3421523303847));
#4629=CARTESIAN_POINT('Ctrl Pts',(4.33349626571337,-18.4981905843399,36.8991329719789));
#4630=CARTESIAN_POINT('Ctrl Pts',(8.66666666666667,-18.5,37.1687086657577));
#4631=CARTESIAN_POINT('Ctrl Pts',(13.,-18.5,37.2053389124539));
#4632=CARTESIAN_POINT('Ctrl Pts',(0.,-1.59508581279689E-15,49.5000000000001));
#4633=CARTESIAN_POINT('Ctrl Pts',(-2.21479806419915,-1.02662729949375E-14,
49.5000000000001));
#4634=CARTESIAN_POINT('Ctrl Pts',(-6.63878971562464,-1.2570230622137,49.5));
#4635=CARTESIAN_POINT('Ctrl Pts',(-10.745383943067,-6.19681665171682,49.5000000000001));
#4636=CARTESIAN_POINT('Ctrl Pts',(-10.7438676795807,-12.3047604664986,49.5));
#4637=CARTESIAN_POINT('Ctrl Pts',(-6.63765500952504,-17.2428099593829,49.5));
#4638=CARTESIAN_POINT('Ctrl Pts',(-2.21421155644705,-18.5025455389501,49.5));
#4639=CARTESIAN_POINT('Ctrl Pts',(4.33349626571337,-18.4981905843399,49.5));
#4640=CARTESIAN_POINT('Ctrl Pts',(8.66666666666667,-18.5,49.5));
#4641=CARTESIAN_POINT('Ctrl Pts',(13.,-18.5,49.5));
#4642=CARTESIAN_POINT('',(-7.50308148944612E-11,-18.5,13.2241498634926));
#4643=CARTESIAN_POINT('Ctrl Pts',(5.21921614354999E-7,-18.4999743780272,
13.2240973648943));
#4644=CARTESIAN_POINT('Ctrl Pts',(0.0020786896406649,-18.4999754643694,
13.2241174980478));
#4645=CARTESIAN_POINT('Ctrl Pts',(0.00415693191614868,-18.4999760217069,
13.2241376205723));
#4646=CARTESIAN_POINT('Ctrl Pts',(0.0761188396648944,-18.4999770014811,
13.2248339956743));
#4647=CARTESIAN_POINT('Ctrl Pts',(0.259154745679759,-18.4999776044444,13.2261484164433));
#4648=CARTESIAN_POINT('Ctrl Pts',(0.600897436253679,-18.4999786985108,13.2286299743715));
#4649=CARTESIAN_POINT('Ctrl Pts',(1.21163175471126,-18.4999817139242,13.2326032957959));
#4650=CARTESIAN_POINT('Ctrl Pts',(2.4255720548568,-18.4999887944364,13.2392050164254));
#4651=CARTESIAN_POINT('Ctrl Pts',(4.84938845285067,-18.4999946528103,13.2478729007396));
#4652=CARTESIAN_POINT('Ctrl Pts',(6.92500376792136,-18.4999980272308,13.2499862108007));
#4653=CARTESIAN_POINT('Ctrl Pts',(9.87287600790724,-18.4999996258668,13.2499998411435));
#4654=CARTESIAN_POINT('Ctrl Pts',(11.4364578401506,-18.5,13.2500000000001));
#4655=CARTESIAN_POINT('Ctrl Pts',(13.,-18.5,13.2500000000001));
#4656=CARTESIAN_POINT('Ctrl Pts',(8.88178419700125E-15,-3.33066907387547E-15,
3.00000000000004));
#4657=CARTESIAN_POINT('Ctrl Pts',(-1.3173581345825,-3.07966365220055E-15,
3.00000000000004));
#4658=CARTESIAN_POINT('Ctrl Pts',(-3.96448442039473,-0.439670848372222,
3.27445869535881));
#4659=CARTESIAN_POINT('Ctrl Pts',(-7.34338387468146,-2.30211761912375,4.48261871277487));
#4660=CARTESIAN_POINT('Ctrl Pts',(-9.66216631124115,-5.03321726360854,6.23967733121451));
#4661=CARTESIAN_POINT('Ctrl Pts',(-11.1198003956246,-9.32767941744542,8.91034098507796));
#4662=CARTESIAN_POINT('Ctrl Pts',(-9.77104735845454,-13.9640818025138,11.4419525889273));
#4663=CARTESIAN_POINT('Ctrl Pts',(-5.85030918371761,-17.2218877274513,12.9030874269652));
#4664=CARTESIAN_POINT('Ctrl Pts',(-3.33196116532991,-18.1039020036521,13.1871936128614));
#4665=CARTESIAN_POINT('Ctrl Pts',(-1.94961770110632,-18.3413665813409,13.2028652811694));
#4666=CARTESIAN_POINT('Ctrl Pts',(-1.7815383513623,-18.3683414170151,13.2047952714127));
#4667=CARTESIAN_POINT('Ctrl Pts',(-1.44408308462454,-18.4151620284961,13.208665319445));
#4668=CARTESIAN_POINT('Ctrl Pts',(-0.853123196470513,-18.4779869769829,
13.2153701570874));
#4669=CARTESIAN_POINT('Ctrl Pts',(-0.342047638490671,-18.4997955756485,
13.2207836245866));
#4670=CARTESIAN_POINT('Ctrl Pts',(5.21921616162147E-7,-18.4999743780272,
13.2240973648943));
#4671=CARTESIAN_POINT('',(0.,-3.19017162559378E-15,3.5527136788005E-14));
#4672=CARTESIAN_POINT('Origin',(0.,12.44,74.25));
#4673=CARTESIAN_POINT('',(5.84763972994846E-16,0.999999999999999,49.5));
#4674=CARTESIAN_POINT('Ctrl Pts',(-1.86377975463945E-15,0.999999999999997,
23.));
#4675=CARTESIAN_POINT('Ctrl Pts',(-2.54952249314634E-15,0.999999999999998,
31.8333333333334));
#4676=CARTESIAN_POINT('Ctrl Pts',(-3.2357506072496E-15,0.999999999999998,
40.6666666666667));
#4677=CARTESIAN_POINT('Ctrl Pts',(-3.91511412363276E-15,0.999999999999999,
49.5000000000001));
#4678=CARTESIAN_POINT('Ctrl Pts',(-3.91511412363276E-15,0.999999999999999,
49.5));
#4679=CARTESIAN_POINT('Ctrl Pts',(-3.2357506072496E-15,0.999999999999998,
58.3333333333333));
#4680=CARTESIAN_POINT('Ctrl Pts',(-2.54952249314634E-15,0.999999999999998,
67.1666666666667));
#4681=CARTESIAN_POINT('Ctrl Pts',(-1.86377975463945E-15,0.999999999999997,
76.));
#4682=CARTESIAN_POINT('Ctrl Pts',(0.,21.88,1.00000000000004));
#4683=CARTESIAN_POINT('Ctrl Pts',(-3.65864365442635,21.88,1.00000000000004));
#4684=CARTESIAN_POINT('Ctrl Pts',(-9.14740772325665,21.0383023133988,1.12530991756455));
#4685=CARTESIAN_POINT('Ctrl Pts',(-16.0102999179233,18.2423972561501,1.53882671991335));
#4686=CARTESIAN_POINT('Ctrl Pts',(-22.2844980874496,14.4849957074327,2.09490932298812));
#4687=CARTESIAN_POINT('Ctrl Pts',(-27.5970002027654,9.28824360674317,2.86697719148905));
#4688=CARTESIAN_POINT('Ctrl Pts',(-31.4679063471974,3.16631589317834,3.78092509206023));
#4689=CARTESIAN_POINT('Ctrl Pts',(-34.0133152439554,-2.69871925817096,4.65686331903363));
#4690=CARTESIAN_POINT('Ctrl Pts',(-35.5575590126105,-9.75287266583167,5.70735383209735));
#4691=CARTESIAN_POINT('Ctrl Pts',(-35.4435595813918,-17.0379344640325,6.77885947788402));
#4692=CARTESIAN_POINT('Ctrl Pts',(-33.7756560827678,-24.9346150469283,7.92330253750367));
#4693=CARTESIAN_POINT('Ctrl Pts',(-31.1529467320794,-30.5412080158843,8.71989116464389));
#4694=CARTESIAN_POINT('Ctrl Pts',(-28.0232303129798,-34.9037695547584,9.33181072833863));
#4695=CARTESIAN_POINT('Ctrl Pts',(-26.5701476938946,-36.6427407955183,9.57459147213718));
#4696=CARTESIAN_POINT('Ctrl Pts',(-24.5357934092941,-38.7624932724479,9.86928950835501));
#4697=CARTESIAN_POINT('Ctrl Pts',(-23.1795949013784,-39.9741020019737,10.0370089700851));
#4698=CARTESIAN_POINT('Ctrl Pts',(-19.0266363022461,-43.282007180085,10.4936906802949));
#4699=CARTESIAN_POINT('Ctrl Pts',(-14.8167533729097,-45.5996874393341,10.8160841940608));
#4700=CARTESIAN_POINT('Ctrl Pts',(-9.5605319690998,-47.2351028424595,11.0502204970789));
#4701=CARTESIAN_POINT('Ctrl Pts',(-6.66944218742808,-47.939082744094,11.1529028978427));
#4702=CARTESIAN_POINT('Ctrl Pts',(-3.46783042596055,-48.4052710803019,11.2249167434089));
#4703=CARTESIAN_POINT('Ctrl Pts',(-0.984491364259676,-48.5038951750724,
11.2459195071209));
#4704=CARTESIAN_POINT('Ctrl Pts',(0.121458461726113,-48.50150220911,11.2491735718215));
#4705=CARTESIAN_POINT('Ctrl Pts',(0.384929387698365,-48.5010138556457,11.2497804297568));
#4706=CARTESIAN_POINT('Ctrl Pts',(0.647688652911647,-48.5003656350872,11.2500001206761));
#4707=CARTESIAN_POINT('Ctrl Pts',(2.31522221943736,-48.4984316211102,11.2500001962732));
#4708=CARTESIAN_POINT('Ctrl Pts',(5.12071336973705,-48.500761068134,11.249999918902));
#4709=CARTESIAN_POINT('Ctrl Pts',(9.18448423264101,-48.4995683756532,11.2500000486228));
#4710=CARTESIAN_POINT('Ctrl Pts',(11.7286933492431,-48.5,11.2500000000001));
#4711=CARTESIAN_POINT('Ctrl Pts',(13.,-48.5,11.2500000000001));
#4712=CARTESIAN_POINT('Ctrl Pts',(-4.15222440239123E-17,22.4783986006838,
1.00000000000004));
#4713=CARTESIAN_POINT('Ctrl Pts',(-3.71952372549482,22.4783986006838,1.00000000000004));
#4714=CARTESIAN_POINT('Ctrl Pts',(-9.29850120362911,21.623885025889,1.12407099456842));
#4715=CARTESIAN_POINT('Ctrl Pts',(-16.2775652652895,18.7839039461143,1.53388849979456));
#4716=CARTESIAN_POINT('Ctrl Pts',(-22.6594705666484,14.9663739126181,2.08508262335882));
#4717=CARTESIAN_POINT('Ctrl Pts',(-28.066995840687,9.68413594828248,2.85031241609903));
#4718=CARTESIAN_POINT('Ctrl Pts',(-32.0100393765188,3.45760975075921,3.75700184622591));
#4719=CARTESIAN_POINT('Ctrl Pts',(-34.6040734301204,-2.50976116921301,4.62712383920039));
#4720=CARTESIAN_POINT('Ctrl Pts',(-36.1787243480046,-9.68917464236853,5.67315414259655));
#4721=CARTESIAN_POINT('Ctrl Pts',(-36.0628293619771,-17.1043564783564,6.7443539105815));
#4722=CARTESIAN_POINT('Ctrl Pts',(-34.3630691969713,-25.1404541802913,7.89265405148585));
#4723=CARTESIAN_POINT('Ctrl Pts',(-31.6910392973696,-30.8436079698745,8.6953345272656));
#4724=CARTESIAN_POINT('Ctrl Pts',(-28.5040603506938,-35.2793116653466,9.31367467830684));
#4725=CARTESIAN_POINT('Ctrl Pts',(-27.0246855191949,-37.0471119794312,9.55923808425389));
#4726=CARTESIAN_POINT('Ctrl Pts',(-24.9538398865865,-39.2016194604004,9.85764858494376));
#4727=CARTESIAN_POINT('Ctrl Pts',(-23.5735079531823,-40.4328476356347,10.027665294286));
#4728=CARTESIAN_POINT('Ctrl Pts',(-19.3476731457373,-43.7937141835782,10.4909057294657));
#4729=CARTESIAN_POINT('Ctrl Pts',(-15.0653769017862,-46.1481956201913,10.8171360459468));
#4730=CARTESIAN_POINT('Ctrl Pts',(-9.72122401458682,-47.8103460488605,11.0527164963));
#4731=CARTESIAN_POINT('Ctrl Pts',(-6.78053513712533,-48.5260498656164,11.1556842703168));
#4732=CARTESIAN_POINT('Ctrl Pts',(-3.52820307738601,-49.0005220521454,11.2271245999396));
#4733=CARTESIAN_POINT('Ctrl Pts',(-0.996999580663194,-49.1015753011167,
11.2470608066782));
#4734=CARTESIAN_POINT('Ctrl Pts',(0.12192940359907,-49.099613449186,11.2496279075732));
#4735=CARTESIAN_POINT('Ctrl Pts',(0.384182111152164,-49.0992211915522,11.2500802228587));
#4736=CARTESIAN_POINT('Ctrl Pts',(0.64774518002288,-49.0986954321615,11.2501029523375));
#4737=CARTESIAN_POINT('Ctrl Pts',(2.31429571036573,-49.0971330363513,11.2495084115008));
#4738=CARTESIAN_POINT('Ctrl Pts',(5.1211494123456,-49.0990128779278,11.2502375569286));
#4739=CARTESIAN_POINT('Ctrl Pts',(9.18423442032403,-49.0980502541142,11.2498650903189));
#4740=CARTESIAN_POINT('Ctrl Pts',(11.7286933492431,-49.0983986006838,11.2500000000001));
#4741=CARTESIAN_POINT('Ctrl Pts',(13.,-49.0983986006838,11.2500000000001));
#4742=CARTESIAN_POINT('Ctrl Pts',(3.05187348409712E-16,23.5142644422666,
1.50270647114257));
#4743=CARTESIAN_POINT('Ctrl Pts',(-3.81611296102294,23.5142644422666,1.50270647114257));
#4744=CARTESIAN_POINT('Ctrl Pts',(-9.54171565139062,22.6420230317461,1.62575322042315));
#4745=CARTESIAN_POINT('Ctrl Pts',(-16.711112769947,19.7393495299184,2.03256062633053));
#4746=CARTESIAN_POINT('Ctrl Pts',(-23.2747446474495,15.8344822898354,2.57976782990213));
#4747=CARTESIAN_POINT('Ctrl Pts',(-28.8508732732759,10.4241382811735,3.33952105827886));
#4748=CARTESIAN_POINT('Ctrl Pts',(-32.9321691922067,4.03245795701192,4.24052768811244));
#4749=CARTESIAN_POINT('Ctrl Pts',(-35.6259772277784,-2.10214518652412,5.10619026927428));
#4750=CARTESIAN_POINT('Ctrl Pts',(-37.273659177108,-9.49616044260916,6.14879263263442));
#4751=CARTESIAN_POINT('Ctrl Pts',(-37.1714521898832,-17.1440867098252,7.22002226623408));
#4752=CARTESIAN_POINT('Ctrl Pts',(-35.4283768467021,-25.4362921040637,8.37148254924233));
#4753=CARTESIAN_POINT('Ctrl Pts',(-32.6722016064211,-31.320347043736,9.1790563559961));
#4754=CARTESIAN_POINT('Ctrl Pts',(-29.3833039874537,-35.8931728027554,9.80219559147081));
#4755=CARTESIAN_POINT('Ctrl Pts',(-27.8565420167074,-37.7150759742737,10.0498674601606));
#4756=CARTESIAN_POINT('Ctrl Pts',(-25.7196642655858,-39.9346760352849,10.3509717781721));
#4757=CARTESIAN_POINT('Ctrl Pts',(-24.2954016070964,-41.2026241525093,10.5226349169751));
#4758=CARTESIAN_POINT('Ctrl Pts',(-19.9363436453486,-44.6623128217667,10.9906392585484));
#4759=CARTESIAN_POINT('Ctrl Pts',(-15.5223831087777,-47.0857397643722,11.3196721533044));
#4760=CARTESIAN_POINT('Ctrl Pts',(-10.0173626767183,-48.7991484359389,11.5565292589397));
#4761=CARTESIAN_POINT('Ctrl Pts',(-6.9862372985957,-49.5375495937294,11.6598463660072));
#4762=CARTESIAN_POINT('Ctrl Pts',(-3.6404950490858,-50.0286555340207,11.7310948502224));
#4763=CARTESIAN_POINT('Ctrl Pts',(-1.02212567123955,-50.1352784752103,11.7504110049154));
#4764=CARTESIAN_POINT('Ctrl Pts',(0.121322045907983,-50.134627223089,11.7525967543343));
#4765=CARTESIAN_POINT('Ctrl Pts',(0.381923177784019,-50.1345148015244,11.7529666677342));
#4766=CARTESIAN_POINT('Ctrl Pts',(0.647487561304169,-50.134352660468,11.7528822399374));
#4767=CARTESIAN_POINT('Ctrl Pts',(2.31422115576275,-50.1338870436757,11.7519562100205));
#4768=CARTESIAN_POINT('Ctrl Pts',(5.12116221855159,-50.1344475979047,11.7530706143958));
#4769=CARTESIAN_POINT('Ctrl Pts',(9.18422281257549,-50.1341605729849,11.7524999682894));
#4770=CARTESIAN_POINT('Ctrl Pts',(11.7286933492431,-50.1342644422666,11.7527064711426));
#4771=CARTESIAN_POINT('Ctrl Pts',(13.,-50.1342644422666,11.7527064711426));
#4772=CARTESIAN_POINT('Ctrl Pts',(1.15285646264438E-15,23.88,2.55120104948721));
#4773=CARTESIAN_POINT('Ctrl Pts',(-3.83728335617422,23.88,2.55120104948721));
#4774=CARTESIAN_POINT('Ctrl Pts',(-9.59428903895852,23.0078637774,2.67509139394489));
#4775=CARTESIAN_POINT('Ctrl Pts',(-16.8118669714056,20.1023116233325,3.08432157847081));
#4776=CARTESIAN_POINT('Ctrl Pts',(-23.4266321927137,16.1909297345035,3.63483439376717));
#4777=CARTESIAN_POINT('Ctrl Pts',(-29.0614076076194,10.7650580391993,4.39952006929033));
#4778=CARTESIAN_POINT('Ctrl Pts',(-33.203762963202,4.34121213219525,5.30612744911574));
#4779=CARTESIAN_POINT('Ctrl Pts',(-35.9502682639302,-1.83405266279278,6.17643741770342));
#4780=CARTESIAN_POINT('Ctrl Pts',(-37.6504543274529,-9.29257306824439,7.22291814769485));
#4781=CARTESIAN_POINT('Ctrl Pts',(-37.5816487735205,-17.0263228242844,8.29481305913737));
#4782=CARTESIAN_POINT('Ctrl Pts',(-35.8500552579104,-25.4249858128035,9.44363910253766));
#4783=CARTESIAN_POINT('Ctrl Pts',(-33.0770863640531,-31.3933243449411,10.246404901123));
#4784=CARTESIAN_POINT('Ctrl Pts',(-29.75622893645,-36.0340100033988,10.8642776215761));
#4785=CARTESIAN_POINT('Ctrl Pts',(-28.2133503746999,-37.8832764391504,11.1096111524103));
#4786=CARTESIAN_POINT('Ctrl Pts',(-26.0525097714011,-40.1364588526542,11.4075802071149));
#4787=CARTESIAN_POINT('Ctrl Pts',(-24.6113284478904,-41.4238039656363,11.5772863515186));
#4788=CARTESIAN_POINT('Ctrl Pts',(-20.2000704511261,-44.9358711299306,12.0394848898273));
#4789=CARTESIAN_POINT('Ctrl Pts',(-15.7306533486478,-47.3971765664985,12.365340692183));
#4790=CARTESIAN_POINT('Ctrl Pts',(-10.1541170677985,-49.1390836920941,12.6014633019818));
#4791=CARTESIAN_POINT('Ctrl Pts',(-7.08254844369036,-49.8901264924255,12.7048498509412));
#4792=CARTESIAN_POINT('Ctrl Pts',(-3.69379673726304,-50.3904296642215,12.7770180214765));
#4793=CARTESIAN_POINT('Ctrl Pts',(-1.03698811518053,-50.5000316492978,12.7976295514954));
#4794=CARTESIAN_POINT('Ctrl Pts',(0.118762642673628,-50.499998604003,12.8005839067695));
#4795=CARTESIAN_POINT('Ctrl Pts',(0.37951595365608,-50.5000032086387,12.801123891198));
#4796=CARTESIAN_POINT('Ctrl Pts',(0.646819460771219,-50.5000025103681,12.8012545666122));
#4797=CARTESIAN_POINT('Ctrl Pts',(2.31673072424001,-50.5000082956514,12.8009792506025));
#4798=CARTESIAN_POINT('Ctrl Pts',(5.11993737273971,-50.4999963521902,12.8013088329037));
#4799=CARTESIAN_POINT('Ctrl Pts',(9.18491614689187,-50.5000021390013,12.8011399508968));
#4800=CARTESIAN_POINT('Ctrl Pts',(11.7286933492431,-50.5,12.8012010494872));
#4801=CARTESIAN_POINT('Ctrl Pts',(13.,-50.5,12.8012010494872));
#4802=CARTESIAN_POINT('Ctrl Pts',(1.52655665885959E-15,23.88,3.00000000000003));
#4803=CARTESIAN_POINT('Ctrl Pts',(-3.83027796299373,23.88,3.00000000000003));
#4804=CARTESIAN_POINT('Ctrl Pts',(-9.57736154368678,23.0110251526217,3.12425206302586));
#4805=CARTESIAN_POINT('Ctrl Pts',(-16.7847443443939,20.1151533553712,3.53451229782341));
#4806=CARTESIAN_POINT('Ctrl Pts',(-23.3927105970139,16.2159507583065,4.08643432518818));
#4807=CARTESIAN_POINT('Ctrl Pts',(-29.0266064284801,10.8049277834742,4.85322362222778));
#4808=CARTESIAN_POINT('Ctrl Pts',(-33.1746497444227,4.3942268064449,5.76221859342805));
#4809=CARTESIAN_POINT('Ctrl Pts',(-35.9294797705735,-1.77159619887912,6.63450620730046));
#4810=CARTESIAN_POINT('Ctrl Pts',(-37.6428496773309,-9.22422906388759,7.68264829003854));
#4811=CARTESIAN_POINT('Ctrl Pts',(-37.5884481281362,-16.95918223995,8.75482224726231));
#4812=CARTESIAN_POINT('Ctrl Pts',(-35.870972409208,-25.3653244912458,9.90253156130442));
#4813=CARTESIAN_POINT('Ctrl Pts',(-33.105169123003,-31.3438205871211,10.703237274848));
#4814=CARTESIAN_POINT('Ctrl Pts',(-29.7870737966082,-35.9943753451609,11.3188696853379));
#4815=CARTESIAN_POINT('Ctrl Pts',(-28.2447384015848,-37.8479067436589,11.5632033080876));
#4816=CARTESIAN_POINT('Ctrl Pts',(-26.0839405197616,-40.1065644025283,11.8598395984104));
#4817=CARTESIAN_POINT('Ctrl Pts',(-24.6422613642831,-41.3972567760887,12.028714186403));
#4818=CARTESIAN_POINT('Ctrl Pts',(-20.2287186434826,-44.9186275739152,12.4884302030085));
#4819=CARTESIAN_POINT('Ctrl Pts',(-15.754886964207,-47.3871447194083,12.8129317615943));
#4820=CARTESIAN_POINT('Ctrl Pts',(-10.1707329994809,-49.1345282828008,13.0487421309817));
#4821=CARTESIAN_POINT('Ctrl Pts',(-7.09485549968655,-49.8879633894432,13.1521592409527));
#4822=CARTESIAN_POINT('Ctrl Pts',(-3.70087099813277,-50.389948220274,13.2247191663942));
#4823=CARTESIAN_POINT('Ctrl Pts',(-1.0400681082326,-50.5000065375209,13.2458866694284));
#4824=CARTESIAN_POINT('Ctrl Pts',(0.117534997127784,-50.5000001789614,13.2491669292536));
#4825=CARTESIAN_POINT('Ctrl Pts',(0.378672090674411,-50.5000007250901,13.2497786321347));
#4826=CARTESIAN_POINT('Ctrl Pts',(0.646505319207168,-50.5000003446378,13.2500001094427));
#4827=CARTESIAN_POINT('Ctrl Pts',(2.31803266326802,-50.5000005969464,13.250000178172));
#4828=CARTESIAN_POINT('Ctrl Pts',(5.11930469392843,-50.4999997514452,13.2499999263724));
#4829=CARTESIAN_POINT('Ctrl Pts',(9.1852747900224,-50.5000001486069,13.250000044142));
#4830=CARTESIAN_POINT('Ctrl Pts',(11.7286933492431,-50.5,13.2500000000001));
#4831=CARTESIAN_POINT('Ctrl Pts',(13.,-50.5,13.2500000000001));
#4832=CARTESIAN_POINT('',(0.795455764930224,-48.5,11.2500000000001));
#4833=CARTESIAN_POINT('Ctrl Pts',(0.796196396028088,-48.5001933950456,11.2500001274086));
#4834=CARTESIAN_POINT('Ctrl Pts',(2.31522221943736,-48.4984316211102,11.2500001962732));
#4835=CARTESIAN_POINT('Ctrl Pts',(5.12071336973705,-48.500761068134,11.249999918902));
#4836=CARTESIAN_POINT('Ctrl Pts',(9.18448423264101,-48.4995683756532,11.2500000486228));
#4837=CARTESIAN_POINT('Ctrl Pts',(11.7286933492431,-48.5,11.2500000000001));
#4838=CARTESIAN_POINT('Ctrl Pts',(13.,-48.5,11.2500000000001));
#4839=CARTESIAN_POINT('',(-22.122623049321,-40.8153068012508,10.1531448037547));
#4840=CARTESIAN_POINT('Ctrl Pts',(-22.1244354923001,-40.8145551848569,10.1530399855598));
#4841=CARTESIAN_POINT('Ctrl Pts',(-19.0266363022461,-43.282007180085,10.4936906802949));
#4842=CARTESIAN_POINT('Ctrl Pts',(-14.8167533729097,-45.5996874393341,10.8160841940608));
#4843=CARTESIAN_POINT('Ctrl Pts',(-9.5605319690998,-47.2351028424595,11.0502204970789));
#4844=CARTESIAN_POINT('Ctrl Pts',(-6.66944218742808,-47.939082744094,11.1529028978427));
#4845=CARTESIAN_POINT('Ctrl Pts',(-3.46783042596055,-48.4052710803019,11.2249167434089));
#4846=CARTESIAN_POINT('Ctrl Pts',(-0.984491364259676,-48.5038951750724,
11.2459195071209));
#4847=CARTESIAN_POINT('Ctrl Pts',(0.121458461726113,-48.50150220911,11.2491735718215));
#4848=CARTESIAN_POINT('Ctrl Pts',(0.384929387698365,-48.5010138556457,11.2497804297568));
#4849=CARTESIAN_POINT('Ctrl Pts',(0.647688652911647,-48.5003656350872,11.2500001206761));
#4850=CARTESIAN_POINT('Ctrl Pts',(0.796196396028088,-48.5001933950456,11.2500001274086));
#4851=CARTESIAN_POINT('Ctrl Pts',(0.,21.88,1.00000000000004));
#4852=CARTESIAN_POINT('Ctrl Pts',(-3.65864365442635,21.88,1.00000000000004));
#4853=CARTESIAN_POINT('Ctrl Pts',(-9.14740772325665,21.0383023133988,1.12530991756455));
#4854=CARTESIAN_POINT('Ctrl Pts',(-16.0102999179233,18.2423972561501,1.53882671991335));
#4855=CARTESIAN_POINT('Ctrl Pts',(-22.2844980874496,14.4849957074327,2.09490932298812));
#4856=CARTESIAN_POINT('Ctrl Pts',(-27.5970002027654,9.28824360674317,2.86697719148905));
#4857=CARTESIAN_POINT('Ctrl Pts',(-31.4679063471974,3.16631589317834,3.78092509206023));
#4858=CARTESIAN_POINT('Ctrl Pts',(-34.0133152439554,-2.69871925817096,4.65686331903363));
#4859=CARTESIAN_POINT('Ctrl Pts',(-35.5575590126105,-9.75287266583167,5.70735383209735));
#4860=CARTESIAN_POINT('Ctrl Pts',(-35.4435595813918,-17.0379344640325,6.77885947788402));
#4861=CARTESIAN_POINT('Ctrl Pts',(-33.7756560827678,-24.9346150469283,7.92330253750367));
#4862=CARTESIAN_POINT('Ctrl Pts',(-31.1529467320794,-30.5412080158843,8.71989116464389));
#4863=CARTESIAN_POINT('Ctrl Pts',(-28.0232303129798,-34.9037695547584,9.33181072833863));
#4864=CARTESIAN_POINT('Ctrl Pts',(-26.5701476938946,-36.6427407955183,9.57459147213718));
#4865=CARTESIAN_POINT('Ctrl Pts',(-24.5357934092941,-38.7624932724479,9.86928950835501));
#4866=CARTESIAN_POINT('Ctrl Pts',(-23.1795949013784,-39.9741020019737,10.0370089700851));
#4867=CARTESIAN_POINT('Ctrl Pts',(-22.1244354923001,-40.8145551848569,10.1530399855598));
#4868=CARTESIAN_POINT('Ctrl Pts',(9.1886483242046E-18,22.6176367420273,
1.00000000000004));
#4869=CARTESIAN_POINT('Ctrl Pts',(-5.93607286882103,22.6176367420273,1.00000000000004));
#4870=CARTESIAN_POINT('Ctrl Pts',(-17.8808945120963,19.6875584612906,1.42853531205751));
#4871=CARTESIAN_POINT('Ctrl Pts',(-31.6412046129549,7.45237944370123,3.20107907995698));
#4872=CARTESIAN_POINT('Ctrl Pts',(-37.8253272554494,-9.77920041132261,5.67770127363199));
#4873=CARTESIAN_POINT('Ctrl Pts',(-35.3203874329461,-24.8232895098213,7.82684253513346));
#4874=CARTESIAN_POINT('Ctrl Pts',(-29.8558549056036,-33.7842480102787,9.10506456070859));
#4875=CARTESIAN_POINT('Ctrl Pts',(-26.3459508950375,-37.6679679540939,9.65887483981136));
#4876=CARTESIAN_POINT('Ctrl Pts',(-24.1385563262077,-39.6904047379011,9.94726637581769));
#4877=CARTESIAN_POINT('Ctrl Pts',(-22.9729106529361,-40.6322569294188,10.0815740632834));
#4878=CARTESIAN_POINT('Ctrl Pts',(-21.7207896163543,-41.5810999421493,10.2168842606784));
#4879=CARTESIAN_POINT('Ctrl Pts',(-20.3768615990709,-42.5300383051025,10.3524151850747));
#4880=CARTESIAN_POINT('Ctrl Pts',(-17.5632311008258,-44.2465456613966,10.5984317365079));
#4881=CARTESIAN_POINT('Ctrl Pts',(-13.8347473416609,-46.0360445770809,10.8567155489256));
#4882=CARTESIAN_POINT('Ctrl Pts',(-7.52880725095531,-48.0881936255109,11.1575512633149));
#4883=CARTESIAN_POINT('Ctrl Pts',(-2.54684018884439,-48.6698841917426,11.2500574287572));
#4884=CARTESIAN_POINT('Ctrl Pts',(4.86978624048692,-48.5495172191046,11.2500087787495));
#4885=CARTESIAN_POINT('Ctrl Pts',(8.93953009597334,-48.5058535728695,11.2500000000001));
#4886=CARTESIAN_POINT('Ctrl Pts',(13.,-48.5,11.2500000000001));
#4887=CARTESIAN_POINT('Ctrl Pts',(1.04901804963274E-17,19.7100743780104,
1.00000000000004));
#4888=CARTESIAN_POINT('Ctrl Pts',(-5.45203032050121,19.7100743780104,1.00000000000004));
#4889=CARTESIAN_POINT('Ctrl Pts',(-16.4966358695386,17.0359682482781,1.44383003363227));
#4890=CARTESIAN_POINT('Ctrl Pts',(-29.2644654653249,5.79205517701637,3.27147629935635));
#4891=CARTESIAN_POINT('Ctrl Pts',(-34.884426232104,-10.0798560969082,5.80038753279972));
#4892=CARTESIAN_POINT('Ctrl Pts',(-32.3089941649355,-23.8482405711271,7.95847584662416));
#4893=CARTESIAN_POINT('Ctrl Pts',(-27.0364427172251,-31.9455652281301,9.21331508050176));
#4894=CARTESIAN_POINT('Ctrl Pts',(-23.6830442582121,-35.4201912580934,9.74787798330011));
#4895=CARTESIAN_POINT('Ctrl Pts',(-21.5825575011907,-37.2172989855948,10.0231315956881));
#4896=CARTESIAN_POINT('Ctrl Pts',(-20.4760960515614,-38.049711956759,10.1502073743963));
#4897=CARTESIAN_POINT('Ctrl Pts',(-19.2890469137997,-38.8856838130643,10.2775939385766));
#4898=CARTESIAN_POINT('Ctrl Pts',(-18.0174820851016,-39.7194531958326,10.4052158817975));
#4899=CARTESIAN_POINT('Ctrl Pts',(-15.3616949219226,-41.221766680334,10.6368021873347));
#4900=CARTESIAN_POINT('Ctrl Pts',(-11.8543352291455,-42.7746819786075,10.8798993645451));
#4901=CARTESIAN_POINT('Ctrl Pts',(-5.94589663037098,-44.5217688765398,11.16298564342));
#4902=CARTESIAN_POINT('Ctrl Pts',(-1.30263015461837,-44.9641630115885,11.2500428223915));
#4903=CARTESIAN_POINT('Ctrl Pts',(5.58463620939411,-44.7346563351282,11.2500043203783));
#4904=CARTESIAN_POINT('Ctrl Pts',(9.34511697673139,-44.6550879489581,11.2500000000001));
#4905=CARTESIAN_POINT('Ctrl Pts',(13.0804285995218,-44.6441361848625,11.2500000000001));
#4906=CARTESIAN_POINT('Ctrl Pts',(1.61268312739213E-17,12.9257621953042,
1.00000000000004));
#4907=CARTESIAN_POINT('Ctrl Pts',(-4.31707655645394,12.9257621953042,1.00000000000004));
#4908=CARTESIAN_POINT('Ctrl Pts',(-12.9841251022641,10.7578433478152,1.54362509667536));
#4909=CARTESIAN_POINT('Ctrl Pts',(-22.6390317606586,1.75140242607452,3.72191289372309));
#4910=CARTESIAN_POINT('Ctrl Pts',(-26.2394079375232,-10.7232739535666,6.5878081711241));
#4911=CARTESIAN_POINT('Ctrl Pts',(-23.3576103397388,-21.1431647522245,8.80394670202742));
#4912=CARTESIAN_POINT('Ctrl Pts',(-18.7168189235326,-26.9641024460804,9.90765250112677));
#4913=CARTESIAN_POINT('Ctrl Pts',(-15.8885645909525,-29.3642970343311,10.3193089693822));
#4914=CARTESIAN_POINT('Ctrl Pts',(-14.1470623231213,-30.5723793369872,10.5108660792321));
#4915=CARTESIAN_POINT('Ctrl Pts',(-13.239372933407,-31.1197380164866,10.5918260473919));
#4916=CARTESIAN_POINT('Ctrl Pts',(-12.2706143861581,-31.6624115794488,10.6686582406413));
#4917=CARTESIAN_POINT('Ctrl Pts',(-11.2415910472799,-32.2020789706383,10.7448629569628));
#4918=CARTESIAN_POINT('Ctrl Pts',(-9.11113525394127,-33.180351397151,10.8834960264415));
#4919=CARTESIAN_POINT('Ctrl Pts',(-6.33028331892981,-34.2008993479218,11.0287951138201));
#4920=CARTESIAN_POINT('Ctrl Pts',(-1.68901151571038,-35.3756277041473,11.1980091667835));
#4921=CARTESIAN_POINT('Ctrl Pts',(1.93502672970296,-35.7162070885183,11.249993558091));
#4922=CARTESIAN_POINT('Ctrl Pts',(7.33653598502593,-35.6670957034561,11.2499926897457));
#4923=CARTESIAN_POINT('Ctrl Pts',(10.3031160415252,-35.6471507934732,11.2500000000001));
#4924=CARTESIAN_POINT('Ctrl Pts',(13.2693708014875,-35.6446122637808,11.2500000000001));
#4925=CARTESIAN_POINT('Ctrl Pts',(2.77958028321393E-17,6.14145001259802,
1.00000000000004));
#4926=CARTESIAN_POINT('Ctrl Pts',(-3.16907696627609,6.14145001259802,1.00000000000004));
#4927=CARTESIAN_POINT('Ctrl Pts',(-9.32520187230241,4.44856392270093,1.65750087118177));
#4928=CARTESIAN_POINT('Ctrl Pts',(-15.5938517828982,-2.30166508877353,4.26366877796815));
#4929=CARTESIAN_POINT('Ctrl Pts',(-16.9959169389306,-11.3024167431584,7.55920597680505));
#4930=CARTESIAN_POINT('Ctrl Pts',(-13.7548582640665,-18.2828538003161,9.84468990886251));
#4931=CARTESIAN_POINT('Ctrl Pts',(-9.79393894162924,-21.762861904852,10.7597131885006));
#4932=CARTESIAN_POINT('Ctrl Pts',(-7.53272354420114,-23.0616066752535,11.0181390200595));
#4933=CARTESIAN_POINT('Ctrl Pts',(-6.1798263757748,-23.6665710448027,11.1059990112124));
#4934=CARTESIAN_POINT('Ctrl Pts',(-5.48725855436142,-23.9222584807895,11.1298301350879));
#4935=CARTESIAN_POINT('Ctrl Pts',(-4.75498033709422,-24.1648491572778,11.1441976847569));
#4936=CARTESIAN_POINT('Ctrl Pts',(-3.99939440197596,-24.3940012106964,11.1580138916108));
#4937=CARTESIAN_POINT('Ctrl Pts',(-2.45279761305863,-24.8335073327618,11.1834158012243));
#4938=CARTESIAN_POINT('Ctrl Pts',(-0.478419847385145,-25.3194326618656,
11.209851914985));
#4939=CARTESIAN_POINT('Ctrl Pts',(2.77084455006986,-25.96207911583,11.2407398934905));
#4940=CARTESIAN_POINT('Ctrl Pts',(5.29047160044352,-26.2714671959461,11.2501112775565));
#4941=CARTESIAN_POINT('Ctrl Pts',(9.11332053709111,-26.5437696943632,11.2500403161131));
#4942=CARTESIAN_POINT('Ctrl Pts',(11.2649943354508,-26.6316026099974,11.2500000000001));
#4943=CARTESIAN_POINT('Ctrl Pts',(13.4587384529026,-26.6442516492683,11.2500000000001));
#4944=CARTESIAN_POINT('Ctrl Pts',(3.92384108890631E-17,2.26470019390877,
1.00000000000004));
#4945=CARTESIAN_POINT('Ctrl Pts',(-2.50374147380191,2.26470019390877,1.00000000000004));
#4946=CARTESIAN_POINT('Ctrl Pts',(-7.42451334562741,0.904372387358315,1.6652414889963));
#4947=CARTESIAN_POINT('Ctrl Pts',(-12.2602533782986,-4.50987129861687,4.30581582426352));
#4948=CARTESIAN_POINT('Ctrl Pts',(-12.9260385016413,-11.5815444083973,7.66288866413964));
#4949=CARTESIAN_POINT('Ctrl Pts',(-9.68874352316617,-16.8583473711543,9.99501963085257));
#4950=CARTESIAN_POINT('Ctrl Pts',(-6.00450286699693,-19.2264503204829,10.8988965722395));
#4951=CARTESIAN_POINT('Ctrl Pts',(-3.95335697653554,-20.0053149469501,11.1368630724358));
#4952=CARTESIAN_POINT('Ctrl Pts',(-2.73959084710281,-20.3263123780197,11.2081077736105));
#4953=CARTESIAN_POINT('Ctrl Pts',(-2.12318646009774,-20.4448695246012,11.2220441267247));
#4954=CARTESIAN_POINT('Ctrl Pts',(-1.47425565297143,-20.5462791730896,11.2251321863654));
#4955=CARTESIAN_POINT('Ctrl Pts',(-0.82259937894176,-20.6229804377898,11.2284759478532));
#4956=CARTESIAN_POINT('Ctrl Pts',(0.506716620731373,-20.7836797307337,11.2343712183744));
#4957=CARTESIAN_POINT('Ctrl Pts',(2.17731674540723,-20.9600804450364,11.2405929871165));
#4958=CARTESIAN_POINT('Ctrl Pts',(4.88818335878483,-21.2042613545213,11.2477694988398));
#4959=CARTESIAN_POINT('Ctrl Pts',(6.95193771621615,-21.3304150341733,11.2499895714027));
#4960=CARTESIAN_POINT('Ctrl Pts',(10.0645145075821,-21.4563588602063,11.2499954663832));
#4961=CARTESIAN_POINT('Ctrl Pts',(11.8057804035891,-21.4972414591757,11.2500000000001));
#4962=CARTESIAN_POINT('Ctrl Pts',(13.5659769760873,-21.5030991278119,11.2500000000001));
#4963=CARTESIAN_POINT('',(8.3093704606715,-21.5,11.2500000000001));
#4964=CARTESIAN_POINT('Ctrl Pts',(13.,-21.5,11.2500000000001));
#4965=CARTESIAN_POINT('Ctrl Pts',(11.4364578401506,-21.5,11.2500000000001));
#4966=CARTESIAN_POINT('Ctrl Pts',(9.87191418967094,-21.4997299017415,11.2499995624757));
#4967=CARTESIAN_POINT('Ctrl Pts',(8.30960923305058,-21.5000627721604,11.2499928829922));
#4968=CARTESIAN_POINT('Ctrl Pts',(8.30948984994608,-21.5000627975857,11.2499928824713));
#4969=CARTESIAN_POINT('Ctrl Pts',(8.30937046684104,-21.500062823,11.24999288194));
#4970=CARTESIAN_POINT('',(-2.5178537851928,-21.2446183108242,11.202430563473));
#4971=CARTESIAN_POINT('Ctrl Pts',(8.30936998714118,-21.4951637627099,11.2499988836682));
#4972=CARTESIAN_POINT('Ctrl Pts',(6.92680890416593,-21.4954576568159,11.2499919706865));
#4973=CARTESIAN_POINT('Ctrl Pts',(4.85278854677492,-21.4936985502489,11.2478804951523));
#4974=CARTESIAN_POINT('Ctrl Pts',(2.43698189123174,-21.4864607686183,11.2392645934033));
#4975=CARTESIAN_POINT('Ctrl Pts',(1.2247847946141,-21.4811524000559,11.2327235762011));
#4976=CARTESIAN_POINT('Ctrl Pts',(0.533219900090867,-21.477679210547,11.2282314588482));
#4977=CARTESIAN_POINT('Ctrl Pts',(0.187671828082366,-21.4757090158955,11.2257108471871));
#4978=CARTESIAN_POINT('Ctrl Pts',(-0.197297988693992,-21.4735878580173,
11.2227299121765));
#4979=CARTESIAN_POINT('Ctrl Pts',(-0.836377030898704,-21.4541528482219,
11.2176114093639));
#4980=CARTESIAN_POINT('Ctrl Pts',(-1.67652815062071,-21.3805663206507,11.2100690202077));
#4981=CARTESIAN_POINT('Ctrl Pts',(-2.31337509836013,-21.2729737429261,11.2044566161534));
#4982=CARTESIAN_POINT('Ctrl Pts',(-2.51377080218201,-21.2451861365618,11.2024846927211));
#4983=CARTESIAN_POINT('Ctrl Pts',(-2.51581239255958,-21.2449025828102,11.2024643949729));
#4984=CARTESIAN_POINT('Ctrl Pts',(-2.51785395558674,-21.2446185735422,11.2024438893187));
#4985=CARTESIAN_POINT('Ctrl Pts',(-2.51868150450967,-21.2493878232739,11.202345340483));
#4986=CARTESIAN_POINT('Ctrl Pts',(-4.04853180229716,-21.036624220201,11.1870991452278));
#4987=CARTESIAN_POINT('Ctrl Pts',(-7.07964109467028,-20.0990157000995,10.9230558855427));
#4988=CARTESIAN_POINT('Ctrl Pts',(-10.8428234396358,-17.2554813330202,9.88579081671196));
#4989=CARTESIAN_POINT('Ctrl Pts',(-13.2581861573039,-13.2696225983679,8.31721173944924));
#4990=CARTESIAN_POINT('Ctrl Pts',(-14.169091662927,-7.17910539049074,5.78091691615682));
#4991=CARTESIAN_POINT('Ctrl Pts',(-11.2545605291803,-1.18597427315925,3.00652675247597));
#4992=CARTESIAN_POINT('Ctrl Pts',(-5.28031021277879,2.37160630518152,1.29220924844318));
#4993=CARTESIAN_POINT('Ctrl Pts',(-1.75309083268058,3.,1.00000000000003));
#4994=CARTESIAN_POINT('Ctrl Pts',(9.57567358739198E-15,3.,1.00000000000004));
#4995=CARTESIAN_POINT('Ctrl Pts',(9.15933995315754E-15,0.999999999999997,
3.00000000000004));
#4996=CARTESIAN_POINT('Ctrl Pts',(-1.42632502233894,0.999999999999997,3.00000000000004));
#4997=CARTESIAN_POINT('Ctrl Pts',(-4.29069261733061,0.524602345163219,3.27422885676424));
#4998=CARTESIAN_POINT('Ctrl Pts',(-9.21373119328994,-2.17886062869562,4.8854934786743));
#4999=CARTESIAN_POINT('Ctrl Pts',(-11.8796669559915,-6.8612873170396,7.59379089870038));
#5000=CARTESIAN_POINT('Ctrl Pts',(-11.4435115895467,-11.9380583332581,10.1789196267638));
#5001=CARTESIAN_POINT('Ctrl Pts',(-9.56760293562857,-15.4418137187066,11.8059260331062));
#5002=CARTESIAN_POINT('Ctrl Pts',(-6.35231787012595,-18.1106134940032,12.903992214323));
#5003=CARTESIAN_POINT('Ctrl Pts',(-3.60800812120581,-19.0712846674417,13.1870611900404));
#5004=CARTESIAN_POINT('Ctrl Pts',(-2.01924340018103,-19.3438007255298,13.2038167951884));
#5005=CARTESIAN_POINT('Ctrl Pts',(-1.47165300204538,-19.4256766927412,13.2096390764224));
#5006=CARTESIAN_POINT('Ctrl Pts',(-0.734917714714149,-19.4882030321037,
13.2172796235185));
#5007=CARTESIAN_POINT('Ctrl Pts',(-0.179145385628261,-19.4999855945314,
13.222487521919));
#5008=CARTESIAN_POINT('Ctrl Pts',(0.157730443923203,-19.499986270483,13.2255068443747));
#5009=CARTESIAN_POINT('Ctrl Pts',(0.517945661058456,-19.4999879094928,13.2280585323429));
#5010=CARTESIAN_POINT('Ctrl Pts',(1.20548533170795,-19.4999891827308,13.2326003245778));
#5011=CARTESIAN_POINT('Ctrl Pts',(2.42712395020167,-19.4999933368217,13.2392031762231));
#5012=CARTESIAN_POINT('Ctrl Pts',(4.84512370750745,-19.4999963729363,13.2478724513404));
#5013=CARTESIAN_POINT('Ctrl Pts',(6.92539971480509,-19.4999986776491,13.249986035628));
#5014=CARTESIAN_POINT('Ctrl Pts',(9.87267902631489,-19.4999997089515,13.2499994478578));
#5015=CARTESIAN_POINT('Ctrl Pts',(11.4364578401506,-19.5,13.2500000000001));
#5016=CARTESIAN_POINT('Ctrl Pts',(13.,-19.5,13.2500000000001));
#5017=CARTESIAN_POINT('Ctrl Pts',(9.28390668522928E-15,0.999999999999997,
2.40160139931627));
#5018=CARTESIAN_POINT('Ctrl Pts',(-1.45832413558229,0.999999999999997,2.40160139931627));
#5019=CARTESIAN_POINT('Ctrl Pts',(-4.39047536236971,0.502483665840847,2.68248796795406));
#5020=CARTESIAN_POINT('Ctrl Pts',(-9.38545654842729,-2.32062818775341,4.32815061304776));
#5021=CARTESIAN_POINT('Ctrl Pts',(-11.9473000280619,-7.12439228292086,7.05108377155214));
#5022=CARTESIAN_POINT('Ctrl Pts',(-11.3699538364433,-12.1588692757591,9.60673677031059));
#5023=CARTESIAN_POINT('Ctrl Pts',(-9.44628770902067,-15.5727487364575,11.2093822151269));
#5024=CARTESIAN_POINT('Ctrl Pts',(-6.26122202691315,-18.148595259929,12.2953861099046));
#5025=CARTESIAN_POINT('Ctrl Pts',(-3.57218043495594,-19.0777439090815,12.5870721837238));
#5026=CARTESIAN_POINT('Ctrl Pts',(-2.01533080318623,-19.3445048139243,12.6139879349098));
#5027=CARTESIAN_POINT('Ctrl Pts',(-1.46525897679956,-19.4264800900659,12.6173435731897));
#5028=CARTESIAN_POINT('Ctrl Pts',(-0.730643968379973,-19.4883629263661,
12.6242514269107));
#5029=CARTESIAN_POINT('Ctrl Pts',(-0.174722041190208,-19.5000212137378,
12.6282589815382));
#5030=CARTESIAN_POINT('Ctrl Pts',(0.161750587988383,-19.4998895711353,12.630786075984));
#5031=CARTESIAN_POINT('Ctrl Pts',(0.521689854448512,-19.499922978111,12.6329779449102));
#5032=CARTESIAN_POINT('Ctrl Pts',(1.2086518062468,-19.4998959655769,12.6368348878685));
#5033=CARTESIAN_POINT('Ctrl Pts',(2.42949279112679,-19.4999225205884,12.6424284834444));
#5034=CARTESIAN_POINT('Ctrl Pts',(4.84618239712768,-19.4999210960681,12.6497052640906));
#5035=CARTESIAN_POINT('Ctrl Pts',(6.92580110951638,-19.4999646379073,12.6515028902118));
#5036=CARTESIAN_POINT('Ctrl Pts',(9.87237642030234,-19.4999951950131,12.6516502025929));
#5037=CARTESIAN_POINT('Ctrl Pts',(11.4364578401506,-19.5,12.6516013993163));
#5038=CARTESIAN_POINT('Ctrl Pts',(13.,-19.5,12.6516013993163));
#5039=CARTESIAN_POINT('Ctrl Pts',(9.49962898552419E-15,1.50176501202003,
1.36530607001103));
#5040=CARTESIAN_POINT('Ctrl Pts',(-1.57011059788903,1.50176501202003,1.36530607001103));
#5041=CARTESIAN_POINT('Ctrl Pts',(-4.72737599316064,0.945977910500845,1.65766796121979));
#5042=CARTESIAN_POINT('Ctrl Pts',(-10.0485011917255,-2.1995398971981,3.36253432913665));
#5043=CARTESIAN_POINT('Ctrl Pts',(-12.5831656937324,-7.43626954325966,6.11100416644808));
#5044=CARTESIAN_POINT('Ctrl Pts',(-11.7670411446248,-12.6957802637928,8.61691669972669));
#5045=CARTESIAN_POINT('Ctrl Pts',(-9.66384120980872,-16.1573395516605,10.1783325995366));
#5046=CARTESIAN_POINT('Ctrl Pts',(-6.36318311772519,-18.6896921265599,11.2427517211913));
#5047=CARTESIAN_POINT('Ctrl Pts',(-3.6511794239889,-19.5780200939706,11.5483517218064));
#5048=CARTESIAN_POINT('Ctrl Pts',(-2.08600692859954,-19.8262555839668,11.5916491420316));
#5049=CARTESIAN_POINT('Ctrl Pts',(-1.51120008992403,-19.9160746454283,11.5910584497692));
#5050=CARTESIAN_POINT('Ctrl Pts',(-0.752087381559595,-19.980545834956,11.5967879399369));
#5051=CARTESIAN_POINT('Ctrl Pts',(-0.174812885807209,-19.9946031824799,
11.5988575889529));
#5052=CARTESIAN_POINT('Ctrl Pts',(0.173637111042095,-19.9951271698475,11.6005918699175));
#5053=CARTESIAN_POINT('Ctrl Pts',(0.529488362440394,-19.9958498001998,11.6022002526453));
#5054=CARTESIAN_POINT('Ctrl Pts',(1.21692460715404,-19.9970043575471,11.6049514061957));
#5055=CARTESIAN_POINT('Ctrl Pts',(2.43443904951416,-19.9988326236209,11.6088890687192));
#5056=CARTESIAN_POINT('Ctrl Pts',(4.84930454676441,-20.0012808502041,11.6138746792516));
#5057=CARTESIAN_POINT('Ctrl Pts',(6.9266484920673,-20.0018909557734,11.6151127535642));
#5058=CARTESIAN_POINT('Ctrl Pts',(9.87193543136289,-20.0016729788932,11.6154411337045));
#5059=CARTESIAN_POINT('Ctrl Pts',(11.4364578401506,-20.00176501202,11.6153060700111));
#5060=CARTESIAN_POINT('Ctrl Pts',(13.,-20.00176501202,11.6153060700111));
#5061=CARTESIAN_POINT('Ctrl Pts',(9.57567358739198E-15,2.55120104948717,
1.00000000000004));
#5062=CARTESIAN_POINT('Ctrl Pts',(-1.70439187142331,2.55120104948717,1.00000000000003));
#5063=CARTESIAN_POINT('Ctrl Pts',(-5.13292970332871,1.94023868061585,1.29371777136143));
#5064=CARTESIAN_POINT('Ctrl Pts',(-10.9233895953368,-1.51660059527673,3.01223502517757));
#5065=CARTESIAN_POINT('Ctrl Pts',(-13.706619023685,-7.30318337902493,5.78048381897809));
#5066=CARTESIAN_POINT('Ctrl Pts',(-12.8028512462253,-13.1402537609324,8.29942989824145));
#5067=CARTESIAN_POINT('Ctrl Pts',(-10.4719961182754,-16.95611750039,9.860137736838));
#5068=CARTESIAN_POINT('Ctrl Pts',(-6.84865648773141,-19.689299828393,10.9047321795799));
#5069=CARTESIAN_POINT('Ctrl Pts',(-3.92013705291555,-20.602260024804,11.1854452242376));
#5070=CARTESIAN_POINT('Ctrl Pts',(-2.2448172175602,-20.8406479954309,11.214220832589));
#5071=CARTESIAN_POINT('Ctrl Pts',(-1.62610369086752,-20.9436637981082,11.2170395447799));
#5072=CARTESIAN_POINT('Ctrl Pts',(-0.810453458523012,-21.0146305247057,
11.2237665512007));
#5073=CARTESIAN_POINT('Ctrl Pts',(-0.189741349201204,-21.0327842267738,
11.2275196160923));
#5074=CARTESIAN_POINT('Ctrl Pts',(0.184306617867953,-21.0345469550419,11.2299422902057));
#5075=CARTESIAN_POINT('Ctrl Pts',(0.532855447422407,-21.0362537430903,11.2320550066054));
#5076=CARTESIAN_POINT('Ctrl Pts',(1.22308269008886,-21.0392284341286,11.235768818081));
#5077=CARTESIAN_POINT('Ctrl Pts',(2.43669158854275,-21.0437919961705,11.2411534259954));
#5078=CARTESIAN_POINT('Ctrl Pts',(4.85204818504483,-21.0500038928784,11.2481627763528));
#5079=CARTESIAN_POINT('Ctrl Pts',(6.92700824093189,-21.0515143779548,11.2498974835726));
#5080=CARTESIAN_POINT('Ctrl Pts',(9.87186583719335,-21.0509698833097,11.2500586706494));
#5081=CARTESIAN_POINT('Ctrl Pts',(11.4364578401506,-21.0512010494872,11.2500000000001));
#5082=CARTESIAN_POINT('Ctrl Pts',(13.,-21.0512010494872,11.2500000000001));
#5083=CARTESIAN_POINT('Ctrl Pts',(9.57567358739198E-15,3.,1.00000000000004));
#5084=CARTESIAN_POINT('Ctrl Pts',(-1.75309083268058,3.,1.00000000000003));
#5085=CARTESIAN_POINT('Ctrl Pts',(-5.28031021277879,2.37160630518152,1.29220924844318));
#5086=CARTESIAN_POINT('Ctrl Pts',(-11.2545605291803,-1.18597427315925,3.00652675247597));
#5087=CARTESIAN_POINT('Ctrl Pts',(-14.169091662927,-7.17910539049074,5.78091691615682));
#5088=CARTESIAN_POINT('Ctrl Pts',(-13.2581861573039,-13.2696225983679,8.31721173944924));
#5089=CARTESIAN_POINT('Ctrl Pts',(-10.8428234396358,-17.2554813330202,9.88579081671196));
#5090=CARTESIAN_POINT('Ctrl Pts',(-7.07796803167026,-20.1002798993072,10.9235170403975));
#5091=CARTESIAN_POINT('Ctrl Pts',(-4.04448789287005,-21.0378746186247,11.1874512042302));
#5092=CARTESIAN_POINT('Ctrl Pts',(-2.31413166615888,-21.2777448792605,11.2043427591003));
#5093=CARTESIAN_POINT('Ctrl Pts',(-1.67708457504066,-21.3853880084129,11.2099859401671));
#5094=CARTESIAN_POINT('Ctrl Pts',(-0.836663080479558,-21.459003454028,11.217537312118));
#5095=CARTESIAN_POINT('Ctrl Pts',(-0.197381335368662,-21.478452623037,11.2226708577198));
#5096=CARTESIAN_POINT('Ctrl Pts',(0.187709014179236,-21.4805777433707,11.2256579429946));
#5097=CARTESIAN_POINT('Ctrl Pts',(0.533223965401068,-21.4825508512641,11.2281830483908));
#5098=CARTESIAN_POINT('Ctrl Pts',(1.22480361623647,-21.4860295533702,11.2326837402559));
#5099=CARTESIAN_POINT('Ctrl Pts',(2.43698512204164,-21.4913461585758,11.2392374977802));
#5100=CARTESIAN_POINT('Ctrl Pts',(4.8529172426984,-21.4985956462071,11.2478715291509));
#5101=CARTESIAN_POINT('Ctrl Pts',(6.9270481239767,-21.5003573456966,11.2499869719862));
#5102=CARTESIAN_POINT('Ctrl Pts',(9.87191418967094,-21.4997299017415,11.2499995624757));
#5103=CARTESIAN_POINT('Ctrl Pts',(11.4364578401506,-21.5,11.2500000000001));
#5104=CARTESIAN_POINT('Ctrl Pts',(13.,-21.5,11.2500000000001));
#5105=CARTESIAN_POINT('',(-8.12363331482996E-11,-19.5,13.2241498634926));
#5106=CARTESIAN_POINT('Ctrl Pts',(5.17126048678665E-7,-19.4999842314374,
13.2240931226876));
#5107=CARTESIAN_POINT('Ctrl Pts',(0.00224807470385843,-19.4999853843024,
13.2241132889776));
#5108=CARTESIAN_POINT('Ctrl Pts',(0.00449572411821651,-19.4999859630129,
13.2241334450688));
#5109=CARTESIAN_POINT('Ctrl Pts',(0.157730443923203,-19.499986270483,13.2255068443747));
#5110=CARTESIAN_POINT('Ctrl Pts',(0.517945661058456,-19.4999879094928,13.2280585323429));
#5111=CARTESIAN_POINT('Ctrl Pts',(1.20548533170795,-19.4999891827308,13.2326003245778));
#5112=CARTESIAN_POINT('Ctrl Pts',(2.42712395020167,-19.4999933368217,13.2392031762231));
#5113=CARTESIAN_POINT('Ctrl Pts',(4.84512370750745,-19.4999963729363,13.2478724513404));
#5114=CARTESIAN_POINT('Ctrl Pts',(6.92539971480509,-19.4999986776491,13.249986035628));
#5115=CARTESIAN_POINT('Ctrl Pts',(9.87267902631489,-19.4999997089515,13.2499994478578));
#5116=CARTESIAN_POINT('Ctrl Pts',(11.4364578401506,-19.5,13.2500000000001));
#5117=CARTESIAN_POINT('Ctrl Pts',(13.,-19.5,13.2500000000001));
#5118=CARTESIAN_POINT('Ctrl Pts',(9.15933995315754E-15,0.999999999999997,
3.00000000000004));
#5119=CARTESIAN_POINT('Ctrl Pts',(-1.42632502233894,0.999999999999997,3.00000000000004));
#5120=CARTESIAN_POINT('Ctrl Pts',(-4.29069261733061,0.524602345163219,3.27422885676424));
#5121=CARTESIAN_POINT('Ctrl Pts',(-9.21373119328994,-2.17886062869562,4.8854934786743));
#5122=CARTESIAN_POINT('Ctrl Pts',(-11.8796669559915,-6.8612873170396,7.59379089870038));
#5123=CARTESIAN_POINT('Ctrl Pts',(-11.4435115895467,-11.9380583332581,10.1789196267638));
#5124=CARTESIAN_POINT('Ctrl Pts',(-9.56760293562857,-15.4418137187066,11.8059260331062));
#5125=CARTESIAN_POINT('Ctrl Pts',(-6.35231787012595,-18.1106134940032,12.903992214323));
#5126=CARTESIAN_POINT('Ctrl Pts',(-3.60800812120581,-19.0712846674417,13.1870611900404));
#5127=CARTESIAN_POINT('Ctrl Pts',(-2.01924340018103,-19.3438007255298,13.2038167951884));
#5128=CARTESIAN_POINT('Ctrl Pts',(-1.47165300204538,-19.4256766927412,13.2096390764224));
#5129=CARTESIAN_POINT('Ctrl Pts',(-0.737144839474319,-19.4880140171876,
13.2172565264145));
#5130=CARTESIAN_POINT('Ctrl Pts',(-0.183625546974522,-19.4998900420486,
13.2224455313157));
#5131=CARTESIAN_POINT('Ctrl Pts',(5.17115996683404E-7,-19.4999842314374,
13.2240931226875));
#5132=CARTESIAN_POINT('Ctrl Pts',(-3.15143736638476E-16,0.999999999999997,
3.00000000000003));
#5133=CARTESIAN_POINT('Ctrl Pts',(-2.39799779229834,0.999999999999996,3.00000000000003));
#5134=CARTESIAN_POINT('Ctrl Pts',(-7.18653110023659,-0.352638875272198,
3.6695780702843));
#5135=CARTESIAN_POINT('Ctrl Pts',(-11.7667924955691,-5.7973947157906,6.3012913198103));
#5136=CARTESIAN_POINT('Ctrl Pts',(-11.7598737817229,-12.7034780164951,9.55128317757058));
#5137=CARTESIAN_POINT('Ctrl Pts',(-7.95072231931498,-17.237790638182,11.7119705214683));
#5138=CARTESIAN_POINT('Ctrl Pts',(-4.14437946898528,-18.9243598024822,12.5022995943753));
#5139=CARTESIAN_POINT('Ctrl Pts',(-1.80349253423085,-19.4173210843934,12.7185352195657));
#5140=CARTESIAN_POINT('Ctrl Pts',(-0.604683938612745,-19.4995644872134,
12.7446788871559));
#5141=CARTESIAN_POINT('Ctrl Pts',(0.227916343062367,-19.4996137423147,12.7342239899453));
#5142=CARTESIAN_POINT('Ctrl Pts',(0.651115390764521,-19.4996202543541,12.7284157682034));
#5143=CARTESIAN_POINT('Ctrl Pts',(1.52276827935769,-19.4996330159321,12.7171370159754));
#5144=CARTESIAN_POINT('Ctrl Pts',(3.90114271803861,-19.4997212757478,12.687618493512));
#5145=CARTESIAN_POINT('Ctrl Pts',(7.80328886637985,-19.4998483262109,12.6483553475543));
#5146=CARTESIAN_POINT('Ctrl Pts',(11.2666666666667,-19.5,12.6318091748144));
#5147=CARTESIAN_POINT('Ctrl Pts',(13.,-19.5,12.6294680681385));
#5148=CARTESIAN_POINT('Ctrl Pts',(-1.50979641263727E-15,0.999999999999998,
18.5));
#5149=CARTESIAN_POINT('Ctrl Pts',(-2.39799779229834,0.999999999999994,18.5));
#5150=CARTESIAN_POINT('Ctrl Pts',(-7.18653110023659,-0.352638875272208,
19.0113213028265));
#5151=CARTESIAN_POINT('Ctrl Pts',(-11.7667924955691,-5.79739471579061,21.044604520287));
#5152=CARTESIAN_POINT('Ctrl Pts',(-11.7598737817229,-12.7034780164951,23.5167041265015));
#5153=CARTESIAN_POINT('Ctrl Pts',(-7.95072231931497,-17.237790638182,25.0549129909756));
#5154=CARTESIAN_POINT('Ctrl Pts',(-4.14437946898528,-18.9243598024823,25.5017383024781));
#5155=CARTESIAN_POINT('Ctrl Pts',(-1.80349253423085,-19.4173210843935,25.5557094584198));
#5156=CARTESIAN_POINT('Ctrl Pts',(-0.604683938612743,-19.4995644872134,
25.5131970435653));
#5157=CARTESIAN_POINT('Ctrl Pts',(0.227916343062368,-19.4996137423147,25.4595974421822));
#5158=CARTESIAN_POINT('Ctrl Pts',(0.651115390764521,-19.4996202543541,25.4298468454685));
#5159=CARTESIAN_POINT('Ctrl Pts',(1.52276827935769,-19.4996330159321,25.3720753750928));
#5160=CARTESIAN_POINT('Ctrl Pts',(3.90114271803861,-19.4997212757478,25.220805934808));
#5161=CARTESIAN_POINT('Ctrl Pts',(7.80328886637985,-19.4998483262109,25.0195871523106));
#5162=CARTESIAN_POINT('Ctrl Pts',(11.2666666666667,-19.5,24.9346630384997));
#5163=CARTESIAN_POINT('Ctrl Pts',(13.,-19.5,24.9226749577628));
#5164=CARTESIAN_POINT('Ctrl Pts',(-2.72302342507362E-15,0.999999999999998,
34.));
#5165=CARTESIAN_POINT('Ctrl Pts',(-2.39799779229835,0.999999999999991,34.));
#5166=CARTESIAN_POINT('Ctrl Pts',(-7.18653110023659,-0.352638875272214,
34.1270875245921));
#5167=CARTESIAN_POINT('Ctrl Pts',(-11.7667924955691,-5.79739471579063,34.5916898521249));
#5168=CARTESIAN_POINT('Ctrl Pts',(-11.7598737817229,-12.7034780164951,35.222971687171));
#5169=CARTESIAN_POINT('Ctrl Pts',(-7.95072231931495,-17.237790638182,35.7985298616943));
#5170=CARTESIAN_POINT('Ctrl Pts',(-4.14437946898525,-18.9243598024823,36.1804627769077));
#5171=CARTESIAN_POINT('Ctrl Pts',(-1.80349253423083,-19.4173210843934,36.3860164913652));
#5172=CARTESIAN_POINT('Ctrl Pts',(-0.604683938612724,-19.4995644872134,
36.4834445065691));
#5173=CARTESIAN_POINT('Ctrl Pts',(0.227916343062386,-19.4996137423147,36.548971452298));
#5174=CARTESIAN_POINT('Ctrl Pts',(0.651115390764539,-19.4996202543541,36.5853354827349));
#5175=CARTESIAN_POINT('Ctrl Pts',(1.52276827935771,-19.4996330159321,36.65594930595));
#5176=CARTESIAN_POINT('Ctrl Pts',(3.90114271803862,-19.4997212757478,36.8408636279199));
#5177=CARTESIAN_POINT('Ctrl Pts',(7.80328886637986,-19.4998483262109,37.086840073352));
#5178=CARTESIAN_POINT('Ctrl Pts',(11.2666666666667,-19.5,37.1906868137754));
#5179=CARTESIAN_POINT('Ctrl Pts',(13.,-19.5,37.2053389124539));
#5180=CARTESIAN_POINT('Ctrl Pts',(-3.91511412363276E-15,0.999999999999999,
49.5000000000001));
#5181=CARTESIAN_POINT('Ctrl Pts',(-2.39799779229835,0.999999999999989,49.5000000000001));
#5182=CARTESIAN_POINT('Ctrl Pts',(-7.18653110023658,-0.352638875272221,
49.5000000000001));
#5183=CARTESIAN_POINT('Ctrl Pts',(-11.7667924955691,-5.79739471579063,49.5));
#5184=CARTESIAN_POINT('Ctrl Pts',(-11.7598737817229,-12.7034780164951,49.5));
#5185=CARTESIAN_POINT('Ctrl Pts',(-7.95072231931494,-17.237790638182,49.4999999999999));
#5186=CARTESIAN_POINT('Ctrl Pts',(-4.14437946898525,-18.9243598024823,49.4999999999999));
#5187=CARTESIAN_POINT('Ctrl Pts',(-1.80349253423082,-19.4173210843934,49.4999999999999));
#5188=CARTESIAN_POINT('Ctrl Pts',(-0.604683938612717,-19.4995644872134,
49.4999999999999));
#5189=CARTESIAN_POINT('Ctrl Pts',(0.227916343062393,-19.4996137423147,49.4999999999998));
#5190=CARTESIAN_POINT('Ctrl Pts',(0.651115390764546,-19.4996202543541,49.4999999999998));
#5191=CARTESIAN_POINT('Ctrl Pts',(1.52276827935771,-19.4996330159321,49.4999999999999));
#5192=CARTESIAN_POINT('Ctrl Pts',(3.90114271803863,-19.4997212757478,49.4999999999999));
#5193=CARTESIAN_POINT('Ctrl Pts',(7.80328886637986,-19.4998483262109,49.5));
#5194=CARTESIAN_POINT('Ctrl Pts',(11.2666666666667,-19.5,49.5));
#5195=CARTESIAN_POINT('Ctrl Pts',(13.,-19.5,49.5));
#5196=CARTESIAN_POINT('Ctrl Pts',(-3.91511412363276E-15,0.999999999999999,
49.5000000000001));
#5197=CARTESIAN_POINT('Ctrl Pts',(-2.39799779229835,0.999999999999989,49.5000000000001));
#5198=CARTESIAN_POINT('Ctrl Pts',(-7.18653110023658,-0.352638875272221,
49.5000000000001));
#5199=CARTESIAN_POINT('Ctrl Pts',(-11.7667924955691,-5.79739471579063,49.5));
#5200=CARTESIAN_POINT('Ctrl Pts',(-11.7598737817229,-12.7034780164951,49.5));
#5201=CARTESIAN_POINT('Ctrl Pts',(-7.95072231931494,-17.237790638182,49.4999999999999));
#5202=CARTESIAN_POINT('Ctrl Pts',(-4.14437946898525,-18.9243598024823,49.4999999999999));
#5203=CARTESIAN_POINT('Ctrl Pts',(-1.80349253423082,-19.4173210843934,49.4999999999999));
#5204=CARTESIAN_POINT('Ctrl Pts',(-0.604683938612717,-19.4995644872134,
49.4999999999999));
#5205=CARTESIAN_POINT('Ctrl Pts',(0.227916343062393,-19.4996137423147,49.4999999999998));
#5206=CARTESIAN_POINT('Ctrl Pts',(0.651115390764546,-19.4996202543541,49.4999999999998));
#5207=CARTESIAN_POINT('Ctrl Pts',(1.52276827935771,-19.4996330159321,49.4999999999999));
#5208=CARTESIAN_POINT('Ctrl Pts',(3.90114271803863,-19.4997212757478,49.4999999999999));
#5209=CARTESIAN_POINT('Ctrl Pts',(7.80328886637986,-19.4998483262109,49.5));
#5210=CARTESIAN_POINT('Ctrl Pts',(11.2666666666667,-19.5,49.5));
#5211=CARTESIAN_POINT('Ctrl Pts',(13.,-19.5,49.5));
#5212=CARTESIAN_POINT('Ctrl Pts',(-3.15143736638477E-16,0.999999999999997,
96.));
#5213=CARTESIAN_POINT('Ctrl Pts',(-2.39799779229834,0.999999999999996,96.));
#5214=CARTESIAN_POINT('Ctrl Pts',(-7.18692215617381,-0.352874705402562,
95.3302880919564));
#5215=CARTESIAN_POINT('Ctrl Pts',(-11.7673416855641,-5.7974425483259,92.698658598648));
#5216=CARTESIAN_POINT('Ctrl Pts',(-11.7602916981327,-12.7036149052686,89.4486304573058));
#5217=CARTESIAN_POINT('Ctrl Pts',(-7.95109306540521,-17.237610964566,87.2880759544155));
#5218=CARTESIAN_POINT('Ctrl Pts',(-4.14459249296032,-18.9242656062473,86.4977197524237));
#5219=CARTESIAN_POINT('Ctrl Pts',(-1.8036304598095,-19.4172045016904,86.2814944311119));
#5220=CARTESIAN_POINT('Ctrl Pts',(-0.604698960774593,-19.4994579971251,
86.2553480887701));
#5221=CARTESIAN_POINT('Ctrl Pts',(0.227943740605397,-19.4995076711398,86.2658031719524));
#5222=CARTESIAN_POINT('Ctrl Pts',(0.651161964308267,-19.4995150363517,86.2716112464562));
#5223=CARTESIAN_POINT('Ctrl Pts',(1.5228367255385,-19.4995282866654,86.2828899732697));
#5224=CARTESIAN_POINT('Ctrl Pts',(3.90128037865388,-19.4996320150951,86.3124048870669));
#5225=CARTESIAN_POINT('Ctrl Pts',(7.80350385082825,-19.4997855807342,86.3516615515258));
#5226=CARTESIAN_POINT('Ctrl Pts',(11.2666666666667,-19.5,86.3681908251857));
#5227=CARTESIAN_POINT('Ctrl Pts',(13.,-19.5,86.3705319318616));
#5228=CARTESIAN_POINT('Ctrl Pts',(-1.50979641263728E-15,0.999999999999998,
80.5));
#5229=CARTESIAN_POINT('Ctrl Pts',(-2.39799779229835,0.999999999999994,80.5));
#5230=CARTESIAN_POINT('Ctrl Pts',(-7.18692215617381,-0.352874705402575,
79.9885593283612));
#5231=CARTESIAN_POINT('Ctrl Pts',(-11.7673416855641,-5.79744254832591,77.9553508123921));
#5232=CARTESIAN_POINT('Ctrl Pts',(-11.7602916981327,-12.7036149052687,75.483218845145));
#5233=CARTESIAN_POINT('Ctrl Pts',(-7.95109306540521,-17.237610964566,73.9451284604883));
#5234=CARTESIAN_POINT('Ctrl Pts',(-4.14459249296032,-18.9242656062473,73.498278952775));
#5235=CARTESIAN_POINT('Ctrl Pts',(-1.8036304598095,-19.4172045016904,73.4443169867791));
#5236=CARTESIAN_POINT('Ctrl Pts',(-0.604698960774592,-19.4994579971251,
73.4868270160444));
#5237=CARTESIAN_POINT('Ctrl Pts',(0.227943740605398,-19.4995076711398,73.540426783294));
#5238=CARTESIAN_POINT('Ctrl Pts',(0.651161964308267,-19.4995150363517,73.5701772486873));
#5239=CARTESIAN_POINT('Ctrl Pts',(1.5228367255385,-19.4995282866654,73.627948696396));
#5240=CARTESIAN_POINT('Ctrl Pts',(3.90128037865388,-19.4996320150951,73.7792149181407));
#5241=CARTESIAN_POINT('Ctrl Pts',(7.80350385082825,-19.4997855807342,73.9804279198419));
#5242=CARTESIAN_POINT('Ctrl Pts',(11.2666666666667,-19.5,74.0653369615003));
#5243=CARTESIAN_POINT('Ctrl Pts',(13.,-19.5,74.0773250422372));
#5244=CARTESIAN_POINT('Ctrl Pts',(-2.72302342507362E-15,0.999999999999998,
65.));
#5245=CARTESIAN_POINT('Ctrl Pts',(-2.39799779229834,0.999999999999991,65.));
#5246=CARTESIAN_POINT('Ctrl Pts',(-7.18692215617382,-0.352874705402578,
64.8729124754079));
#5247=CARTESIAN_POINT('Ctrl Pts',(-11.767341685564,-5.79744254832593,64.4083101478752));
#5248=CARTESIAN_POINT('Ctrl Pts',(-11.7602916981327,-12.7036149052687,63.777028312829));
#5249=CARTESIAN_POINT('Ctrl Pts',(-7.95109306540518,-17.237610964566,63.2014701383057));
#5250=CARTESIAN_POINT('Ctrl Pts',(-4.1445924929603,-18.9242656062473,62.8195372230923));
#5251=CARTESIAN_POINT('Ctrl Pts',(-1.80363045980948,-19.4172045016904,62.6139835086348));
#5252=CARTESIAN_POINT('Ctrl Pts',(-0.60469896077457,-19.4994579971251,62.5165554934309));
#5253=CARTESIAN_POINT('Ctrl Pts',(0.227943740605419,-19.4995076711397,62.451028547702));
#5254=CARTESIAN_POINT('Ctrl Pts',(0.651161964308288,-19.4995150363517,62.414664517265));
#5255=CARTESIAN_POINT('Ctrl Pts',(1.52283672553852,-19.4995282866654,62.34405069405));
#5256=CARTESIAN_POINT('Ctrl Pts',(3.90128037865389,-19.4996320150951,62.15913637208));
#5257=CARTESIAN_POINT('Ctrl Pts',(7.80350385082825,-19.4997855807342,61.913159926648));
#5258=CARTESIAN_POINT('Ctrl Pts',(11.2666666666667,-19.5,61.8093131862246));
#5259=CARTESIAN_POINT('Ctrl Pts',(13.,-19.5,61.7946610875462));
#5260=CARTESIAN_POINT('Ctrl Pts',(-3.91511412363276E-15,0.999999999999999,
49.5));
#5261=CARTESIAN_POINT('Ctrl Pts',(-2.39799779229835,0.999999999999989,49.5));
#5262=CARTESIAN_POINT('Ctrl Pts',(-7.18692215617381,-0.352874705402586,
49.5));
#5263=CARTESIAN_POINT('Ctrl Pts',(-11.767341685564,-5.79744254832594,49.5));
#5264=CARTESIAN_POINT('Ctrl Pts',(-11.7602916981326,-12.7036149052687,49.5));
#5265=CARTESIAN_POINT('Ctrl Pts',(-7.95109306540517,-17.237610964566,49.5));
#5266=CARTESIAN_POINT('Ctrl Pts',(-4.14459249296029,-18.9242656062473,49.5));
#5267=CARTESIAN_POINT('Ctrl Pts',(-1.80363045980947,-19.4172045016904,49.5));
#5268=CARTESIAN_POINT('Ctrl Pts',(-0.604698960774563,-19.4994579971251,
49.5));
#5269=CARTESIAN_POINT('Ctrl Pts',(0.227943740605426,-19.4995076711398,49.5000000000001));
#5270=CARTESIAN_POINT('Ctrl Pts',(0.651161964308295,-19.4995150363517,49.5000000000001));
#5271=CARTESIAN_POINT('Ctrl Pts',(1.52283672553853,-19.4995282866654,49.5000000000001));
#5272=CARTESIAN_POINT('Ctrl Pts',(3.9012803786539,-19.4996320150951,49.5));
#5273=CARTESIAN_POINT('Ctrl Pts',(7.80350385082826,-19.4997855807342,49.5));
#5274=CARTESIAN_POINT('Ctrl Pts',(11.2666666666667,-19.5,49.5));
#5275=CARTESIAN_POINT('Ctrl Pts',(13.,-19.5,49.5));
#5276=CARTESIAN_POINT('Ctrl Pts',(2.7723161544202E-8,21.88,3.5527136788005E-14));
#5277=CARTESIAN_POINT('Ctrl Pts',(-3.67394855117686,21.8800000028604,-4.24265248647029E-10));
#5278=CARTESIAN_POINT('Ctrl Pts',(-9.18477858293817,21.0290455028517,0.125833212322225));
#5279=CARTESIAN_POINT('Ctrl Pts',(-16.0672373187094,18.2064328836711,0.540978830981986));
#5280=CARTESIAN_POINT('Ctrl Pts',(-22.3497071378168,14.4165715533705,1.09909974945152));
#5281=CARTESIAN_POINT('Ctrl Pts',(-27.6527753313285,9.1811368451011,1.87397736235136));
#5282=CARTESIAN_POINT('Ctrl Pts',(-31.4963490625452,3.03300556514352,2.79011526326198));
#5283=CARTESIAN_POINT('Ctrl Pts',(-33.6529623937829,-2.01201720848688,3.54304642264249));
#5284=CARTESIAN_POINT('Ctrl Pts',(-35.4310717862796,-8.99177957511123,4.58366143231007));
#5285=CARTESIAN_POINT('Ctrl Pts',(-35.5628586209904,-16.293675332198,5.66275691353907));
#5286=CARTESIAN_POINT('Ctrl Pts',(-33.6800419775528,-25.0544561105488,6.93486271021571));
#5287=CARTESIAN_POINT('Ctrl Pts',(-30.5760260013266,-31.6477377578482,7.87325648605036));
#5288=CARTESIAN_POINT('Ctrl Pts',(-26.9536788433773,-36.2083136523819,8.51132612444954));
#5289=CARTESIAN_POINT('Ctrl Pts',(-24.4522816113194,-38.8172374545871,8.87446590273136));
#5290=CARTESIAN_POINT('Ctrl Pts',(-23.1017670744967,-40.0191132730452,9.0409194078674));
#5291=CARTESIAN_POINT('Ctrl Pts',(-18.9675078683781,-43.3158580354204,9.49631477231478));
#5292=CARTESIAN_POINT('Ctrl Pts',(-13.6405226879028,-46.2338010988592,9.90264862184651));
#5293=CARTESIAN_POINT('Ctrl Pts',(-5.92133661428434,-48.1898419326431,10.1876830628334));
#5294=CARTESIAN_POINT('Ctrl Pts',(-1.96800274933146,-48.5087205842397,10.2429813579143));
#5295=CARTESIAN_POINT('Ctrl Pts',(0.108254966859254,-48.5024443495817,10.2491264857215));
#5296=CARTESIAN_POINT('Ctrl Pts',(0.370660131523002,-48.5016712961482,10.249753368095));
#5297=CARTESIAN_POINT('Ctrl Pts',(0.632434345120989,-48.5007379741712,10.2499975808277));
#5298=CARTESIAN_POINT('Ctrl Pts',(2.81635546363026,-48.4964692104476,10.2499976583935));
#5299=CARTESIAN_POINT('Ctrl Pts',(5.63045633703451,-48.5010816510935,10.2500004823819));
#5300=CARTESIAN_POINT('Ctrl Pts',(9.69240652235308,-48.499411788814,10.2499996381364));
#5301=CARTESIAN_POINT('Ctrl Pts',(11.7286933492431,-48.5,10.2500000000001));
#5302=CARTESIAN_POINT('Ctrl Pts',(13.,-48.5,10.2500000000001));
#5303=CARTESIAN_POINT('Ctrl Pts',(2.84080788402488E-8,22.7775979010257,
3.68559276957313E-14));
#5304=CARTESIAN_POINT('Ctrl Pts',(-3.76521473377383,22.7775979039516,-4.17535876771858E-10));
#5305=CARTESIAN_POINT('Ctrl Pts',(-9.41142599195224,21.9074517299715,0.123984418877757));
#5306=CARTESIAN_POINT('Ctrl Pts',(-16.4681276145757,19.0186972873716,0.533573654296568));
#5307=CARTESIAN_POINT('Ctrl Pts',(-22.9122016851183,15.1386491838752,1.08435865936214));
#5308=CARTESIAN_POINT('Ctrl Pts',(-28.3577542320332,9.77497480337163,1.84899026198521));
#5309=CARTESIAN_POINT('Ctrl Pts',(-32.309571076747,3.46997123724635,2.75422111928411));
#5310=CARTESIAN_POINT('Ctrl Pts',(-34.5286738958615,-1.70673058286132,3.4996962579309));
#5311=CARTESIAN_POINT('Ctrl Pts',(-36.3600224223479,-8.87161512460986,4.53288588117261));
#5312=CARTESIAN_POINT('Ctrl Pts',(-36.4971732462443,-16.3698374987198,5.61033458700868));
#5313=CARTESIAN_POINT('Ctrl Pts',(-34.5610885467383,-25.3634483694321,6.88887905926627));
#5314=CARTESIAN_POINT('Ctrl Pts',(-31.3695752613341,-32.1277820322278,7.83813878337406));
#5315=CARTESIAN_POINT('Ctrl Pts',(-27.6482135712261,-36.8026118052379,8.48699960228112));
#5316=CARTESIAN_POINT('Ctrl Pts',(-25.0793159554075,-39.4760190342664,8.85701148019975));
#5317=CARTESIAN_POINT('Ctrl Pts',(-23.6926255457829,-40.7071876835413,9.02691129802422));
#5318=CARTESIAN_POINT('Ctrl Pts',(-19.4494263333511,-44.0834387107762,9.49214243126986));
#5319=CARTESIAN_POINT('Ctrl Pts',(-13.9840560588677,-47.0711504104375,9.90576064184211));
#5320=CARTESIAN_POINT('Ctrl Pts',(-6.07214352815556,-49.0762187194368,10.1921958188261));
#5321=CARTESIAN_POINT('Ctrl Pts',(-2.01529415907511,-49.4046799602843,10.2455637446402));
#5322=CARTESIAN_POINT('Ctrl Pts',(0.109090864651118,-49.3995718851929,10.2498688985856));
#5323=CARTESIAN_POINT('Ctrl Pts',(0.369940375912399,-49.3989481929447,10.2502556062294));
#5324=CARTESIAN_POINT('Ctrl Pts',(0.632821019432003,-49.3981926729806,10.2502147662431));
#5325=CARTESIAN_POINT('Ctrl Pts',(2.81510581163266,-49.3947429154855,10.248904602527));
#5326=CARTESIAN_POINT('Ctrl Pts',(5.63084930261532,-49.3984723631001,10.2503344272407));
#5327=CARTESIAN_POINT('Ctrl Pts',(9.69219711867171,-49.3971222942216,10.249817650169));
#5328=CARTESIAN_POINT('Ctrl Pts',(11.7286933492431,-49.3975979010256,10.2500000000001));
#5329=CARTESIAN_POINT('Ctrl Pts',(13.,-49.3975979010256,10.2500000000001));
#5330=CARTESIAN_POINT('Ctrl Pts',(2.95070465143273E-8,24.3317897529803,
0.753050506420859));
#5331=CARTESIAN_POINT('Ctrl Pts',(-3.91020907850849,24.3317897559956,0.75305050600835));
#5332=CARTESIAN_POINT('Ctrl Pts',(-9.77636011307315,23.4350007256329,0.875481519798111));
#5333=CARTESIAN_POINT('Ctrl Pts',(-17.1187034385808,20.4521847460918,1.28055019346723));
#5334=CARTESIAN_POINT('Ctrl Pts',(-23.8353857832405,16.4410919979518,1.82533277784733));
#5335=CARTESIAN_POINT('Ctrl Pts',(-29.5339863607704,10.8850597499086,2.58171159293565));
#5336=CARTESIAN_POINT('Ctrl Pts',(-33.6931638484373,4.33238837981078,3.47839575554856));
#5337=CARTESIAN_POINT('Ctrl Pts',(-36.0405598367064,-1.05967003930852,4.21812230146612));
#5338=CARTESIAN_POINT('Ctrl Pts',(-37.9939324375279,-8.53881326197527,5.24559629556894));
#5339=CARTESIAN_POINT('Ctrl Pts',(-38.1679617001281,-16.3864824435197,6.32209874218781));
#5340=CARTESIAN_POINT('Ctrl Pts',(-36.1591468594043,-25.8079369884081,7.60602490641856));
#5341=CARTESIAN_POINT('Ctrl Pts',(-32.8185636899829,-32.892660801814,8.56390214366508));
#5342=CARTESIAN_POINT('Ctrl Pts',(-28.9191906447986,-37.7819540684012,9.22093383921946));
#5343=CARTESIAN_POINT('Ctrl Pts',(-26.2282286110032,-40.5761170426967,9.5959304384944));
#5344=CARTESIAN_POINT('Ctrl Pts',(-24.7756540608904,-41.86209881809,9.76830480667536));
#5345=CARTESIAN_POINT('Ctrl Pts',(-20.3333217138294,-45.3867368392192,10.2407028791055));
#5346=CARTESIAN_POINT('Ctrl Pts',(-14.6159398910771,-48.5052440432262,10.659681492594));
#5347=CARTESIAN_POINT('Ctrl Pts',(-6.35150989211147,-50.6052153634076,10.9477467853081));
#5348=CARTESIAN_POINT('Ctrl Pts',(-2.10510047718372,-50.9538842102867,11.0000876889211));
#5349=CARTESIAN_POINT('Ctrl Pts',(0.108190502125648,-50.9523669514409,11.0033526183547));
#5350=CARTESIAN_POINT('Ctrl Pts',(0.367053369663997,-50.9521796086727,11.0036095445234));
#5351=CARTESIAN_POINT('Ctrl Pts',(0.632730076494022,-50.9519522430172,11.0034118262374));
#5352=CARTESIAN_POINT('Ctrl Pts',(2.81633102111865,-50.9509224704561,11.0013665991831));
#5353=CARTESIAN_POINT('Ctrl Pts',(5.6304873023397,-50.9520539262002,11.0035671249007));
#5354=CARTESIAN_POINT('Ctrl Pts',(9.69239962907757,-50.9516454505466,11.0027698853201));
#5355=CARTESIAN_POINT('Ctrl Pts',(11.7286933492431,-50.9517897529804,11.0030505064209));
#5356=CARTESIAN_POINT('Ctrl Pts',(13.,-50.9517897529804,11.0030505064209));
#5357=CARTESIAN_POINT('Ctrl Pts',(2.97436139303745E-8,24.88,2.32680157423079));
#5358=CARTESIAN_POINT('Ctrl Pts',(-3.941880276087,24.8800000030156,2.3268015738137));
#5359=CARTESIAN_POINT('Ctrl Pts',(-9.85508383833985,23.9834021177928,2.4505013025873));
#5360=CARTESIAN_POINT('Ctrl Pts',(-17.2695871592134,20.9962988413397,2.85922191311103));
#5361=CARTESIAN_POINT('Ctrl Pts',(-24.0629112811819,16.9755229425139,3.40898543493841));
#5362=CARTESIAN_POINT('Ctrl Pts',(-29.8493864294451,11.3962606523902,4.17279152073999));
#5363=CARTESIAN_POINT('Ctrl Pts',(-34.1001361777159,4.7955003362534,5.07791519711621));
#5364=CARTESIAN_POINT('Ctrl Pts',(-36.5152824993948,-0.648904198011706,
5.82363032879243));
#5365=CARTESIAN_POINT('Ctrl Pts',(-38.5497709379128,-8.21883366451123,6.85742614273759));
#5366=CARTESIAN_POINT('Ctrl Pts',(-38.7809803733617,-16.1916060361408,7.93591868480678));
#5367=CARTESIAN_POINT('Ctrl Pts',(-36.7913532706616,-25.790924594534,9.21539719924196));
#5368=CARTESIAN_POINT('Ctrl Pts',(-33.4209052442388,-33.0249014385342,10.1647143658813));
#5369=CARTESIAN_POINT('Ctrl Pts',(-29.4624972882244,-38.0220807682732,10.8127180573789));
#5370=CARTESIAN_POINT('Ctrl Pts',(-26.7272813013837,-40.8785230217425,11.18190343685));
#5371=CARTESIAN_POINT('Ctrl Pts',(-25.2493877907372,-42.1934421549469,11.3513228337014));
#5372=CARTESIAN_POINT('Ctrl Pts',(-20.7289012900709,-45.7967778728283,11.8150070845906));
#5373=CARTESIAN_POINT('Ctrl Pts',(-14.905838905534,-48.9870514393035,12.2279206707009));
#5374=CARTESIAN_POINT('Ctrl Pts',(-6.48231788015444,-51.1400816417039,12.5160682116246));
#5375=CARTESIAN_POINT('Ctrl Pts',(-2.15066124306738,-51.4997534669442,12.5709260570811));
#5376=CARTESIAN_POINT('Ctrl Pts',(0.104039121499284,-51.4999820043162,12.576270583265));
#5377=CARTESIAN_POINT('Ctrl Pts',(0.363356731332806,-51.4999781242992,12.5767935592346));
#5378=CARTESIAN_POINT('Ctrl Pts',(0.631515235370664,-51.499984938873,12.5769094113183));
#5379=CARTESIAN_POINT('Ctrl Pts',(2.82246347270306,-51.499996951148,12.5763043082395));
#5380=CARTESIAN_POINT('Ctrl Pts',(5.62861404184975,-51.4999996658479,12.5769542260767));
#5381=CARTESIAN_POINT('Ctrl Pts',(9.69342061409868,-51.4999996444723,12.5767186944125));
#5382=CARTESIAN_POINT('Ctrl Pts',(11.7286933492431,-51.5,12.5768015742308));
#5383=CARTESIAN_POINT('Ctrl Pts',(13.,-51.5,12.5768015742308));
#5384=CARTESIAN_POINT('Ctrl Pts',(2.966586834502E-8,24.88,3.00000000000003));
#5385=CARTESIAN_POINT('Ctrl Pts',(-3.93140001218421,24.8800000029999,2.99999999958104));
#5386=CARTESIAN_POINT('Ctrl Pts',(-9.82968740699316,23.9881428583208,3.12424575802958));
#5387=CARTESIAN_POINT('Ctrl Pts',(-17.2289095112413,21.0155584915449,3.53450806844065));
#5388=CARTESIAN_POINT('Ctrl Pts',(-24.0120164444725,17.0130549015555,4.08638575956105));
#5389=CARTESIAN_POINT('Ctrl Pts',(-29.7972030589397,11.4560545886435,4.85334922267433));
#5390=CARTESIAN_POINT('Ctrl Pts',(-34.0564530951201,4.87502544876313,5.7620517250962));
#5391=CARTESIAN_POINT('Ctrl Pts',(-36.4823256222623,-0.55726538559869,6.51030369071214));
#5392=CARTESIAN_POINT('Ctrl Pts',(-38.5354504744499,-8.11679700961571,7.54679351658567));
#5393=CARTESIAN_POINT('Ctrl Pts',(-38.7888197864815,-16.0896014374529,8.62612933768651));
#5394=CARTESIAN_POINT('Ctrl Pts',(-36.822715297597,-25.7014753727273,9.90372438248544));
#5395=CARTESIAN_POINT('Ctrl Pts',(-33.465024145149,-32.9533981037693,10.8493998107111));
#5396=CARTESIAN_POINT('Ctrl Pts',(-29.5095359176341,-37.9671218025987,11.4935632020828));
#5397=CARTESIAN_POINT('Ctrl Pts',(-26.7744387409192,-40.8336797334388,11.8602954469884));
#5398=CARTESIAN_POINT('Ctrl Pts',(-25.2958039038437,-42.1535958409695,12.0284664670489));
#5399=CARTESIAN_POINT('Ctrl Pts',(-20.771892026666,-45.7709127306711,12.4884356265515));
#5400=CARTESIAN_POINT('Ctrl Pts',(-14.9403113590785,-48.9749053618948,12.8987714187776));
#5401=CARTESIAN_POINT('Ctrl Pts',(-6.49908837904345,-51.1380834492714,13.1869569686763));
#5402=CARTESIAN_POINT('Ctrl Pts',(-2.15777435222819,-51.4996434882199,13.2428924124745));
#5403=CARTESIAN_POINT('Ctrl Pts',(0.1020221634769,-51.499983349351,13.2491157318549));
#5404=CARTESIAN_POINT('Ctrl Pts',(0.361938958804398,-51.4999737629292,13.2497500531619));
#5405=CARTESIAN_POINT('Ctrl Pts',(0.630863571485806,-51.4999810690026,13.2499973283715));
#5406=CARTESIAN_POINT('Ctrl Pts',(2.82537659490288,-51.4999819508506,13.249997409702));
#5407=CARTESIAN_POINT('Ctrl Pts',(5.62771815542038,-51.500003695269,13.2500005339749));
#5408=CARTESIAN_POINT('Ctrl Pts',(9.69390634049805,-51.4999972135042,13.249999599661));
#5409=CARTESIAN_POINT('Ctrl Pts',(11.7286933492431,-51.5,13.2500000000001));
#5410=CARTESIAN_POINT('Ctrl Pts',(13.,-51.5,13.2500000000001));
#5411=CARTESIAN_POINT('Ctrl Pts',(13.,-51.5,13.2500000000001));
#5412=CARTESIAN_POINT('Ctrl Pts',(11.7286933492431,-51.5,13.2500000000001));
#5413=CARTESIAN_POINT('Ctrl Pts',(9.69390634049805,-51.4999972135042,13.249999599661));
#5414=CARTESIAN_POINT('Ctrl Pts',(5.62771815542038,-51.500003695269,13.2500005339749));
#5415=CARTESIAN_POINT('Ctrl Pts',(2.82537659490288,-51.4999819508506,13.249997409702));
#5416=CARTESIAN_POINT('Ctrl Pts',(0.630863571485806,-51.4999810690026,13.2499973283715));
#5417=CARTESIAN_POINT('Ctrl Pts',(0.361938958804398,-51.4999737629292,13.2497500531619));
#5418=CARTESIAN_POINT('Ctrl Pts',(0.1020221634769,-51.499983349351,13.2491157318549));
#5419=CARTESIAN_POINT('Ctrl Pts',(-2.15777435222819,-51.4996434882199,13.2428924124745));
#5420=CARTESIAN_POINT('Ctrl Pts',(-6.49908837904345,-51.1380834492714,13.1869569686763));
#5421=CARTESIAN_POINT('Ctrl Pts',(-14.9403113590785,-48.9749053618948,12.8987714187776));
#5422=CARTESIAN_POINT('Ctrl Pts',(-20.771892026666,-45.7709127306711,12.4884356265515));
#5423=CARTESIAN_POINT('Ctrl Pts',(-25.2958039038437,-42.1535958409695,12.0284664670489));
#5424=CARTESIAN_POINT('Ctrl Pts',(-26.7744387409192,-40.8336797334388,11.8602954469884));
#5425=CARTESIAN_POINT('Ctrl Pts',(-29.5095359176341,-37.9671218025987,11.4935632020828));
#5426=CARTESIAN_POINT('Ctrl Pts',(-33.465024145149,-32.9533981037693,10.8493998107111));
#5427=CARTESIAN_POINT('Ctrl Pts',(-36.822715297597,-25.7014753727273,9.90372438248544));
#5428=CARTESIAN_POINT('Ctrl Pts',(-38.7888197864815,-16.0896014374529,8.62612933768651));
#5429=CARTESIAN_POINT('Ctrl Pts',(-38.5354504744499,-8.11679700961571,7.54679351658567));
#5430=CARTESIAN_POINT('Ctrl Pts',(-36.4823256222623,-0.55726538559869,6.51030369071214));
#5431=CARTESIAN_POINT('Ctrl Pts',(-34.0564530951201,4.87502544876313,5.7620517250962));
#5432=CARTESIAN_POINT('Ctrl Pts',(-29.7972030589397,11.4560545886435,4.85334922267433));
#5433=CARTESIAN_POINT('Ctrl Pts',(-24.0120164444725,17.0130549015555,4.08638575956105));
#5434=CARTESIAN_POINT('Ctrl Pts',(-17.2289095112413,21.0155584915449,3.53450806844065));
#5435=CARTESIAN_POINT('Ctrl Pts',(-9.82968740699316,23.9881428583208,3.12424575802958));
#5436=CARTESIAN_POINT('Ctrl Pts',(-3.93140001218421,24.8800000029999,2.99999999958104));
#5437=CARTESIAN_POINT('Ctrl Pts',(2.966586834502E-8,24.88,3.00000000000003));
#5438=CARTESIAN_POINT('',(-22.0476767197141,-40.8586395658843,9.15689919187595));
#5439=CARTESIAN_POINT('Ctrl Pts',(-6.26676885966008E-16,21.88,3.55255272833964E-14));
#5440=CARTESIAN_POINT('Ctrl Pts',(-3.67394856965865,21.8800000000065,-2.25552346396737E-12));
#5441=CARTESIAN_POINT('Ctrl Pts',(-9.18477859159386,21.0290454993019,0.125833212844332));
#5442=CARTESIAN_POINT('Ctrl Pts',(-16.0672373187094,18.2064328836711,0.540978830981986));
#5443=CARTESIAN_POINT('Ctrl Pts',(-22.3497071378168,14.4165715533705,1.09909974945152));
#5444=CARTESIAN_POINT('Ctrl Pts',(-27.6527753313285,9.1811368451011,1.87397736235136));
#5445=CARTESIAN_POINT('Ctrl Pts',(-31.4963490625452,3.03300556514352,2.79011526326198));
#5446=CARTESIAN_POINT('Ctrl Pts',(-33.6529623937829,-2.01201720848688,3.54304642264249));
#5447=CARTESIAN_POINT('Ctrl Pts',(-35.4310717862796,-8.99177957511123,4.58366143231007));
#5448=CARTESIAN_POINT('Ctrl Pts',(-35.5628586209904,-16.293675332198,5.66275691353907));
#5449=CARTESIAN_POINT('Ctrl Pts',(-33.6800419775528,-25.0544561105488,6.93486271021571));
#5450=CARTESIAN_POINT('Ctrl Pts',(-30.5760260013266,-31.6477377578482,7.87325648605036));
#5451=CARTESIAN_POINT('Ctrl Pts',(-26.9536788433773,-36.2083136523819,8.51132612444954));
#5452=CARTESIAN_POINT('Ctrl Pts',(-24.4522816113194,-38.8172374545871,8.87446590273136));
#5453=CARTESIAN_POINT('Ctrl Pts',(-23.1017670744967,-40.0191132730452,9.0409194078674));
#5454=CARTESIAN_POINT('Ctrl Pts',(-22.0502999535561,-40.857575147579,9.15674021853077));
#5455=CARTESIAN_POINT('Ctrl Pts',(-22.0492411545311,-40.858419351565,9.15685683278369));
#5456=CARTESIAN_POINT('Ctrl Pts',(-22.0481823004168,-40.8592634949816,9.15697343892639));
#5457=CARTESIAN_POINT('',(0.795455764930224,-48.5,10.2500000000001));
#5458=CARTESIAN_POINT('Ctrl Pts',(-22.0481823004168,-40.8592634949816,9.15697343892639));
#5459=CARTESIAN_POINT('Ctrl Pts',(-18.9650693720363,-43.3171936723096,9.49650076495311));
#5460=CARTESIAN_POINT('Ctrl Pts',(-13.6391976171043,-46.2341368716421,9.90269755068573));
#5461=CARTESIAN_POINT('Ctrl Pts',(-5.92133661428434,-48.1898419326431,10.1876830628334));
#5462=CARTESIAN_POINT('Ctrl Pts',(-1.96800274933146,-48.5087205842397,10.2429813579143));
#5463=CARTESIAN_POINT('Ctrl Pts',(0.108254966859254,-48.5024443495817,10.2491264857215));
#5464=CARTESIAN_POINT('Ctrl Pts',(0.370161679483979,-48.5016727646027,10.2497521772998));
#5465=CARTESIAN_POINT('Ctrl Pts',(0.631439835813963,-48.5007415193787,10.2499966516577));
#5466=CARTESIAN_POINT('Ctrl Pts',(0.795456588660994,-48.5004193328501,10.2499975823882));
#5467=CARTESIAN_POINT('Ctrl Pts',(0.795456588660994,-48.5004193328501,10.2499975823882));
#5468=CARTESIAN_POINT('Ctrl Pts',(0.795956601486018,-48.5004183506492,10.2499975852256));
#5469=CARTESIAN_POINT('Ctrl Pts',(0.796456622715987,-48.5004173708571,10.2499975866532));
#5470=CARTESIAN_POINT('Ctrl Pts',(2.81635546363026,-48.4964692104476,10.2499976583935));
#5471=CARTESIAN_POINT('Ctrl Pts',(5.63045633703451,-48.5010816510935,10.2500004823819));
#5472=CARTESIAN_POINT('Ctrl Pts',(9.69240652235308,-48.499411788814,10.2499996381364));
#5473=CARTESIAN_POINT('Ctrl Pts',(11.7286933492431,-48.5,10.2500000000001));
#5474=CARTESIAN_POINT('Ctrl Pts',(13.,-48.5,10.2500000000001));
#5475=CARTESIAN_POINT('Ctrl Pts',(0.,22.6181818181818,3.5527136788005E-14));
#5476=CARTESIAN_POINT('Ctrl Pts',(-5.95973921879985,22.6181818181818,3.55818972817095E-14));
#5477=CARTESIAN_POINT('Ctrl Pts',(-17.9513595539695,19.6611363849672,0.429908093661466));
#5478=CARTESIAN_POINT('Ctrl Pts',(-31.700466510235,7.32843844624637,2.20926200039579));
#5479=CARTESIAN_POINT('Ctrl Pts',(-37.7940998348029,-9.93461150218157,4.68894726797617));
#5480=CARTESIAN_POINT('Ctrl Pts',(-34.7254515571715,-27.9470231102307,7.26748352257889));
#5481=CARTESIAN_POINT('Ctrl Pts',(-27.0668976596359,-37.5211485474138,8.63474032724761));
#5482=CARTESIAN_POINT('Ctrl Pts',(-15.778254680512,-46.0866334543831,9.85724755821943));
#5483=CARTESIAN_POINT('Ctrl Pts',(-7.48771527569591,-48.7749556733067,10.2523227092762));
#5484=CARTESIAN_POINT('Ctrl Pts',(5.19858226863898,-48.538200813264,10.2494815637925));
#5485=CARTESIAN_POINT('Ctrl Pts',(9.60923715835158,-48.5,10.2500000000001));
#5486=CARTESIAN_POINT('Ctrl Pts',(14.,-48.5,10.2500000000001));
#5487=CARTESIAN_POINT('Ctrl Pts',(0.,15.8327272727273,3.5527136788005E-14));
#5488=CARTESIAN_POINT('Ctrl Pts',(-4.83625100654895,15.8324467187082,-0.000249281183131895));
#5489=CARTESIAN_POINT('Ctrl Pts',(-14.7403815111019,13.4477870346563,0.466835197078854));
#5490=CARTESIAN_POINT('Ctrl Pts',(-26.1055363202401,3.36902524288507,2.37867557962632));
#5491=CARTESIAN_POINT('Ctrl Pts',(-30.8173270836977,-10.6776216686779,4.98360099313548));
#5492=CARTESIAN_POINT('Ctrl Pts',(-27.5775455503888,-25.0509069385086,7.58406270256555));
#5493=CARTESIAN_POINT('Ctrl Pts',(-20.6891381706355,-32.3386762183104,8.85860820139975));
#5494=CARTESIAN_POINT('Ctrl Pts',(-10.8207911652195,-38.535789606234,9.91154877656302));
#5495=CARTESIAN_POINT('Ctrl Pts',(-3.75446491908686,-40.2953074846449,10.251910363857));
#5496=CARTESIAN_POINT('Ctrl Pts',(6.8102079430184,-39.6251911861111,10.2496468119552));
#5497=CARTESIAN_POINT('Ctrl Pts',(10.4373258906243,-39.498985256938,10.249887184162));
#5498=CARTESIAN_POINT('Ctrl Pts',(14.,-39.5,10.2500000000001));
#5499=CARTESIAN_POINT('Ctrl Pts',(0.,9.04727272727273,3.5527136788005E-14));
#5500=CARTESIAN_POINT('Ctrl Pts',(-3.71278039191012,9.04755328129182,0.00024928118320305));
#5501=CARTESIAN_POINT('Ctrl Pts',(-10.8946908621656,7.01978353230589,0.652708495823806));
#5502=CARTESIAN_POINT('Ctrl Pts',(-18.1093114680078,-0.930806404013304,
3.23459250031381));
#5503=CARTESIAN_POINT('Ctrl Pts',(-19.8890141168473,-11.309064963153,6.47178859133994));
#5504=CARTESIAN_POINT('Ctrl Pts',(-15.9923163856566,-21.0611139608495,9.18251070806135));
#5505=CARTESIAN_POINT('Ctrl Pts',(-10.5693079274795,-25.3398526984677,9.98881066045921));
#5506=CARTESIAN_POINT('Ctrl Pts',(-3.48039190292854,-28.4669494377188,10.1858563789071));
#5507=CARTESIAN_POINT('Ctrl Pts',(1.13862065920319,-29.7228621353542,10.2507369325067));
#5508=CARTESIAN_POINT('Ctrl Pts',(8.59441914685619,-30.3707694812936,10.249772012539));
#5509=CARTESIAN_POINT('Ctrl Pts',(11.264282851243,-30.501014743062,10.2501128158382));
#5510=CARTESIAN_POINT('Ctrl Pts',(14.,-30.5,10.2500000000001));
#5511=CARTESIAN_POINT('Ctrl Pts',(0.,2.26181818181819,3.5527136788005E-14));
#5512=CARTESIAN_POINT('Ctrl Pts',(-2.58929217965922,2.26181818181819,3.56287585270293E-14));
#5513=CARTESIAN_POINT('Ctrl Pts',(-7.68371281929808,0.806434181994933,0.689635599241194));
#5514=CARTESIAN_POINT('Ctrl Pts',(-12.514381278013,-4.89021960737461,3.40400607954435));
#5515=CARTESIAN_POINT('Ctrl Pts',(-12.9122413657421,-12.0520751296494,6.76644231649925));
#5516=CARTESIAN_POINT('Ctrl Pts',(-8.84441037887388,-18.1649977891274,9.49908988804801));
#5517=CARTESIAN_POINT('Ctrl Pts',(-4.19154843847907,-20.1573803693643,10.2126785346113));
#5518=CARTESIAN_POINT('Ctrl Pts',(1.47707161236392,-20.9161055895697,10.2401575972507));
#5519=CARTESIAN_POINT('Ctrl Pts',(4.87187101581224,-21.2432139466924,10.2503245870876));
#5520=CARTESIAN_POINT('Ctrl Pts',(10.2060448212356,-21.4577598541407,10.2499372607017));
#5521=CARTESIAN_POINT('Ctrl Pts',(12.0923715835157,-21.5,10.2500000000001));
#5522=CARTESIAN_POINT('Ctrl Pts',(14.,-21.5,10.2500000000001));
#5523=CARTESIAN_POINT('',(-2.50537085418719,-21.2250181671138,10.2027005945314));
#5524=CARTESIAN_POINT('Ctrl Pts',(-2.50603464171119,-21.2288683636194,10.2026499380617));
#5525=CARTESIAN_POINT('Ctrl Pts',(-3.98979674164767,-21.0514808318447,10.1874980371292));
#5526=CARTESIAN_POINT('Ctrl Pts',(-6.93889384645311,-20.1998820205704,9.93218242961709));
#5527=CARTESIAN_POINT('Ctrl Pts',(-11.9615573408115,-16.6094757108641,8.59134790162044));
#5528=CARTESIAN_POINT('Ctrl Pts',(-14.3698611944476,-10.6520742183442,6.17758169235452));
#5529=CARTESIAN_POINT('Ctrl Pts',(-12.918612507467,-4.52446508109769,3.47514975690138));
#5530=CARTESIAN_POINT('Ctrl Pts',(-10.0044206564641,-0.493723812879505,
1.62254079442908));
#5531=CARTESIAN_POINT('Ctrl Pts',(-5.45280554750894,2.33125864027437,0.303315252797005));
#5532=CARTESIAN_POINT('Ctrl Pts',(-1.80750685009497,3.,3.45426202468735E-14));
#5533=CARTESIAN_POINT('Ctrl Pts',(1.00613961606655E-14,3.,3.49720252756924E-14));
#5534=CARTESIAN_POINT('',(8.3093704606715,-21.5,10.2500000000001));
#5535=CARTESIAN_POINT('Ctrl Pts',(8.30937047246661,-21.5001156596775,10.2499931741938));
#5536=CARTESIAN_POINT('Ctrl Pts',(6.92744221024143,-21.5005645500326,10.2499868614885));
#5537=CARTESIAN_POINT('Ctrl Pts',(4.85476438616418,-21.4979908332327,10.247869759728));
#5538=CARTESIAN_POINT('Ctrl Pts',(2.441378564527,-21.4871701300116,10.2392546590228));
#5539=CARTESIAN_POINT('Ctrl Pts',(1.23081708563055,-21.4793043986573,10.2327253680308));
#5540=CARTESIAN_POINT('Ctrl Pts',(0.626578790945237,-21.4747366268112,10.2288058928782));
#5541=CARTESIAN_POINT('Ctrl Pts',(0.281594886821711,-21.4719344972725,10.2263612914933));
#5542=CARTESIAN_POINT('Ctrl Pts',(0.109221835996931,-21.4704804564613,10.2250675478838));
#5543=CARTESIAN_POINT('Ctrl Pts',(-0.401501950253071,-21.4659015474847,
10.2211272726981));
#5544=CARTESIAN_POINT('Ctrl Pts',(-1.03582388898242,-21.4337645414526,10.2157889251699));
#5545=CARTESIAN_POINT('Ctrl Pts',(-1.77435787592391,-21.3439923797161,10.2092546042422));
#5546=CARTESIAN_POINT('Ctrl Pts',(-2.1912251432912,-21.282335959106,10.2054938477595));
#5547=CARTESIAN_POINT('Ctrl Pts',(-2.4051425400148,-21.2408953139144,10.2036644534413));
#5548=CARTESIAN_POINT('Ctrl Pts',(-2.50290295992089,-21.2292424864067,10.202681792875));
#5549=CARTESIAN_POINT('Ctrl Pts',(-2.50446880637958,-21.2290555632147,10.2026659280791));
#5550=CARTESIAN_POINT('Ctrl Pts',(-2.50603464171119,-21.2288683636194,10.2026499380617));
#5551=CARTESIAN_POINT('Ctrl Pts',(13.,-21.5,10.2500000000001));
#5552=CARTESIAN_POINT('Ctrl Pts',(11.4364578401506,-21.5,10.2500000000001));
#5553=CARTESIAN_POINT('Ctrl Pts',(9.87144638129851,-21.4996076176304,10.2499998979617));
#5554=CARTESIAN_POINT('Ctrl Pts',(8.3097289203573,-21.5001155432068,10.2499931758075));
#5555=CARTESIAN_POINT('Ctrl Pts',(8.30954969641025,-21.5001156014604,10.2499931750125));
#5556=CARTESIAN_POINT('Ctrl Pts',(8.30937047246661,-21.5001156596775,10.2499931741938));
#5557=CARTESIAN_POINT('Ctrl Pts',(8.88178419700125E-15,-3.33066907387547E-15,
3.00000000000004));
#5558=CARTESIAN_POINT('Ctrl Pts',(-1.3173581345825,-3.07966365220055E-15,
3.00000000000004));
#5559=CARTESIAN_POINT('Ctrl Pts',(-3.96448442039473,-0.439670848372222,
3.27445869535881));
#5560=CARTESIAN_POINT('Ctrl Pts',(-7.34338387468146,-2.30211761912375,4.48261871277487));
#5561=CARTESIAN_POINT('Ctrl Pts',(-9.66216631124115,-5.03321726360854,6.23967733121451));
#5562=CARTESIAN_POINT('Ctrl Pts',(-11.1198003956246,-9.32767941744542,8.91034098507796));
#5563=CARTESIAN_POINT('Ctrl Pts',(-9.77104735845454,-13.9640818025138,11.4419525889273));
#5564=CARTESIAN_POINT('Ctrl Pts',(-5.85030918371761,-17.2218877274513,12.9030874269652));
#5565=CARTESIAN_POINT('Ctrl Pts',(-3.33196116532991,-18.1039020036521,13.1871936128614));
#5566=CARTESIAN_POINT('Ctrl Pts',(-1.94961770110632,-18.3413665813409,13.2028652811694));
#5567=CARTESIAN_POINT('Ctrl Pts',(-1.7815383513623,-18.3683414170151,13.2047952714127));
#5568=CARTESIAN_POINT('Ctrl Pts',(-1.44408308462454,-18.4151620284961,13.208665319445));
#5569=CARTESIAN_POINT('Ctrl Pts',(-0.851076827598213,-18.4782045264673,
13.2153933745195));
#5570=CARTESIAN_POINT('Ctrl Pts',(-0.337915766786072,-18.499971364326,13.2208273843945));
#5571=CARTESIAN_POINT('Ctrl Pts',(0.0761188396648944,-18.4999770014811,
13.2248339956743));
#5572=CARTESIAN_POINT('Ctrl Pts',(0.259154745679759,-18.4999776044444,13.2261484164433));
#5573=CARTESIAN_POINT('Ctrl Pts',(0.600897436253679,-18.4999786985108,13.2286299743715));
#5574=CARTESIAN_POINT('Ctrl Pts',(1.21163175471126,-18.4999817139242,13.2326032957959));
#5575=CARTESIAN_POINT('Ctrl Pts',(2.4255720548568,-18.4999887944364,13.2392050164254));
#5576=CARTESIAN_POINT('Ctrl Pts',(4.84938845285067,-18.4999946528103,13.2478729007396));
#5577=CARTESIAN_POINT('Ctrl Pts',(6.92500376792136,-18.4999980272308,13.2499862108007));
#5578=CARTESIAN_POINT('Ctrl Pts',(9.87287600790724,-18.4999996258668,13.2499998411435));
#5579=CARTESIAN_POINT('Ctrl Pts',(11.4364578401506,-18.5,13.2500000000001));
#5580=CARTESIAN_POINT('Ctrl Pts',(13.,-18.5,13.2500000000001));
#5581=CARTESIAN_POINT('Ctrl Pts',(9.06863429510886E-15,-3.33066907387547E-15,
2.10240209897438));
#5582=CARTESIAN_POINT('Ctrl Pts',(-1.36544048763763,-2.94542525384424E-15,
2.10240209897438));
#5583=CARTESIAN_POINT('Ctrl Pts',(-4.11616729407324,-0.473042772020789,
2.38757094802254));
#5584=CARTESIAN_POINT('Ctrl Pts',(-7.57072593085898,-2.46970539415254,3.63255573496288));
#5585=CARTESIAN_POINT('Ctrl Pts',(-9.84749803118937,-5.33741106540225,5.41628006129871));
#5586=CARTESIAN_POINT('Ctrl Pts',(-11.1133082649614,-9.73252400754891,8.08302539209696));
#5587=CARTESIAN_POINT('Ctrl Pts',(-9.56818644122434,-14.2131004645448,10.553195013338));
#5588=CARTESIAN_POINT('Ctrl Pts',(-5.71609597264065,-17.2765220867122,11.9901906712121));
#5589=CARTESIAN_POINT('Ctrl Pts',(-3.27873657341268,-18.1138380722787,12.287534687268));
#5590=CARTESIAN_POINT('Ctrl Pts',(-1.94253003825508,-18.3426633030702,12.3178601508074));
#5591=CARTESIAN_POINT('Ctrl Pts',(-1.77284260482162,-18.3697555878953,12.3183862844355));
#5592=CARTESIAN_POINT('Ctrl Pts',(-1.43637580550091,-18.4161423805187,12.3213453678702));
#5593=CARTESIAN_POINT('Ctrl Pts',(-0.843101490295932,-18.4787849515589,
12.325688280516));
#5594=CARTESIAN_POINT('Ctrl Pts',(-0.330922580924058,-18.5001317821591,
12.3298810499064));
#5595=CARTESIAN_POINT('Ctrl Pts',(0.0825034173092182,-18.4999040293647,
12.3328593066484));
#5596=CARTESIAN_POINT('Ctrl Pts',(0.265286088485071,-18.4999199082245,12.3339047288621));
#5597=CARTESIAN_POINT('Ctrl Pts',(0.606559053912196,-18.499896104313,12.3358339680865));
#5598=CARTESIAN_POINT('Ctrl Pts',(1.21654484696643,-18.4998965564094,12.3389294666658));
#5599=CARTESIAN_POINT('Ctrl Pts',(2.42922499282991,-18.4999035148656,12.3440203412252));
#5600=CARTESIAN_POINT('Ctrl Pts',(4.85104791675302,-18.4999205621595,12.3506225417908));
#5601=CARTESIAN_POINT('Ctrl Pts',(6.92562749962098,-18.4999574116716,12.3522603403268));
#5602=CARTESIAN_POINT('Ctrl Pts',(9.87243406280823,-18.4999964030141,12.3524752170804));
#5603=CARTESIAN_POINT('Ctrl Pts',(11.4364578401506,-18.5,12.3524020989744));
#5604=CARTESIAN_POINT('Ctrl Pts',(13.,-18.5,12.3524020989744));
#5605=CARTESIAN_POINT('Ctrl Pts',(9.53149613306496E-15,0.752637983160927,
0.547899611889177));
#5606=CARTESIAN_POINT('Ctrl Pts',(-1.53293404127333,0.752637983160927,0.547899611889176));
#5607=CARTESIAN_POINT('Ctrl Pts',(-4.62435545569273,0.191304852305861,0.851549856224018));
#5608=CARTESIAN_POINT('Ctrl Pts',(-8.43836300138178,-2.16616079517866,2.15987032187478));
#5609=CARTESIAN_POINT('Ctrl Pts',(-10.8276934155536,-5.4811152698751,3.98993063762686));
#5610=CARTESIAN_POINT('Ctrl Pts',(-11.9315255876412,-10.4274158294623,6.65079673681882));
#5611=CARTESIAN_POINT('Ctrl Pts',(-9.94878031437707,-15.1167834069301,9.01693503279561));
#5612=CARTESIAN_POINT('Ctrl Pts',(-5.87040926090752,-18.0855454580429,10.4112588493815));
#5613=CARTESIAN_POINT('Ctrl Pts',(-3.39742454057773,-18.863681904782,10.7299138493073));
#5614=CARTESIAN_POINT('Ctrl Pts',(-2.05059892711723,-19.0653579899343,10.7839887603804));
#5615=CARTESIAN_POINT('Ctrl Pts',(-1.8679365288053,-19.0969043960662,10.7822557585834));
#5616=CARTESIAN_POINT('Ctrl Pts',(-1.512216827471,-19.1471127973962,10.7837515845728));
#5617=CARTESIAN_POINT('Ctrl Pts',(-0.881822837439866,-19.2173389337337,
10.784252899146));
#5618=CARTESIAN_POINT('Ctrl Pts',(-0.340087984371769,-19.2414458519786,
10.7863953499076));
#5619=CARTESIAN_POINT('Ctrl Pts',(0.097343516609602,-19.2426318106554,10.7876987609962));
#5620=CARTESIAN_POINT('Ctrl Pts',(0.277160943918204,-19.2431577675245,10.7883100688849));
#5621=CARTESIAN_POINT('Ctrl Pts',(0.618820850191363,-19.2440858207537,10.7893474574469));
#5622=CARTESIAN_POINT('Ctrl Pts',(1.22639429193212,-19.2456416467909,10.7910124673628));
#5623=CARTESIAN_POINT('Ctrl Pts',(2.43686875121102,-19.2482940249516,10.7936130628389));
#5624=CARTESIAN_POINT('Ctrl Pts',(4.85412649719556,-19.2519667869365,10.7967994647264));
#5625=CARTESIAN_POINT('Ctrl Pts',(6.92696590070184,-19.2528327715335,10.7976024705677));
#5626=CARTESIAN_POINT('Ctrl Pts',(9.87169990434705,-19.2525053325583,10.7980982021303));
#5627=CARTESIAN_POINT('Ctrl Pts',(11.4364578401506,-19.2526379831609,10.7978996118892));
#5628=CARTESIAN_POINT('Ctrl Pts',(13.,-19.2526379831609,10.7978996118892));
#5629=CARTESIAN_POINT('Ctrl Pts',(9.93682942859375E-15,2.32680157423076,
3.48637667120718E-14));
#5630=CARTESIAN_POINT('Ctrl Pts',(-1.7345088898699,2.32680157423076,3.44281828722996E-14));
#5631=CARTESIAN_POINT('Ctrl Pts',(-5.23215018724998,1.68351458934772,0.30578110009393));
#5632=CARTESIAN_POINT('Ctrl Pts',(-9.57570590466231,-1.02626293209533,1.62920222551384));
#5633=CARTESIAN_POINT('Ctrl Pts',(-12.3247285000119,-4.86695487554173,3.47956005928695));
#5634=CARTESIAN_POINT('Ctrl Pts',(-13.642455137331,-10.6580226660241,6.16610870455734));
#5635=CARTESIAN_POINT('Ctrl Pts',(-11.3306613575197,-16.2160391038973,8.54953690654755));
#5636=CARTESIAN_POINT('Ctrl Pts',(-6.59524305810874,-19.584455801475,9.90434483330261));
#5637=CARTESIAN_POINT('Ctrl Pts',(-3.80056272467296,-20.3992203793223,10.1851434973168));
#5638=CARTESIAN_POINT('Ctrl Pts',(-2.29727029047765,-20.5858699382513,10.2181948153166));
#5639=CARTESIAN_POINT('Ctrl Pts',(-2.09249110896403,-20.6247683753669,10.2184134909746));
#5640=CARTESIAN_POINT('Ctrl Pts',(-1.6941679635438,-20.6831748144962,10.2211465971469));
#5641=CARTESIAN_POINT('Ctrl Pts',(-0.988059814031007,-20.7677048789331,
10.224954858282));
#5642=CARTESIAN_POINT('Ctrl Pts',(-0.381705059248043,-20.7977071016466,
10.2288634109587));
#5643=CARTESIAN_POINT('Ctrl Pts',(0.106965434287967,-20.8015210270402,10.23162005535));
#5644=CARTESIAN_POINT('Ctrl Pts',(0.281514387129504,-20.8027780205788,10.2326063683218));
#5645=CARTESIAN_POINT('Ctrl Pts',(0.625412873099818,-20.8051750556257,10.2344177543888));
#5646=CARTESIAN_POINT('Ctrl Pts',(1.23049457143851,-20.8090930565769,10.2373263119876));
#5647=CARTESIAN_POINT('Ctrl Pts',(2.44075977262686,-20.8158277800609,10.2421026907538));
#5648=CARTESIAN_POINT('Ctrl Pts',(4.85503102311211,-20.8251038475291,10.2483046592952));
#5649=CARTESIAN_POINT('Ctrl Pts',(6.92767514995525,-20.8272989469926,10.249849607881));
#5650=CARTESIAN_POINT('Ctrl Pts',(9.87144241698443,-20.8264661594668,10.2500871204426));
#5651=CARTESIAN_POINT('Ctrl Pts',(11.4364578401506,-20.8268015742308,10.2500000000001));
#5652=CARTESIAN_POINT('Ctrl Pts',(13.,-20.8268015742308,10.2500000000001));
#5653=CARTESIAN_POINT('Ctrl Pts',(1.00613961606655E-14,3.,3.49720252756924E-14));
#5654=CARTESIAN_POINT('Ctrl Pts',(-1.80750685009497,3.,3.45426202468735E-14));
#5655=CARTESIAN_POINT('Ctrl Pts',(-5.45280554750894,2.33125864027437,0.303315252797005));
#5656=CARTESIAN_POINT('Ctrl Pts',(-10.0044206564641,-0.493723812879505,
1.62254079442908));
#5657=CARTESIAN_POINT('Ctrl Pts',(-12.918612507467,-4.52446508109769,3.47514975690138));
#5658=CARTESIAN_POINT('Ctrl Pts',(-14.3698611944476,-10.6520742183442,6.17758169235452));
#5659=CARTESIAN_POINT('Ctrl Pts',(-11.9615573408115,-16.6094757108641,8.59134790162044));
#5660=CARTESIAN_POINT('Ctrl Pts',(-6.93756977231205,-20.2008285231891,9.93253590030609));
#5661=CARTESIAN_POINT('Ctrl Pts',(-3.98668603674317,-21.0523787999614,10.1877672178372));
#5662=CARTESIAN_POINT('Ctrl Pts',(-2.4051425400148,-21.2408953139144,10.2036644534413));
#5663=CARTESIAN_POINT('Ctrl Pts',(-2.1912251432912,-21.282335959106,10.2054938477595));
#5664=CARTESIAN_POINT('Ctrl Pts',(-1.77435787592391,-21.3439923797161,10.2092546042422));
#5665=CARTESIAN_POINT('Ctrl Pts',(-1.03582388898242,-21.4337645414526,10.2157889251699));
#5666=CARTESIAN_POINT('Ctrl Pts',(-0.401501950253071,-21.4659015474847,
10.2211272726981));
#5667=CARTESIAN_POINT('Ctrl Pts',(0.109221835996931,-21.4704804564613,10.2250675478838));
#5668=CARTESIAN_POINT('Ctrl Pts',(0.281594886821711,-21.4719344972725,10.2263612914933));
#5669=CARTESIAN_POINT('Ctrl Pts',(0.626578790945237,-21.4747366268112,10.2288058928782));
#5670=CARTESIAN_POINT('Ctrl Pts',(1.23081708563055,-21.4793043986573,10.2327253680308));
#5671=CARTESIAN_POINT('Ctrl Pts',(2.441378564527,-21.4871701300116,10.2392546590228));
#5672=CARTESIAN_POINT('Ctrl Pts',(4.85494323046309,-21.4979916351024,10.2478703981512));
#5673=CARTESIAN_POINT('Ctrl Pts',(6.92780060556203,-21.5005649950145,10.249987227526));
#5674=CARTESIAN_POINT('Ctrl Pts',(9.87144638129851,-21.4996076176304,10.2499998979617));
#5675=CARTESIAN_POINT('Ctrl Pts',(11.4364578401506,-21.5,10.2500000000001));
#5676=CARTESIAN_POINT('Ctrl Pts',(13.,-21.5,10.2500000000001));
#5677=CARTESIAN_POINT('Ctrl Pts',(0.,24.88,49.5));
#5678=CARTESIAN_POINT('Ctrl Pts',(-4.03509788722529,24.88,49.5));
#5679=CARTESIAN_POINT('Ctrl Pts',(-12.1009153373746,23.6110666062912,49.5000000000001));
#5680=CARTESIAN_POINT('Ctrl Pts',(-24.2447615589023,17.490278066903,49.5000000000001));
#5681=CARTESIAN_POINT('Ctrl Pts',(-32.5163990973926,8.37711134328123,49.5000000000001));
#5682=CARTESIAN_POINT('Ctrl Pts',(-38.0200947138356,-3.87167468752253,49.5000000000001));
#5683=CARTESIAN_POINT('Ctrl Pts',(-39.1704175783598,-14.7076585292482,49.5000000000001));
#5684=CARTESIAN_POINT('Ctrl Pts',(-36.6320693721102,-26.5098849963146,49.5000000000001));
#5685=CARTESIAN_POINT('Ctrl Pts',(-31.6921828953555,-36.1296053324111,49.5));
#5686=CARTESIAN_POINT('Ctrl Pts',(-23.0242701714897,-44.7197062715138,49.5000000000001));
#5687=CARTESIAN_POINT('Ctrl Pts',(-12.1050365985145,-50.2334402211365,49.5000000000001));
#5688=CARTESIAN_POINT('Ctrl Pts',(-4.03504247350767,-51.5002291324546,49.5));
#5689=CARTESIAN_POINT('Ctrl Pts',(4.3333068887735,-51.5000613022249,49.5000000000001));
#5690=CARTESIAN_POINT('Ctrl Pts',(8.66666666666667,-51.5,49.5000000000001));
#5691=CARTESIAN_POINT('Ctrl Pts',(13.,-51.5,49.5000000000001));
#5692=CARTESIAN_POINT('Ctrl Pts',(0.,24.88,33.9999999999956));
#5693=CARTESIAN_POINT('Ctrl Pts',(-4.03509788722529,24.88,33.9999999999957));
#5694=CARTESIAN_POINT('Ctrl Pts',(-12.1009153373746,23.6110666062912,34.0515730665084));
#5695=CARTESIAN_POINT('Ctrl Pts',(-24.2447615589023,17.490278066903,34.2786205024851));
#5696=CARTESIAN_POINT('Ctrl Pts',(-32.5163990973926,8.37711134328123,34.5987513448253));
#5697=CARTESIAN_POINT('Ctrl Pts',(-38.0200947138356,-3.87167468752254,35.0236361805106));
#5698=CARTESIAN_POINT('Ctrl Pts',(-39.1704175783598,-14.7076585292482,35.4024549573467));
#5699=CARTESIAN_POINT('Ctrl Pts',(-36.6320693721102,-26.5098849963146,35.8354193772067));
#5700=CARTESIAN_POINT('Ctrl Pts',(-31.6921828953555,-36.1296053324111,36.2116118674279));
#5701=CARTESIAN_POINT('Ctrl Pts',(-23.0242701714897,-44.7197062715138,36.5953948699651));
#5702=CARTESIAN_POINT('Ctrl Pts',(-12.1050365985145,-50.2334402211365,36.9120082166118));
#5703=CARTESIAN_POINT('Ctrl Pts',(-4.03504247350767,-51.5002291324546,37.0598132724971));
#5704=CARTESIAN_POINT('Ctrl Pts',(4.3333068887735,-51.5000613022249,37.170689115577));
#5705=CARTESIAN_POINT('Ctrl Pts',(8.66666666666667,-51.5,37.2045292699922));
#5706=CARTESIAN_POINT('Ctrl Pts',(13.,-51.5,37.2090706510987));
#5707=CARTESIAN_POINT('Ctrl Pts',(0.,24.88,18.4999999999912));
#5708=CARTESIAN_POINT('Ctrl Pts',(-4.03509788722529,24.88,18.5000452670855));
#5709=CARTESIAN_POINT('Ctrl Pts',(-12.1009153373746,23.6110666062912,18.6080612734586));
#5710=CARTESIAN_POINT('Ctrl Pts',(-24.2447615589023,17.490278066903,19.1471738456634));
#5711=CARTESIAN_POINT('Ctrl Pts',(-32.5163990973926,8.37711134328124,19.9644501162384));
#5712=CARTESIAN_POINT('Ctrl Pts',(-38.0200947138356,-3.87167468752252,21.067356562325));
#5713=CARTESIAN_POINT('Ctrl Pts',(-39.1704175783598,-14.7076585292481,22.0406756989129));
#5714=CARTESIAN_POINT('Ctrl Pts',(-36.6320693721102,-26.5098849963145,23.0840784969159));
#5715=CARTESIAN_POINT('Ctrl Pts',(-31.6921828953555,-36.1296053324111,23.9155000670399));
#5716=CARTESIAN_POINT('Ctrl Pts',(-23.0242701714898,-44.7197062715138,24.6187714167293));
#5717=CARTESIAN_POINT('Ctrl Pts',(-12.1050365985145,-50.2334402211365,25.012686338441));
#5718=CARTESIAN_POINT('Ctrl Pts',(-4.03504247350768,-51.5002291324546,25.0417550864365));
#5719=CARTESIAN_POINT('Ctrl Pts',(4.3333068887735,-51.5000613022249,24.9510430698076));
#5720=CARTESIAN_POINT('Ctrl Pts',(8.66666666666668,-51.5,24.923330977797));
#5721=CARTESIAN_POINT('Ctrl Pts',(13.,-51.5,24.9196217170436));
#5722=CARTESIAN_POINT('Ctrl Pts',(0.,24.88,2.99999999998681));
#5723=CARTESIAN_POINT('Ctrl Pts',(-4.03509788722529,24.88,2.99999999998681));
#5724=CARTESIAN_POINT('Ctrl Pts',(-12.1009153373746,23.6110666062912,3.16024664913225));
#5725=CARTESIAN_POINT('Ctrl Pts',(-24.2447615589023,17.490278066903,3.93667774191509));
#5726=CARTESIAN_POINT('Ctrl Pts',(-32.5163990973926,8.37711134328124,5.09555925768954));
#5727=CARTESIAN_POINT('Ctrl Pts',(-38.0200947138356,-3.87167468752252,6.65404580486002));
#5728=CARTESIAN_POINT('Ctrl Pts',(-39.1704175783598,-14.7076585292481,8.03230312367958));
#5729=CARTESIAN_POINT('Ctrl Pts',(-36.6320693721102,-26.5098849963145,9.5302052437404));
#5730=CARTESIAN_POINT('Ctrl Pts',(-31.6921828953555,-36.1296053324111,10.7473886404337));
#5731=CARTESIAN_POINT('Ctrl Pts',(-23.0242701714898,-44.7197062715138,11.8266479890551));
#5732=CARTESIAN_POINT('Ctrl Pts',(-12.1050365985145,-50.2334402211365,12.5081645245902));
#5733=CARTESIAN_POINT('Ctrl Pts',(-4.03504247350768,-51.5002291324546,12.6527505225998));
#5734=CARTESIAN_POINT('Ctrl Pts',(4.3333068887735,-51.5000613022249,12.6350125389216));
#5735=CARTESIAN_POINT('Ctrl Pts',(8.66666666666668,-51.5,12.6295974324877));
#5736=CARTESIAN_POINT('Ctrl Pts',(13.,-51.5,12.628871812366));
#5737=UNCERTAINTY_MEASURE_WITH_UNIT(LENGTH_MEASURE(0.01),#5741,
'DISTANCE_ACCURACY_VALUE',
'Maximum model space distance between geometric entities at asserted c
onnectivities');
#5738=UNCERTAINTY_MEASURE_WITH_UNIT(LENGTH_MEASURE(0.01),#5741,
'DISTANCE_ACCURACY_VALUE',
'Maximum model space distance between geometric entities at asserted c
onnectivities');
#5739=(
GEOMETRIC_REPRESENTATION_CONTEXT(3)
GLOBAL_UNCERTAINTY_ASSIGNED_CONTEXT((#5737))
GLOBAL_UNIT_ASSIGNED_CONTEXT((#5741,#5743,#5744))
REPRESENTATION_CONTEXT('','3D')
);
#5740=(
GEOMETRIC_REPRESENTATION_CONTEXT(3)
GLOBAL_UNCERTAINTY_ASSIGNED_CONTEXT((#5738))
GLOBAL_UNIT_ASSIGNED_CONTEXT((#5741,#5743,#5744))
REPRESENTATION_CONTEXT('','3D')
);
#5741=(
LENGTH_UNIT()
NAMED_UNIT(*)
SI_UNIT(.MILLI.,.METRE.)
);
#5742=(
LENGTH_UNIT()
NAMED_UNIT(*)
SI_UNIT($,.METRE.)
);
#5743=(
NAMED_UNIT(*)
PLANE_ANGLE_UNIT()
SI_UNIT($,.RADIAN.)
);
#5744=(
NAMED_UNIT(*)
SI_UNIT($,.STERADIAN.)
SOLID_ANGLE_UNIT()
);
#5745=SHAPE_DEFINITION_REPRESENTATION(#5746,#5747);
#5746=PRODUCT_DEFINITION_SHAPE('',$,#5749);
#5747=SHAPE_REPRESENTATION('',(#1660),#5739);
#5748=PRODUCT_DEFINITION_CONTEXT('part definition',#5753,'design');
#5749=PRODUCT_DEFINITION('duct en U','duct en U v5',#5750,#5748);
#5750=PRODUCT_DEFINITION_FORMATION('',$,#5755);
#5751=PRODUCT_RELATED_PRODUCT_CATEGORY('duct en U v5','duct en U v5',(#5755));
#5752=APPLICATION_PROTOCOL_DEFINITION('international standard',
'automotive_design',2009,#5753);
#5753=APPLICATION_CONTEXT(
'Core Data for Automotive Mechanical Design Process');
#5754=PRODUCT_CONTEXT('part definition',#5753,'mechanical');
#5755=PRODUCT('duct en U','duct en U v5',$,(#5754));
#5756=PRESENTATION_STYLE_ASSIGNMENT((#5758));
#5757=PRESENTATION_STYLE_ASSIGNMENT((#5759));
#5758=SURFACE_STYLE_USAGE(.BOTH.,#5760);
#5759=SURFACE_STYLE_USAGE(.BOTH.,#5761);
#5760=SURFACE_SIDE_STYLE('',(#5762));
#5761=SURFACE_SIDE_STYLE('',(#5763));
#5762=SURFACE_STYLE_FILL_AREA(#5764);
#5763=SURFACE_STYLE_FILL_AREA(#5765);
#5764=FILL_AREA_STYLE('Acier - Satin\X\E9',(#5766));
#5765=FILL_AREA_STYLE('Plastique - Brillant (rouge)',(#5767));
#5766=FILL_AREA_STYLE_COLOUR('Acier - Satin\X\E9',#5768);
#5767=FILL_AREA_STYLE_COLOUR('Plastique - Brillant (rouge)',#5769);
#5768=COLOUR_RGB('Acier - Satin\X\E9',0.627450980392157,0.627450980392157,
0.627450980392157);
#5769=COLOUR_RGB('Plastique - Brillant (rouge)',0.768627450980392,0.207843137254902,
0.152941176470588);
ENDSEC;
END-ISO-10303-21;
